,日期,开盘,最高,最低,收盘,成交量,成交额,振幅,涨跌幅,涨跌额,换手率
0,2017-12-27,13.86,16.63,13.86,16.63,93,153262.0,23.98,43.98,5.08,0.05
1,2017-12-28,18.29,18.29,18.29,18.29,44,79726.0,0.0,9.98,1.66,0.02
2,2017-12-29,20.12,20.12,20.12,20.12,25,50300.0,0.0,10.01,1.83,0.01
3,2018-01-02,22.13,22.13,22.13,22.13,65,143845.0,0.0,9.99,2.01,0.03
4,2018-01-03,24.34,24.34,24.34,24.34,86,209324.0,0.0,9.99,2.21,0.04
5,2018-01-04,26.77,26.77,26.77,26.77,166,444382.0,0.0,9.98,2.43,0.08
6,2018-01-05,29.45,29.45,29.45,29.45,222,653790.0,0.0,10.01,2.68,0.11
7,2018-01-08,32.4,32.4,32.4,32.4,798,2585520.0,0.0,10.02,2.95,0.4
8,2018-01-09,35.64,35.64,35.64,35.64,1225,4364545.0,0.0,10.0,3.24,0.61
9,2018-01-10,39.2,39.2,38.98,39.2,31995,125413831.0,0.62,9.99,3.56,16.0
10,2018-01-11,40.02,42.9,40.02,40.88,129625,535248368.0,7.35,4.29,1.68,64.81
11,2018-01-12,38.28,40.3,37.07,39.1,101004,389613152.0,7.9,-4.35,-1.78,50.5
12,2018-01-15,39.35,42.5,38.28,40.73,105602,425685344.0,10.79,4.17,1.63,52.8
13,2018-01-16,37.5,41.86,36.66,40.99,98985,388098736.0,12.77,0.64,0.26,49.49
14,2018-01-17,40.67,44.7,39.15,40.4,111504,465835888.0,13.54,-1.44,-0.59,55.75
15,2018-01-18,37.57,41.68,37.0,39.1,84236,326931888.0,11.58,-3.22,-1.3,42.12
16,2018-01-19,37.5,39.48,36.1,36.98,73532,279921600.0,8.64,-5.42,-2.12,36.77
17,2018-01-22,35.8,35.85,33.28,33.28,59623,204250533.0,6.95,-10.01,-3.7,29.81
18,2018-01-23,33.4,33.97,32.52,33.73,41767,138786315.0,4.36,1.35,0.45,20.88
19,2018-01-24,33.59,34.43,33.37,33.87,39438,134266125.0,3.14,0.42,0.14,19.72
20,2018-01-25,33.6,35.48,33.12,34.33,45820,157975324.0,6.97,1.36,0.46,22.91
21,2018-01-26,33.77,34.99,33.2,33.37,35560,121547465.0,5.21,-2.8,-0.96,17.78
22,2018-01-29,33.1,35.27,33.1,34.99,43694,150285917.0,6.5,4.85,1.62,21.85
23,2018-01-30,34.59,35.97,34.41,35.1,48439,170885264.0,4.46,0.31,0.11,24.22
24,2018-01-31,34.0,34.14,31.6,31.81,42907,141724153.0,7.24,-9.37,-3.29,21.45
25,2018-02-01,31.01,33.3,29.01,32.97,46515,146815992.0,13.49,3.65,1.16,23.26
26,2018-02-02,32.04,33.39,31.08,31.85,32568,105858694.0,7.01,-3.4,-1.12,16.28
27,2018-02-05,30.25,32.87,29.01,30.06,31662,97309634.0,12.12,-5.62,-1.79,15.83
28,2018-02-06,28.49,29.0,27.05,27.05,29370,81790640.0,6.49,-10.01,-3.01,14.69
29,2018-02-07,27.9,27.98,25.53,27.34,29180,78900585.0,9.06,1.07,0.29,14.59
30,2018-02-08,27.0,27.86,26.66,27.17,21205,57993318.0,4.39,-0.62,-0.17,10.6
31,2018-02-09,26.49,26.7,24.88,25.29,22662,58566577.0,6.7,-6.92,-1.88,11.33
32,2018-02-12,25.95,27.82,25.66,27.82,27872,75245414.0,8.54,10.0,2.53,13.94
33,2018-02-13,28.37,28.37,27.0,27.0,29401,80920668.0,4.92,-2.95,-0.82,14.7
34,2018-02-14,26.15,27.22,26.0,26.15,18270,48483112.0,4.52,-3.15,-0.85,9.14
35,2018-02-22,26.5,27.01,26.3,26.74,15105,40313662.0,2.72,2.26,0.59,7.55
36,2018-02-23,26.73,27.2,26.55,27.18,18006,48493847.0,2.43,1.65,0.44,9.0
37,2018-02-26,27.8,28.66,27.66,28.18,28519,80254078.0,3.68,3.68,1.0,14.26
38,2018-02-27,28.5,28.99,27.85,28.57,28391,81188533.0,4.05,1.38,0.39,14.2
39,2018-02-28,28.0,31.43,27.27,29.96,48021,140191975.0,14.56,4.87,1.39,24.01
40,2018-03-01,29.46,31.25,29.07,30.63,50802,153939617.0,7.28,2.24,0.67,25.4
41,2018-03-02,29.33,30.26,29.33,29.41,29561,87910817.0,3.04,-3.98,-1.22,14.78
42,2018-03-05,29.4,30.0,29.12,29.82,20257,60047593.0,2.99,1.39,0.41,10.13
43,2018-03-06,29.72,30.9,29.51,30.33,32327,97768576.0,4.66,1.71,0.51,16.16
44,2018-03-07,29.97,30.7,29.6,29.85,22531,67605237.0,3.63,-1.58,-0.48,11.27
45,2018-03-08,29.7,31.4,29.65,30.91,38600,118415155.0,5.86,3.55,1.06,19.3
46,2018-03-09,31.0,32.8,30.95,31.8,49397,157917977.0,5.99,2.88,0.89,24.7
47,2018-03-12,32.35,32.48,31.47,31.84,38338,122462595.0,3.18,0.13,0.04,19.17
48,2018-03-13,31.51,32.6,31.38,31.63,32603,104403714.0,3.83,-0.66,-0.21,16.3
49,2018-03-14,31.1,32.78,30.31,32.53,56179,179937837.0,7.81,2.85,0.9,28.09
50,2018-03-15,31.08,31.68,29.28,30.0,49464,148857837.0,7.38,-7.78,-2.53,24.73
51,2018-03-16,30.06,33.0,29.76,33.0,38315,123201919.0,10.8,10.0,3.0,19.16
52,2018-03-19,35.57,36.3,34.5,36.3,79348,283442768.0,5.45,10.0,3.3,39.67
53,2018-03-20,37.85,39.93,37.12,39.93,91702,360529376.0,7.74,10.0,3.63,45.85
54,2018-03-21,43.92,43.92,39.71,40.16,145902,617840048.0,10.54,0.58,0.23,72.95
55,2018-03-22,39.22,40.75,37.82,38.08,102965,404422048.0,7.3,-5.18,-2.08,51.48
56,2018-03-23,35.4,37.25,34.27,34.27,84319,298606192.0,7.83,-10.01,-3.81,42.16
57,2018-03-26,34.0,36.2,33.61,35.98,74588,261958141.0,7.56,4.99,1.71,37.29
58,2018-03-27,35.77,37.77,35.17,37.45,94923,345309712.0,7.23,4.09,1.47,47.46
59,2018-03-28,36.0,36.46,35.01,35.1,59592,212938561.0,3.87,-6.28,-2.35,29.8
60,2018-03-29,35.24,36.31,34.44,35.98,49796,176183196.0,5.33,2.51,0.88,24.9
61,2018-03-30,36.1,36.49,35.46,35.57,42540,152568722.0,2.86,-1.14,-0.41,21.27
62,2018-04-02,35.0,37.44,34.92,36.47,58663,211866415.0,7.08,2.53,0.9,29.33
63,2018-04-03,35.01,35.92,34.43,35.53,39801,140287982.0,4.09,-2.58,-0.94,19.9
64,2018-04-04,35.35,38.8,35.35,38.0,98604,369744320.0,9.71,6.95,2.47,49.3
65,2018-04-09,37.01,39.52,34.5,38.95,77304,287316496.0,13.21,2.5,0.95,38.65
66,2018-04-10,37.49,38.48,36.11,37.52,56440,212044745.0,6.08,-3.67,-1.43,28.22
67,2018-04-11,37.68,40.88,36.75,38.78,81345,315817968.0,11.01,3.36,1.26,40.67
68,2018-04-12,37.8,42.6,37.8,39.77,93172,374641984.0,12.38,2.55,0.99,46.59
69,2018-04-13,39.0,39.41,36.83,37.09,66113,252062982.0,6.49,-6.74,-2.68,33.06
70,2018-04-16,36.11,36.33,34.32,34.77,44572,156707981.0,5.42,-6.26,-2.32,22.29
71,2018-04-17,35.05,35.4,33.45,33.65,32280,110396279.0,5.61,-3.22,-1.12,16.14
72,2018-04-18,33.96,34.0,31.31,33.45,29292,96059671.0,7.99,-0.59,-0.2,14.65
73,2018-04-19,33.47,33.9,32.6,32.64,23004,76685025.0,3.89,-2.42,-0.81,11.5
74,2018-04-20,32.0,32.9,30.21,30.4,21620,68450849.0,8.24,-6.86,-2.24,10.81
75,2018-04-23,30.57,31.58,30.08,31.31,21567,66730579.0,4.93,2.99,0.91,10.78
76,2018-04-24,31.06,32.65,31.06,32.49,25413,81541602.0,5.08,3.77,1.18,12.71
77,2018-04-25,32.12,32.47,31.66,32.08,19823,63526603.0,2.49,-1.26,-0.41,9.91
78,2018-04-26,31.59,32.34,30.8,30.8,17346,55079750.0,4.8,-3.99,-1.28,8.67
79,2018-04-27,30.98,31.49,30.7,31.05,12121,37644502.0,2.56,0.81,0.25,6.06
80,2018-05-02,31.15,31.26,29.2,29.52,16737,50351360.0,6.63,-4.93,-1.53,8.37
81,2018-05-03,29.5,30.89,29.5,30.85,17011,51524236.0,4.71,4.51,1.33,8.51
82,2018-05-04,31.03,32.11,30.71,31.0,19684,61864643.0,4.54,0.49,0.15,9.84
83,2018-05-07,31.68,32.25,31.28,32.13,21700,69258639.0,3.13,3.65,1.13,10.85
84,2018-05-08,32.31,32.35,31.61,31.96,19056,60714274.0,2.3,-0.53,-0.17,9.53
85,2018-05-09,31.98,33.78,31.73,33.26,40501,133779829.0,6.41,4.07,1.3,20.25
86,2018-05-10,33.0,33.79,32.75,33.78,31805,105934542.0,3.13,1.56,0.52,15.9
87,2018-05-11,33.83,33.97,32.5,32.5,18974,62879057.0,4.35,-3.79,-1.28,9.49
88,2018-05-14,32.58,32.95,31.25,31.75,16102,51695503.0,5.23,-2.31,-0.75,8.05
89,2018-05-15,32.06,33.96,32.0,33.49,28306,93589515.0,6.17,5.48,1.74,14.15
90,2018-05-16,33.04,33.76,32.82,33.09,25530,85110103.0,2.81,-1.19,-0.4,12.77
91,2018-05-17,33.29,34.0,33.06,33.93,30233,101587369.0,2.84,2.54,0.84,15.12
92,2018-05-18,33.94,34.46,33.3,34.32,30834,104702203.0,3.42,1.15,0.39,15.42
93,2018-05-21,34.6,36.28,34.33,35.05,42557,149909163.0,5.68,2.13,0.73,21.28
94,2018-05-22,34.55,35.69,34.3,35.59,39184,137246900.0,3.97,1.54,0.54,19.59
95,2018-05-23,35.88,37.5,35.2,35.55,45692,164952788.0,6.46,-0.11,-0.04,22.85
96,2018-05-24,35.13,35.94,34.82,34.9,28334,99805625.0,3.15,-1.83,-0.65,14.17
97,2018-05-25,34.87,38.39,34.87,38.39,55511,206842631.0,10.09,10.0,3.49,27.76
98,2018-05-28,40.39,41.91,36.5,38.24,100867,399290240.0,14.09,-0.39,-0.15,50.43
99,2018-05-29,36.24,40.71,35.6,39.5,86903,333268192.0,13.36,3.29,1.26,43.45
100,2018-05-30,38.06,43.45,36.51,43.45,123379,508519904.0,17.57,10.0,3.95,61.69
101,2018-05-31,46.0,47.8,45.8,47.8,83378,395708736.0,4.6,10.01,4.35,41.69
102,2018-06-01,52.58,52.58,43.02,43.02,149786,732439200.0,20.0,-10.0,-4.78,74.89
103,2018-06-04,41.16,41.6,38.72,38.73,111924,440240080.0,6.69,-9.97,-4.29,55.96
104,2018-06-05,38.99,39.4,37.73,39.15,86876,336547168.0,4.31,1.08,0.42,43.44
105,2018-06-06,39.2,41.82,38.51,40.73,100678,401215376.0,8.45,4.04,1.58,50.34
106,2018-06-07,39.78,39.9,38.48,38.88,70225,274818976.0,3.49,-4.54,-1.85,35.11
107,2018-06-08,38.88,39.58,38.01,39.48,60354,234878393.0,4.04,1.54,0.6,30.18
108,2018-06-11,39.48,39.48,37.8,37.89,43259,167097018.0,4.26,-4.03,-1.59,21.63
109,2018-06-12,38.1,38.21,35.68,37.18,51039,187867458.0,6.68,-1.87,-0.71,25.52
110,2018-06-13,37.1,37.8,35.81,35.88,37590,138737215.0,5.35,-3.5,-1.3,18.79
111,2018-06-14,35.78,36.68,35.7,36.23,32850,119006989.0,2.73,0.98,0.35,16.42
112,2018-06-15,36.68,36.68,34.0,34.24,37793,132750707.0,7.4,-5.49,-1.99,18.9
113,2018-06-19,34.07,34.07,30.82,30.82,32338,104324054.0,9.49,-9.99,-3.42,16.17
114,2018-06-20,30.83,33.3,30.68,32.68,42648,136495455.0,8.5,6.04,1.86,21.32
115,2018-06-21,32.79,34.34,32.07,33.93,58614,195797201.0,6.95,3.82,1.25,29.31
116,2018-06-22,33.57,34.87,32.62,34.43,43342,147314734.0,6.63,1.47,0.5,21.67
117,2018-06-25,34.27,35.61,31.0,34.9,44950,155069657.0,13.39,1.37,0.47,22.48
118,2018-06-26,34.13,36.4,33.8,36.19,51794,184239934.0,7.45,3.7,1.29,25.9
119,2018-06-27,35.98,36.77,35.45,36.51,51865,187045450.0,3.65,0.88,0.32,25.93
120,2018-06-28,36.2,36.81,34.51,34.71,36228,129807437.0,6.3,-4.93,-1.8,18.11
121,2018-06-29,34.5,36.48,33.5,36.06,35258,124708050.0,8.59,3.89,1.35,17.63
122,2018-07-02,35.84,37.12,35.62,36.86,48944,178438664.0,4.16,2.22,0.8,24.47
123,2018-07-03,37.0,37.72,35.85,37.43,49304,181938031.0,5.07,1.55,0.57,24.65
124,2018-07-04,37.04,37.13,33.75,34.54,41454,148036414.0,9.03,-7.72,-2.89,20.73
125,2018-07-05,34.1,37.0,34.1,34.95,46266,165888302.0,8.4,1.19,0.41,23.13
126,2018-07-06,36.55,38.05,35.44,35.92,60104,219695062.0,7.47,2.78,0.97,30.05
127,2018-07-09,35.43,39.51,35.43,39.51,52788,199388527.0,11.36,9.99,3.59,26.39
128,2018-07-10,40.26,42.85,39.55,41.05,107241,437362944.0,8.35,3.9,1.54,53.62
129,2018-07-11,39.84,40.98,38.62,40.9,65558,261626691.0,5.75,-0.37,-0.15,32.78
130,2018-07-12,40.3,41.9,39.74,41.5,79702,327917264.0,5.28,1.47,0.6,39.85
131,2018-07-13,40.74,40.74,39.1,39.43,48930,194811276.0,3.95,-4.99,-2.07,24.47
132,2018-07-16,39.0,39.94,38.38,39.07,32124,125754008.0,3.96,-0.91,-0.36,16.06
133,2018-07-17,39.0,39.78,38.7,39.57,30309,119044073.0,2.76,1.28,0.5,15.15
134,2018-07-18,39.6,39.81,38.1,38.12,29606,115278332.0,4.32,-3.66,-1.45,14.8
135,2018-07-19,37.84,38.8,36.04,36.81,32209,119992355.0,7.24,-3.44,-1.31,16.1
136,2018-07-20,37.05,38.07,37.05,37.96,30007,112886233.0,2.77,3.12,1.15,15.0
137,2018-07-23,38.1,38.16,36.5,37.13,25605,95105252.0,4.37,-2.19,-0.83,12.8
138,2018-07-24,37.4,39.49,37.2,39.22,50035,193055851.0,6.17,5.63,2.09,25.02
139,2018-07-25,39.15,39.15,38.01,38.64,34517,133179847.0,2.91,-1.48,-0.58,17.26
140,2018-07-26,38.32,38.54,36.66,36.88,29745,110616226.0,4.87,-4.55,-1.76,14.87
141,2018-07-27,36.77,37.48,35.15,37.2,26828,97864292.0,6.32,0.87,0.32,13.41
142,2018-07-30,36.8,37.5,35.3,35.64,23589,85832901.0,5.91,-4.19,-1.56,11.79
143,2018-07-31,35.61,36.35,35.13,35.65,13997,49978551.0,3.42,0.03,0.01,7.0
144,2018-08-01,35.71,36.33,35.21,35.29,13963,49926640.0,3.14,-1.01,-0.36,6.98
145,2018-08-02,35.41,35.41,31.78,33.2,25343,83637644.0,10.29,-5.92,-2.09,12.67
146,2018-08-03,33.0,33.48,31.31,31.31,17801,57647032.0,6.54,-5.69,-1.89,8.9
147,2018-08-06,31.3,31.96,30.71,30.91,14550,45535215.0,3.99,-1.28,-0.4,7.28
148,2018-08-07,31.0,32.32,30.72,32.22,19357,61411244.0,5.18,4.24,1.31,9.68
149,2018-08-08,32.48,32.48,31.01,31.32,15695,49764503.0,4.56,-2.79,-0.9,7.85
150,2018-08-09,31.17,32.48,30.5,31.84,20292,64974520.0,6.32,1.66,0.52,10.15
151,2018-08-10,32.25,32.92,32.04,32.45,21105,68636951.0,2.76,1.92,0.61,10.55
152,2018-08-13,31.35,33.13,31.35,33.07,17825,57753038.0,5.49,1.91,0.62,8.91
153,2018-08-14,33.07,33.33,32.7,33.22,17007,56175285.0,1.91,0.45,0.15,8.5
154,2018-08-15,33.29,33.51,32.65,32.77,16015,52977791.0,2.59,-1.35,-0.45,8.01
155,2018-08-16,31.5,32.81,31.45,31.9,13501,43443781.0,4.15,-2.65,-0.87,6.75
156,2018-08-17,32.23,33.26,31.71,32.12,17105,55660141.0,4.86,0.69,0.22,8.55
157,2018-08-20,31.52,31.89,29.2,30.57,25078,75932557.0,8.37,-4.83,-1.55,12.54
158,2018-08-21,29.4,30.27,28.79,30.0,23950,70567887.0,4.84,-1.86,-0.57,11.98
159,2018-08-22,29.8,29.8,28.34,28.35,19505,56631840.0,4.87,-5.5,-1.65,9.75
160,2018-08-23,28.34,29.3,28.3,29.06,15950,46286038.0,3.53,2.5,0.71,7.98
161,2018-08-24,29.14,31.97,28.77,31.97,47922,150314558.0,11.01,10.01,2.91,23.96
162,2018-08-27,31.8,33.36,31.23,32.36,56680,182937082.0,6.66,1.22,0.39,28.34
163,2018-08-28,32.32,35.6,31.86,35.6,85615,292424272.0,11.56,10.01,3.24,42.81
164,2018-08-29,35.58,36.36,34.0,35.01,85262,301454304.0,6.63,-1.66,-0.59,42.63
165,2018-08-30,34.9,35.47,34.13,35.11,62222,217576195.0,3.83,0.29,0.1,31.11
166,2018-08-31,34.65,35.52,33.8,34.82,46945,163261289.0,4.9,-0.83,-0.29,23.47
167,2018-09-03,34.8,35.29,33.52,35.22,47299,164100454.0,5.08,1.15,0.4,23.65
168,2018-09-04,34.8,36.42,34.19,35.92,62638,221376239.0,6.33,1.99,0.7,31.32
169,2018-09-05,35.6,35.6,33.9,33.91,49042,170531484.0,4.73,-5.6,-2.01,24.52
170,2018-09-06,33.95,35.1,32.53,34.65,46809,159185136.0,7.58,2.18,0.74,23.4
171,2018-09-07,34.45,38.12,33.51,38.12,85000,305245232.0,13.3,10.01,3.47,42.5
172,2018-09-10,38.0,38.0,36.2,36.31,63578,234559741.0,4.72,-4.75,-1.81,31.79
173,2018-09-11,36.31,37.49,35.75,37.2,58843,216993777.0,4.79,2.45,0.89,29.42
174,2018-09-12,37.38,37.38,36.31,36.65,43153,158493732.0,2.88,-1.48,-0.55,21.58
175,2018-09-13,36.7,40.0,36.15,38.99,61203,229256255.0,10.5,6.38,2.34,30.6
176,2018-09-14,37.88,37.88,35.09,35.09,43676,160771395.0,7.16,-10.0,-3.9,21.84
177,2018-09-17,33.96,33.96,31.58,31.58,36730,118076872.0,6.78,-10.0,-3.51,18.37
178,2018-09-18,31.66,31.88,30.2,31.4,29144,90209350.0,5.32,-0.57,-0.18,14.57
179,2018-09-19,31.0,31.89,30.79,31.48,23302,73103547.0,3.5,0.25,0.08,11.65
180,2018-09-20,31.05,31.85,31.05,31.32,19373,60882630.0,2.54,-0.51,-0.16,9.69
181,2018-09-21,31.43,33.19,31.3,32.17,30780,98904629.0,6.03,2.71,0.85,15.39
182,2018-09-25,31.8,32.49,31.6,32.08,18233,58596117.0,2.77,-0.28,-0.09,9.12
183,2018-09-26,32.12,32.38,31.6,31.83,18086,57737939.0,2.43,-0.78,-0.25,9.04
184,2018-09-27,32.4,33.4,31.03,31.36,27392,89044791.0,7.45,-1.48,-0.47,13.7
185,2018-09-28,30.31,31.78,30.3,31.52,16739,52154193.0,4.72,0.51,0.16,8.37
186,2018-10-08,30.98,32.5,30.5,31.32,18408,57962017.0,6.35,-0.63,-0.2,9.2
187,2018-10-09,31.41,33.16,31.41,32.49,27598,89434357.0,5.59,3.74,1.17,13.8
188,2018-10-10,32.23,32.98,32.0,32.4,21874,71152684.0,3.02,-0.28,-0.09,10.94
189,2018-10-11,30.98,31.44,29.16,29.16,23221,69843950.0,7.04,-10.0,-3.24,11.61
190,2018-10-12,27.99,28.9,26.26,28.32,23004,64174650.0,9.05,-2.88,-0.84,11.5
191,2018-10-15,28.38,29.29,28.32,28.82,14951,43138702.0,3.43,1.77,0.5,7.48
192,2018-10-16,29.01,29.32,27.7,27.9,14605,41536370.0,5.62,-3.19,-0.92,7.3
193,2018-10-17,28.54,28.69,26.4,28.23,13951,38839269.0,8.21,1.18,0.33,6.98
194,2018-10-18,28.1,28.1,26.26,26.44,15040,40774529.0,6.52,-6.34,-1.79,7.52
195,2018-10-19,26.4,27.48,25.71,27.22,14535,39033861.0,6.69,2.95,0.78,7.27
196,2018-10-22,27.29,28.79,27.29,28.36,19669,55578920.0,5.51,4.19,1.14,9.83
197,2018-10-23,28.2,29.0,27.8,27.95,17958,51110276.0,4.23,-1.45,-0.41,8.98
198,2018-10-24,28.36,28.71,27.9,28.29,12438,35258292.0,2.9,1.22,0.34,6.22
199,2018-10-25,27.06,27.86,26.3,27.32,15266,41479718.0,5.51,-3.43,-0.97,7.63
200,2018-10-26,27.9,27.98,27.28,27.44,11141,30764785.0,2.56,0.44,0.12,5.57
201,2018-10-29,27.08,27.42,26.66,26.99,7840,21194339.0,2.77,-1.64,-0.45,3.92
202,2018-10-30,26.9,28.29,26.7,27.97,19247,53188659.0,5.89,3.63,0.98,9.62
203,2018-10-31,27.86,28.6,27.68,28.49,22778,64073954.0,3.29,1.86,0.52,11.39
204,2018-11-01,28.3,28.83,28.11,28.18,21208,60269675.0,2.53,-1.09,-0.31,10.6
205,2018-11-02,28.6,28.79,28.21,28.68,20456,58334639.0,2.06,1.77,0.5,10.23
206,2018-11-05,29.0,29.19,28.05,28.47,20284,58245597.0,3.97,-0.73,-0.21,10.14
207,2018-11-06,28.1,28.23,27.05,27.55,15418,42438682.0,4.14,-3.23,-0.92,7.71
208,2018-11-07,27.75,28.2,27.6,27.61,14470,40375005.0,2.18,0.22,0.06,7.23
209,2018-11-08,27.76,27.98,27.31,27.5,12447,34407959.0,2.43,-0.4,-0.11,6.22
210,2018-11-09,27.18,29.32,27.18,28.54,28157,80014072.0,7.78,3.78,1.04,14.08
211,2018-11-12,28.3,30.9,28.14,29.85,41614,123673348.0,9.67,4.59,1.31,20.81
212,2018-11-13,29.01,29.69,28.96,29.64,32055,94065165.0,2.45,-0.7,-0.21,16.03
213,2018-11-14,29.4,30.28,29.22,29.68,24053,71311327.0,3.58,0.13,0.04,12.03
214,2018-11-15,30.3,31.47,29.77,30.86,45819,140566872.0,5.73,3.98,1.18,22.91
215,2018-11-16,30.31,30.85,30.2,30.48,31254,95287260.0,2.11,-1.23,-0.38,15.63
216,2018-11-19,29.88,30.14,29.37,29.9,21771,64820523.0,2.53,-1.9,-0.58,10.89
217,2018-11-20,29.9,30.8,29.63,30.7,31779,96488132.0,3.91,2.68,0.8,15.89
218,2018-11-21,30.1,31.45,30.02,31.41,32404,99807015.0,4.66,2.31,0.71,16.2
219,2018-11-22,31.5,32.38,30.77,30.77,32341,101871760.0,5.13,-2.04,-0.64,16.17
220,2018-11-23,30.8,30.98,28.03,28.28,28019,82518840.0,9.59,-8.09,-2.49,14.01
221,2018-11-26,27.64,27.95,26.55,27.19,20841,56870186.0,4.95,-3.85,-1.09,10.42
222,2018-11-27,27.2,27.59,26.7,27.25,12222,33224323.0,3.27,0.22,0.06,6.11
223,2018-11-28,27.25,27.42,26.65,27.33,11441,31095142.0,2.83,0.29,0.08,5.72
224,2018-11-29,27.75,27.75,26.31,26.45,12546,34188577.0,5.27,-3.22,-0.88,6.27
225,2018-11-30,26.45,26.86,25.7,26.64,11324,29830991.0,4.39,0.72,0.19,5.66
226,2018-12-03,27.14,29.3,27.14,29.3,29597,84522508.0,8.11,9.98,2.66,14.8
227,2018-12-04,29.6,29.6,28.46,28.95,32904,95559991.0,3.89,-1.19,-0.35,16.45
228,2018-12-05,28.1,29.36,28.02,29.2,24036,69329004.0,4.63,0.86,0.25,12.02
229,2018-12-06,28.88,29.21,28.29,28.3,14772,42250404.0,3.15,-3.08,-0.9,7.39
230,2018-12-07,28.3,28.55,28.05,28.26,7398,20943088.0,1.77,-0.14,-0.04,3.7
231,2018-12-10,28.26,28.5,27.25,27.29,11043,30539288.0,4.42,-3.43,-0.97,5.52
232,2018-12-11,27.3,27.84,27.23,27.84,8623,23755245.0,2.24,2.02,0.55,4.31
233,2018-12-12,28.0,28.88,28.0,28.35,14670,41795326.0,3.16,1.83,0.51,7.33
234,2018-12-13,28.67,28.87,28.24,28.31,16776,47840178.0,2.22,-0.14,-0.04,8.39
235,2018-12-14,27.93,28.45,27.2,27.28,11681,32202643.0,4.42,-3.64,-1.03,5.84
236,2018-12-17,27.5,27.99,27.02,27.76,9384,25988056.0,3.56,1.76,0.48,4.69
237,2018-12-18,27.5,27.66,26.88,27.28,9833,26723058.0,2.81,-1.73,-0.48,4.92
238,2018-12-19,27.01,27.35,26.13,26.4,11719,31246630.0,4.47,-3.23,-0.88,5.86
239,2018-12-20,26.5,26.7,26.26,26.59,7159,18997900.0,1.67,0.72,0.19,3.58
240,2018-12-21,26.55,26.55,26.0,26.34,8433,22119864.0,2.07,-0.94,-0.25,4.22
241,2018-12-24,26.32,27.27,26.1,27.22,16025,43241806.0,4.44,3.34,0.88,8.01
242,2018-12-25,26.65,26.8,25.89,26.73,14583,38419505.0,3.34,-1.8,-0.49,7.29
243,2018-12-26,26.62,28.98,26.62,27.19,21018,57832623.0,8.83,1.72,0.46,10.51
244,2018-12-27,27.0,27.59,26.19,26.38,16405,44197435.0,5.15,-2.98,-0.81,3.4
245,2018-12-28,26.16,26.57,25.84,25.84,11243,29390236.0,2.77,-2.05,-0.54,2.33
246,2019-01-02,25.95,26.27,25.83,25.96,5953,15501916.0,1.7,0.46,0.12,1.23
247,2019-01-03,25.96,26.18,24.02,24.2,11277,28413859.0,8.32,-6.78,-1.76,2.34
248,2019-01-04,23.94,25.24,23.2,24.86,9188,22544883.0,8.43,2.73,0.66,1.9
249,2019-01-07,25.38,25.5,25.0,25.27,8567,21667905.0,2.01,1.65,0.41,1.77
250,2019-01-08,25.61,25.61,24.71,24.75,7888,19689829.0,3.56,-2.06,-0.52,1.63
251,2019-01-09,24.78,25.48,24.78,24.9,9416,23686601.0,2.83,0.61,0.15,1.95
252,2019-01-10,24.98,26.88,24.51,26.7,18063,45482915.0,9.52,7.23,1.8,3.74
253,2019-01-11,25.8,26.28,25.51,25.94,20039,51791805.0,2.88,-2.85,-0.76,4.15
254,2019-01-14,25.7,25.9,24.86,24.96,10747,27057735.0,4.01,-3.78,-0.98,2.23
255,2019-01-15,25.2,25.3,24.7,25.11,6006,15034405.0,2.4,0.6,0.15,1.24
256,2019-01-16,24.8,24.8,22.81,23.6,22954,53749649.0,7.93,-6.01,-1.51,4.75
257,2019-01-17,23.3,23.5,23.01,23.15,9266,21483488.0,2.08,-1.91,-0.45,1.92
258,2019-01-18,23.34,23.36,22.59,23.04,11708,26825641.0,3.33,-0.48,-0.11,2.43
259,2019-01-21,23.1,23.22,22.88,23.2,6879,15894793.0,1.48,0.69,0.16,1.42
260,2019-01-22,23.3,23.34,22.83,22.89,6649,15313384.0,2.2,-1.34,-0.31,1.38
261,2019-01-23,23.07,23.97,22.9,23.63,17421,40926264.0,4.67,3.23,0.74,3.61
262,2019-01-24,23.6,23.73,23.18,23.53,8986,21017722.0,2.33,-0.42,-0.1,1.86
263,2019-01-25,23.5,23.53,22.88,22.9,6140,14274367.0,2.76,-2.68,-0.63,1.27
264,2019-01-28,23.01,23.25,22.65,22.67,5961,13671682.0,2.62,-1.0,-0.23,1.23
265,2019-01-29,22.6,22.67,20.4,20.92,11972,25633033.0,10.01,-7.72,-1.75,2.48
266,2019-01-30,20.98,22.0,20.96,21.13,8849,18946553.0,4.97,1.0,0.21,1.83
267,2019-01-31,21.11,21.57,19.92,20.24,10585,21953420.0,7.81,-4.21,-0.89,2.19
268,2019-02-01,20.26,21.12,20.26,21.06,9932,20718230.0,4.25,4.05,0.82,2.06
269,2019-02-11,21.22,21.8,21.22,21.55,7269,15691118.0,2.75,2.33,0.49,1.51
270,2019-02-12,21.82,21.9,21.5,21.74,9164,19928140.0,1.86,0.88,0.19,1.9
271,2019-02-13,21.79,22.18,21.71,22.16,10869,23916420.0,2.16,1.93,0.42,2.25
272,2019-02-14,22.2,22.46,21.78,22.25,12105,26779266.0,3.07,0.41,0.09,2.51
273,2019-02-15,22.22,22.95,21.91,22.41,13976,31318298.0,4.67,0.72,0.16,2.9
274,2019-02-18,22.38,23.12,22.26,23.08,17432,39650515.0,3.84,2.99,0.67,3.61
275,2019-02-19,24.07,24.46,23.27,23.74,43956,105197661.0,5.16,2.86,0.66,9.11
276,2019-02-20,23.5,23.56,23.0,23.4,19560,45469082.0,2.36,-1.43,-0.34,4.05
277,2019-02-21,23.35,23.55,23.0,23.08,16611,38587430.0,2.35,-1.37,-0.32,3.44
278,2019-02-22,23.23,23.32,22.9,23.31,13075,30253288.0,1.82,1.0,0.23,2.71
279,2019-02-25,23.5,24.15,23.3,24.15,34525,82096509.0,3.65,3.6,0.84,7.15
280,2019-02-26,24.15,24.32,23.67,24.0,29078,69789959.0,2.69,-0.62,-0.15,6.02
281,2019-02-27,24.01,25.25,23.76,24.49,39276,95798913.0,6.21,2.04,0.49,8.14
282,2019-02-28,24.33,24.33,23.9,24.09,21218,51110431.0,1.76,-1.63,-0.4,4.4
283,2019-03-01,24.06,24.24,23.77,23.89,13947,33378376.0,1.95,-0.83,-0.2,2.89
284,2019-03-04,23.89,24.35,23.89,24.17,23243,56156227.0,1.93,1.17,0.28,4.81
285,2019-03-05,24.25,24.55,24.05,24.53,22955,55790306.0,2.07,1.49,0.36,4.76
286,2019-03-06,24.67,25.24,24.25,25.08,35453,87746086.0,4.04,2.24,0.55,7.34
287,2019-03-07,25.1,26.98,24.55,26.23,52722,134888853.0,9.69,4.59,1.15,10.92
288,2019-03-08,25.6,25.68,24.03,24.19,32133,80625390.0,6.29,-7.78,-2.04,6.66
289,2019-03-11,24.12,25.14,24.12,25.1,19139,47306682.0,4.22,3.76,0.91,3.96
290,2019-03-12,25.45,25.68,25.03,25.39,24840,62938878.0,2.59,1.16,0.29,5.15
291,2019-03-13,25.45,25.84,24.52,25.15,28081,71231262.0,5.2,-0.95,-0.24,5.82
292,2019-03-14,25.0,25.0,23.89,24.18,15692,38141719.0,4.41,-3.86,-0.97,3.25
293,2019-03-15,24.17,24.85,24.17,24.52,12580,30817232.0,2.81,1.41,0.34,2.61
294,2019-03-18,24.93,25.05,24.62,25.0,12496,31077162.0,1.75,1.96,0.48,2.59
295,2019-03-19,25.1,25.39,24.84,25.26,17276,43292736.0,2.2,1.04,0.26,3.58
296,2019-03-20,25.15,25.28,24.5,25.03,15290,37994843.0,3.09,-0.91,-0.23,3.17
297,2019-03-21,25.16,25.38,24.88,25.11,13603,34230013.0,2.0,0.32,0.08,2.82
298,2019-03-22,25.14,25.55,24.68,25.4,18414,46235945.0,3.46,1.15,0.29,3.81
299,2019-03-25,24.85,25.18,24.78,24.88,14487,36183751.0,1.57,-2.05,-0.52,3.0
300,2019-03-26,25.05,25.47,24.33,24.34,15943,39748051.0,4.58,-2.17,-0.54,3.3
301,2019-03-27,24.41,24.76,23.91,24.56,11501,27893284.0,3.49,0.9,0.22,2.38
302,2019-03-28,24.31,25.89,24.31,25.72,30044,75754896.0,6.43,4.72,1.16,6.22
303,2019-03-29,24.87,24.87,23.15,24.5,39049,93834195.0,6.69,-4.74,-1.22,8.09
304,2019-04-01,24.3,25.5,24.23,25.37,34512,85909181.0,5.18,3.55,0.87,7.15
305,2019-04-02,25.28,26.53,25.14,26.05,55181,143367916.0,5.48,2.68,0.68,11.43
306,2019-04-03,25.91,26.06,25.55,25.82,27593,71087708.0,1.96,-0.88,-0.23,5.72
307,2019-04-04,25.99,25.99,25.4,25.61,21648,55492950.0,2.29,-0.81,-0.21,4.48
308,2019-04-08,25.77,25.93,25.03,25.39,19606,50184924.0,3.51,-0.86,-0.22,4.06
309,2019-04-09,25.33,25.59,25.17,25.43,11776,29853593.0,1.65,0.16,0.04,2.44
310,2019-04-10,25.45,25.45,24.9,25.08,15058,37798119.0,2.16,-1.38,-0.35,3.12
311,2019-04-11,25.08,25.28,24.3,24.38,12095,30032153.0,3.91,-2.79,-0.7,2.51
312,2019-04-12,24.41,24.8,24.31,24.49,8638,21164366.0,2.01,0.45,0.11,1.79
313,2019-04-15,24.58,24.96,24.18,24.19,9596,23653329.0,3.18,-1.22,-0.3,1.99
314,2019-04-16,24.19,24.61,24.01,24.58,9742,23730001.0,2.48,1.61,0.39,2.02
315,2019-04-17,24.58,25.03,24.48,24.88,13184,32677392.0,2.24,1.22,0.3,2.73
316,2019-04-18,24.96,25.0,24.18,24.3,11526,28211965.0,3.3,-2.33,-0.58,2.39
317,2019-04-19,24.3,24.54,24.08,24.44,6793,16511067.0,1.89,0.58,0.14,1.41
318,2019-04-22,24.5,24.61,23.93,23.97,8476,20556830.0,2.78,-1.92,-0.47,1.76
319,2019-04-23,23.99,24.09,23.08,23.14,11468,26853707.0,4.21,-3.46,-0.83,2.38
320,2019-04-24,23.14,23.29,22.74,23.2,8628,19871301.0,2.38,0.26,0.06,1.79
321,2019-04-25,23.2,23.2,21.52,21.99,11196,25256370.0,7.24,-5.22,-1.21,2.32
322,2019-04-26,22.06,22.29,21.85,21.92,6280,13839861.0,2.0,-0.32,-0.07,1.3
323,2019-04-29,22.22,22.35,21.06,21.16,9310,19967092.0,5.89,-3.47,-0.76,1.93
324,2019-04-30,21.23,21.64,21.19,21.43,7556,16208034.0,2.13,1.28,0.27,1.57
325,2019-05-06,21.35,21.35,19.3,19.4,12045,24261184.0,9.57,-9.47,-2.03,2.5
326,2019-05-07,19.58,20.09,19.58,19.93,8690,17239962.0,2.63,2.73,0.53,1.8
327,2019-05-08,19.5,20.77,19.5,20.3,10364,21009254.0,6.37,1.86,0.37,2.15
328,2019-05-09,20.29,20.59,19.96,20.0,5896,11910864.0,3.1,-1.48,-0.3,1.22
329,2019-05-10,20.17,20.73,19.85,20.64,10369,21217522.0,4.4,3.2,0.64,2.15
330,2019-05-13,20.7,20.99,20.34,20.87,8247,17106956.0,3.15,1.11,0.23,1.71
331,2019-05-14,20.7,20.8,20.4,20.52,6645,13689192.0,1.92,-1.68,-0.35,1.38
332,2019-05-15,20.7,20.95,20.59,20.83,7626,15881209.0,1.75,1.51,0.31,1.58
333,2019-05-16,20.82,21.0,20.75,20.91,7414,15477889.0,1.2,0.38,0.08,1.54
334,2019-05-17,20.9,21.03,19.87,19.98,10233,20925175.0,5.55,-4.45,-0.93,2.12
335,2019-05-20,20.0,20.38,19.52,20.27,6973,13956700.0,4.3,1.45,0.29,1.44
336,2019-05-21,20.27,20.71,20.11,20.66,8186,16822559.0,2.96,1.92,0.39,1.7
337,2019-05-22,20.61,20.8,20.15,20.34,8097,16669019.0,3.15,-1.55,-0.32,1.68
338,2019-05-23,20.34,20.44,19.93,20.07,7205,14552051.0,2.51,-1.33,-0.27,1.49
339,2019-05-24,20.07,20.4,19.82,20.09,6050,12143719.0,2.89,0.1,0.02,1.25
340,2019-05-27,20.11,20.65,20.03,20.59,9740,19897111.0,3.09,2.49,0.5,2.02
341,2019-05-28,20.41,20.8,20.41,20.56,10382,21433413.0,1.89,-0.15,-0.03,2.15
342,2019-05-29,20.56,20.95,20.45,20.68,8076,16716739.0,2.43,0.58,0.12,1.67
343,2019-05-30,20.9,20.9,20.26,20.55,10715,21914212.0,3.09,-0.63,-0.13,2.22
344,2019-05-31,20.46,21.46,20.46,21.39,19954,41986768.0,4.87,4.09,0.84,4.13
345,2019-06-03,21.25,21.28,20.42,20.48,18468,38320347.0,4.02,-4.25,-0.91,3.83
346,2019-06-04,20.34,20.51,19.71,19.86,10825,21623127.0,3.91,-3.03,-0.62,2.24
347,2019-06-05,20.06,20.16,19.81,19.92,6760,13528133.0,1.76,0.3,0.06,1.4
348,2019-06-06,19.85,20.3,19.51,20.3,8596,17038345.0,3.97,1.91,0.38,1.78
349,2019-06-10,20.0,20.29,19.97,20.08,8206,16514811.0,1.58,-1.08,-0.22,1.7
350,2019-06-11,20.15,20.65,20.01,20.6,13360,27253203.0,3.19,2.59,0.52,2.77
351,2019-06-12,20.48,20.6,20.24,20.26,12191,24837771.0,1.75,-1.65,-0.34,2.53
352,2019-06-13,20.27,20.45,20.11,20.43,7627,15493234.0,1.68,0.84,0.17,1.58
353,2019-06-14,20.52,20.65,19.84,19.86,9312,18767106.0,3.96,-2.79,-0.57,1.93
354,2019-06-17,19.86,20.05,19.76,19.96,5032,10024139.0,1.46,0.5,0.1,1.04
355,2019-06-18,19.96,20.16,19.85,20.09,4833,9671083.0,1.55,0.65,0.13,1.0
356,2019-06-19,20.31,20.71,20.21,20.35,15062,30859791.0,2.49,1.29,0.26,3.12
357,2019-06-20,20.28,21.88,20.06,21.12,29445,61451365.0,8.94,3.78,0.77,6.1
358,2019-06-21,21.89,21.9,21.15,21.46,30080,64445734.0,3.55,1.61,0.34,6.23
359,2019-06-24,21.65,22.78,21.5,22.55,44581,98995687.0,5.96,5.08,1.09,9.23
360,2019-06-25,20.3,21.88,20.3,21.64,34490,73868067.0,7.01,-4.04,-0.91,7.14
361,2019-06-26,21.4,21.64,20.87,20.92,22100,46715669.0,3.56,-3.33,-0.72,4.58
362,2019-06-27,20.79,21.22,20.79,20.91,13568,28433557.0,2.06,-0.05,-0.01,2.81
363,2019-06-28,20.91,20.95,20.35,20.58,9938,20529433.0,2.87,-1.58,-0.33,2.06
364,2019-07-01,20.98,21.13,20.79,21.09,13399,28118085.0,1.65,2.48,0.51,2.78
365,2019-07-02,21.09,21.44,20.81,21.27,13086,27766534.0,2.99,0.85,0.18,2.71
366,2019-07-03,20.8,21.31,20.8,21.18,8444,17852279.0,2.4,-0.42,-0.09,1.75
367,2019-07-04,21.19,22.2,21.19,21.79,22340,48456598.0,4.77,2.88,0.61,4.63
368,2019-07-05,21.8,22.78,21.35,22.38,28111,61957789.0,6.56,2.71,0.59,5.82
369,2019-07-08,22.1,22.1,21.25,21.57,17057,36945725.0,3.8,-3.62,-0.81,3.53
370,2019-07-09,21.57,22.0,21.29,21.97,13706,29736692.0,3.29,1.85,0.4,2.84
371,2019-07-10,21.6,22.02,21.19,21.23,10156,21848646.0,3.78,-3.37,-0.74,2.1
372,2019-07-11,21.4,21.69,21.05,21.24,9475,20245519.0,3.01,0.05,0.01,1.96
373,2019-07-12,21.24,21.43,20.5,20.63,13824,28604490.0,4.38,-2.87,-0.61,2.86
374,2019-07-15,20.59,20.78,20.0,20.67,9837,20079565.0,3.78,0.19,0.04,2.04
375,2019-07-16,20.65,20.78,20.56,20.71,5891,12180311.0,1.06,0.19,0.04,1.22
376,2019-07-17,20.7,20.99,20.65,20.85,8724,18206884.0,1.64,0.68,0.14,1.81
377,2019-07-18,20.85,20.85,20.13,20.13,7984,16253275.0,3.45,-3.45,-0.72,1.65
378,2019-07-19,20.13,20.55,20.13,20.16,5669,11530420.0,2.09,0.15,0.03,1.17
379,2019-07-22,20.35,20.4,19.4,19.5,7794,15407070.0,4.96,-3.27,-0.66,1.61
380,2019-07-23,19.61,20.09,19.54,20.06,5390,10702008.0,2.82,2.87,0.56,1.12
381,2019-07-24,20.1,20.48,20.1,20.22,5388,10952877.0,1.89,0.8,0.16,1.12
382,2019-07-25,20.23,20.55,20.1,20.38,6233,12703623.0,2.23,0.79,0.16,1.29
383,2019-07-26,20.47,20.5,20.23,20.3,4272,8674635.0,1.32,-0.39,-0.08,0.88
384,2019-07-29,20.34,20.38,20.22,20.26,4062,8238675.0,0.79,-0.2,-0.04,0.84
385,2019-07-30,20.36,20.66,20.3,20.49,5164,10599477.0,1.78,1.14,0.23,1.07
386,2019-07-31,20.49,20.75,20.38,20.65,6461,13300693.0,1.81,0.78,0.16,1.34
387,2019-08-01,20.36,20.74,20.25,20.55,4649,9523004.0,2.37,-0.48,-0.1,0.96
388,2019-08-02,20.2,20.35,20.0,20.24,5889,11894951.0,1.7,-1.51,-0.31,1.22
389,2019-08-05,20.42,20.95,20.02,20.23,7063,14493229.0,4.59,-0.05,-0.01,1.46
390,2019-08-06,20.18,20.45,18.94,19.79,11169,21859535.0,7.46,-2.17,-0.44,2.31
391,2019-08-07,19.81,20.0,19.25,19.37,6948,13576634.0,3.79,-2.12,-0.42,1.44
392,2019-08-08,19.37,19.58,19.1,19.37,6562,12707442.0,2.48,0.0,0.0,1.36
393,2019-08-09,19.54,19.54,18.61,18.7,11813,22416951.0,4.8,-3.46,-0.67,2.45
394,2019-08-12,18.78,18.86,18.28,18.63,9802,18124149.0,3.1,-0.37,-0.07,2.03
395,2019-08-13,18.5,18.5,18.32,18.43,5943,10938247.0,0.97,-1.07,-0.2,1.23
396,2019-08-14,18.59,18.78,18.46,18.47,7595,14151464.0,1.74,0.22,0.04,1.57
397,2019-08-15,18.0,18.5,17.77,18.47,8912,16147407.0,3.95,0.0,0.0,1.85
398,2019-08-16,18.49,18.58,18.21,18.45,6665,12320085.0,2.0,-0.11,-0.02,1.38
399,2019-08-19,18.5,19.09,18.5,19.0,9443,17821335.0,3.2,2.98,0.55,1.96
400,2019-08-20,19.1,19.1,18.9,18.92,6557,12432604.0,1.05,-0.42,-0.08,1.36
401,2019-08-21,18.92,19.08,18.85,18.96,5386,10231636.0,1.22,0.21,0.04,1.12
402,2019-08-22,19.16,19.16,18.89,18.92,5075,9620930.0,1.42,-0.21,-0.04,1.05
403,2019-08-23,18.92,19.06,18.7,18.81,6219,11743493.0,1.9,-0.58,-0.11,1.29
404,2019-08-26,18.28,18.62,17.95,18.41,7349,13495257.0,3.56,-2.13,-0.4,1.52
405,2019-08-27,18.48,18.91,18.41,18.86,8412,15781979.0,2.72,2.44,0.45,1.74
406,2019-08-28,18.72,18.98,18.72,18.89,6837,12915618.0,1.38,0.16,0.03,1.42
407,2019-08-29,18.89,19.02,18.75,18.79,4981,9385828.0,1.43,-0.53,-0.1,1.03
408,2019-08-30,18.83,18.92,18.22,18.27,9134,16887975.0,3.73,-2.77,-0.52,1.89
409,2019-09-02,18.4,18.69,18.27,18.63,7404,13711228.0,2.3,1.97,0.36,1.53
410,2019-09-03,18.65,18.83,18.63,18.73,4949,9265954.0,1.07,0.54,0.1,1.03
411,2019-09-04,18.81,19.1,18.73,18.92,8031,15158396.0,1.98,1.01,0.19,1.66
412,2019-09-05,18.96,19.34,18.91,19.26,14103,27046483.0,2.27,1.8,0.34,2.92
413,2019-09-06,20.3,20.42,19.53,19.57,32039,63949847.0,4.62,1.61,0.31,6.64
414,2019-09-09,19.49,19.74,19.46,19.66,16857,32992760.0,1.43,0.46,0.09,3.49
415,2019-09-10,19.71,19.71,19.45,19.56,9091,17794440.0,1.32,-0.51,-0.1,1.88
416,2019-09-11,19.59,19.68,19.5,19.5,5972,11677087.0,0.92,-0.31,-0.06,1.24
417,2019-09-12,19.5,19.7,19.41,19.64,7544,14746571.0,1.49,0.72,0.14,1.56
418,2019-09-16,19.65,19.89,19.65,19.74,7118,14075939.0,1.22,0.51,0.1,1.47
419,2019-09-17,19.74,19.84,19.17,19.29,7130,13850453.0,3.39,-2.28,-0.45,1.48
420,2019-09-18,19.42,19.42,19.25,19.31,4161,8046777.0,0.88,0.1,0.02,0.86
421,2019-09-19,19.35,19.79,19.1,19.66,7629,14908509.0,3.57,1.81,0.35,1.58
422,2019-09-20,19.7,19.93,19.68,19.88,10779,21363686.0,1.27,1.12,0.22,2.23
423,2019-09-23,19.88,19.88,19.35,19.48,7023,13678772.0,2.67,-2.01,-0.4,1.45
424,2019-09-24,19.49,20.69,19.48,19.83,27346,54633126.0,6.21,1.8,0.35,5.66
425,2019-09-25,19.8,19.8,19.08,19.15,17204,33217079.0,3.63,-3.43,-0.68,3.56
426,2019-09-26,19.18,19.35,18.32,18.37,14649,27277955.0,5.38,-4.07,-0.78,3.03
427,2019-09-27,18.35,18.6,18.27,18.47,8015,14825304.0,1.8,0.54,0.1,1.66
428,2019-09-30,18.55,18.65,18.43,18.46,4878,9040734.0,1.19,-0.05,-0.01,1.01
429,2019-10-08,18.47,18.78,18.4,18.42,4677,8662792.0,2.06,-0.22,-0.04,0.97
430,2019-10-09,18.31,18.68,18.27,18.65,4195,7776281.0,2.23,1.25,0.23,0.87
431,2019-10-10,18.67,19.02,18.6,19.02,7938,14956002.0,2.25,1.98,0.37,1.64
432,2019-10-11,19.9,19.9,19.2,19.22,22419,43713965.0,3.68,1.05,0.2,4.64
433,2019-10-14,19.22,19.4,19.08,19.33,12441,23981075.0,1.66,0.57,0.11,2.58
434,2019-10-15,19.33,19.33,18.93,19.06,7272,13869142.0,2.07,-1.4,-0.27,1.51
435,2019-10-16,18.98,19.17,18.91,18.92,5220,9925673.0,1.36,-0.73,-0.14,1.08
436,2019-10-17,18.92,19.09,18.87,18.99,4454,8452746.0,1.16,0.37,0.07,0.92
437,2019-10-18,19.0,19.12,18.57,18.71,6089,11489798.0,2.9,-1.47,-0.28,1.26
438,2019-10-21,18.7,18.7,18.25,18.66,5052,9347915.0,2.41,-0.27,-0.05,1.05
439,2019-10-22,18.66,18.9,18.58,18.9,4748,8902366.0,1.71,1.29,0.24,0.98
440,2019-10-23,18.9,18.95,18.77,18.88,3858,7272205.0,0.95,-0.11,-0.02,0.8
441,2019-10-24,18.88,18.97,18.72,18.92,3027,5713510.0,1.32,0.21,0.04,0.63
442,2019-10-25,18.81,19.03,18.66,19.0,4371,8246400.0,1.96,0.42,0.08,0.91
443,2019-10-28,18.91,19.2,18.86,19.15,7080,13495470.0,1.79,0.79,0.15,1.47
444,2019-10-29,19.19,19.19,18.6,18.64,6758,12727663.0,3.08,-2.66,-0.51,1.4
445,2019-10-30,18.62,18.62,18.27,18.3,6432,11822418.0,1.88,-1.82,-0.34,1.33
446,2019-10-31,18.39,18.45,18.1,18.13,5357,9770196.0,1.91,-0.93,-0.17,1.11
447,2019-11-01,18.13,18.34,18.03,18.21,4061,7400874.0,1.71,0.44,0.08,0.84
448,2019-11-04,18.3,18.36,18.21,18.3,5232,9559633.0,0.82,0.49,0.09,1.08
449,2019-11-05,18.31,18.36,18.11,18.2,3935,7161576.0,1.37,-0.55,-0.1,0.82
450,2019-11-06,18.3,18.3,17.86,17.91,5495,9915668.0,2.42,-1.59,-0.29,1.14
451,2019-11-07,17.91,17.99,17.82,17.97,4167,7464932.0,0.95,0.34,0.06,0.86
452,2019-11-08,18.05,18.16,17.98,18.05,3625,6553504.0,1.0,0.45,0.08,0.75
453,2019-11-11,17.92,17.92,17.15,17.18,9572,16636762.0,4.27,-4.82,-0.87,1.98
454,2019-11-12,17.18,17.31,17.07,17.24,4482,7697202.0,1.4,0.35,0.06,0.93
455,2019-11-13,17.05,17.25,17.05,17.24,3174,5448908.0,1.16,0.0,0.0,0.66
456,2019-11-14,17.25,17.35,17.16,17.28,2550,4404790.0,1.1,0.23,0.04,0.53
457,2019-11-15,17.29,17.31,17.04,17.04,3272,5604759.0,1.56,-1.39,-0.24,0.68
458,2019-11-18,17.04,17.25,16.93,17.21,2608,4469029.0,1.88,1.0,0.17,0.54
459,2019-11-19,17.19,17.5,17.14,17.5,4620,8027039.0,2.09,1.69,0.29,0.96
460,2019-11-20,17.45,17.65,17.27,17.36,3114,5432241.0,2.17,-0.8,-0.14,0.65
461,2019-11-21,17.36,17.41,17.16,17.36,2731,4729583.0,1.44,0.0,0.0,0.57
462,2019-11-22,17.56,17.56,17.11,17.23,3586,6203246.0,2.59,-0.75,-0.13,0.74
463,2019-11-25,17.18,17.29,16.97,17.13,3529,6032119.0,1.86,-0.58,-0.1,0.73
464,2019-11-26,17.13,17.14,16.93,16.97,4682,7969945.0,1.23,-0.93,-0.16,0.97
465,2019-11-27,16.97,17.03,16.85,16.9,2793,4728298.0,1.06,-0.41,-0.07,0.58
466,2019-11-28,17.02,17.02,16.84,16.85,3268,5523273.0,1.07,-0.3,-0.05,0.68
467,2019-11-29,16.86,17.03,16.83,17.0,2221,3762796.0,1.19,0.89,0.15,0.46
468,2019-12-02,17.04,17.14,17.0,17.08,2762,4719693.0,0.82,0.47,0.08,0.57
469,2019-12-03,17.07,17.21,16.95,17.18,3263,5573729.0,1.52,0.59,0.1,0.68
470,2019-12-04,17.11,17.38,17.06,17.25,3589,6183994.0,1.86,0.41,0.07,0.74
471,2019-12-05,17.3,17.8,17.26,17.68,7821,13768561.0,3.13,2.49,0.43,1.62
472,2019-12-06,17.67,17.67,17.38,17.5,6367,11116706.0,1.64,-1.02,-0.18,1.32
473,2019-12-09,17.48,17.56,17.43,17.54,3724,6516111.0,0.74,0.23,0.04,0.77
474,2019-12-10,17.54,18.59,17.32,18.59,5538,9797440.0,7.24,5.99,1.05,1.15
475,2019-12-11,17.8,18.14,17.71,17.95,10666,19148020.0,2.31,-3.44,-0.64,2.21
476,2019-12-12,17.83,18.22,17.66,17.94,13012,23366075.0,3.12,-0.06,-0.01,2.7
477,2019-12-13,17.94,18.13,17.8,18.0,8558,15355622.0,1.84,0.33,0.06,1.77
478,2019-12-16,18.11,18.11,17.92,18.06,8047,14496934.0,1.06,0.33,0.06,1.67
479,2019-12-17,18.05,18.25,18.0,18.16,8918,16141493.0,1.38,0.55,0.1,1.85
480,2019-12-18,18.18,18.31,18.12,18.26,8146,14863675.0,1.05,0.55,0.1,1.69
481,2019-12-19,18.21,18.3,18.12,18.29,6598,12007479.0,0.99,0.16,0.03,1.37
482,2019-12-20,18.29,18.4,18.22,18.25,8841,16176642.0,0.98,-0.22,-0.04,1.83
483,2019-12-23,18.23,18.3,17.8,17.83,8002,14481287.0,2.74,-2.3,-0.42,1.66
484,2019-12-24,18.01,18.16,17.8,18.12,7475,13439754.0,2.02,1.63,0.29,1.55
485,2019-12-25,18.03,18.21,18.01,18.2,5041,9148345.0,1.1,0.44,0.08,1.04
486,2019-12-26,18.2,18.47,18.15,18.36,8832,16198101.0,1.76,0.88,0.16,1.83
487,2019-12-27,18.41,18.44,18.11,18.19,7960,14557510.0,1.8,-0.93,-0.17,1.65
488,2019-12-30,18.12,18.3,17.61,18.3,8145,14740490.0,3.79,0.6,0.11,1.69
489,2019-12-31,18.3,18.4,18.18,18.36,6375,11695305.0,1.2,0.33,0.06,1.32
490,2020-01-02,18.44,18.64,18.35,18.51,11882,22021726.0,1.58,0.82,0.15,2.46
491,2020-01-03,18.51,18.68,18.47,18.61,8863,16464764.0,1.13,0.54,0.1,1.84
492,2020-01-06,18.58,18.83,18.46,18.77,9646,18062140.0,1.99,0.86,0.16,2.0
493,2020-01-07,18.77,18.88,18.63,18.71,10142,18998953.0,1.33,-0.32,-0.06,2.1
494,2020-01-08,18.7,18.76,18.27,18.37,11085,20525580.0,2.62,-1.82,-0.34,2.3
495,2020-01-09,18.41,18.87,18.36,18.86,12770,23893144.0,2.78,2.67,0.49,2.65
496,2020-01-10,18.88,18.88,18.6,18.69,5876,10994299.0,1.48,-0.9,-0.17,1.22
497,2020-01-13,18.75,18.88,18.51,18.87,7225,13516385.0,1.98,0.96,0.18,1.5
498,2020-01-14,18.75,18.99,18.75,18.9,8632,16313315.0,1.27,0.16,0.03,1.79
499,2020-01-15,18.82,18.91,18.55,18.59,6989,13030964.0,1.9,-1.64,-0.31,1.45
500,2020-01-16,18.68,18.97,18.53,18.64,9745,18291947.0,2.37,0.27,0.05,2.02
501,2020-01-17,18.62,18.75,18.44,18.53,7157,13287872.0,1.66,-0.59,-0.11,1.48
502,2020-01-20,18.52,18.58,18.28,18.56,7157,13203207.0,1.62,0.16,0.03,1.48
503,2020-01-21,18.5,18.53,18.15,18.2,7469,13654490.0,2.05,-1.94,-0.36,1.55
504,2020-01-22,18.2,18.44,17.93,18.36,7293,13256101.0,2.8,0.88,0.16,1.51
505,2020-01-23,18.25,18.44,17.51,17.69,9532,17113412.0,5.07,-3.65,-0.67,1.97
506,2020-02-03,15.92,15.92,15.92,15.92,3356,5342752.0,0.0,-10.01,-1.77,0.7
507,2020-02-04,14.34,15.7,14.34,15.43,11972,18217703.0,8.54,-3.08,-0.49,2.48
508,2020-02-05,15.45,15.98,15.45,15.9,8123,12852161.0,3.43,3.05,0.47,1.68
509,2020-02-06,15.93,16.24,15.76,16.11,8154,13079520.0,3.02,1.32,0.21,1.69
510,2020-02-07,16.15,16.45,16.06,16.41,8004,12996021.0,2.42,1.86,0.3,1.66
511,2020-02-10,16.44,16.81,16.39,16.79,7010,11688952.0,2.56,2.32,0.38,1.45
512,2020-02-11,16.82,16.91,16.52,16.57,6608,11037034.0,2.32,-1.31,-0.22,1.37
513,2020-02-12,16.5,17.02,16.5,17.0,7307,12273029.0,3.14,2.6,0.43,1.51
514,2020-02-13,17.06,17.31,16.81,17.17,12375,21142750.0,2.94,1.0,0.17,2.56
515,2020-02-14,17.58,17.58,17.01,17.09,9661,16761591.0,3.32,-0.47,-0.08,2.0
516,2020-02-17,17.13,17.58,17.13,17.57,9847,17122949.0,2.63,2.81,0.48,2.04
517,2020-02-18,17.61,17.81,17.46,17.81,9059,15981145.0,1.99,1.37,0.24,1.88
518,2020-02-19,18.36,18.36,17.8,18.15,11186,20198203.0,3.14,1.91,0.34,2.32
519,2020-02-20,18.19,18.36,17.92,18.15,12596,22824460.0,2.42,0.0,0.0,2.61
520,2020-02-21,18.02,18.28,18.02,18.12,8362,15188281.0,1.43,-0.17,-0.03,1.73
521,2020-02-24,18.1,18.27,17.78,18.25,11930,21559849.0,2.7,0.72,0.13,2.47
522,2020-02-25,18.6,18.6,17.72,18.0,16019,29024729.0,4.82,-1.37,-0.25,3.32
523,2020-02-26,17.91,18.45,17.8,17.94,15144,27423483.0,3.61,-0.33,-0.06,3.14
524,2020-02-27,17.84,18.28,17.8,17.86,8154,14633987.0,2.68,-0.45,-0.08,1.69
525,2020-02-28,17.46,17.46,16.58,16.58,12385,21010956.0,4.93,-7.17,-1.28,2.57
526,2020-03-02,16.58,17.6,16.57,17.5,11712,20274541.0,6.21,5.55,0.92,2.43
527,2020-03-03,17.69,18.07,17.57,17.74,10428,18631742.0,2.86,1.37,0.24,2.16
528,2020-03-04,17.69,17.93,17.51,17.89,6456,11506350.0,2.37,0.85,0.15,1.34
529,2020-03-05,18.07,18.43,17.89,18.38,13794,25206506.0,3.02,2.74,0.49,2.86
530,2020-03-06,18.21,18.66,18.03,18.5,12513,22998713.0,3.43,0.65,0.12,2.59
531,2020-03-09,18.29,18.41,17.84,17.95,13846,25025277.0,3.08,-2.97,-0.55,2.87
532,2020-03-10,17.66,18.35,17.42,18.32,14003,25000607.0,5.18,2.06,0.37,2.9
533,2020-03-11,18.4,18.9,18.22,18.62,21982,40925856.0,3.71,1.64,0.3,4.55
534,2020-03-12,18.98,18.98,18.02,18.36,22751,41967812.0,5.16,-1.4,-0.26,4.71
535,2020-03-13,18.68,18.68,16.52,18.05,19872,35754008.0,11.76,-1.69,-0.31,4.12
536,2020-03-16,18.01,18.29,17.28,17.3,13965,24922497.0,5.6,-4.16,-0.75,2.89
537,2020-03-17,17.28,17.58,16.83,17.5,8302,14337515.0,4.34,1.16,0.2,1.72
538,2020-03-18,17.45,17.98,17.31,17.31,8074,14270832.0,3.83,-1.09,-0.19,1.67
539,2020-03-19,17.5,17.72,17.13,17.71,10627,18527448.0,3.41,2.31,0.4,2.2
540,2020-03-20,17.82,19.18,17.7,19.16,33684,62861075.0,8.36,8.19,1.45,6.98
541,2020-03-23,18.5,19.56,18.48,18.87,34053,64992313.0,5.64,-1.51,-0.29,7.05
542,2020-03-24,19.13,19.57,18.48,19.45,33006,62960886.0,5.78,3.07,0.58,6.84
543,2020-03-25,19.73,19.85,19.04,19.12,32159,61995262.0,4.16,-1.7,-0.33,6.66
544,2020-03-26,18.95,18.95,18.41,18.6,22624,42085986.0,2.82,-2.72,-0.52,4.69
545,2020-03-27,18.39,18.68,18.24,18.32,23038,42438435.0,2.37,-1.51,-0.28,4.77
546,2020-03-30,17.8,17.8,17.02,17.59,26082,45017091.0,4.26,-3.98,-0.73,5.4
547,2020-03-31,17.98,17.98,17.21,17.23,12775,22510373.0,4.38,-2.05,-0.36,2.65
548,2020-04-01,17.06,17.45,17.06,17.08,7550,13020704.0,2.26,-0.87,-0.15,1.56
549,2020-04-02,17.08,17.29,16.74,17.24,9172,15555360.0,3.22,0.94,0.16,1.9
550,2020-04-03,17.2,17.23,16.81,16.84,9206,15625880.0,2.44,-2.32,-0.4,1.91
551,2020-04-07,17.16,17.39,17.05,17.31,9152,15767318.0,2.02,2.79,0.47,1.9
552,2020-04-08,17.31,17.56,17.17,17.47,9422,16393123.0,2.25,0.92,0.16,1.95
553,2020-04-09,17.56,17.63,17.45,17.55,7242,12707505.0,1.03,0.46,0.08,1.5
554,2020-04-10,17.52,17.52,17.05,17.16,8198,14135918.0,2.68,-2.22,-0.39,1.7
555,2020-04-13,17.25,17.25,16.85,17.0,5791,9810614.0,2.33,-0.93,-0.16,1.2
556,2020-04-14,16.91,17.27,16.91,17.22,4801,8235424.0,2.12,1.29,0.22,0.99
557,2020-04-15,17.3,17.3,17.01,17.06,5555,9523312.0,1.68,-0.93,-0.16,1.15
558,2020-04-16,16.97,17.19,16.9,17.17,4502,7687185.0,1.7,0.64,0.11,0.93
559,2020-04-17,17.1,17.63,17.1,17.56,14567,25470430.0,3.09,2.27,0.39,3.02
560,2020-04-20,17.56,18.28,17.36,18.15,15538,27975607.0,5.24,3.36,0.59,3.22
561,2020-04-21,18.14,18.33,17.88,18.27,12440,22561367.0,2.48,0.66,0.12,2.58
562,2020-04-22,18.17,18.48,17.95,18.21,9743,17738556.0,2.9,-0.33,-0.06,2.02
563,2020-04-23,18.21,18.7,18.21,18.5,12721,23565371.0,2.69,1.59,0.29,2.64
564,2020-04-24,18.61,18.61,18.07,18.27,12713,23362040.0,2.92,-1.24,-0.23,2.63
565,2020-04-27,18.18,18.5,17.66,17.96,7843,14134024.0,4.6,-1.7,-0.31,1.62
566,2020-04-28,18.15,18.15,17.28,17.62,8623,15291113.0,4.84,-1.89,-0.34,1.79
567,2020-04-29,17.67,18.59,17.67,18.21,17984,32796964.0,5.22,3.35,0.59,3.73
568,2020-04-30,18.21,18.57,18.12,18.53,15128,27810266.0,2.47,1.76,0.32,3.13
569,2020-05-06,18.43,18.87,18.23,18.8,17316,32250576.0,3.45,1.46,0.27,3.59
570,2020-05-07,18.9,18.98,18.33,18.51,18207,33758129.0,3.46,-1.54,-0.29,3.77
571,2020-05-08,18.36,19.0,18.1,18.92,21813,40577220.0,4.86,2.22,0.41,4.52
572,2020-05-11,19.15,19.15,18.58,18.75,21648,40779727.0,3.01,-0.9,-0.17,4.48
573,2020-05-12,18.88,18.88,18.28,18.59,13594,25182493.0,3.2,-0.85,-0.16,2.82
574,2020-05-13,18.74,19.39,18.55,19.34,28814,55121065.0,4.52,4.03,0.75,5.97
575,2020-05-14,19.08,19.6,18.95,19.48,21848,42100721.0,3.36,0.72,0.14,4.53
576,2020-05-15,19.45,19.47,19.08,19.14,16168,31122824.0,2.0,-1.75,-0.34,3.35
577,2020-05-18,19.13,19.19,18.9,19.04,10124,19244886.0,1.52,-0.52,-0.1,2.1
578,2020-05-19,19.39,19.39,18.8,18.93,11026,20998673.0,3.1,-0.58,-0.11,2.28
579,2020-05-20,18.93,18.93,18.48,18.7,13321,24831442.0,2.38,-1.22,-0.23,2.76
580,2020-05-21,18.88,18.88,18.5,18.53,8736,16341589.0,2.03,-0.91,-0.17,1.81
581,2020-05-22,18.42,18.6,18.2,18.47,7020,12934533.0,2.16,-0.32,-0.06,1.45
582,2020-05-25,18.54,19.45,18.42,19.41,20164,38463510.0,5.58,5.09,0.94,4.18
583,2020-05-26,19.22,20.2,19.22,19.81,31691,62547503.0,5.05,2.06,0.4,6.56
584,2020-05-27,19.63,19.85,19.36,19.72,19713,38719480.0,2.47,-0.45,-0.09,4.08
585,2020-05-28,19.73,19.89,19.01,19.23,15149,29343665.0,4.46,-2.48,-0.49,3.14
586,2020-05-29,19.38,19.38,19.05,19.32,13666,26262627.0,1.72,0.47,0.09,2.83
587,2020-06-01,19.61,19.8,19.34,19.6,21283,41750455.0,2.38,1.45,0.28,4.41
588,2020-06-02,19.63,19.68,19.15,19.44,19686,38118761.0,2.7,-0.82,-0.16,4.08
589,2020-06-03,19.54,20.38,19.29,20.2,32663,65129747.0,5.61,3.91,0.76,6.77
590,2020-06-04,20.12,20.14,19.83,19.97,18101,36167668.0,1.53,-1.14,-0.23,3.75
591,2020-06-05,20.0,20.09,19.6,19.71,13541,26702665.0,2.45,-1.3,-0.26,2.8
592,2020-06-08,19.41,19.57,18.68,18.71,27581,52289606.0,4.52,-5.07,-1.0,5.71
593,2020-06-09,18.82,19.39,18.71,19.32,21034,40135649.0,3.63,3.26,0.61,4.36
594,2020-06-10,19.28,19.56,19.1,19.19,15153,29160728.0,2.38,-0.67,-0.13,3.14
595,2020-06-11,19.33,19.88,19.12,19.82,22934,44786505.0,3.96,3.28,0.63,4.75
596,2020-06-12,19.55,20.13,19.4,20.03,24444,48569149.0,3.68,1.06,0.21,5.06
597,2020-06-15,20.05,20.6,20.05,20.08,29170,59129781.0,2.75,0.25,0.05,6.04
598,2020-06-16,20.23,21.23,20.11,20.67,39295,81271892.0,5.58,2.94,0.59,8.14
599,2020-06-17,20.65,20.71,20.21,20.25,29968,60967581.0,2.42,-2.03,-0.42,6.21
600,2020-06-18,20.45,20.7,20.05,20.1,19797,40135153.0,3.21,-0.74,-0.15,4.1
601,2020-06-19,20.27,20.6,20.08,20.33,23215,47322769.0,2.59,1.14,0.23,4.81
602,2020-06-22,20.38,21.1,20.16,20.83,29230,60327504.0,4.62,2.46,0.5,6.05
603,2020-06-23,20.88,21.48,20.52,21.35,31407,66158249.0,4.61,2.5,0.52,6.51
604,2020-06-24,21.24,21.56,20.91,21.18,23132,48859651.0,3.04,-0.8,-0.17,4.79
605,2020-06-29,21.44,21.44,20.66,20.98,19232,40205710.0,3.68,-0.94,-0.2,3.98
606,2020-06-30,21.13,21.68,20.83,21.63,26410,56338713.0,4.05,3.1,0.65,5.47
607,2020-07-01,21.7,21.71,21.04,21.36,27762,59106848.0,3.1,-1.25,-0.27,5.75
608,2020-07-02,21.32,21.34,20.89,20.95,23448,49338416.0,2.11,-1.92,-0.41,4.86
609,2020-07-03,21.0,21.15,20.53,21.11,19687,41042396.0,2.96,0.76,0.16,4.08
610,2020-07-06,21.11,21.79,20.79,21.79,29714,63287604.0,4.74,3.22,0.68,6.16
611,2020-07-07,21.9,22.0,21.51,21.53,30666,66552442.0,2.25,-1.19,-0.26,6.35
612,2020-07-08,21.47,21.66,21.17,21.6,25435,54514026.0,2.28,0.33,0.07,5.27
613,2020-07-09,21.67,22.49,21.49,22.24,36930,81503826.0,4.63,2.96,0.64,7.65
614,2020-07-10,22.2,22.36,21.85,21.93,22996,50787025.0,2.29,-1.39,-0.31,4.76
615,2020-07-13,21.91,22.9,21.88,22.78,32566,73425710.0,4.65,3.88,0.85,6.75
616,2020-07-14,22.7,25.06,22.53,24.88,78753,191875034.0,11.11,9.22,2.1,16.31
617,2020-07-15,25.2,25.4,24.4,24.57,72371,179560045.0,4.02,-1.25,-0.31,14.99
618,2020-07-16,24.42,24.81,22.7,23.2,48116,114248504.0,8.59,-5.58,-1.37,9.97
619,2020-07-17,22.63,22.82,21.1,21.22,46101,99832857.0,7.41,-8.53,-1.98,9.55
620,2020-07-20,21.46,21.7,20.91,21.69,24682,52677615.0,3.72,2.21,0.47,5.11
621,2020-07-21,21.63,21.85,21.41,21.48,17568,37962606.0,2.03,-0.97,-0.21,3.64
622,2020-07-22,21.55,21.95,21.31,21.85,20682,44887098.0,2.98,1.72,0.37,4.28
623,2020-07-23,21.93,21.93,21.21,21.77,19399,41912158.0,3.3,-0.37,-0.08,4.02
624,2020-07-24,21.75,21.75,20.26,20.58,23211,48809844.0,6.84,-5.47,-1.19,4.81
625,2020-07-27,20.58,20.98,20.28,20.72,12800,26354356.0,3.4,0.68,0.14,2.65
626,2020-07-28,20.88,21.16,20.55,20.82,12041,25125351.0,2.94,0.48,0.1,2.49
627,2020-07-29,20.82,21.18,20.43,21.12,13704,28690845.0,3.6,1.44,0.3,2.84
628,2020-07-30,22.0,22.3,21.61,21.86,32779,72003105.0,3.27,3.5,0.74,6.79
629,2020-07-31,21.6,22.19,21.59,22.01,22293,48916406.0,2.74,0.69,0.15,4.62
630,2020-08-03,22.0,22.57,21.99,22.51,21380,47843900.0,2.64,2.27,0.5,4.43
631,2020-08-04,22.46,22.63,22.11,22.3,16274,36259233.0,2.31,-0.93,-0.21,3.37
632,2020-08-05,22.3,23.09,22.21,22.58,18125,40951368.0,3.95,1.26,0.28,3.75
633,2020-08-06,23.49,23.54,22.35,22.88,19100,43435016.0,5.27,1.33,0.3,3.96
634,2020-08-07,22.65,22.84,21.93,22.22,17036,38039308.0,3.98,-2.88,-0.66,3.53
635,2020-08-10,22.04,22.82,22.01,22.6,11554,26054604.0,3.65,1.71,0.38,2.39
636,2020-08-11,22.6,23.2,22.39,22.44,19966,45535502.0,3.58,-0.71,-0.16,4.14
637,2020-08-12,22.32,22.43,21.61,22.14,15786,34706802.0,3.65,-1.34,-0.3,3.27
638,2020-08-13,22.16,22.94,22.16,22.41,14579,32921557.0,3.52,1.22,0.27,3.02
639,2020-08-14,22.41,22.65,21.99,22.56,13210,29432373.0,2.95,0.67,0.15,2.74
640,2020-08-17,22.55,23.13,22.2,23.07,20101,45934475.0,4.12,2.26,0.51,4.16
641,2020-08-18,23.0,23.5,22.78,23.25,25768,59505570.0,3.12,0.78,0.18,5.34
642,2020-08-19,23.1,23.62,22.78,22.8,24002,55512635.0,3.61,-1.94,-0.45,4.97
643,2020-08-20,22.73,23.62,22.45,23.3,25408,58938499.0,5.13,2.19,0.5,5.26
644,2020-08-21,23.25,24.8,23.17,24.1,42066,101522158.0,7.0,3.43,0.8,8.71
645,2020-08-24,23.97,24.2,23.56,24.19,20908,50025920.0,2.66,0.37,0.09,4.33
646,2020-08-25,24.2,24.25,23.7,24.0,18741,44821148.0,2.27,-0.79,-0.19,3.88
647,2020-08-26,24.47,24.47,22.92,23.18,23702,55807614.0,6.46,-3.42,-0.82,4.91
648,2020-08-27,23.22,23.7,22.63,23.49,20179,47134460.0,4.62,1.34,0.31,4.18
649,2020-08-28,23.45,23.45,22.7,23.3,19257,44334273.0,3.19,-0.81,-0.19,3.99
650,2020-08-31,23.38,23.76,23.13,23.22,13673,32067769.0,2.7,-0.34,-0.08,2.83
651,2020-09-01,23.32,23.68,23.02,23.66,12085,28349955.0,2.84,1.89,0.44,2.5
652,2020-09-02,23.69,23.97,23.48,23.83,16029,38031658.0,2.07,0.72,0.17,3.32
653,2020-09-03,23.7,23.79,23.16,23.23,17530,40974078.0,2.64,-2.52,-0.6,3.63
654,2020-09-04,23.0,23.12,22.61,23.01,14916,34058643.0,2.2,-0.95,-0.22,3.09
655,2020-09-07,23.43,23.54,22.35,22.4,18856,43297606.0,5.17,-2.65,-0.61,3.91
656,2020-09-08,22.42,22.85,22.28,22.64,12464,28148341.0,2.54,1.07,0.24,2.58
657,2020-09-09,22.51,22.88,22.12,22.19,15399,34630745.0,3.36,-1.99,-0.45,3.19
658,2020-09-10,22.42,22.49,20.76,20.9,20499,43925434.0,7.8,-5.81,-1.29,4.25
659,2020-09-11,20.86,21.53,20.63,21.32,11663,24711624.0,4.31,2.01,0.42,2.42
660,2020-09-14,21.5,22.09,21.45,21.78,11005,23974062.0,3.0,2.16,0.46,2.28
661,2020-09-15,21.88,21.96,21.59,21.65,7932,17260945.0,1.7,-0.6,-0.13,1.64
662,2020-09-16,21.8,21.8,21.45,21.64,9002,19452762.0,1.62,-0.05,-0.01,1.86
663,2020-09-17,21.79,22.05,21.17,21.86,8976,19518032.0,4.07,1.02,0.22,1.86
664,2020-09-18,22.27,22.27,21.58,21.83,11584,25243116.0,3.16,-0.14,-0.03,2.4
665,2020-09-21,21.97,21.97,21.39,21.46,10237,22125541.0,2.66,-1.69,-0.37,2.12
666,2020-09-22,21.46,21.56,21.06,21.16,8788,18669077.0,2.33,-1.4,-0.3,1.82
667,2020-09-23,21.16,21.53,21.08,21.22,6393,13605664.0,2.13,0.28,0.06,1.32
668,2020-09-24,21.13,21.17,20.61,20.63,8529,17748013.0,2.64,-2.78,-0.59,1.77
669,2020-09-25,20.78,20.89,20.41,20.76,6707,13846789.0,2.33,0.63,0.13,1.39
670,2020-09-28,20.96,20.96,20.14,20.16,7182,14656537.0,3.95,-2.89,-0.6,1.49
671,2020-09-29,20.17,20.93,20.07,20.48,8392,17223045.0,4.27,1.59,0.32,1.74
672,2020-09-30,20.44,20.71,20.2,20.48,5263,10785705.0,2.49,0.0,0.0,1.09
673,2020-10-09,20.68,21.18,20.6,20.91,8987,18817756.0,2.83,2.1,0.43,1.86
674,2020-10-12,21.09,21.55,20.9,21.47,11588,24610654.0,3.11,2.68,0.56,2.4
675,2020-10-13,21.33,21.5,21.25,21.41,8535,18237188.0,1.16,-0.28,-0.06,1.77
676,2020-10-14,21.32,21.49,21.14,21.3,7364,15692931.0,1.63,-0.51,-0.11,1.53
677,2020-10-15,21.76,22.3,21.5,21.88,19997,43763170.0,3.76,2.72,0.58,4.14
678,2020-10-16,21.61,22.74,21.61,22.58,21727,48703705.0,5.16,3.2,0.7,4.5
679,2020-10-19,22.77,23.18,22.3,22.86,20243,46382655.0,3.9,1.24,0.28,4.19
680,2020-10-20,23.1,23.17,22.8,23.04,15990,36789048.0,1.62,0.79,0.18,3.31
681,2020-10-21,23.0,23.4,22.8,23.38,16735,38829812.0,2.6,1.48,0.34,3.47
682,2020-10-22,23.3,23.68,22.81,23.34,15384,35804670.0,3.72,-0.17,-0.04,3.19
683,2020-10-23,23.23,23.55,23.11,23.2,14064,32822419.0,1.89,-0.6,-0.14,2.91
684,2020-10-26,23.32,23.85,23.01,23.49,17213,40322214.0,3.62,1.25,0.29,3.57
685,2020-10-27,23.27,23.61,22.91,23.25,15756,36612282.0,2.98,-1.02,-0.24,3.26
686,2020-10-28,23.5,23.69,23.1,23.4,14423,33763413.0,2.54,0.65,0.15,2.99
687,2020-10-29,23.2,24.09,23.13,23.68,19287,45838145.0,4.1,1.2,0.28,4.0
688,2020-10-30,23.97,24.18,23.25,23.37,17731,42124499.0,3.93,-1.31,-0.31,3.67
689,2020-11-02,23.33,24.0,23.21,23.84,16849,40043552.0,3.38,2.01,0.47,3.49
690,2020-11-03,23.85,24.0,23.58,23.68,15199,36110704.0,1.76,-0.67,-0.16,3.15
691,2020-11-04,23.65,23.79,23.17,23.62,13687,32104706.0,2.62,-0.25,-0.06,2.84
692,2020-11-05,23.56,24.04,23.39,23.7,13862,32787728.0,2.75,0.34,0.08,2.87
693,2020-11-06,23.72,23.93,22.99,23.27,10737,25072885.0,3.97,-1.81,-0.43,2.22
694,2020-11-09,23.35,24.57,23.21,24.31,31139,74950620.0,5.84,4.47,1.04,6.45
695,2020-11-10,24.88,24.9,23.63,23.71,23865,57228080.0,5.22,-2.47,-0.6,4.94
696,2020-11-11,23.83,23.9,23.11,23.23,12790,29958578.0,3.33,-2.02,-0.48,2.65
697,2020-11-12,23.42,23.46,23.0,23.05,9200,21333168.0,1.98,-0.77,-0.18,1.91
698,2020-11-13,22.9,23.41,22.71,23.38,9630,22288023.0,3.04,1.43,0.33,1.99
699,2020-11-16,23.38,23.63,23.03,23.23,10769,25057794.0,2.57,-0.64,-0.15,2.23
700,2020-11-17,23.17,23.38,22.66,22.92,10465,23987432.0,3.1,-1.33,-0.31,2.17
701,2020-11-18,23.0,25.1,22.92,24.84,47298,115214852.0,9.51,8.38,1.92,9.8
702,2020-11-19,24.85,25.87,24.72,25.03,45905,115718517.0,4.63,0.76,0.19,9.51
703,2020-11-20,25.03,25.22,24.09,24.55,27986,68618137.0,4.51,-1.92,-0.48,5.8
704,2020-11-23,24.64,24.64,24.02,24.28,20254,49133193.0,2.53,-1.1,-0.27,4.2
705,2020-11-24,24.09,25.07,23.91,24.79,31147,76606667.0,4.78,2.1,0.51,6.45
706,2020-11-25,24.79,24.84,23.98,23.98,19446,47142558.0,3.47,-3.27,-0.81,4.03
707,2020-11-26,24.2,24.2,23.0,23.14,16146,37860187.0,5.0,-3.5,-0.84,3.34
708,2020-11-27,23.25,23.25,22.35,22.6,19343,43911803.0,3.89,-2.33,-0.54,4.01
709,2020-11-30,22.3,22.54,21.75,21.96,16389,36243741.0,3.5,-2.83,-0.64,3.39
710,2020-12-01,21.96,22.17,21.78,22.0,11010,24167418.0,1.78,0.18,0.04,2.28
711,2020-12-02,22.01,22.22,21.92,22.12,10348,22803108.0,1.36,0.55,0.12,2.14
712,2020-12-03,22.16,22.36,21.95,22.28,9018,20051704.0,1.85,0.72,0.16,1.87
713,2020-12-04,22.39,22.56,22.13,22.46,8727,19533351.0,1.93,0.81,0.18,1.81
714,2020-12-07,22.52,22.58,21.99,21.99,9694,21547796.0,2.63,-2.09,-0.47,2.01
715,2020-12-08,21.83,22.28,21.82,22.01,6027,13302642.0,2.09,0.09,0.02,1.25
716,2020-12-09,22.05,22.2,21.33,21.39,7819,16940631.0,3.95,-2.82,-0.62,1.62
717,2020-12-10,21.39,21.64,21.11,21.3,5969,12741119.0,2.48,-0.42,-0.09,1.24
718,2020-12-11,21.3,21.44,20.7,21.12,6606,13860459.0,3.47,-0.85,-0.18,1.37
719,2020-12-14,21.12,21.36,20.6,21.33,6210,13104195.0,3.6,0.99,0.21,1.29
720,2020-12-15,21.1,21.41,20.92,21.1,6365,13446826.0,2.3,-1.08,-0.23,1.32
721,2020-12-16,21.08,21.3,20.74,20.93,5279,11094351.0,2.65,-0.81,-0.17,1.09
722,2020-12-17,21.05,21.28,20.5,21.21,5715,11935739.0,3.73,1.34,0.28,1.18
723,2020-12-18,21.14,21.2,20.72,20.77,5315,11100735.0,2.26,-2.07,-0.44,1.1
724,2020-12-21,20.84,21.37,20.51,21.27,8055,16991638.0,4.14,2.41,0.5,1.67
725,2020-12-22,21.2,21.27,20.51,20.61,9399,19600062.0,3.57,-3.1,-0.66,1.95
726,2020-12-23,20.68,21.12,20.31,20.81,8930,18584184.0,3.93,0.97,0.2,1.85
727,2020-12-24,20.82,20.82,18.81,19.18,23673,46504798.0,9.66,-7.83,-1.63,4.9
728,2020-12-25,18.99,20.29,18.86,19.96,14527,28828389.0,7.46,4.07,0.78,3.01
729,2020-12-28,19.8,19.87,19.03,19.18,15109,29163600.0,4.21,-3.91,-0.78,2.42
730,2020-12-29,19.05,19.55,18.97,19.22,7652,14792114.0,3.02,0.21,0.04,1.22
731,2020-12-30,19.21,19.65,19.12,19.45,6419,12463158.0,2.76,1.2,0.23,1.03
732,2020-12-31,19.4,19.77,19.3,19.52,7810,15239732.0,2.42,0.36,0.07,1.25
733,2021-01-04,19.53,19.85,19.47,19.68,7995,15707239.0,1.95,0.82,0.16,1.28
734,2021-01-05,19.68,19.74,19.24,19.4,8514,16550469.0,2.54,-1.42,-0.28,1.36
735,2021-01-06,19.4,19.53,18.72,18.84,13331,25270233.0,4.18,-2.89,-0.56,2.13
736,2021-01-07,18.72,18.88,17.8,18.03,13883,25236326.0,5.73,-4.3,-0.81,2.22
737,2021-01-08,17.91,18.57,17.5,18.1,13934,25258413.0,5.93,0.39,0.07,2.23
738,2021-01-11,18.12,18.27,17.53,17.9,10617,18990907.0,4.09,-1.1,-0.2,1.7
739,2021-01-12,17.96,18.38,17.61,18.03,7413,13387032.0,4.3,0.73,0.13,1.19
740,2021-01-13,18.03,18.29,17.55,18.26,13210,23664362.0,4.1,1.28,0.23,2.11
741,2021-01-14,18.78,19.73,18.39,19.25,25748,49358207.0,7.34,5.42,0.99,4.12
742,2021-01-15,18.71,19.1,18.46,18.81,17938,33586965.0,3.32,-2.29,-0.44,2.87
743,2021-01-18,18.78,19.11,18.51,18.84,12171,22982820.0,3.19,0.16,0.03,1.95
744,2021-01-19,18.85,19.17,18.75,18.98,8063,15262654.0,2.23,0.74,0.14,1.29
745,2021-01-20,19.0,19.39,18.75,19.07,8868,16861163.0,3.37,0.47,0.09,1.42
746,2021-01-21,19.0,19.31,18.96,19.16,9843,18872539.0,1.84,0.47,0.09,1.57
747,2021-01-22,19.03,19.29,18.87,19.08,7554,14348803.0,2.19,-0.42,-0.08,1.21
748,2021-01-25,19.18,19.18,18.51,18.57,7681,14373885.0,3.51,-2.67,-0.51,1.23
749,2021-01-26,18.51,18.79,18.4,18.57,4807,8952584.0,2.1,0.0,0.0,0.77
750,2021-01-27,18.58,18.83,18.42,18.67,5365,10018661.0,2.21,0.54,0.1,0.86
751,2021-01-28,18.61,19.01,18.49,18.92,6367,11995527.0,2.79,1.34,0.25,1.02
752,2021-01-29,19.19,19.2,18.34,18.42,10303,19190376.0,4.55,-2.64,-0.5,1.65
753,2021-02-01,18.35,18.57,17.93,18.02,11666,21169255.0,3.47,-2.17,-0.4,1.87
754,2021-02-02,18.02,18.26,17.88,17.95,6064,10942401.0,2.11,-0.39,-0.07,0.97
755,2021-02-03,17.95,18.04,17.52,17.62,7921,14062778.0,2.9,-1.84,-0.33,1.27
756,2021-02-04,17.5,17.57,16.88,17.02,9794,16775293.0,3.92,-3.41,-0.6,1.57
757,2021-02-05,17.03,17.23,16.8,16.85,7821,13292720.0,2.53,-1.0,-0.17,1.25
758,2021-02-08,16.76,16.97,16.6,16.8,5717,9599299.0,2.2,-0.3,-0.05,0.91
759,2021-02-09,16.95,17.13,16.76,17.1,4020,6829125.0,2.2,1.79,0.3,0.64
760,2021-02-10,17.1,17.56,17.1,17.29,5269,9131035.0,2.69,1.11,0.19,0.84
761,2021-02-18,17.39,17.7,17.39,17.65,5756,10126055.0,1.79,2.08,0.36,0.92
762,2021-02-19,17.62,18.21,17.58,18.2,7006,12618536.0,3.57,3.12,0.55,1.12
763,2021-02-22,18.27,18.99,18.27,18.53,9260,17324123.0,3.96,1.81,0.33,1.48
764,2021-02-23,18.38,18.86,18.24,18.4,5376,9892082.0,3.35,-0.7,-0.13,0.86
765,2021-02-24,18.34,18.71,18.34,18.51,4856,9011982.0,2.01,0.6,0.11,0.78
766,2021-02-25,18.48,18.57,18.28,18.4,3848,7080897.0,1.57,-0.59,-0.11,0.62
767,2021-02-26,18.14,18.7,18.0,18.61,5926,10953751.0,3.8,1.14,0.21,0.95
768,2021-03-01,18.66,18.93,18.56,18.89,5048,9481270.0,1.99,1.5,0.28,0.81
769,2021-03-02,18.87,19.07,18.8,18.98,5725,10836091.0,1.43,0.48,0.09,0.92
770,2021-03-03,18.98,19.66,18.84,19.58,10846,21014652.0,4.32,3.16,0.6,1.74
771,2021-03-04,19.6,19.99,19.33,19.47,13230,26042664.0,3.37,-0.56,-0.11,2.12
772,2021-03-05,19.3,19.8,19.3,19.73,8717,17117136.0,2.57,1.34,0.26,1.39
773,2021-03-08,19.7,19.95,19.52,19.6,7820,15403546.0,2.18,-0.66,-0.13,1.25
774,2021-03-09,19.61,19.78,18.96,19.26,9197,17773295.0,4.18,-1.73,-0.34,1.47
775,2021-03-10,19.27,19.46,18.66,18.79,5979,11318438.0,4.15,-2.44,-0.47,0.96
776,2021-03-11,18.71,19.23,18.71,19.2,4547,8645272.0,2.77,2.18,0.41,0.73
777,2021-03-12,19.2,19.67,19.2,19.52,7224,14062448.0,2.45,1.67,0.32,1.16
778,2021-03-15,19.51,19.95,19.4,19.89,7921,15631710.0,2.82,1.9,0.37,1.27
779,2021-03-16,19.9,20.37,19.82,20.2,8608,17380538.0,2.77,1.56,0.31,1.38
780,2021-03-17,20.2,20.97,20.0,20.91,12534,25706122.0,4.8,3.51,0.71,2.01
781,2021-03-18,20.92,21.68,20.88,21.56,17461,37297673.0,3.83,3.11,0.65,2.79
782,2021-03-19,21.3,21.75,21.2,21.64,15668,33697940.0,2.55,0.37,0.08,2.51
783,2021-03-22,21.3,21.54,20.31,20.98,24292,50610655.0,5.68,-3.05,-0.66,3.89
784,2021-03-23,20.99,21.03,20.65,20.77,12252,25528928.0,1.81,-1.0,-0.21,1.96
785,2021-03-24,20.7,21.09,20.42,20.79,12694,26471690.0,3.23,0.1,0.02,2.03
786,2021-03-25,20.57,20.73,20.01,20.21,8842,17961770.0,3.46,-2.79,-0.58,1.41
787,2021-03-26,20.2,20.66,20.04,20.41,6432,13014538.0,3.07,0.99,0.2,1.03
788,2021-03-29,20.44,20.84,20.37,20.43,6627,13637553.0,2.3,0.1,0.02,1.06
789,2021-03-30,20.27,20.28,19.71,19.76,10557,21023870.0,2.79,-3.28,-0.67,1.69
790,2021-03-31,20.0,20.0,19.8,19.99,4917,9786819.0,1.01,1.16,0.23,0.79
791,2021-04-01,19.79,20.0,19.63,19.82,8370,16604635.0,1.85,-0.85,-0.17,1.34
792,2021-04-02,19.9,19.94,19.64,19.87,5412,10721924.0,1.51,0.25,0.05,0.87
793,2021-04-06,19.93,20.18,19.84,20.14,6186,12366469.0,1.71,1.36,0.27,0.99
794,2021-04-07,20.13,20.2,19.8,20.01,5457,10884020.0,1.99,-0.65,-0.13,0.87
795,2021-04-08,19.99,20.6,19.81,20.44,11508,23144155.0,3.95,2.15,0.43,1.84
796,2021-04-09,20.26,20.58,20.12,20.16,13778,28043525.0,2.25,-1.37,-0.28,2.2
797,2021-04-12,20.15,20.16,19.12,19.23,12717,24811495.0,5.16,-4.61,-0.93,2.03
798,2021-04-13,19.23,19.45,19.16,19.29,3510,6771251.0,1.51,0.31,0.06,0.56
799,2021-04-14,19.29,19.81,19.19,19.75,6906,13508784.0,3.21,2.38,0.46,1.11
800,2021-04-15,19.97,20.89,19.85,20.72,21155,43209955.0,5.27,4.91,0.97,3.39
801,2021-04-16,20.76,21.27,20.51,21.19,16215,34135165.0,3.67,2.27,0.47,2.59
802,2021-04-19,21.29,21.67,21.04,21.57,16088,34428775.0,2.97,1.79,0.38,2.57
803,2021-04-20,21.57,21.96,21.45,21.81,13339,29071220.0,2.36,1.11,0.24,2.13
804,2021-04-21,21.82,22.45,21.56,22.14,19864,43875221.0,4.08,1.51,0.33,3.18
805,2021-04-22,22.29,22.48,21.81,21.86,12611,27815117.0,3.03,-1.26,-0.28,2.02
806,2021-04-23,21.88,21.99,21.53,21.57,11271,24451010.0,2.1,-1.33,-0.29,1.8
807,2021-04-26,21.57,22.28,21.46,21.89,13346,29314556.0,3.8,1.48,0.32,2.14
808,2021-04-27,21.94,22.26,21.41,21.89,10080,21876767.0,3.88,0.0,0.0,1.61
809,2021-04-28,22.16,22.16,21.61,21.72,7867,17168165.0,2.51,-0.78,-0.17,1.26
810,2021-04-29,21.79,22.12,21.51,21.56,8608,18804989.0,2.81,-0.74,-0.16,1.38
811,2021-04-30,21.56,21.83,21.21,21.55,7187,15472204.0,2.88,-0.05,-0.01,1.15
812,2021-05-06,21.56,21.77,21.13,21.26,6857,14576709.0,2.97,-1.35,-0.29,1.1
813,2021-05-07,21.26,21.54,20.88,21.48,7160,15233905.0,3.1,1.03,0.22,1.15
814,2021-05-10,21.45,21.45,20.31,20.35,16437,33802179.0,5.31,-5.26,-1.13,2.63
815,2021-05-11,15.5,15.73,15.3,15.43,14985,23238191.0,2.11,-24.18,-4.92,1.84
816,2021-05-12,15.46,15.78,15.09,15.69,13748,21260886.0,4.47,1.69,0.26,1.69
817,2021-05-13,15.5,15.83,15.5,15.58,8175,12816773.0,2.1,-0.7,-0.11,1.01
818,2021-05-14,15.86,16.99,15.62,16.88,31854,52595150.0,8.79,8.34,1.3,3.92
819,2021-05-17,17.08,17.1,16.02,16.24,27089,44225094.0,6.4,-3.79,-0.64,3.33
820,2021-05-18,16.11,16.11,15.5,15.64,21954,34491163.0,3.76,-3.69,-0.6,2.7
821,2021-05-19,15.56,16.36,15.53,15.91,18248,29237746.0,5.31,1.73,0.27,2.25
822,2021-05-20,15.91,16.12,15.65,15.7,14101,22304879.0,2.95,-1.32,-0.21,1.74
823,2021-05-21,15.7,15.92,15.62,15.63,7852,12372023.0,1.91,-0.45,-0.07,0.97
824,2021-05-24,15.71,15.71,15.4,15.46,10792,16722903.0,1.98,-1.09,-0.17,1.33
825,2021-05-25,15.46,15.6,15.36,15.58,7838,12138593.0,1.55,0.78,0.12,0.96
826,2021-05-26,15.6,15.76,15.55,15.73,7342,11510091.0,1.35,0.96,0.15,0.9
827,2021-05-27,15.8,15.9,15.71,15.87,7112,11260866.0,1.21,0.89,0.14,0.88
828,2021-05-28,15.87,15.87,15.66,15.67,8179,12859608.0,1.32,-1.26,-0.2,1.01
829,2021-05-31,15.78,15.78,15.33,15.46,11907,18413536.0,2.87,-1.34,-0.21,1.47
830,2021-06-01,15.54,16.29,15.44,16.14,20517,32772800.0,5.5,4.4,0.68,2.53
831,2021-06-02,16.2,16.31,15.84,15.86,12655,20294016.0,2.91,-1.73,-0.28,1.56
832,2021-06-03,15.86,16.07,15.75,15.87,8233,13099524.0,2.02,0.06,0.01,1.01
833,2021-06-04,15.92,16.22,15.85,16.18,13092,21047349.0,2.33,1.95,0.31,1.61
834,2021-06-07,16.28,16.68,16.12,16.49,21009,34557978.0,3.46,1.92,0.31,2.59
835,2021-06-08,16.48,16.48,16.01,16.09,14608,23533645.0,2.85,-2.43,-0.4,1.8
836,2021-06-09,16.09,16.24,15.92,16.22,9141,14748816.0,1.99,0.81,0.13,1.13
837,2021-06-10,16.16,16.17,15.73,15.84,20728,32900304.0,2.71,-2.34,-0.38,2.53
838,2021-06-11,15.86,16.47,15.84,15.86,14912,23975804.0,3.98,0.13,0.02,1.82
839,2021-06-15,15.81,15.97,15.3,15.74,14907,23270252.0,4.22,-0.76,-0.12,1.82
840,2021-06-16,15.57,15.99,15.34,15.47,9438,14673918.0,4.13,-1.72,-0.27,1.15
841,2021-06-17,15.39,15.6,15.33,15.36,7626,11772304.0,1.75,-0.71,-0.11,0.93
842,2021-06-18,15.36,15.53,15.2,15.5,7046,10849098.0,2.15,0.91,0.14,0.86
843,2021-06-21,15.42,15.96,15.4,15.81,10577,16595292.0,3.61,2.0,0.31,1.29
844,2021-06-22,15.85,16.08,15.62,16.01,12167,19338536.0,2.91,1.27,0.2,1.49
845,2021-06-23,16.12,16.12,15.81,15.92,6835,10853736.0,1.94,-0.56,-0.09,0.84
846,2021-06-24,15.92,15.92,15.68,15.76,5908,9304022.0,1.51,-1.01,-0.16,0.72
847,2021-06-25,15.76,15.96,15.51,15.79,7488,11716806.0,2.86,0.19,0.03,0.92
848,2021-06-28,15.59,15.64,15.51,15.56,6266,9756550.0,0.82,-1.46,-0.23,0.77
849,2021-06-29,15.69,15.69,15.35,15.5,6749,10420353.0,2.19,-0.39,-0.06,0.83
850,2021-06-30,15.45,15.8,15.32,15.47,7737,11939590.0,3.1,-0.19,-0.03,0.95
851,2021-07-01,15.7,15.7,15.19,15.47,8806,13567187.0,3.3,0.0,0.0,1.08
852,2021-07-02,15.3,15.45,15.18,15.2,6548,9986462.0,1.75,-1.75,-0.27,0.8
853,2021-07-05,15.19,15.39,15.15,15.37,5999,9164314.0,1.58,1.12,0.17,0.73
854,2021-07-06,16.18,16.18,15.28,15.53,11106,17282353.0,5.86,1.04,0.16,1.36
855,2021-07-07,15.4,15.72,15.3,15.56,7302,11365932.0,2.7,0.19,0.03,0.89
856,2021-07-08,15.56,15.98,15.46,15.65,8555,13371929.0,3.34,0.58,0.09,1.05
857,2021-07-09,15.55,15.69,15.45,15.67,5368,8342204.0,1.53,0.13,0.02,0.66
858,2021-07-12,15.86,15.87,15.63,15.83,13223,20823877.0,1.53,1.02,0.16,1.62
859,2021-07-13,15.73,15.84,15.65,15.81,8003,12619997.0,1.2,-0.13,-0.02,0.98
860,2021-07-14,15.75,15.79,15.52,15.68,9372,14631036.0,1.71,-0.82,-0.13,1.15
861,2021-07-15,15.61,15.61,15.17,15.27,12934,19796227.0,2.81,-2.61,-0.41,1.58
862,2021-07-16,15.25,15.34,15.17,15.2,5812,8849588.0,1.11,-0.46,-0.07,0.71
863,2021-07-19,15.17,15.19,14.86,14.89,9518,14201154.0,2.17,-2.04,-0.31,1.16
864,2021-07-20,14.84,15.15,14.7,15.09,8239,12278675.0,3.02,1.34,0.2,1.01
865,2021-07-21,15.0,15.25,14.95,15.2,6769,10232457.0,1.99,0.73,0.11,0.83
866,2021-07-22,15.15,15.26,15.09,15.17,4549,6901412.0,1.12,-0.2,-0.03,0.56
867,2021-07-23,15.25,15.25,14.8,14.95,9196,13769264.0,2.97,-1.45,-0.22,1.12
868,2021-07-26,14.9,14.91,14.27,14.35,10602,15378167.0,4.28,-4.01,-0.6,1.3
869,2021-07-27,14.4,14.52,14.11,14.11,4739,6799535.0,2.86,-1.67,-0.24,0.58
870,2021-07-28,14.13,14.16,13.63,13.67,8685,11986012.0,3.76,-3.12,-0.44,1.06
871,2021-07-29,13.8,14.7,13.73,14.36,16661,23685679.0,7.1,5.05,0.69,2.04
872,2021-07-30,14.36,14.67,14.13,14.67,8968,12909191.0,3.76,2.16,0.31,1.1
873,2021-08-02,14.51,15.3,14.51,15.27,20151,30321888.0,5.39,4.09,0.6,2.46
874,2021-08-03,15.2,15.26,15.02,15.09,10556,15990618.0,1.57,-1.18,-0.18,1.29
875,2021-08-04,15.09,15.24,14.9,15.13,8801,13302196.0,2.25,0.27,0.04,1.08
876,2021-08-05,15.08,15.14,14.84,15.11,6863,10274365.0,1.98,-0.13,-0.02,0.84
877,2021-08-06,15.15,15.35,14.88,15.32,7460,11286086.0,3.11,1.39,0.21,0.91
878,2021-08-09,15.3,15.34,15.07,15.2,13260,20071302.0,1.76,-0.78,-0.12,1.62
879,2021-08-10,15.23,15.41,15.18,15.39,12032,18464382.0,1.51,1.25,0.19,1.47
880,2021-08-11,15.29,15.6,15.27,15.53,12659,19532831.0,2.14,0.91,0.14,1.55
881,2021-08-12,15.5,15.6,15.31,15.5,9056,14022658.0,1.87,-0.19,-0.03,1.11
882,2021-08-13,15.5,15.72,15.44,15.51,11917,18534809.0,1.81,0.06,0.01,1.46
883,2021-08-16,15.52,15.59,15.43,15.52,9419,14619746.0,1.03,0.06,0.01,1.15
884,2021-08-17,15.5,15.63,15.26,15.5,10602,16420893.0,2.38,-0.13,-0.02,1.3
885,2021-08-18,15.49,15.6,15.2,15.38,9847,15091213.0,2.58,-0.77,-0.12,1.2
886,2021-08-19,15.22,15.35,15.05,15.18,8788,13312995.0,1.95,-1.3,-0.2,1.07
887,2021-08-20,15.15,15.16,14.68,14.78,10869,16079255.0,3.16,-2.64,-0.4,1.33
888,2021-08-23,14.78,15.53,14.75,15.37,22041,33806277.0,5.28,3.99,0.59,2.69
889,2021-08-24,15.42,16.16,15.35,15.94,32009,50691657.0,5.27,3.71,0.57,3.91
890,2021-08-25,15.83,15.89,15.6,15.75,16839,26478932.0,1.82,-1.19,-0.19,2.06
891,2021-08-26,15.61,15.78,15.57,15.62,10410,16292467.0,1.33,-0.83,-0.13,1.27
892,2021-08-27,15.49,15.86,15.48,15.81,11710,18366235.0,2.43,1.22,0.19,1.43
893,2021-08-30,15.81,16.36,15.71,16.25,28454,45834318.0,4.11,2.78,0.44,3.48
894,2021-08-31,16.19,16.36,15.91,16.18,17987,28947984.0,2.77,-0.43,-0.07,2.2
895,2021-09-01,16.2,16.35,15.73,15.85,16695,26633015.0,3.83,-2.04,-0.33,2.04
896,2021-09-02,15.94,16.12,15.73,16.03,11547,18402095.0,2.46,1.14,0.18,1.41
897,2021-09-03,16.04,16.88,16.03,16.68,37359,61965940.0,5.3,4.05,0.65,4.57
898,2021-09-06,16.67,16.85,16.48,16.59,19189,31875003.0,2.22,-0.54,-0.09,2.35
899,2021-09-07,16.59,16.68,16.43,16.5,16872,27877487.0,1.51,-0.54,-0.09,2.06
900,2021-09-08,16.41,16.87,16.34,16.8,19006,31749680.0,3.21,1.82,0.3,2.32
901,2021-09-09,16.8,16.99,16.62,16.65,17558,29390534.0,2.2,-0.89,-0.15,2.15
902,2021-09-10,16.65,16.74,16.19,16.39,15200,24953446.0,3.3,-1.56,-0.26,1.86
903,2021-09-13,16.35,16.6,16.26,16.49,11502,18951389.0,2.07,0.61,0.1,1.41
904,2021-09-14,16.47,16.75,15.97,16.07,16714,27115006.0,4.73,-2.55,-0.42,2.04
905,2021-09-15,16.06,16.37,15.9,16.35,9538,15480555.0,2.92,1.74,0.28,1.17
906,2021-09-16,16.31,16.76,16.1,16.19,16918,27848723.0,4.04,-0.98,-0.16,2.07
907,2021-09-17,16.36,16.6,16.04,16.46,13725,22447206.0,3.46,1.67,0.27,1.68
908,2021-09-22,16.13,16.92,15.6,16.8,18894,31103819.0,8.02,2.07,0.34,2.31
909,2021-09-23,16.82,16.85,16.54,16.66,15688,26111158.0,1.85,-0.83,-0.14,1.92
910,2021-09-24,16.68,16.72,16.01,16.05,15126,24546708.0,4.26,-3.66,-0.61,1.85
911,2021-09-27,16.05,16.25,15.25,15.46,14850,23205569.0,6.23,-3.68,-0.59,1.82
912,2021-09-28,15.46,15.67,15.31,15.46,5304,8218626.0,2.33,0.0,0.0,0.65
913,2021-09-29,15.31,15.55,15.02,15.03,7605,11552641.0,3.43,-2.78,-0.43,0.93
914,2021-09-30,15.03,15.2,14.98,15.02,7623,11482690.0,1.46,-0.07,-0.01,0.93
915,2021-10-08,15.07,15.75,15.07,15.62,8189,12707281.0,4.53,3.99,0.6,1.0
916,2021-10-11,15.62,15.75,15.43,15.58,5944,9234709.0,2.05,-0.26,-0.04,0.73
917,2021-10-12,15.6,15.6,14.88,15.11,8410,12689331.0,4.62,-3.02,-0.47,1.03
918,2021-10-13,15.1,15.19,14.91,15.09,4345,6542503.0,1.85,-0.13,-0.02,0.53
919,2021-10-14,15.08,15.23,14.93,15.16,3223,4864705.0,1.99,0.46,0.07,0.39
920,2021-10-15,15.16,15.23,15.03,15.03,5527,8366373.0,1.32,-0.86,-0.13,0.68
921,2021-10-18,15.05,15.42,15.05,15.27,5889,9001279.0,2.46,1.6,0.24,0.72
922,2021-10-19,15.41,15.41,15.17,15.36,4989,7632824.0,1.57,0.59,0.09,0.61
923,2021-10-20,15.38,15.5,15.05,15.21,5520,8408592.0,2.93,-0.98,-0.15,0.67
924,2021-10-21,15.13,15.27,14.99,15.01,5465,8264262.0,1.84,-1.31,-0.2,0.67
925,2021-10-22,14.95,15.01,14.46,14.46,9858,14447239.0,3.66,-3.66,-0.55,1.2
926,2021-10-25,14.46,14.53,14.29,14.49,3675,5311193.0,1.66,0.21,0.03,0.45
927,2021-10-26,14.55,14.89,14.48,14.8,8220,12123048.0,2.83,2.14,0.31,1.0
928,2021-10-27,14.77,14.84,14.26,14.37,7916,11415810.0,3.92,-2.91,-0.43,0.97
929,2021-10-28,14.17,14.41,14.01,14.18,6267,8891347.0,2.78,-1.32,-0.19,0.77
930,2021-10-29,14.18,14.45,13.81,14.33,7446,10496533.0,4.51,1.06,0.15,0.91
931,2021-11-01,14.38,14.58,14.3,14.57,5604,8106986.0,1.95,1.67,0.24,0.68
932,2021-11-02,14.56,14.63,14.32,14.36,5315,7692557.0,2.13,-1.44,-0.21,0.65
933,2021-11-03,14.36,14.59,14.28,14.54,4777,6908954.0,2.16,1.25,0.18,0.58
934,2021-11-04,14.54,14.73,14.54,14.71,5886,8634162.0,1.31,1.17,0.17,0.72
935,2021-11-05,14.7,14.74,14.19,14.53,8105,11811562.0,3.74,-1.22,-0.18,0.99
936,2021-11-08,14.53,14.68,14.46,14.59,4134,6038146.0,1.51,0.41,0.06,0.51
937,2021-11-09,14.59,14.77,14.52,14.68,5071,7432273.0,1.71,0.62,0.09,0.62
938,2021-11-10,14.68,14.86,14.62,14.85,6386,9422605.0,1.63,1.16,0.17,0.78
939,2021-11-11,14.86,15.04,14.84,14.93,6729,10064863.0,1.35,0.54,0.08,0.82
940,2021-11-12,14.93,15.43,14.9,15.36,10575,16087087.0,3.55,2.88,0.43,1.29
941,2021-11-15,15.36,15.64,15.07,15.64,17447,26848553.0,3.71,1.82,0.28,2.13
942,2021-11-16,15.65,15.75,15.33,15.39,16236,25048154.0,2.69,-1.6,-0.25,1.98
943,2021-11-17,15.43,15.89,15.42,15.79,14714,23128644.0,3.05,2.6,0.4,1.8
944,2021-11-18,15.72,15.84,15.57,15.61,8813,13836115.0,1.71,-1.14,-0.18,1.08
945,2021-11-19,15.69,15.88,15.4,15.78,11853,18590301.0,3.07,1.09,0.17,1.45
946,2021-11-22,15.81,15.94,15.66,15.75,8544,13466797.0,1.77,-0.19,-0.03,1.04
947,2021-11-23,15.86,16.16,15.8,16.03,12725,20339237.0,2.29,1.78,0.28,1.56
948,2021-11-24,16.14,16.19,15.84,15.94,8355,13317296.0,2.18,-0.56,-0.09,1.02
949,2021-11-25,16.0,16.07,15.77,15.88,7746,12357334.0,1.88,-0.38,-0.06,0.95
950,2021-11-26,15.89,15.96,15.55,15.75,10076,15792020.0,2.58,-0.82,-0.13,1.23
951,2021-11-29,15.63,15.86,15.5,15.84,9037,14204839.0,2.29,0.57,0.09,1.1
952,2021-11-30,15.84,16.08,15.84,16.04,10378,16562279.0,1.52,1.26,0.2,1.27
953,2021-12-01,16.04,16.5,16.0,16.4,17700,28814920.0,3.12,2.24,0.36,2.16
954,2021-12-02,16.42,16.7,16.2,16.25,17944,29516640.0,3.05,-0.91,-0.15,2.19
955,2021-12-03,16.25,16.76,16.17,16.4,13300,21902136.0,3.63,0.92,0.15,1.63
956,2021-12-06,16.47,16.47,15.89,15.99,13902,22327634.0,3.54,-2.5,-0.41,1.7
957,2021-12-07,16.03,16.09,15.6,15.68,9029,14223663.0,3.06,-1.94,-0.31,1.1
958,2021-12-08,15.68,16.01,15.68,15.85,7229,11479159.0,2.1,1.08,0.17,0.88
959,2021-12-09,15.85,16.31,15.79,16.04,12038,19388220.0,3.28,1.2,0.19,1.47
960,2021-12-10,16.04,17.16,16.01,16.89,40275,67337915.0,7.17,5.3,0.85,4.92
961,2021-12-13,17.12,17.9,16.82,17.38,66622,115979219.0,6.39,2.9,0.49,8.14
962,2021-12-14,17.38,17.38,16.84,16.95,34236,58190410.0,3.11,-2.47,-0.43,4.18
963,2021-12-15,16.95,17.35,16.87,16.94,24369,41634503.0,2.83,-0.06,-0.01,2.98
964,2021-12-16,17.13,17.45,16.7,17.06,23907,40458217.0,4.43,0.71,0.12,2.92
965,2021-12-17,17.06,17.17,16.73,16.95,15778,26721985.0,2.58,-0.64,-0.11,1.93
966,2021-12-20,16.95,17.2,16.82,17.04,15793,26871793.0,2.24,0.53,0.09,1.93
967,2021-12-21,17.04,17.17,16.84,17.16,15001,25566898.0,1.94,0.7,0.12,1.83
968,2021-12-22,17.1,17.39,16.85,17.21,22520,38602833.0,3.15,0.29,0.05,2.75
969,2021-12-23,17.08,17.32,16.74,16.97,20132,34267162.0,3.37,-1.39,-0.24,2.46
970,2021-12-24,16.97,17.09,16.43,16.57,17696,29534946.0,3.89,-2.36,-0.4,2.16
971,2021-12-27,16.56,16.91,16.28,16.77,12873,21501971.0,3.8,1.21,0.2,1.57
972,2021-12-28,16.86,16.87,16.68,16.78,7383,12396239.0,1.13,0.06,0.01,0.9
973,2021-12-29,16.86,17.04,16.6,16.93,11929,20104026.0,2.62,0.89,0.15,1.46
974,2021-12-30,16.92,17.35,16.91,17.08,15720,26975102.0,2.6,0.89,0.15,1.92
975,2021-12-31,17.08,17.35,17.05,17.08,12851,22058546.0,1.76,0.0,0.0,1.57
976,2022-01-04,17.1,18.79,17.08,18.79,55874,101797422.0,10.01,10.01,1.71,6.83
977,2022-01-05,20.39,20.6,18.4,19.5,107996,211367568.0,11.71,3.78,0.71,13.2
978,2022-01-06,18.88,19.6,18.6,19.21,54875,104597612.0,5.13,-1.49,-0.29,6.71
979,2022-01-07,19.21,19.31,17.8,17.86,54861,100698265.0,7.86,-7.03,-1.35,6.71
980,2022-01-10,17.86,18.22,17.5,18.22,29338,52810128.0,4.03,2.02,0.36,3.59
981,2022-01-11,18.12,18.38,17.98,18.18,19253,34899445.0,2.2,-0.22,-0.04,2.35
982,2022-01-12,18.18,20.0,18.13,20.0,58191,112781745.0,10.29,10.01,1.82,7.11
983,2022-01-13,20.29,20.29,19.42,20.03,73548,146769774.0,4.35,0.15,0.03,8.99
984,2022-01-14,20.03,20.11,19.2,19.41,44933,87547899.0,4.54,-3.1,-0.62,5.49
985,2022-01-17,18.99,20.1,18.91,19.49,36485,71619938.0,6.13,0.41,0.08,4.46
986,2022-01-18,19.16,19.81,19.0,19.27,28037,54310903.0,4.16,-1.13,-0.22,3.43
987,2022-01-19,19.38,20.15,19.11,19.8,31666,62405988.0,5.4,2.75,0.53,3.87
988,2022-01-20,19.7,19.7,18.64,18.9,30727,58293694.0,5.35,-4.55,-0.9,3.76
989,2022-01-21,18.99,18.99,18.25,18.57,16170,29904728.0,3.92,-1.75,-0.33,1.98
990,2022-01-24,18.56,18.91,17.94,18.87,11483,21341676.0,5.22,1.62,0.3,1.4
991,2022-01-25,18.97,18.97,17.49,17.49,18107,32526616.0,7.84,-7.31,-1.38,2.21
992,2022-01-26,17.51,17.96,17.36,17.72,10647,18810638.0,3.43,1.32,0.23,1.3
993,2022-01-27,17.7,17.95,17.18,17.2,14292,24933119.0,4.35,-2.93,-0.52,1.75
994,2022-01-28,17.37,18.15,17.1,17.73,11483,20335692.0,6.1,3.08,0.53,1.4
995,2022-02-07,17.78,18.26,17.57,18.14,11859,21405260.0,3.89,2.31,0.41,1.45
996,2022-02-08,18.18,18.49,18.0,18.31,11493,20965381.0,2.7,0.94,0.17,1.4
997,2022-02-09,18.4,18.43,18.18,18.27,8092,14801869.0,1.37,-0.22,-0.04,0.99
998,2022-02-10,18.27,19.28,18.1,18.96,24149,45522658.0,6.46,3.78,0.69,2.95
999,2022-02-11,18.8,18.8,17.74,17.88,24281,43836558.0,5.59,-5.7,-1.08,2.97
1000,2022-02-14,17.97,19.67,17.69,19.67,38125,73549433.0,11.07,10.01,1.79,4.66
1001,2022-02-15,19.96,21.64,19.13,20.98,113834,232259600.0,12.76,6.66,1.31,13.91
1002,2022-02-16,20.56,20.98,19.53,20.05,74129,148397164.0,6.91,-4.43,-0.93,9.06
1003,2022-02-17,19.64,19.88,19.19,19.31,45665,88788008.0,3.44,-3.69,-0.74,5.58
1004,2022-02-18,19.26,19.59,19.03,19.43,28599,55386659.0,2.9,0.62,0.12,3.5
1005,2022-02-21,19.42,19.78,19.06,19.34,37959,73784655.0,3.71,-0.46,-0.09,4.64
1006,2022-02-22,19.44,19.44,18.7,18.98,31518,59759175.0,3.83,-1.86,-0.36,3.85
1007,2022-02-23,19.65,20.3,19.05,19.11,70442,138370352.0,6.59,0.68,0.13,8.61
1008,2022-02-24,18.92,19.08,17.31,17.8,73218,133962557.0,9.26,-6.86,-1.31,8.95
1009,2022-02-25,17.88,18.35,17.28,17.42,37784,67135036.0,6.01,-2.13,-0.38,4.62
1010,2022-02-28,17.47,17.58,16.81,17.13,22343,38142439.0,4.42,-1.66,-0.29,2.73
1011,2022-03-01,17.28,17.85,17.07,17.81,27223,47829434.0,4.55,3.97,0.68,3.33
1012,2022-03-02,17.66,18.03,17.51,17.83,15764,28137210.0,2.92,0.11,0.02,1.93
1013,2022-03-03,17.83,17.99,17.29,17.36,22235,38931683.0,3.93,-2.64,-0.47,2.72
1014,2022-03-04,17.26,17.45,17.04,17.15,15209,26185744.0,2.36,-1.21,-0.21,1.86
1015,2022-03-07,17.0,17.35,16.95,17.18,10853,18647669.0,2.33,0.17,0.03,1.33
1016,2022-03-08,17.21,17.21,16.43,16.6,16967,28449075.0,4.54,-3.38,-0.58,2.07
1017,2022-03-09,16.63,16.76,15.3,16.25,23769,38200125.0,8.8,-2.11,-0.35,2.91
1018,2022-03-10,16.74,17.01,16.49,16.71,18715,31386673.0,3.2,2.83,0.46,2.29
1019,2022-03-11,16.7,16.85,16.01,16.72,12864,21113690.0,5.03,0.06,0.01,1.57
1020,2022-03-14,16.7,16.83,16.04,16.04,13419,21983940.0,4.72,-4.07,-0.68,1.64
1021,2022-03-15,16.15,16.15,15.04,15.04,15266,23873493.0,6.92,-6.23,-1.0,1.87
1022,2022-03-16,15.59,15.7,14.93,15.31,18268,27964578.0,5.12,1.8,0.27,2.23
1023,2022-03-17,15.55,15.84,15.45,15.59,14765,23110435.0,2.55,1.83,0.28,1.8
1024,2022-03-18,15.58,16.16,15.47,16.06,13483,21460871.0,4.43,3.01,0.47,1.65
1025,2022-03-21,16.1,16.33,15.99,16.29,9676,15622088.0,2.12,1.43,0.23,1.18
1026,2022-03-22,16.28,16.28,16.0,16.14,8396,13538689.0,1.72,-0.92,-0.15,1.03
1027,2022-03-23,16.24,16.39,16.08,16.15,10864,17589892.0,1.92,0.06,0.01,1.33
1028,2022-03-24,16.0,16.12,15.72,15.76,11158,17698484.0,2.48,-2.41,-0.39,1.36
1029,2022-03-25,15.76,16.09,15.7,15.73,9861,15671650.0,2.47,-0.19,-0.03,1.21
1030,2022-03-28,15.66,15.9,15.28,15.73,7908,12386521.0,3.94,0.0,0.0,0.97
1031,2022-03-29,15.75,15.87,15.31,15.36,9740,15083019.0,3.56,-2.35,-0.37,1.19
1032,2022-03-30,15.4,15.64,15.36,15.52,5867,9096657.0,1.82,1.04,0.16,0.72
1033,2022-03-31,15.5,15.77,15.5,15.62,6974,10916864.0,1.74,0.64,0.1,0.85
1034,2022-04-01,15.67,15.67,15.38,15.53,5789,8969833.0,1.86,-0.58,-0.09,0.71
1035,2022-04-06,15.49,15.88,15.44,15.7,6967,10931080.0,2.83,1.09,0.17,0.85
1036,2022-04-07,15.72,15.78,15.35,15.36,9114,14143459.0,2.74,-2.17,-0.34,1.11
1037,2022-04-08,15.32,15.4,14.72,14.91,11504,17161681.0,4.43,-2.93,-0.45,1.41
1038,2022-04-11,14.84,14.98,14.35,14.51,8741,12766777.0,4.23,-2.68,-0.4,1.07
1039,2022-04-12,14.68,14.86,14.2,14.83,5907,8649883.0,4.55,2.21,0.32,0.72
1040,2022-04-13,14.9,14.9,14.41,14.59,7059,10344219.0,3.3,-1.62,-0.24,0.86
1041,2022-04-14,14.59,14.79,14.42,14.67,6172,9063610.0,2.54,0.55,0.08,0.75
1042,2022-04-15,14.71,14.71,14.42,14.44,6405,9300346.0,1.98,-1.57,-0.23,0.78
1043,2022-04-18,14.39,14.77,14.15,14.69,6649,9636361.0,4.29,1.73,0.25,0.81
1044,2022-04-19,14.69,15.05,14.6,14.84,8070,11979029.0,3.06,1.02,0.15,0.99
1045,2022-04-20,14.9,15.02,14.65,14.76,6426,9550381.0,2.49,-0.54,-0.08,0.79
1046,2022-04-21,14.61,14.83,14.1,14.39,9783,14177830.0,4.95,-2.51,-0.37,1.2
1047,2022-04-22,14.21,14.39,14.02,14.08,5729,8101093.0,2.57,-2.15,-0.31,0.7
1048,2022-04-25,14.0,14.0,13.35,13.4,10703,14526360.0,4.62,-4.83,-0.68,1.31
1049,2022-04-26,13.73,13.73,12.65,12.84,8074,10686678.0,8.06,-4.18,-0.56,0.99
1050,2022-04-27,12.87,13.1,12.25,13.03,7588,9603616.0,6.62,1.48,0.19,0.93
1051,2022-04-28,12.95,12.95,12.3,12.57,8313,10499845.0,4.99,-3.53,-0.46,1.02
1052,2022-04-29,12.57,13.53,12.57,13.4,11764,15497379.0,7.64,6.6,0.83,1.44
1053,2022-05-05,13.14,13.55,12.9,13.42,12627,16722306.0,4.85,0.15,0.02,1.54
1054,2022-05-06,13.18,13.59,12.92,13.09,11711,15480269.0,4.99,-2.46,-0.33,1.43
1055,2022-05-09,13.18,13.25,12.82,12.92,10832,14105334.0,3.28,-1.3,-0.17,1.32
1056,2022-05-10,12.93,13.05,12.65,13.05,5875,7581282.0,3.1,1.01,0.13,0.72
1057,2022-05-11,13.08,13.92,13.08,13.41,19061,25965367.0,6.44,2.76,0.36,2.33
1058,2022-05-12,13.41,13.85,13.36,13.7,12878,17602567.0,3.65,2.16,0.29,1.57
1059,2022-05-13,13.7,13.95,13.61,13.91,10487,14490158.0,2.48,1.53,0.21,1.28
1060,2022-05-16,13.85,14.05,13.64,13.71,6265,8682686.0,2.95,-1.44,-0.2,0.77
1061,2022-05-17,13.66,14.58,13.61,14.55,21620,30799458.0,7.08,6.13,0.84,2.64
1062,2022-05-18,14.55,14.87,13.72,14.31,45602,64510120.0,7.9,-1.65,-0.24,5.57
1063,2022-05-19,13.94,13.94,13.69,13.89,20839,28795088.0,1.75,-2.94,-0.42,2.55
1064,2022-05-20,13.89,14.03,12.8,13.84,20499,28286630.0,8.86,-0.36,-0.05,2.51
1065,2022-05-23,13.93,14.09,13.67,13.89,15165,21004627.0,3.03,0.36,0.05,1.85
1066,2022-05-24,13.97,14.24,13.12,13.13,25043,34379117.0,8.06,-5.47,-0.76,3.06
1067,2022-05-25,13.25,13.64,13.2,13.57,14620,19588789.0,3.35,3.35,0.44,1.79
1068,2022-05-26,13.54,13.8,13.29,13.68,11914,16110502.0,3.76,0.81,0.11,1.46
1069,2022-05-27,13.7,14.08,13.6,13.93,20283,28226303.0,3.51,1.83,0.25,2.48
1070,2022-05-30,13.9,14.5,13.81,14.39,22618,32136512.0,4.95,3.3,0.46,2.76
1071,2022-05-31,14.35,15.04,14.2,15.02,27114,40041415.0,5.84,4.38,0.63,3.31
1072,2022-06-01,15.01,15.04,14.52,14.64,18857,27783891.0,3.46,-2.53,-0.38,2.3
1073,2022-06-02,14.93,14.93,14.43,14.7,16211,23736008.0,3.42,0.41,0.06,1.98
1074,2022-06-06,14.74,14.97,14.7,14.71,13913,20578598.0,1.84,0.07,0.01,1.7
1075,2022-06-07,14.74,14.8,14.34,14.44,13388,19362677.0,3.13,-1.84,-0.27,1.64
1076,2022-06-08,14.38,14.58,14.09,14.4,10839,15529013.0,3.39,-0.28,-0.04,1.32
1077,2022-06-09,14.37,14.4,14.01,14.13,12545,17726214.0,2.71,-1.88,-0.27,1.53
1078,2022-06-10,14.21,14.42,13.98,14.4,9002,12866404.0,3.11,1.91,0.27,1.1
1079,2022-06-13,14.4,14.56,14.16,14.33,12946,18574588.0,2.78,-0.49,-0.07,1.58
1080,2022-06-14,14.26,14.33,13.75,14.14,12687,17753224.0,4.05,-1.33,-0.19,1.54
1081,2022-06-15,14.14,14.38,14.06,14.06,14078,20045685.0,2.26,-0.57,-0.08,1.71
1082,2022-06-16,14.06,14.78,14.01,14.6,28701,41667855.0,5.48,3.84,0.54,3.49
1083,2022-06-17,14.78,14.78,13.95,14.31,31663,45133006.0,5.68,-1.99,-0.29,3.86
1084,2022-06-20,14.0,14.66,13.84,14.26,31504,44748958.0,5.73,-0.35,-0.05,3.84
1085,2022-06-21,14.27,14.35,13.99,14.1,20223,28569752.0,2.52,-1.12,-0.16,2.46
1086,2022-06-22,14.12,14.25,13.85,13.9,17610,24777521.0,2.84,-1.42,-0.2,2.14
1087,2022-06-23,14.01,14.5,13.86,14.35,30957,44275266.0,4.6,3.24,0.45,3.77
1088,2022-06-24,14.39,15.0,14.38,14.79,39280,57533520.0,4.32,3.07,0.44,4.78
1089,2022-06-27,14.85,14.95,14.5,14.71,17140,25146637.0,3.04,-0.54,-0.08,2.09
1090,2022-06-28,14.63,15.26,14.57,15.2,27084,40735694.0,4.69,3.33,0.49,3.3
1091,2022-06-29,15.2,15.32,14.6,14.62,20034,29767217.0,4.74,-3.82,-0.58,2.44
1092,2022-06-30,14.61,14.74,14.43,14.45,18436,26757536.0,2.12,-1.16,-0.17,2.24
1093,2022-07-01,14.5,14.63,14.27,14.41,10786,15596953.0,2.49,-0.28,-0.04,1.31
1094,2022-07-04,14.3,14.5,14.25,14.29,15197,21711200.0,1.73,-0.83,-0.12,1.85
1095,2022-07-05,14.31,14.52,14.0,14.16,13488,19142373.0,3.64,-0.91,-0.13,1.64
1096,2022-07-06,14.17,14.35,13.9,14.06,12432,17477297.0,3.18,-0.71,-0.1,1.51
1097,2022-07-07,14.04,14.4,14.04,14.23,10763,15355450.0,2.56,1.21,0.17,1.31
1098,2022-07-08,14.33,14.44,14.22,14.36,9336,13389994.0,1.55,0.91,0.13,1.14
1099,2022-07-11,14.36,14.47,13.91,14.01,11316,15904859.0,3.9,-2.44,-0.35,1.38
1100,2022-07-12,14.0,14.09,13.7,13.72,10782,14960861.0,2.78,-2.07,-0.29,1.31
1101,2022-07-13,13.68,14.0,13.64,13.99,5408,7523941.0,2.62,1.97,0.27,0.66
1102,2022-07-14,13.95,14.19,13.94,14.16,6737,9508356.0,1.79,1.22,0.17,0.82
1103,2022-07-15,14.16,14.27,13.6,13.7,14884,20661687.8,4.73,-3.25,-0.46,1.81
1104,2022-07-18,13.69,14.23,13.69,14.2,12731,17941720.5,3.94,3.65,0.5,1.55
1105,2022-07-19,14.21,14.67,14.2,14.57,17165,24926498.02,3.31,2.61,0.37,2.09
1106,2022-07-20,14.58,14.7,14.35,14.62,12647,18436291.5,2.4,0.34,0.05,1.54
1107,2022-07-21,14.62,14.78,14.42,14.63,11281,16499065.5,2.46,0.07,0.01,1.37
1108,2022-07-22,14.74,14.88,14.54,14.7,10765,15815412.4,2.32,0.48,0.07,1.31
1109,2022-07-25,14.76,15.04,14.57,14.68,11600,17191979.5,3.2,-0.14,-0.02,1.41
1110,2022-07-26,14.71,14.94,14.43,14.81,12738,18844027.3,3.47,0.89,0.13,1.55
1111,2022-07-27,14.87,15.03,14.75,14.95,10847,16132541.3,1.89,0.95,0.14,1.32
1112,2022-07-28,15.04,16.45,14.88,16.45,56461,89293688.56,10.5,10.03,1.5,6.87
1113,2022-07-29,17.13,18.1,17.11,18.1,46816,83001882.4,6.02,10.03,1.65,5.7
1114,2022-08-01,19.91,19.91,19.63,19.91,88488,176147826.17,1.55,10.0,1.81,10.77
1115,2022-08-02,21.05,21.9,19.01,21.9,274986,575437282.34,14.52,9.99,1.99,33.48
1116,2022-08-03,19.8,20.88,19.71,19.71,199015,399385800.06,5.34,-10.0,-2.19,24.23
1117,2022-08-04,17.74,18.5,17.74,17.74,124946,221935379.34,3.86,-9.99,-1.97,15.21
1118,2022-08-05,17.2,17.47,16.21,16.32,142007,235873256.94,7.1,-8.0,-1.42,17.29
1119,2022-08-08,16.17,16.63,16.0,16.6,94358,154853989.5,3.86,1.72,0.28,11.49
1120,2022-08-09,16.41,16.83,16.32,16.59,83643,139008541.09,3.07,-0.06,-0.01,10.18
1121,2022-08-10,16.56,17.25,16.17,17.15,104505,175332547.94,6.51,3.38,0.56,12.72
1122,2022-08-11,16.9,17.09,16.71,16.97,74856,126511812.44,2.22,-1.05,-0.18,9.11
1123,2022-08-12,17.62,17.81,16.53,16.56,93676,161186526.48,7.54,-2.42,-0.41,11.41
1124,2022-08-15,16.43,16.78,16.18,16.77,57208,94537108.79,3.62,1.27,0.21,6.97
1125,2022-08-16,16.6,17.08,16.51,17.01,67443,113771937.52,3.4,1.43,0.24,8.21
1126,2022-08-17,17.0,18.71,16.78,18.71,119877,212842497.48,11.35,9.99,1.7,14.6
1127,2022-08-18,18.7,19.66,18.07,18.15,181826,342328082.72,8.5,-2.99,-0.56,22.14
1128,2022-08-19,18.15,18.24,17.42,17.68,100640,178338994.19,4.52,-2.59,-0.47,12.25
1129,2022-08-22,17.47,17.49,16.8,17.21,63548,108772717.26,3.9,-2.66,-0.47,7.74
1130,2022-08-23,17.16,17.94,16.9,17.9,76243,134026647.32,6.04,4.01,0.69,9.28
1131,2022-08-24,17.82,17.86,16.73,16.78,59205,101567484.94,6.31,-6.26,-1.12,7.21
1132,2022-08-25,16.6,16.88,15.72,15.88,59735,96054017.1,6.91,-5.36,-0.9,7.27
1133,2022-08-26,15.92,16.55,15.86,15.86,33936,54811860.6,4.35,-0.13,-0.02,4.13
1134,2022-08-29,15.54,16.3,15.36,16.22,27954,44825822.5,5.93,2.27,0.36,3.4
1135,2022-08-30,16.2,16.6,16.06,16.14,24977,40641002.8,3.33,-0.49,-0.08,3.04
1136,2022-08-31,16.09,16.28,15.54,15.79,29735,47059197.4,4.58,-2.17,-0.35,3.62
1137,2022-09-01,15.87,16.14,15.66,16.02,18135,28917133.3,3.04,1.46,0.23,2.21
1138,2022-09-02,16.11,16.26,15.82,16.13,22548,36242198.63,2.75,0.69,0.11,2.75
1139,2022-09-05,16.15,16.4,15.85,15.99,22335,35970775.5,3.41,-0.87,-0.14,2.72
1140,2022-09-06,16.13,16.31,15.86,16.22,25116,40514984.08,2.81,1.44,0.23,3.06
1141,2022-09-07,16.23,16.57,16.22,16.43,31135,51070157.02,2.16,1.29,0.21,3.79
1142,2022-09-08,18.07,18.07,18.07,18.07,39796,71910829.9,0.0,9.98,1.64,4.85
1143,2022-09-09,18.15,18.15,17.15,17.33,106106,185997157.27,5.53,-4.1,-0.74,12.92
1144,2022-09-13,17.14,17.58,17.08,17.42,56594,97882491.32,2.89,0.52,0.09,6.89
1145,2022-09-14,17.12,17.35,16.7,16.93,47628,80973866.0,3.73,-2.81,-0.49,5.8
1146,2022-09-15,17.03,17.25,15.95,16.24,46338,75752886.0,7.68,-4.08,-0.69,5.64
1147,2022-09-16,16.25,16.25,15.11,15.32,39044,61530735.2,7.02,-5.67,-0.92,4.75
1148,2022-09-19,15.28,15.5,14.88,14.97,24267,36750755.0,4.05,-2.28,-0.35,2.95
1149,2022-09-20,14.96,15.92,14.96,15.89,40121,62578357.9,6.41,6.15,0.92,4.89
1150,2022-09-21,15.95,16.0,15.51,15.78,20340,32082551.0,3.08,-0.69,-0.11,2.48
1151,2022-09-22,15.77,15.98,15.47,15.54,16753,26255566.0,3.23,-1.52,-0.24,2.04
1152,2022-09-23,15.43,15.77,14.5,14.64,49219,73444235.62,8.17,-5.79,-0.9,4.57
1153,2022-09-26,14.63,14.63,14.1,14.19,41009,58671708.83,3.62,-3.07,-0.45,3.81
1154,2022-09-27,14.27,14.65,14.16,14.56,44888,64671205.46,3.45,2.61,0.37,4.17
1155,2022-09-28,14.5,14.65,13.75,13.78,50195,70774241.6,6.18,-5.36,-0.78,4.66
1156,2022-09-29,13.95,14.15,13.58,13.99,46218,64102526.73,4.14,1.52,0.21,4.29
1157,2022-09-30,14.06,14.09,13.66,13.66,25228,34811818.48,3.07,-2.36,-0.33,2.34
1158,2022-10-10,13.9,13.92,13.28,13.38,26013,35284032.52,4.69,-2.05,-0.28,2.41
1159,2022-10-11,13.31,13.6,13.0,13.44,27407,36435577.04,4.48,0.45,0.06,2.54
1160,2022-10-12,13.49,14.0,13.26,14.0,22771,31045285.87,5.51,4.17,0.56,2.11
1161,2022-10-13,13.96,14.2,13.83,14.15,23218,32637146.31,2.64,1.07,0.15,2.16
1162,2022-10-14,14.25,14.37,14.12,14.28,25277,36001541.4,1.77,0.92,0.13,2.35
1163,2022-10-17,14.22,14.57,14.14,14.57,30571,43990429.9,3.01,2.03,0.29,2.84
1164,2022-10-18,14.49,14.69,14.47,14.61,27008,39399571.5,1.51,0.27,0.04,2.51
1165,2022-10-19,14.46,14.69,14.4,14.43,20612,29968125.0,1.98,-1.23,-0.18,1.91
1166,2022-10-20,14.52,14.58,14.13,14.35,21156,30348274.1,3.12,-0.55,-0.08,1.96
1167,2022-10-21,14.43,14.53,14.2,14.33,15519,22324972.02,2.3,-0.14,-0.02,1.44
1168,2022-10-24,14.38,14.55,14.1,14.14,24486,35174752.4,3.14,-1.33,-0.19,2.27
1169,2022-10-25,14.19,14.75,13.95,14.59,32305,46525340.78,5.66,3.18,0.45,3.0
1170,2022-10-26,14.64,14.92,14.5,14.79,30897,45473794.36,2.88,1.37,0.2,2.87
1171,2022-10-27,14.39,14.74,14.26,14.56,42909,62294207.5,3.25,-1.56,-0.23,3.98
1172,2022-10-28,14.57,14.66,14.12,14.15,38256,55017811.88,3.71,-2.82,-0.41,3.55
1173,2022-10-31,14.11,14.5,14.1,14.17,19323,27496859.88,2.83,0.14,0.02,1.79
1174,2022-11-01,14.48,14.6,14.12,14.6,22792,32791894.8,3.39,3.03,0.43,2.12
1175,2022-11-02,14.6,14.92,14.46,14.86,25378,37441661.04,3.15,1.78,0.26,2.36
1176,2022-11-03,14.89,15.02,14.6,14.95,20671,30750462.1,2.83,0.61,0.09,1.92
1177,2022-11-04,14.94,15.24,14.85,15.15,38609,58030471.0,2.61,1.34,0.2,3.58
1178,2022-11-07,15.1,15.3,14.9,15.05,29048,43685369.62,2.64,-0.66,-0.1,2.7
1179,2022-11-08,15.0,15.56,14.72,15.28,56873,86548242.34,5.58,1.53,0.23,5.28
1180,2022-11-09,15.58,16.2,15.07,15.95,98318,153978250.92,7.4,4.38,0.67,9.13
1181,2022-11-10,15.99,16.48,15.49,15.69,118291,190032142.89,6.21,-1.63,-0.26,10.98
1182,2022-11-11,15.83,16.2,15.38,15.75,104228,164796764.37,5.23,0.38,0.06,9.67
1183,2022-11-14,15.6,15.6,14.8,14.8,70441,106857247.86,5.08,-6.03,-0.95,6.54
1184,2022-11-15,14.79,15.26,14.72,15.18,38625,58097851.59,3.65,2.57,0.38,3.59
1185,2022-11-16,15.27,15.34,14.85,14.91,33153,49744297.5,3.23,-1.78,-0.27,3.08
1186,2022-11-17,15.0,15.0,14.63,14.87,23832,35153525.92,2.48,-0.27,-0.04,2.21
1187,2022-11-18,14.87,14.99,14.43,14.5,29436,43268029.3,3.77,-2.49,-0.37,2.73
1188,2022-11-21,14.45,14.78,14.17,14.75,30551,44344882.99,4.21,1.72,0.25,2.84
1189,2022-11-22,14.62,14.79,14.33,14.36,26317,38261578.88,3.12,-2.64,-0.39,2.44
1190,2022-11-23,14.34,14.44,13.92,14.18,26060,36845556.9,3.62,-1.25,-0.18,2.42
1191,2022-11-24,14.22,14.39,14.21,14.28,12672,18110594.0,1.27,0.71,0.1,1.18
1192,2022-11-25,14.3,14.3,13.98,14.0,17764,25020800.56,2.24,-1.96,-0.28,1.65
1193,2022-11-28,13.85,14.07,13.75,14.02,11905,16591999.22,2.29,0.14,0.02,1.1
1194,2022-11-29,14.13,14.28,14.0,14.26,17765,25155604.7,2.0,1.71,0.24,1.65
1195,2022-11-30,14.26,14.52,14.17,14.4,21079,30338776.84,2.45,0.98,0.14,1.96
1196,2022-12-01,14.47,14.57,14.34,14.34,16173,23344468.84,1.6,-0.42,-0.06,1.5
1197,2022-12-02,14.34,14.54,14.28,14.5,17234,24844506.72,1.81,1.12,0.16,1.6
1198,2022-12-05,14.54,14.65,14.41,14.61,17528,25462608.46,1.66,0.76,0.11,1.63
1199,2022-12-06,14.55,14.55,14.3,14.36,17620,25358670.6,1.71,-1.71,-0.25,1.64
1200,2022-12-07,14.79,14.79,14.34,14.4,19083,27590155.1,3.13,0.28,0.04,1.77
1201,2022-12-08,14.34,14.4,14.24,14.25,15471,22124695.8,1.11,-1.04,-0.15,1.44
1202,2022-12-09,14.32,14.32,14.0,14.16,13139,18646144.0,2.25,-0.63,-0.09,1.22
1203,2022-12-12,14.2,14.25,14.03,14.15,11168,15786992.8,1.55,-0.07,-0.01,1.04
1204,2022-12-13,14.16,14.19,13.98,13.98,12625,17768945.93,1.48,-1.2,-0.17,1.17
1205,2022-12-14,14.03,14.12,13.82,13.92,15930,22286238.0,2.15,-0.43,-0.06,1.48
1206,2022-12-15,13.92,14.16,13.81,14.16,13192,18544020.0,2.51,1.72,0.24,1.22
1207,2022-12-16,14.08,14.14,13.67,13.78,20061,27779823.62,3.32,-2.68,-0.38,1.86
1208,2022-12-19,13.68,13.82,13.31,13.4,15074,20357266.0,3.7,-2.76,-0.38,1.4
1209,2022-12-20,13.39,13.85,13.2,13.72,19374,26293574.3,4.85,2.39,0.32,1.8
1210,2022-12-21,13.76,13.79,13.3,13.45,16004,21492961.8,3.57,-1.97,-0.27,1.49
1211,2022-12-22,13.48,13.49,13.0,13.04,19003,25070765.0,3.64,-3.05,-0.41,1.76
1212,2022-12-23,12.96,13.1,12.86,13.07,14676,19059928.4,1.84,0.23,0.03,1.36
1213,2022-12-26,13.03,13.24,13.0,13.22,13183,17347344.32,1.84,1.15,0.15,1.22
1214,2022-12-27,13.23,13.28,13.12,13.24,8357,11040639.0,1.21,0.15,0.02,0.78
1215,2022-12-28,13.2,13.24,13.06,13.09,9529,12514588.64,1.36,-1.13,-0.15,0.88
1216,2022-12-29,13.15,13.17,12.83,12.84,16671,21629591.0,2.6,-1.91,-0.25,1.55
1217,2022-12-30,12.99,13.11,12.89,13.08,10507,13682644.0,1.71,1.87,0.24,0.98
1218,2023-01-03,13.06,13.44,13.04,13.34,13791,18330254.5,3.06,1.99,0.26,1.28
1219,2023-01-04,13.4,13.44,13.21,13.31,10949,14593911.38,1.72,-0.22,-0.03,1.02
1220,2023-01-05,13.3,13.51,13.3,13.51,16734,22436963.3,1.58,1.5,0.2,1.55
1221,2023-01-06,13.47,13.63,13.4,13.48,11056,14926938.49,1.7,-0.22,-0.03,1.03
1222,2023-01-09,13.43,13.64,13.43,13.56,10985,14899033.2,1.56,0.59,0.08,1.02
1223,2023-01-10,13.6,13.67,13.42,13.57,10856,14711622.5,1.84,0.07,0.01,1.01
1224,2023-01-11,13.59,13.63,13.3,13.33,17389,23365689.0,2.43,-1.77,-0.24,1.61
1225,2023-01-12,13.35,13.53,13.3,13.38,9532,12802598.0,1.73,0.38,0.05,0.88
1226,2023-01-13,13.53,13.53,13.33,13.4,7067,9483319.0,1.49,0.15,0.02,0.66
1227,2023-01-16,13.45,13.66,13.25,13.57,12547,17038928.9,3.06,1.27,0.17,1.16
1228,2023-01-17,13.59,13.67,13.5,13.58,7009,9524247.0,1.25,0.07,0.01,0.65
1229,2023-01-18,13.58,13.99,13.58,13.9,27579,38127803.02,3.02,2.36,0.32,2.56
1230,2023-01-19,13.88,14.5,13.84,14.22,29762,42296552.2,4.75,2.3,0.32,2.76
1231,2023-01-20,14.22,14.43,14.18,14.31,25446,36401609.4,1.76,0.63,0.09,2.36
1232,2023-01-30,14.5,14.63,14.41,14.43,24963,36223934.9,1.54,0.84,0.12,2.32
1233,2023-01-31,14.43,15.09,14.15,14.95,62063,92045091.26,6.51,3.6,0.52,5.76
1234,2023-02-01,15.0,15.35,14.8,15.12,55435,83570727.3,3.68,1.14,0.17,5.15
1235,2023-02-02,15.38,15.78,15.08,15.31,62452,95778269.77,4.63,1.26,0.19,5.8
1236,2023-02-03,15.18,15.54,15.08,15.5,54955,84004012.87,3.0,1.24,0.19,5.1
1237,2023-02-06,15.54,15.87,15.06,15.33,48581,74517249.42,5.23,-1.1,-0.17,4.51
1238,2023-02-07,15.15,15.64,15.15,15.55,40560,62463228.32,3.2,1.44,0.22,3.76
1239,2023-02-08,15.79,15.93,15.25,15.65,49951,77755007.15,4.37,0.64,0.1,4.64
1240,2023-02-09,15.6,15.82,15.33,15.59,30653,47713263.0,3.13,-0.38,-0.06,2.85
1241,2023-02-10,15.58,15.76,15.38,15.5,25159,39053589.7,2.44,-0.58,-0.09,2.34
1242,2023-02-13,15.54,16.0,15.39,15.76,40172,63149785.5,3.94,1.68,0.26,3.73
1243,2023-02-14,15.71,15.71,15.47,15.62,29913,46549819.07,1.52,-0.89,-0.14,2.78
1244,2023-02-15,15.69,15.74,15.51,15.54,19738,30832364.8,1.47,-0.51,-0.08,1.83
1245,2023-02-16,15.53,15.59,15.07,15.27,28965,44508464.8,3.35,-1.74,-0.27,2.69
1246,2023-02-17,15.19,15.42,15.13,15.14,15126,23089021.6,1.9,-0.85,-0.13,1.4
1247,2023-02-20,15.45,16.65,15.02,15.37,214973,343227293.55,10.77,1.52,0.23,19.95
1248,2023-02-21,14.87,15.18,14.71,15.17,106545,159887635.01,3.06,-1.3,-0.2,9.89
1249,2023-02-22,15.04,15.99,14.92,15.5,96130,149392260.92,7.05,2.18,0.33,8.92
1250,2023-02-23,15.62,15.88,15.44,15.48,58395,91339498.52,2.84,-0.13,-0.02,5.48
1251,2023-02-24,15.48,15.56,15.03,15.05,39231,59565025.0,3.42,-2.78,-0.43,3.68
1252,2023-02-27,15.05,15.18,14.74,14.77,28687,42749827.33,2.92,-1.86,-0.28,2.69
1253,2023-02-28,14.9,14.94,14.6,14.84,20429,30130878.7,2.3,0.47,0.07,1.92
1254,2023-03-01,14.8,14.99,14.77,14.99,20215,30088974.8,1.48,1.01,0.15,1.9
1255,2023-03-02,14.94,15.13,14.9,14.9,18540,27797692.48,1.53,-0.6,-0.09,1.74
1256,2023-03-03,14.82,15.05,14.72,14.83,13846,20607052.7,2.21,-0.47,-0.07,1.3
1257,2023-03-06,14.89,14.93,14.66,14.7,11709,17241270.5,1.82,-0.88,-0.13,1.1
1258,2023-03-07,14.82,14.82,14.35,14.37,13253,19247359.0,3.2,-2.24,-0.33,1.24
1259,2023-03-08,14.33,14.69,14.25,14.67,12357,17950635.5,3.06,2.09,0.3,1.16
1260,2023-03-09,14.65,14.78,14.51,14.72,10376,15240523.3,1.84,0.34,0.05,0.97
1261,2023-03-10,14.72,14.77,14.49,14.5,11796,17178860.48,1.9,-1.49,-0.22,1.11
1262,2023-03-13,14.51,14.63,14.31,14.54,10913,15787835.1,2.21,0.28,0.04,1.02
1263,2023-03-14,15.39,15.6,14.05,14.17,57562,83664894.41,10.66,-2.54,-0.37,5.41
1264,2023-03-15,14.19,14.49,14.17,14.29,24314,34920002.1,2.26,0.85,0.12,2.28
1265,2023-03-16,14.25,14.34,14.05,14.14,16634,23582639.25,2.03,-1.05,-0.15,1.56
1266,2023-03-17,14.1,14.26,13.98,14.02,16029,22621438.4,1.98,-0.85,-0.12,1.51
1267,2023-03-20,13.99,14.25,13.77,13.99,35442,49634634.2,3.42,-0.21,-0.03,3.33
1268,2023-03-21,13.95,14.17,13.82,14.13,41318,58048092.14,2.5,1.0,0.14,3.88
1269,2023-03-22,14.12,14.29,14.11,14.2,16086,22847546.9,1.27,0.5,0.07,1.51
1270,2023-03-23,14.17,14.32,14.14,14.22,19138,27233895.6,1.27,0.14,0.02,1.8
1271,2023-03-24,14.28,14.55,14.2,14.52,23671,34109000.8,2.46,2.11,0.3,2.22
1272,2023-03-27,14.53,14.65,14.31,14.45,19875,28715030.7,2.34,-0.48,-0.07,1.87
1273,2023-03-28,14.45,14.49,14.27,14.33,11723,16824065.59,1.52,-0.83,-0.12,1.1
1274,2023-03-29,14.3,14.49,14.24,14.27,13438,19260916.36,1.74,-0.42,-0.06,1.26
1275,2023-03-30,14.23,14.27,13.95,13.96,12075,16948909.0,2.24,-2.17,-0.31,1.13
1276,2023-03-31,13.96,14.12,13.94,14.09,8190,11511285.2,1.29,0.93,0.13,0.77
1277,2023-04-03,14.07,14.18,13.81,14.09,17572,24582562.0,2.63,0.0,0.0,1.65
1278,2023-04-04,14.1,14.1,13.74,13.8,20139,27877454.4,2.56,-2.06,-0.29,1.89
1279,2023-04-06,13.81,13.81,13.54,13.57,14598,19880728.0,1.96,-1.67,-0.23,1.37
1280,2023-04-07,13.68,14.15,13.55,13.71,12419,17113083.9,4.42,1.03,0.14,1.17
1281,2023-04-10,13.66,13.76,13.47,13.55,14949,20316366.6,2.12,-1.17,-0.16,1.4
1282,2023-04-11,13.5,13.57,13.36,13.52,18079,24342319.82,1.55,-0.22,-0.03,1.7
1283,2023-04-12,13.55,13.8,13.49,13.61,12944,17620160.76,2.29,0.67,0.09,1.22
1284,2023-04-13,13.6,13.71,13.5,13.55,10297,13994034.9,1.54,-0.44,-0.06,0.97
1285,2023-04-14,13.55,13.63,13.43,13.46,13027,17586566.28,1.48,-0.66,-0.09,1.22
1286,2023-04-17,13.53,13.6,13.45,13.57,11814,15967507.8,1.11,0.82,0.11,1.11
1287,2023-04-18,13.58,13.61,13.28,13.32,16958,22673646.5,2.43,-1.84,-0.25,1.59
1288,2023-04-19,13.31,13.37,13.18,13.22,10319,13667554.4,1.43,-0.75,-0.1,0.97
1289,2023-04-20,13.15,13.22,12.99,13.11,10708,14008143.5,1.74,-0.83,-0.11,1.01
1290,2023-04-21,13.1,13.12,12.78,12.78,14466,18680703.4,2.59,-2.52,-0.33,1.36
1291,2023-04-24,12.86,12.99,12.59,12.9,12964,16610429.34,3.13,0.94,0.12,1.22
1292,2023-04-25,12.8,12.98,12.35,12.63,19391,24589764.9,4.88,-2.09,-0.27,1.82
1293,2023-04-26,12.7,12.96,12.55,12.89,13870,17837575.7,3.25,2.06,0.26,1.3
1294,2023-04-27,13.01,13.3,12.86,13.17,16181,21292452.66,3.41,2.17,0.28,1.52
1295,2023-04-28,13.17,13.34,13.15,13.33,13330,17659722.0,1.44,1.21,0.16,1.25
1296,2023-05-04,13.31,13.48,13.22,13.45,11291,15123711.27,1.95,0.9,0.12,1.06
1297,2023-05-05,13.44,13.48,13.24,13.39,9032,12040934.5,1.78,-0.45,-0.06,0.85
1298,2023-05-08,13.45,13.58,13.33,13.4,11707,15762426.12,1.87,0.07,0.01,1.1
1299,2023-05-09,13.4,13.48,13.2,13.26,10752,14335152.6,2.09,-1.04,-0.14,1.01
1300,2023-05-10,13.26,13.6,13.25,13.54,9755,13138346.5,2.64,2.11,0.28,0.92
1301,2023-05-11,13.58,13.69,13.52,13.61,9441,12841227.0,1.26,0.52,0.07,0.89
1302,2023-05-12,13.61,13.68,13.51,13.6,6210,8439667.1,1.25,-0.07,-0.01,0.58
1303,2023-05-15,13.68,13.79,13.52,13.76,9077,12407766.4,1.99,1.18,0.16,0.85
1304,2023-05-16,13.76,13.84,13.56,13.65,5839,7999255.1,2.03,-0.8,-0.11,0.55
1305,2023-05-17,13.64,13.84,13.51,13.83,7213,9928141.5,2.42,1.32,0.18,0.68
1306,2023-05-18,13.84,14.25,13.83,14.21,19507,27448676.02,3.04,2.75,0.38,1.83
1307,2023-05-19,14.06,14.23,13.93,14.12,13409,18905505.8,2.11,-0.63,-0.09,1.26
1308,2023-05-22,14.12,14.48,14.02,14.44,20096,28707489.77,3.26,2.27,0.32,1.89
1309,2023-05-23,14.35,14.55,14.2,14.27,18846,27118824.9,2.42,-1.18,-0.17,1.77
1310,2023-05-24,14.1,14.66,14.0,14.52,35120,50958944.98,4.63,1.75,0.25,3.3
1311,2023-05-25,14.48,15.97,14.38,15.97,104483,164682572.24,10.95,9.99,1.45,9.81
1312,2023-05-26,16.64,17.0,15.26,16.05,234680,376119377.74,10.9,0.5,0.08,22.04
1313,2023-05-29,15.4,15.89,15.34,15.61,103664,161223116.12,3.43,-2.74,-0.44,9.74
1314,2023-05-30,15.6,15.84,14.91,15.5,93198,142347159.7,5.96,-0.7,-0.11,8.75
1315,2023-05-31,15.1,15.52,14.4,14.62,112553,167945230.77,7.23,-5.68,-0.88,10.57
1316,2023-06-01,14.6,14.6,13.73,13.94,89077,125457537.98,5.95,-4.65,-0.68,8.37
1317,2023-06-02,13.91,13.91,13.66,13.81,44441,61115158.8,1.79,-0.93,-0.13,4.17
1318,2023-06-05,13.8,13.88,13.71,13.86,31598,43667978.4,1.23,0.36,0.05,2.97
1319,2023-06-06,13.79,13.87,13.28,13.31,47829,64469122.6,4.26,-3.97,-0.55,4.49
1320,2023-06-07,13.26,13.48,13.21,13.46,21648,28956439.0,2.03,1.13,0.15,2.03
1321,2023-06-08,13.46,13.54,13.32,13.33,19525,26179456.6,1.63,-0.97,-0.13,1.83
1322,2023-06-09,13.44,13.64,13.38,13.57,22788,30819921.9,1.95,1.8,0.24,2.14
1323,2023-06-12,13.6,13.84,13.45,13.8,31296,43004050.26,2.87,1.69,0.23,2.94
1324,2023-06-13,13.89,14.2,13.84,13.86,37715,52699069.5,2.61,0.43,0.06,3.54
1325,2023-06-14,13.85,14.01,13.74,13.95,26729,37128534.65,1.95,0.65,0.09,2.51
1326,2023-06-15,13.93,14.97,13.91,14.55,68069,98135456.92,7.6,4.3,0.6,6.39
1327,2023-06-16,14.56,14.79,14.39,14.48,40607,58902644.64,2.75,-0.48,-0.07,3.81
1328,2023-06-19,14.35,14.73,14.35,14.65,38057,55550918.4,2.62,1.17,0.17,3.57
1329,2023-06-20,14.64,14.93,14.45,14.82,44130,65203108.51,3.28,1.16,0.17,4.14
1330,2023-06-21,14.87,15.15,14.84,14.89,46875,70150794.7,2.09,0.47,0.07,4.43
1331,2023-06-26,14.89,15.27,14.78,14.97,46111,69415719.1,3.29,0.54,0.08,4.35
1332,2023-06-27,14.86,15.22,14.68,15.2,46065,68773313.2,3.61,1.54,0.23,4.35
1333,2023-06-28,15.0,16.72,14.99,16.72,125569,201892347.42,11.38,10.0,1.52,11.85
1334,2023-06-29,17.8,18.39,17.75,18.39,69957,127448956.94,3.83,9.99,1.67,6.6
1335,2023-06-30,18.4,19.86,17.58,18.01,387669,715673445.81,12.4,-2.07,-0.38,34.92
1336,2023-07-03,17.16,17.79,16.85,17.35,235118,404655997.29,5.22,-3.66,-0.66,21.18
1337,2023-07-04,16.99,18.31,16.96,17.51,219054,385652788.66,7.78,0.92,0.16,19.73
1338,2023-07-05,17.3,17.36,16.02,16.13,200591,328840669.72,7.65,-7.88,-1.38,18.07
1339,2023-07-06,16.29,16.32,15.6,16.19,110199,176825910.54,4.46,0.37,0.06,9.93
1340,2023-07-07,16.2,16.8,16.1,16.33,116924,191542105.75,4.32,0.86,0.14,10.53
1341,2023-07-10,16.33,16.45,15.72,15.92,86696,138129759.44,4.47,-2.51,-0.41,7.81
1342,2023-07-11,15.8,16.05,15.49,15.99,78348,123687242.4,3.52,0.44,0.07,7.06
1343,2023-07-12,15.9,16.32,15.78,15.85,99630,160062527.9,3.38,-0.88,-0.14,8.98
1344,2023-07-13,16.06,16.14,15.51,15.64,69596,108881125.0,3.97,-1.32,-0.21,6.27
1345,2023-07-14,15.66,15.89,15.35,15.79,54248,85164135.5,3.45,0.96,0.15,4.89
1346,2023-07-17,15.51,15.75,15.07,15.73,43204,67168804.0,4.31,-0.38,-0.06,3.89
1347,2023-07-18,15.74,16.0,15.54,15.95,72548,115261935.49,2.92,1.4,0.22,6.54
1348,2023-07-19,15.96,16.12,15.54,15.7,54929,86686639.83,3.64,-1.57,-0.25,4.95
1349,2023-07-20,15.81,16.11,15.67,16.02,84964,135531199.71,2.8,2.04,0.32,7.65
1350,2023-07-21,15.93,15.95,14.75,14.91,92582,139195284.94,7.49,-6.93,-1.11,8.34
1351,2023-07-24,14.78,15.22,14.41,15.14,55322,83036743.16,5.43,1.54,0.23,4.98
1352,2023-07-25,15.14,15.4,15.08,15.27,31791,48346464.0,2.11,0.86,0.13,2.86
1353,2023-07-26,15.24,15.28,14.99,15.1,30168,45508994.0,1.9,-1.11,-0.17,2.72
1354,2023-07-27,15.06,15.45,15.06,15.13,36893,56249490.36,2.58,0.2,0.03,3.32
1355,2023-07-28,15.0,15.27,14.81,15.18,31158,46890063.2,3.04,0.33,0.05,2.81
1356,2023-07-31,15.2,15.28,14.99,15.04,30741,46386587.6,1.91,-0.92,-0.14,2.77
1357,2023-08-01,14.84,15.1,14.77,14.88,23271,34596298.0,2.19,-1.06,-0.16,2.1
1358,2023-08-02,14.75,15.13,14.74,15.06,26345,39552072.8,2.62,1.21,0.18,2.37
1359,2023-08-03,14.98,15.03,14.72,14.8,22318,33091894.0,2.06,-1.73,-0.26,2.01
1360,2023-08-04,14.75,14.97,14.66,14.81,23306,34527735.5,2.09,0.07,0.01,2.1
1361,2023-08-07,14.8,15.0,14.7,14.89,17749,26396309.0,2.03,0.54,0.08,1.6
1362,2023-08-08,14.96,15.18,14.66,14.76,30078,44683529.4,3.49,-0.87,-0.13,2.71
1363,2023-08-09,14.72,14.72,14.45,14.48,21175,30787395.69,1.83,-1.9,-0.28,1.91
1364,2023-08-10,14.5,14.64,14.43,14.59,15648,22739128.0,1.45,0.76,0.11,1.41
1365,2023-08-11,14.58,14.71,14.34,14.34,17122,24851715.0,2.54,-1.71,-0.25,1.54
1366,2023-08-14,14.3,14.43,14.13,14.4,13497,19260228.6,2.09,0.42,0.06,1.22
1367,2023-08-15,14.39,14.55,14.33,14.46,13165,19020180.86,1.53,0.42,0.06,1.19
1368,2023-08-16,14.42,14.46,14.04,14.06,18981,26912118.4,2.9,-2.77,-0.4,1.71
1369,2023-08-17,14.05,14.69,13.93,14.63,29327,42348565.75,5.41,4.05,0.57,2.64
1370,2023-08-18,14.57,14.79,14.33,14.36,23843,34660805.3,3.14,-1.85,-0.27,2.15
1371,2023-08-21,14.31,14.57,14.21,14.26,19881,28544751.0,2.51,-0.7,-0.1,1.79
1372,2023-08-22,14.25,14.53,13.91,14.22,20396,28907909.2,4.35,-0.28,-0.04,1.84
1373,2023-08-23,14.23,14.34,13.99,14.07,17361,24614234.3,2.46,-1.05,-0.15,1.56
