,日期,开盘,最高,最低,收盘,成交量,成交额,振幅,涨跌幅,涨跌额,换手率
0,2010-08-06,63.0,70.15,63.0,69.91,122962,813468940.0,22.34,118.47,37.91,87.83
1,2010-08-09,75.08,76.9,74.66,75.0,71492,543895745.0,3.2,7.28,5.09,51.07
2,2010-08-10,73.88,82.4,73.88,80.0,49458,384823991.0,11.36,6.67,5.0,35.33
3,2010-08-11,78.0,79.58,76.05,77.6,28176,219381041.0,4.41,-3.0,-2.4,20.13
4,2010-08-12,75.5,76.5,69.84,69.84,40436,293558201.0,8.58,-10.0,-7.76,28.88
5,2010-08-13,70.62,72.77,69.89,71.89,22540,160841375.0,4.12,2.94,2.05,16.1
6,2010-08-16,70.51,73.65,69.51,72.8,22751,163091822.0,5.76,1.27,0.91,16.25
7,2010-08-17,72.0,78.75,71.8,75.13,25795,196507475.0,9.55,3.2,2.33,18.43
8,2010-08-18,74.28,78.25,74.28,77.15,20082,154509602.0,5.28,2.69,2.02,14.34
9,2010-08-19,76.81,77.95,74.58,75.3,15451,117060358.0,4.37,-2.4,-1.85,11.04
10,2010-08-20,74.69,75.3,70.46,71.24,21027,151721227.0,6.43,-5.39,-4.06,15.02
11,2010-08-23,70.58,72.2,69.0,71.1,13002,92008209.0,4.49,-0.2,-0.14,9.29
12,2010-08-24,71.44,72.52,70.0,72.12,10440,74565582.0,3.54,1.43,1.02,7.46
13,2010-08-25,71.22,71.78,69.8,70.39,14881,105002761.0,2.75,-2.4,-1.73,10.63
14,2010-08-26,70.03,72.8,70.0,71.7,9241,66215447.0,3.98,1.86,1.31,6.6
15,2010-08-27,71.15,74.24,71.01,72.74,9465,69188487.0,4.5,1.45,1.04,6.76
16,2010-08-30,72.75,76.14,72.41,76.14,15353,114264868.0,5.13,4.67,3.4,10.97
17,2010-08-31,75.05,76.31,74.3,75.78,11961,89967450.0,2.64,-0.47,-0.36,8.54
18,2010-09-01,75.99,76.6,71.9,73.0,11657,86510245.0,6.2,-3.67,-2.78,8.33
19,2010-09-02,72.83,74.25,72.63,73.04,9221,67591094.0,2.22,0.05,0.04,6.59
20,2010-09-03,78.63,80.34,76.3,78.1,35592,279240615.0,5.53,6.93,5.06,25.42
21,2010-09-06,78.1,81.5,74.27,74.5,20270,156791221.0,9.26,-4.61,-3.6,14.48
22,2010-09-07,74.0,76.5,72.5,74.74,12398,92601103.0,5.37,0.32,0.24,8.86
23,2010-09-08,73.68,76.11,73.6,75.3,9842,73832424.0,3.36,0.75,0.56,7.03
24,2010-09-09,75.01,75.2,72.17,72.43,10293,75832358.0,4.02,-3.81,-2.87,7.35
25,2010-09-10,72.99,74.1,72.0,74.0,6066,44332613.0,2.9,2.17,1.57,4.33
26,2010-09-14,74.6,77.7,74.6,76.95,13530,103826099.0,4.19,3.99,2.95,9.66
27,2010-09-15,76.01,76.56,72.5,73.06,8815,65193839.0,5.28,-5.06,-3.89,6.3
28,2010-09-16,72.51,75.88,72.51,74.26,9443,70216761.0,4.61,1.64,1.2,6.75
29,2010-09-17,74.13,75.48,73.03,73.55,4252,31415884.0,3.3,-0.96,-0.71,3.04
30,2010-09-20,73.55,75.8,73.0,75.7,7387,55429179.0,3.81,2.92,2.15,5.28
31,2010-09-21,75.59,76.75,73.7,75.3,4160,31216827.0,4.03,-0.53,-0.4,2.97
32,2010-09-27,75.2,75.2,73.37,74.9,4614,34347685.0,2.43,-0.53,-0.4,3.3
33,2010-09-28,74.9,74.9,72.34,72.34,7542,55408631.0,3.42,-3.42,-2.56,5.39
34,2010-09-29,72.34,73.1,69.2,69.48,10883,76530576.0,5.39,-3.95,-2.86,7.77
35,2010-09-30,68.2,72.55,68.2,71.58,4278,30059158.0,6.26,3.02,2.1,3.06
36,2010-10-08,71.91,72.95,70.2,72.71,8035,57287591.0,3.84,1.58,1.13,5.74
37,2010-10-11,71.99,72.95,71.78,71.82,5727,41344086.0,1.61,-1.22,-0.89,4.09
38,2010-10-12,72.2,72.7,70.7,70.7,4733,33814528.0,2.78,-1.56,-1.12,3.38
39,2010-10-13,70.7,71.2,68.67,69.66,4760,32949967.0,3.58,-1.47,-1.04,3.4
40,2010-10-14,69.7,70.63,69.25,70.36,4770,33326862.0,1.98,1.0,0.7,3.41
41,2010-10-15,69.7,70.33,69.49,69.59,3616,25136080.0,1.19,-1.09,-0.77,2.58
42,2010-10-18,69.71,71.07,68.28,68.94,3405,23601142.0,4.01,-0.93,-0.65,2.43
43,2010-10-19,69.3,73.7,69.3,72.0,5755,41440221.0,6.38,4.44,3.06,4.11
44,2010-10-20,70.2,76.8,70.2,73.98,6220,45913739.0,9.17,2.75,1.98,4.44
45,2010-10-21,72.2,76.7,72.2,76.07,6894,51490786.0,6.08,2.83,2.09,4.92
46,2010-10-22,76.19,77.4,75.0,75.08,4702,35885950.0,3.15,-1.3,-0.99,3.36
47,2010-10-25,75.32,82.57,74.63,82.57,6119,48397653.0,10.58,9.98,7.49,4.37
48,2010-10-26,85.78,90.81,84.2,88.2,7975,70323913.0,8.01,6.82,5.63,5.7
49,2010-10-27,86.21,90.8,86.21,89.99,4741,41978903.0,5.2,2.03,1.79,3.39
50,2010-10-28,89.99,91.17,86.3,86.61,4601,40523120.0,5.41,-3.76,-3.38,3.29
51,2010-10-29,87.07,89.7,85.21,89.2,4871,42823420.0,5.18,2.99,2.59,3.48
52,2010-11-01,91.2,91.7,87.22,89.7,7482,66851769.0,5.02,0.56,0.5,5.34
53,2010-11-02,89.2,89.2,85.5,86.2,5694,49455923.0,4.12,-3.9,-3.5,4.07
54,2010-11-03,85.7,85.7,82.7,84.2,4235,35503098.0,3.48,-2.32,-2.0,3.02
55,2010-11-04,84.2,86.06,82.59,86.0,3612,30759678.0,4.12,2.14,1.8,2.58
56,2010-11-05,86.0,87.0,85.22,85.79,2344,20058947.0,2.07,-0.24,-0.21,1.67
57,2010-11-09,87.22,94.18,87.08,90.08,16600,148305214.0,8.28,5.0,4.29,9.49
58,2010-11-10,89.7,91.96,88.2,91.37,6363,57649557.0,4.17,1.43,1.29,3.64
59,2010-11-11,90.72,93.3,90.2,90.3,6714,61719231.0,3.39,-1.17,-1.07,3.84
60,2010-11-12,90.04,90.3,84.2,85.19,7111,61490474.0,6.76,-5.66,-5.11,4.06
61,2010-11-15,85.6,90.58,85.2,90.58,6015,52911717.0,6.32,6.33,5.39,3.44
62,2010-11-16,92.62,94.02,86.2,87.18,5407,48614112.0,8.63,-3.75,-3.4,3.09
63,2010-11-17,86.25,90.19,85.2,85.8,5453,47704508.0,5.72,-1.58,-1.38,3.12
64,2010-11-18,85.82,86.99,85.2,86.04,2270,19433255.0,2.09,0.28,0.24,1.3
65,2010-11-19,86.7,90.2,86.2,90.2,4489,39598000.0,4.65,4.83,4.16,2.57
66,2010-11-22,89.7,96.2,88.69,93.09,7173,66623028.0,8.33,3.2,2.89,4.1
67,2010-11-23,93.1,95.38,89.0,94.94,6758,61947108.0,6.85,1.99,1.85,3.86
68,2010-11-24,93.28,103.35,93.28,100.2,7061,70013740.0,10.61,5.54,5.26,4.03
69,2010-11-25,100.98,101.07,98.1,98.7,4839,47701086.0,2.96,-1.5,-1.5,2.77
70,2010-11-26,98.2,102.2,98.2,102.2,3327,33207637.0,4.05,3.55,3.5,1.9
71,2010-11-29,101.34,106.08,101.32,105.43,2701,28091917.0,4.66,3.16,3.23,1.54
72,2010-11-30,105.2,106.18,96.33,101.2,6346,63380127.0,9.34,-4.01,-4.23,3.63
73,2010-12-01,98.21,101.2,97.2,100.08,2161,21368283.0,3.95,-1.11,-1.12,1.23
74,2010-12-02,100.1,102.98,99.23,99.62,1940,19417735.0,3.75,-0.46,-0.46,1.11
75,2010-12-03,99.2,99.3,94.4,95.1,3840,36905219.0,4.92,-4.54,-4.52,2.19
76,2010-12-06,94.2,95.68,92.23,95.59,3027,28473040.0,3.63,0.52,0.49,1.73
77,2010-12-07,94.7,104.0,94.7,101.19,2730,27368342.0,9.73,5.86,5.6,1.56
78,2010-12-08,100.21,103.68,100.21,101.69,1848,18759715.0,3.43,0.49,0.5,1.06
79,2010-12-09,101.76,103.35,100.2,102.2,1597,16254227.0,3.1,0.5,0.51,0.91
80,2010-12-10,102.2,106.65,100.73,106.2,3458,36311639.0,5.79,3.91,4.0,1.98
81,2010-12-13,108.7,109.38,106.7,108.5,2696,29172631.0,2.52,2.17,2.3,1.54
82,2010-12-14,109.1,114.2,106.21,111.38,2663,29561650.0,7.36,2.65,2.88,1.52
83,2010-12-15,111.38,113.18,107.7,109.7,2269,24850243.0,4.92,-1.51,-1.68,1.3
84,2010-12-16,110.11,113.2,108.2,111.2,1138,12584450.0,4.56,1.37,1.5,0.65
85,2010-12-17,112.58,117.1,111.46,117.1,4173,48072825.0,5.07,5.31,5.9,2.38
86,2010-12-20,116.85,117.0,110.1,115.22,4979,56617285.0,5.89,-1.61,-1.88,2.85
87,2010-12-21,114.21,116.2,114.08,114.7,1532,17566300.0,1.84,-0.45,-0.52,0.88
88,2010-12-22,114.7,114.99,110.2,111.75,1607,17977739.0,4.18,-2.57,-2.95,0.92
89,2010-12-23,110.2,112.44,108.2,110.99,1702,18663480.0,3.79,-0.68,-0.76,0.97
90,2010-12-24,110.19,110.7,107.11,108.91,1620,17604516.0,3.23,-1.87,-2.08,0.93
91,2010-12-27,108.93,112.37,100.7,101.4,4960,51957045.0,10.72,-6.9,-7.51,2.83
92,2010-12-28,99.99,103.32,98.33,102.59,2654,26586550.0,4.92,1.17,1.19,1.52
93,2010-12-30,105.17,108.4,103.3,106.76,3444,36186009.0,4.97,4.06,4.17,1.97
94,2010-12-31,105.89,109.2,105.89,108.26,1592,17233757.0,3.1,1.41,1.5,0.91
95,2011-01-04,108.2,114.2,107.2,113.2,2426,26915980.0,6.47,4.56,4.94,1.39
96,2011-01-05,112.94,112.94,110.38,112.3,1177,13106838.0,2.26,-0.8,-0.9,0.67
97,2011-01-06,111.36,113.77,106.2,108.49,4892,52924345.0,6.74,-3.39,-3.81,2.8
98,2011-01-07,107.35,108.2,101.45,104.22,3885,40653333.0,6.22,-3.94,-4.27,2.22
99,2011-01-10,102.31,104.0,98.2,100.2,3477,34737442.0,5.57,-3.86,-4.02,1.99
100,2011-01-11,99.19,102.09,96.37,102.0,2023,19963923.0,5.71,1.8,1.8,1.16
101,2011-01-12,101.98,103.19,99.7,101.68,2289,23031091.0,3.42,-0.31,-0.32,1.31
102,2011-01-13,102.16,102.2,99.71,100.2,1541,15432787.0,2.45,-1.46,-1.48,0.88
103,2011-01-14,99.7,99.7,96.4,97.1,1465,14233658.0,3.29,-3.09,-3.1,0.84
104,2011-01-17,96.8,98.85,90.26,93.2,3208,29923176.0,8.85,-4.02,-3.9,1.83
105,2011-01-18,91.2,93.08,90.26,91.3,1708,15597033.0,3.03,-2.04,-1.9,0.98
106,2011-01-19,90.5,94.08,90.2,92.7,1823,16768269.0,4.25,1.53,1.4,1.04
107,2011-01-20,92.9,92.9,89.95,90.2,1608,14499807.0,3.18,-2.7,-2.5,0.92
108,2011-01-21,90.2,91.7,84.2,87.69,4316,37782715.0,8.31,-2.78,-2.51,2.47
109,2011-01-24,86.57,87.78,81.2,81.57,3947,33446732.0,7.5,-6.98,-6.12,2.26
110,2011-01-25,81.7,84.44,77.21,80.0,4233,34435101.0,8.86,-1.92,-1.57,2.42
111,2011-01-26,79.75,84.42,79.73,83.22,1851,15380944.0,5.86,4.03,3.22,1.06
112,2011-01-27,81.7,85.85,81.7,84.8,612,5173527.0,4.99,1.9,1.58,0.35
113,2011-01-28,84.34,86.56,83.2,84.61,2013,17004318.0,3.96,-0.22,-0.19,1.15
114,2011-01-31,84.8,85.38,83.58,84.79,1246,10509556.0,2.13,0.21,0.18,0.71
115,2011-02-01,85.74,85.74,83.7,85.18,918,7731818.0,2.41,0.46,0.39,0.52
116,2011-02-09,85.18,85.18,82.77,82.81,727,6092743.0,2.83,-2.78,-2.37,0.42
117,2011-02-10,82.2,87.14,82.2,86.37,2103,17970749.0,5.97,4.3,3.56,1.2
118,2011-02-11,86.7,92.2,86.5,88.2,1695,15091979.0,6.6,2.12,1.83,0.97
119,2011-02-14,88.0,89.17,87.73,88.56,2289,20142500.0,1.63,0.41,0.36,1.31
120,2011-02-15,88.56,88.99,88.06,88.55,2131,18822022.0,1.05,-0.01,-0.01,1.22
121,2011-02-16,88.2,89.16,87.21,88.89,1696,14904931.0,2.2,0.38,0.34,0.97
122,2011-02-17,89.7,91.2,88.95,90.38,2662,23967910.0,2.53,1.68,1.49,1.52
123,2011-02-18,90.9,90.9,88.72,89.91,1477,13196954.0,2.41,-0.52,-0.47,0.84
124,2011-02-21,89.91,93.0,88.2,92.61,1817,16586925.0,5.34,3.0,2.7,1.04
125,2011-02-22,92.55,94.07,90.2,90.2,1687,15503650.0,4.18,-2.6,-2.41,0.96
126,2011-02-23,90.2,98.29,90.2,97.2,2738,25617134.0,8.97,7.76,7.0,1.56
127,2011-02-24,97.66,99.69,94.2,96.25,4815,46803282.0,5.65,-0.98,-0.95,2.75
128,2011-02-25,95.21,101.26,93.36,99.2,4097,39961116.0,8.21,3.06,2.95,2.34
129,2011-02-28,99.2,99.2,94.65,96.1,4226,40379150.0,4.59,-3.13,-3.1,2.42
130,2011-03-01,96.2,96.6,93.09,93.54,2554,24004540.0,3.65,-2.66,-2.56,1.46
131,2011-03-02,92.2,93.54,88.21,90.11,3178,28605228.0,5.7,-3.67,-3.43,1.82
132,2011-03-03,90.11,90.59,84.8,87.7,4445,38638264.0,6.43,-2.67,-2.41,2.54
133,2011-03-04,87.19,88.0,85.98,87.71,994,8638306.0,2.3,0.01,0.01,0.57
134,2011-03-07,87.74,89.1,86.48,87.94,1331,11663769.0,2.99,0.26,0.23,0.76
135,2011-03-08,87.88,89.48,87.41,89.08,2124,18777495.0,2.35,1.3,1.14,1.21
136,2011-03-09,89.7,90.2,88.2,89.65,987,8805105.0,2.25,0.64,0.57,0.56
137,2011-03-10,90.19,97.8,89.7,92.59,3853,35885513.0,9.04,3.28,2.94,2.2
138,2011-03-11,91.4,94.1,90.98,92.37,2150,19861282.0,3.37,-0.24,-0.22,1.23
139,2011-03-14,92.36,93.88,91.36,92.6,1412,13051648.0,2.73,0.25,0.23,0.81
140,2011-03-15,93.3,93.3,85.21,90.97,1928,17215863.0,8.74,-1.76,-1.63,1.1
141,2011-03-16,90.91,91.57,89.3,90.33,1341,12054204.0,2.5,-0.7,-0.64,0.77
142,2011-03-17,89.5,90.2,87.88,88.07,1396,12456775.0,2.57,-2.5,-2.26,0.8
143,2011-03-18,88.46,89.58,88.21,88.64,746,6610137.0,1.56,0.65,0.57,0.43
144,2011-03-21,89.1,93.08,88.78,90.75,1893,17193087.0,4.85,2.38,2.11,1.08
145,2011-03-22,90.05,91.2,88.2,89.1,2372,21183028.0,3.31,-1.82,-1.65,1.36
146,2011-03-23,89.3,89.3,87.64,88.94,1429,12632828.0,1.86,-0.18,-0.16,0.82
147,2011-03-24,90.16,90.7,88.82,89.57,1118,10014253.0,2.11,0.71,0.63,0.64
148,2011-03-25,90.6,90.6,88.63,89.61,1787,15901810.0,2.2,0.04,0.04,1.02
149,2011-03-28,90.19,90.3,86.0,86.22,2720,23730602.0,4.8,-3.78,-3.39,1.55
150,2011-03-29,86.18,86.2,83.7,83.7,1587,13371864.0,2.9,-2.92,-2.52,0.91
151,2011-03-30,83.7,84.07,80.91,81.58,1488,12219629.0,3.78,-2.53,-2.12,0.85
152,2011-03-31,81.23,82.85,80.53,81.6,767,6245374.0,2.84,0.02,0.02,0.44
153,2011-04-01,82.45,82.45,80.2,81.61,1561,12657725.0,2.76,0.01,0.01,0.89
154,2011-04-07,80.84,81.53,80.2,81.47,1379,11131241.0,1.63,-0.17,-0.14,0.79
155,2011-04-08,82.16,85.2,81.7,83.8,5236,43643941.0,4.3,2.86,2.33,2.99
156,2011-04-11,87.9,87.9,82.1,83.1,7437,62837201.0,6.92,-0.84,-0.7,4.25
157,2011-04-12,82.5,83.2,81.32,82.0,1520,12483537.0,2.26,-1.32,-1.1,0.87
158,2011-04-13,81.0,83.25,80.79,83.0,2684,22160387.0,3.0,1.22,1.0,1.53
159,2011-04-14,83.88,83.88,82.41,83.01,2343,19420910.0,1.77,0.01,0.01,1.34
160,2011-04-15,83.01,83.18,80.2,81.21,2086,16941596.0,3.59,-2.17,-1.8,1.19
161,2011-04-18,80.5,81.94,79.62,80.4,2482,9934487.0,2.86,-1.0,-0.81,0.71
162,2011-04-19,79.9,79.9,77.5,77.7,4374,16955880.0,2.99,-3.36,-2.7,1.25
163,2011-04-20,77.8,79.1,77.08,78.8,3598,13992787.0,2.6,1.42,1.1,1.03
164,2011-04-21,78.9,80.12,77.94,79.1,4202,16463481.0,2.77,0.38,0.3,1.2
165,2011-04-22,78.5,79.26,74.9,76.4,5642,21666769.0,5.51,-3.41,-2.7,1.61
166,2011-04-25,76.52,76.74,74.2,74.2,2918,10966383.0,3.32,-2.88,-2.2,0.83
167,2011-04-26,74.48,74.8,67.5,70.38,11042,38374131.0,9.84,-5.15,-3.82,3.15
168,2011-04-27,70.02,70.48,67.12,67.48,10440,35330940.0,4.77,-4.12,-2.9,2.98
169,2011-04-28,67.46,68.08,66.6,67.14,3540,11866480.0,2.19,-0.5,-0.34,1.01
170,2011-04-29,68.42,69.4,67.52,69.3,2969,10124613.0,2.8,3.22,2.16,0.85
171,2011-05-03,69.5,70.76,69.5,69.82,1524,5313615.0,1.82,0.75,0.52,0.44
172,2011-05-04,69.7,69.74,66.52,67.0,3374,11265400.0,4.61,-4.04,-2.82,0.96
173,2011-05-05,67.34,68.06,66.52,67.52,1623,5434293.0,2.3,0.78,0.52,0.46
174,2011-05-06,67.2,67.8,66.6,67.52,2283,7642273.0,1.78,0.0,0.0,0.65
175,2011-05-10,67.54,68.48,67.06,67.56,1866,6279946.0,2.1,0.06,0.04,0.53
176,2011-05-11,67.3,67.98,66.76,67.98,2515,8390655.0,1.81,0.62,0.42,0.72
177,2011-05-12,67.98,67.98,66.6,66.68,1085,3603837.0,2.03,-1.91,-1.3,0.31
178,2011-05-13,66.5,67.68,65.54,67.3,1799,5978200.0,3.21,0.93,0.62,0.51
179,2011-05-16,68.04,69.5,66.98,68.68,2502,8516686.0,3.74,2.05,1.38,0.71
180,2011-05-17,68.26,69.56,66.9,67.0,2260,7565032.0,3.87,-2.45,-1.68,0.65
181,2011-05-18,67.0,68.04,66.74,67.7,1249,4196697.0,1.94,1.04,0.7,0.36
182,2011-05-19,67.7,69.7,67.7,68.3,2610,8949466.0,2.95,0.89,0.6,0.75
183,2011-05-20,68.1,68.16,66.62,66.76,1952,6514881.0,2.25,-2.25,-1.54,0.56
184,2011-05-23,65.9,66.7,64.7,65.56,2712,8807563.0,3.0,-1.8,-1.2,0.77
185,2011-05-24,64.74,67.28,62.56,66.86,3418,11124690.0,7.2,1.98,1.3,0.98
186,2011-05-25,66.26,66.26,64.06,64.5,5118,16630789.0,3.29,-3.53,-2.36,1.46
187,2011-05-26,64.3,64.94,59.9,59.94,13821,42174721.0,7.81,-7.07,-4.56,3.95
188,2011-05-27,60.0,60.28,55.94,57.5,4842,13829143.0,7.24,-4.07,-2.44,1.38
189,2011-05-30,56.9,58.14,55.3,55.34,3187,8953740.0,4.94,-3.76,-2.16,0.91
190,2011-05-31,56.46,56.46,54.92,55.66,7118,19635599.0,2.78,0.58,0.32,2.03
191,2011-06-01,55.9,56.2,55.06,55.8,6443,17775070.0,2.05,0.25,0.14,1.84
192,2011-06-02,55.1,55.1,51.74,53.1,7165,18821660.0,6.02,-4.84,-2.7,2.05
193,2011-06-03,53.26,54.24,52.54,53.34,12207,32287036.0,3.2,0.45,0.24,3.49
194,2011-06-07,53.48,54.9,52.96,53.82,9109,24344311.0,3.64,0.9,0.48,2.6
195,2011-06-08,53.82,54.2,52.24,53.34,5243,13786550.0,3.64,-0.89,-0.48,1.5
196,2011-06-09,53.3,53.3,50.88,51.0,7501,19231781.0,4.54,-4.39,-2.34,2.14
197,2011-06-10,51.1,53.4,50.4,52.9,9743,25227422.0,5.88,3.73,1.9,2.78
198,2011-06-13,52.5,57.1,52.24,54.7,19894,54226539.0,9.19,3.4,1.8,5.68
199,2011-06-14,54.7,55.08,54.1,54.88,7206,19532438.0,1.79,0.33,0.18,2.06
200,2011-06-15,54.7,55.68,54.7,55.22,10147,27821347.0,1.79,0.62,0.34,2.9
201,2011-06-16,55.1,55.7,53.7,53.88,7056,19114308.0,3.62,-2.43,-1.34,2.02
202,2011-06-17,53.5,53.62,52.5,52.8,2906,7618287.0,2.08,-2.0,-1.08,0.83
203,2011-06-20,52.0,52.82,52.0,52.46,1763,4575620.0,1.55,-0.64,-0.34,0.5
204,2011-06-21,52.7,53.38,52.22,52.56,4491,11695064.0,2.21,0.19,0.1,1.28
205,2011-06-22,53.08,53.68,51.88,52.48,3044,7932923.0,3.42,-0.15,-0.08,0.87
206,2011-06-23,51.9,57.68,51.44,55.68,11410,31459642.0,11.89,6.1,3.2,3.26
207,2011-06-24,55.66,58.28,55.3,58.0,14081,40082931.0,5.35,4.17,2.32,4.02
208,2011-06-27,58.04,59.48,56.74,58.98,22581,65376314.0,4.72,1.69,0.98,6.45
209,2011-06-28,59.2,59.7,58.26,58.9,11678,34025618.0,2.44,-0.14,-0.08,3.34
210,2011-06-29,59.0,60.8,58.5,59.38,9185,27209252.0,3.9,0.81,0.48,2.62
211,2011-06-30,58.8,59.6,58.28,59.1,7972,23306756.0,2.22,-0.47,-0.28,2.28
212,2011-07-01,60.1,60.1,59.06,59.14,6442,18939603.0,1.76,0.07,0.04,1.84
213,2011-07-04,59.3,61.3,58.62,61.1,12358,36510710.0,4.53,3.31,1.96,3.53
214,2011-07-05,61.26,62.56,60.6,61.22,12520,38100898.0,3.21,0.2,0.12,3.58
215,2011-07-06,60.82,62.1,60.4,61.7,8978,27272380.0,2.78,0.78,0.48,2.57
216,2011-07-07,61.68,66.3,61.0,64.3,23185,73459014.0,8.59,4.21,2.6,6.62
217,2011-07-08,64.1,65.1,62.7,64.1,10083,31999828.0,3.73,-0.31,-0.2,2.88
218,2011-07-11,64.0,65.9,63.42,65.76,9100,29537702.0,3.87,2.59,1.66,2.6
219,2011-07-12,65.36,68.4,64.12,66.7,9917,32654672.0,6.51,1.43,0.94,2.83
220,2011-07-13,66.7,67.5,66.02,67.24,6631,21965881.0,2.22,0.81,0.54,1.89
221,2011-07-14,67.06,68.06,65.74,67.2,10602,35021749.0,3.45,-0.06,-0.04,3.03
222,2011-07-15,67.38,67.38,66.26,66.54,6323,20944029.0,1.67,-0.98,-0.66,1.81
223,2011-07-18,66.6,67.36,65.16,65.18,9680,31873667.0,3.31,-2.04,-1.36,2.77
224,2011-07-19,65.18,65.4,62.56,63.58,8600,27039459.0,4.36,-2.45,-1.6,2.46
225,2011-07-20,63.58,65.46,63.58,65.46,5479,17504653.0,2.96,2.96,1.88,1.57
226,2011-07-21,65.62,67.02,64.74,64.92,5908,19356878.0,3.48,-0.82,-0.54,1.69
227,2011-07-22,65.1,68.08,64.96,67.26,14818,49274917.0,4.81,3.6,2.34,4.23
228,2011-07-25,68.5,68.84,63.42,63.7,16063,53069592.0,8.06,-5.29,-3.56,4.59
229,2011-07-26,59.7,67.04,59.7,64.78,12880,40679546.0,11.52,1.7,1.08,3.68
230,2011-07-27,64.5,66.8,63.58,66.16,11202,36554013.0,4.97,2.13,1.38,3.2
231,2011-07-28,65.5,67.94,64.46,67.3,10739,35652035.0,5.26,1.72,1.14,3.07
232,2011-07-29,67.0,68.12,66.1,67.1,13260,44033246.0,3.0,-0.3,-0.2,3.79
233,2011-08-01,66.5,68.5,66.5,68.2,9177,30823570.0,2.98,1.64,1.1,2.62
234,2011-08-02,68.2,68.74,66.5,68.5,10423,35007509.0,3.28,0.44,0.3,2.98
235,2011-08-03,68.26,71.5,67.12,70.24,22821,79058524.0,6.39,2.54,1.74,6.52
236,2011-08-04,69.9,70.54,67.92,68.1,16172,55590930.0,3.73,-3.05,-2.14,4.62
237,2011-08-05,65.3,66.14,62.7,64.42,19507,62480427.0,5.05,-5.4,-3.68,5.57
238,2011-08-08,62.64,64.3,59.9,64.0,15212,47109581.0,6.83,-0.65,-0.42,1.86
239,2011-08-09,60.74,65.14,60.74,64.04,8366,26425953.0,6.88,0.06,0.04,1.02
240,2011-08-10,65.4,65.92,64.32,64.6,6064,19609686.0,2.5,0.87,0.56,0.74
241,2011-08-11,62.52,66.7,62.4,66.5,10011,32454367.0,6.66,2.94,1.9,1.22
242,2011-08-12,66.66,68.46,64.9,65.3,18489,61009912.0,5.35,-1.8,-1.2,2.26
243,2011-08-15,65.3,65.82,63.36,64.74,12533,39990331.0,3.77,-0.86,-0.56,1.53
244,2011-08-16,64.72,64.72,62.32,62.6,10415,32811280.0,3.71,-3.31,-2.14,1.27
245,2011-08-17,62.96,63.3,61.3,62.64,9350,28844704.0,3.19,0.06,0.04,1.14
246,2011-08-18,62.78,63.04,61.08,61.26,7124,21975061.0,3.13,-2.2,-1.38,0.87
247,2011-08-19,60.24,60.9,57.7,60.84,16653,48878473.0,5.22,-0.69,-0.42,2.03
248,2011-08-22,60.84,62.18,59.72,62.18,15141,46004425.0,4.04,2.2,1.34,1.85
249,2011-08-23,62.48,64.5,61.82,63.24,14654,45612025.0,4.31,1.7,1.06,1.79
250,2011-08-24,64.1,64.88,62.9,63.98,17868,56613828.0,3.13,1.17,0.74,2.18
251,2011-08-25,64.02,68.26,64.02,67.8,30198,99121577.0,6.63,5.97,3.82,3.69
252,2011-08-26,68.02,72.5,66.58,71.46,29116,101363306.0,8.73,5.4,3.66,3.56
253,2011-08-29,71.12,71.12,67.54,67.62,31419,107943166.0,5.01,-5.37,-3.84,3.84
254,2011-08-30,67.48,69.22,67.3,67.8,23361,78976603.0,2.84,0.27,0.18,2.85
255,2011-08-31,67.5,67.6,64.72,66.3,18238,59595103.0,4.25,-2.21,-1.5,2.23
256,2011-09-01,66.5,68.7,65.7,67.7,16537,55546329.0,4.52,2.11,1.4,2.02
257,2011-09-02,67.1,70.38,66.74,69.62,22302,76176846.0,5.38,2.84,1.92,2.72
258,2011-09-05,68.52,70.44,67.32,67.8,19051,65285652.0,4.48,-2.61,-1.82,2.33
259,2011-09-06,67.4,68.46,65.8,66.76,10794,35755653.0,3.92,-1.53,-1.04,1.32
260,2011-09-07,66.9,70.5,66.9,70.48,19295,66543321.0,5.39,5.57,3.72,2.36
261,2011-09-08,70.3,72.4,69.5,70.08,18904,66578601.0,4.11,-0.57,-0.4,2.31
262,2011-09-09,69.72,70.68,65.7,66.16,26743,91416776.0,7.11,-5.59,-3.92,3.27
263,2011-09-13,63.9,65.62,62.82,63.7,14512,45979069.0,4.23,-3.72,-2.46,1.77
264,2011-09-14,63.5,65.46,63.38,64.9,5851,18646558.0,3.27,1.88,1.2,0.71
265,2011-09-15,65.5,65.5,64.5,64.56,4599,14825807.0,1.54,-0.52,-0.34,0.56
266,2011-09-16,64.56,65.4,63.08,63.6,6151,19483190.0,3.59,-1.49,-0.96,0.75
267,2011-09-19,63.44,65.04,62.5,62.9,5833,18282787.0,3.99,-1.1,-0.7,0.71
268,2011-09-20,62.88,64.72,62.88,64.4,7381,23429021.0,2.93,2.38,1.5,0.9
269,2011-09-21,64.86,66.38,63.96,66.12,7178,23346292.0,3.76,2.67,1.72,0.88
270,2011-09-22,65.5,67.64,64.9,66.16,16655,55367381.0,4.14,0.06,0.04,2.03
271,2011-09-23,64.1,67.46,63.7,67.44,9647,31898465.0,5.68,1.93,1.28,1.18
272,2011-09-26,68.3,70.24,66.52,67.14,16828,57498475.0,5.52,-0.44,-0.3,2.06
273,2011-09-27,67.9,68.48,65.82,67.3,15399,51470635.0,3.96,0.24,0.16,1.88
274,2011-09-28,67.9,68.08,65.96,66.2,7695,25631310.0,3.15,-1.63,-1.1,0.94
275,2011-09-29,64.74,65.9,62.24,62.3,13561,43392046.0,5.53,-5.89,-3.9,1.66
276,2011-09-30,62.1,63.1,59.0,60.76,8435,25247304.0,6.58,-2.47,-1.54,1.03
277,2011-10-10,61.0,62.18,60.76,61.04,3910,11898215.0,2.34,0.46,0.28,0.48
278,2011-10-11,62.46,62.86,59.16,60.4,5538,16804706.0,6.06,-1.05,-0.64,0.68
279,2011-10-12,60.4,62.3,59.32,61.86,9784,29659437.0,4.93,2.42,1.46,1.2
280,2011-10-13,61.1,63.0,60.26,62.66,9449,28982799.0,4.43,1.29,0.8,1.15
281,2011-10-14,62.5,62.66,59.52,60.94,7829,23691130.0,5.01,-2.74,-1.72,0.96
282,2011-10-17,59.92,61.6,59.92,60.68,5343,16196201.0,2.76,-0.43,-0.26,0.65
283,2011-10-18,60.02,61.1,59.8,60.1,7574,22642329.0,2.14,-0.96,-0.58,0.93
284,2011-10-19,61.0,61.0,58.1,58.7,9461,27530427.0,4.83,-2.33,-1.4,1.16
285,2011-10-20,58.1,58.5,56.04,56.08,5159,14477345.0,4.19,-4.46,-2.62,0.63
286,2011-10-21,55.9,57.38,55.9,56.4,2951,8281292.0,2.64,0.57,0.32,0.36
287,2011-10-24,56.4,58.1,56.1,57.6,6524,18466268.0,3.55,2.13,1.2,0.8
288,2011-10-25,58.88,63.06,58.5,60.54,12973,39193441.0,7.92,5.1,2.94,1.58
289,2011-10-26,60.18,62.64,59.52,62.04,14483,44329903.0,5.15,2.48,1.5,1.77
290,2011-10-27,62.1,62.46,60.7,61.3,5657,17264960.0,2.84,-1.19,-0.74,0.69
291,2011-10-28,62.04,62.3,61.1,61.7,6832,20940185.0,1.96,0.65,0.4,0.83
292,2011-10-31,62.66,65.5,61.14,64.9,10697,34090743.0,7.07,5.19,3.2,1.31
293,2011-11-01,64.1,65.38,63.3,64.1,8006,25493605.0,3.2,-1.23,-0.8,0.98
294,2011-11-02,63.42,66.3,61.9,65.78,11127,35283259.0,6.86,2.62,1.68,1.36
295,2011-11-03,66.28,72.3,66.28,70.46,29123,102346118.0,9.15,7.11,4.68,3.56
296,2011-11-04,71.3,71.38,68.92,69.7,18183,62941647.0,3.49,-1.08,-0.76,2.22
297,2011-11-07,69.1,75.2,69.1,73.08,29613,107282745.0,8.75,4.85,3.38,3.62
298,2011-11-08,73.1,73.9,71.5,72.7,18004,64909045.0,3.28,-0.52,-0.38,2.2
299,2011-11-09,73.1,75.4,73.1,74.9,21564,79723542.0,3.16,3.03,2.2,2.63
300,2011-11-10,73.9,76.0,72.1,72.5,21823,80563739.0,5.21,-3.2,-2.4,2.67
301,2011-11-11,72.9,73.22,71.02,72.26,11123,39909536.0,3.03,-0.33,-0.24,1.36
302,2011-11-14,72.5,74.7,72.5,74.24,12252,45141910.0,3.04,2.74,1.98,1.5
303,2011-11-15,74.92,76.16,73.66,73.82,10817,40279007.0,3.37,-0.57,-0.42,1.32
304,2011-11-16,73.82,74.26,71.78,72.48,17320,62250147.0,3.36,-1.82,-1.34,2.12
305,2011-11-17,72.5,73.08,71.7,71.9,11442,41077816.0,1.9,-0.8,-0.58,1.4
306,2011-11-18,71.7,72.1,67.1,68.88,19685,67650255.0,6.95,-4.2,-3.02,2.4
307,2011-11-21,68.1,70.46,68.0,68.7,7276,24911154.0,3.57,-0.26,-0.18,0.89
308,2011-11-22,67.52,69.98,67.52,69.78,4052,13952284.0,3.58,1.57,1.08,0.49
309,2011-11-23,70.4,71.2,69.72,70.6,4769,16671967.0,2.12,1.18,0.82,0.58
310,2011-11-24,69.24,70.52,68.6,69.84,4478,15518081.0,2.72,-1.08,-0.76,0.55
311,2011-11-25,69.84,74.1,69.84,71.48,10775,38481705.0,6.1,2.35,1.64,1.32
312,2011-11-28,71.8,72.5,70.46,71.8,5195,18338395.0,2.85,0.45,0.32,0.63
313,2011-11-29,71.8,74.1,71.32,73.54,10018,36387630.0,3.87,2.42,1.74,1.22
314,2011-11-30,73.72,73.72,69.5,71.48,11538,41054824.0,5.74,-2.8,-2.06,1.41
315,2011-12-01,73.26,74.3,72.3,72.56,7618,27697791.0,2.8,1.51,1.08,0.93
316,2011-12-02,72.6,73.0,69.9,70.12,11854,41590391.0,4.27,-3.36,-2.44,1.45
317,2011-12-05,69.22,70.14,68.5,69.24,6474,22209674.0,2.34,-1.25,-0.88,0.79
318,2011-12-06,69.06,69.22,67.5,67.7,5935,20120103.0,2.48,-2.22,-1.54,0.72
319,2011-12-07,67.3,69.08,66.9,68.2,3575,12109929.0,3.22,0.74,0.5,0.44
320,2011-12-08,68.7,70.1,67.82,68.5,3700,12663921.0,3.34,0.44,0.3,0.45
321,2011-12-09,68.1,68.56,67.06,67.3,9737,32762499.0,2.19,-1.75,-1.2,1.19
322,2011-12-12,67.6,67.6,65.72,66.7,7727,25517193.0,2.79,-0.89,-0.6,0.94
323,2011-12-13,65.54,66.6,64.56,65.24,4308,13977445.0,3.06,-2.19,-1.46,0.53
324,2011-12-14,64.5,65.54,63.7,64.1,2446,7798564.0,2.82,-1.75,-1.14,0.3
325,2011-12-15,63.5,66.48,63.5,65.62,3522,11422884.0,4.65,2.37,1.52,0.43
326,2011-12-16,65.36,66.3,64.9,65.5,4993,16283645.0,2.13,-0.18,-0.12,0.61
327,2011-12-19,65.5,68.6,65.5,68.32,8961,30081554.0,4.73,4.31,2.82,1.09
328,2011-12-20,68.1,69.5,66.5,66.5,5672,19174783.0,4.39,-2.66,-1.82,0.69
329,2011-12-21,67.0,67.88,64.6,66.02,4648,15234808.0,4.93,-0.72,-0.48,0.57
330,2011-12-22,64.8,67.4,64.8,65.72,4329,14168602.0,3.94,-0.45,-0.3,0.53
331,2011-12-23,66.4,68.44,64.94,68.06,5303,17702486.0,5.33,3.56,2.34,0.65
332,2011-12-26,68.5,70.12,68.2,68.82,4474,15354324.0,2.82,1.12,0.76,0.55
333,2011-12-27,68.12,70.1,67.2,68.04,4948,16879135.0,4.21,-1.13,-0.78,0.6
334,2011-12-28,68.68,70.82,61.28,61.28,12070,39332658.0,14.02,-9.94,-6.76,1.47
335,2011-12-29,59.5,62.1,58.5,61.5,6795,20358318.0,5.87,0.36,0.22,0.83
336,2011-12-30,61.44,64.3,61.06,63.6,4566,14242892.0,5.27,3.41,2.1,0.56
337,2012-01-04,63.8,64.44,62.0,62.1,4495,14178528.0,3.84,-2.36,-1.5,0.55
338,2012-01-05,61.52,62.46,56.3,56.42,10442,30220313.0,9.92,-9.15,-5.68,1.28
339,2012-01-06,57.1,57.64,50.82,53.86,10612,27653410.0,12.09,-4.54,-2.56,1.3
340,2012-01-09,53.5,54.84,51.22,54.6,18134,48212952.0,6.72,1.37,0.74,2.22
341,2012-01-10,53.96,56.9,53.8,56.3,16515,45463154.0,5.68,3.11,1.7,2.02
342,2012-01-11,56.1,57.1,55.38,55.9,9998,27746703.0,3.06,-0.71,-0.4,1.22
343,2012-01-12,55.12,56.86,55.12,56.1,8956,24965448.0,3.11,0.36,0.2,1.09
344,2012-01-13,56.3,56.48,50.54,51.5,15121,38787865.0,10.59,-8.2,-4.6,1.85
345,2012-01-16,50.56,50.66,46.4,46.4,15879,37491887.0,8.27,-9.9,-5.1,1.94
346,2012-01-17,45.36,47.1,42.1,46.6,35716,79635683.0,10.78,0.43,0.2,4.36
347,2012-01-18,45.6,46.04,42.0,42.0,22358,48338507.0,8.67,-9.87,-4.6,2.73
348,2012-01-19,42.0,42.3,40.32,40.7,21348,43181949.0,4.71,-3.1,-1.3,2.61
349,2012-01-20,40.96,42.46,40.7,41.68,9815,20185291.0,4.32,2.41,0.98,1.2
350,2012-01-30,42.74,45.8,42.74,45.8,34877,78497460.0,7.34,9.88,4.12,4.26
351,2012-01-31,45.36,45.36,43.42,43.96,31895,69553751.0,4.24,-4.02,-1.84,3.9
352,2012-02-01,43.58,46.06,43.24,45.24,35115,78523382.0,6.41,2.91,1.28,4.29
353,2012-02-02,44.5,46.9,43.74,46.48,26828,60642502.0,6.98,2.74,1.24,3.28
354,2012-02-03,46.52,48.76,46.16,47.8,20598,48518342.0,5.59,2.84,1.32,2.52
355,2012-02-06,47.8,48.5,46.56,47.72,15589,36697333.0,4.06,-0.17,-0.08,1.9
356,2012-02-07,48.7,50.26,48.26,48.6,27823,67714949.0,4.19,1.84,0.88,3.4
357,2012-02-08,48.6,50.4,47.76,50.1,19314,47325819.0,5.43,3.09,1.5,2.36
358,2012-02-09,50.1,50.76,49.66,49.9,15681,39041160.0,2.2,-0.4,-0.2,1.92
359,2012-02-10,49.7,50.64,49.52,49.8,8751,21649781.0,2.24,-0.2,-0.1,1.07
360,2012-02-13,49.5,51.46,48.9,50.88,15517,38925053.0,5.14,2.17,1.08,1.9
361,2012-02-14,50.88,51.26,49.88,50.5,11893,29675184.0,2.71,-0.75,-0.38,1.45
362,2012-02-15,50.7,51.26,50.14,50.76,9148,22972998.0,2.22,0.51,0.26,1.12
363,2012-02-16,50.5,51.96,50.2,50.96,12029,30493552.0,3.47,0.39,0.2,1.47
364,2012-02-17,51.06,51.7,49.04,49.96,14128,34900187.0,5.22,-1.96,-1.0,1.73
365,2012-02-20,50.5,50.94,50.1,50.34,11556,28946579.0,1.68,0.76,0.38,1.41
366,2012-02-21,50.2,52.92,48.92,52.48,25193,63189278.0,7.95,4.25,2.14,3.08
367,2012-02-22,52.2,56.08,52.0,55.8,31031,84021091.0,7.77,6.33,3.32,3.79
368,2012-02-23,55.8,56.9,54.8,55.2,16788,46231649.0,3.76,-1.08,-0.6,2.05
369,2012-02-24,55.06,56.3,54.32,55.78,12023,32971260.0,3.59,1.05,0.58,1.47
370,2012-02-27,56.48,56.9,55.24,55.66,16672,46240170.0,2.98,-0.22,-0.12,2.04
371,2012-02-28,55.7,56.1,53.5,54.44,14030,37725075.0,4.67,-2.19,-1.22,1.71
372,2012-02-29,54.54,55.0,53.5,53.64,9561,25691682.0,2.76,-1.47,-0.8,1.17
373,2012-03-01,54.5,58.1,54.4,54.64,40318,112085131.0,6.9,1.86,1.0,4.92
374,2012-03-02,53.96,55.76,53.96,55.32,13359,36428383.0,3.29,1.24,0.68,1.63
375,2012-03-05,55.32,57.06,55.32,56.24,15237,42575066.0,3.15,1.66,0.92,1.86
376,2012-03-06,56.2,58.46,54.94,58.26,25748,72352626.0,6.26,3.59,2.02,3.15
377,2012-03-07,57.6,58.2,56.56,56.86,17662,50187952.0,2.81,-2.4,-1.4,2.16
378,2012-03-08,57.7,59.5,56.94,58.5,21864,62919784.0,4.5,2.88,1.64,2.67
379,2012-03-09,58.86,60.1,57.82,59.24,17991,52403711.0,3.9,1.26,0.74,2.2
380,2012-03-12,59.5,60.3,58.3,58.62,16934,49472481.0,3.38,-1.05,-0.62,2.07
381,2012-03-13,58.52,59.0,57.7,58.46,16619,47999415.0,2.22,-0.27,-0.16,2.03
382,2012-03-14,58.5,59.06,53.52,54.68,20756,58606890.0,9.48,-6.47,-3.78,2.54
383,2012-03-15,54.5,55.2,51.5,53.7,16093,42632155.0,6.77,-1.79,-0.98,1.97
384,2012-03-16,53.8,54.66,52.62,54.32,10585,28245640.0,3.8,1.15,0.62,1.29
385,2012-03-19,54.42,59.7,54.38,57.14,18222,51760410.0,9.79,5.19,2.82,2.23
386,2012-03-20,57.2,59.1,57.16,58.3,29039,84211390.0,3.4,2.03,1.16,3.55
387,2012-03-21,58.42,58.9,56.16,57.28,13061,37254767.0,4.7,-1.75,-1.02,1.6
388,2012-03-22,56.9,57.48,55.5,55.52,8927,24860674.0,3.46,-3.07,-1.76,1.09
389,2012-03-23,55.7,56.4,53.64,54.12,12382,33460049.0,4.97,-2.52,-1.4,1.51
390,2012-03-26,54.1,54.86,52.5,54.12,7001,18627761.0,4.36,0.0,0.0,0.86
391,2012-03-27,54.44,54.68,53.3,54.46,7811,20909663.0,2.55,0.63,0.34,0.95
392,2012-03-28,54.6,55.18,51.2,51.28,11343,29753514.0,7.31,-5.84,-3.18,1.39
393,2012-03-29,51.08,52.1,48.72,49.24,12766,31696460.0,6.59,-3.98,-2.04,1.56
394,2012-03-30,49.32,50.1,47.9,48.9,8090,19658128.0,4.47,-0.69,-0.34,0.99
395,2012-04-05,48.54,51.4,48.54,50.5,9131,22843837.0,5.85,3.27,1.6,1.12
396,2012-04-06,50.46,52.5,50.46,52.42,8731,22405226.0,4.04,3.8,1.92,1.07
397,2012-04-09,52.44,52.86,50.5,50.9,9584,24562523.0,4.5,-2.9,-1.52,1.17
398,2012-04-10,50.12,52.38,49.76,52.28,6911,17436116.0,5.15,2.71,1.38,0.84
399,2012-04-11,52.12,52.66,51.1,52.5,7177,18483204.0,2.98,0.42,0.22,0.88
400,2012-04-12,52.9,53.6,52.0,53.44,7834,20516967.0,3.05,1.79,0.94,0.96
401,2012-04-13,53.68,54.36,53.1,53.68,7976,21239555.0,2.36,0.45,0.24,0.97
402,2012-04-16,53.26,53.46,52.1,52.5,4778,12471254.0,2.53,-2.2,-1.18,0.58
403,2012-04-17,52.56,53.36,52.1,52.88,4675,12207961.0,2.4,0.72,0.38,0.57
404,2012-04-19,53.8,54.88,53.72,54.48,13502,36369798.0,2.19,3.03,1.6,1.65
405,2012-04-20,54.5,57.28,53.92,56.46,16621,46015102.0,6.17,3.63,1.98,2.03
406,2012-04-23,55.5,56.34,54.36,54.82,13987,38323460.0,3.51,-2.9,-1.64,1.71
407,2012-04-24,54.2,54.66,50.42,53.32,14306,36875057.0,7.73,-2.74,-1.5,1.75
408,2012-04-25,52.88,54.1,52.52,53.62,6705,17730926.0,2.96,0.56,0.3,0.82
409,2012-04-26,54.0,56.48,52.84,54.6,17181,23008225.0,6.79,1.83,0.98,1.05
410,2012-04-27,54.76,56.44,54.4,56.0,25196,34567813.0,3.74,2.56,1.4,1.54
411,2012-05-02,57.4,57.72,54.8,56.0,23716,32838148.0,5.21,0.0,0.0,1.45
412,2012-05-03,55.6,56.04,54.8,55.2,17164,23399310.0,2.21,-1.43,-0.8,1.05
413,2012-05-04,55.4,59.2,55.4,57.76,73094,104380589.0,6.88,4.64,2.56,4.46
414,2012-05-07,57.6,60.56,56.52,60.56,71551,103468425.0,6.99,4.85,2.8,4.37
415,2012-05-08,60.6,61.04,59.44,60.56,39672,59093712.0,2.64,0.0,0.0,2.42
416,2012-05-09,59.84,62.68,59.24,59.92,56675,85536302.0,5.68,-1.06,-0.64,3.46
417,2012-05-10,59.32,62.56,59.28,61.64,56562,85304101.0,5.47,2.87,1.72,3.45
418,2012-05-11,61.04,62.56,60.28,61.4,37112,56348089.0,3.7,-0.39,-0.24,2.27
419,2012-05-14,62.0,62.52,60.4,60.52,29240,44213498.0,3.45,-1.43,-0.88,1.79
420,2012-05-15,59.92,61.28,59.6,61.08,23428,34951597.0,2.78,0.93,0.56,1.43
421,2012-05-16,61.12,63.16,60.28,61.52,32653,49888881.0,4.72,0.72,0.44,1.99
422,2012-05-17,61.6,62.76,58.6,61.2,43739,65803627.0,6.76,-0.52,-0.32,2.67
423,2012-05-18,61.0,61.0,58.36,58.72,26680,39126928.0,4.31,-4.05,-2.48,1.63
424,2012-05-21,58.4,59.52,57.8,59.04,16311,23582579.0,2.93,0.54,0.32,1.0
425,2012-05-22,59.24,61.96,59.24,61.32,22687,34011125.0,4.61,3.86,2.28,1.39
426,2012-05-23,61.52,62.24,60.44,61.36,15079,22819831.0,2.94,0.07,0.04,0.92
427,2012-05-24,61.56,62.6,60.8,61.32,21838,33399742.0,2.93,-0.07,-0.04,1.33
428,2012-05-25,61.32,62.6,60.52,60.6,19561,29710770.0,3.39,-1.17,-0.72,1.19
429,2012-05-28,59.8,60.8,56.84,60.8,20658,30014701.0,6.53,0.33,0.2,1.26
430,2012-05-29,60.32,62.0,60.04,61.76,26869,40754790.0,3.22,1.58,0.96,1.64
431,2012-05-30,61.64,64.0,61.4,62.48,43038,66752435.0,4.21,1.17,0.72,2.63
432,2012-05-31,62.44,63.2,61.68,62.8,44938,69379460.0,2.43,0.51,0.32,2.74
433,2012-06-01,62.96,62.96,59.92,61.04,54111,81419085.0,4.84,-2.8,-1.76,3.3
434,2012-06-04,60.0,60.6,59.0,59.0,18815,27788378.0,2.62,-3.34,-2.04,1.15
435,2012-06-05,59.2,59.92,57.04,57.4,20396,29325888.0,4.88,-2.71,-1.6,1.25
436,2012-06-06,57.48,58.2,57.04,57.52,12916,18354668.0,2.02,0.21,0.12,0.79
437,2012-06-07,57.96,58.6,56.68,56.8,21216,30166487.0,3.34,-1.25,-0.72,1.3
438,2012-06-08,57.4,58.0,56.8,57.4,11786,16697577.0,2.11,1.06,0.6,0.72
439,2012-06-11,58.2,59.32,58.2,59.16,16810,24443275.0,1.95,3.07,1.76,1.03
440,2012-06-12,59.16,60.32,58.8,59.68,21337,31377971.0,2.57,0.88,0.52,1.3
441,2012-06-13,59.68,60.4,59.32,60.4,12172,17989202.0,1.81,1.21,0.72,0.74
442,2012-06-14,60.6,60.6,59.36,59.76,11072,16372794.0,2.05,-1.06,-0.64,0.68
443,2012-06-15,60.32,61.28,59.4,59.84,14973,22331774.0,3.15,0.13,0.08,0.91
444,2012-06-18,60.48,60.48,59.04,59.6,13950,20525204.0,2.41,-0.4,-0.24,0.85
445,2012-06-19,59.32,59.96,59.2,59.48,6131,8992985.0,1.28,-0.2,-0.12,0.37
446,2012-06-20,59.48,61.04,59.24,60.68,20176,30046360.0,3.03,2.02,1.2,1.23
447,2012-06-21,60.68,60.68,58.4,58.72,14720,21541585.0,3.76,-3.23,-1.96,0.9
448,2012-06-25,58.72,58.76,57.56,58.36,10648,15266901.0,2.04,-0.61,-0.36,0.65
449,2012-06-26,58.0,58.24,55.24,56.2,24526,34101451.0,5.14,-3.7,-2.16,1.5
450,2012-06-27,56.04,57.72,56.04,56.52,9654,13584233.0,2.99,0.57,0.32,0.59
451,2012-06-28,56.64,57.2,56.08,56.08,7153,9969683.0,1.98,-0.78,-0.44,0.44
452,2012-06-29,55.6,57.52,55.32,57.44,8096,11291881.0,3.92,2.43,1.36,0.49
453,2012-07-02,57.44,58.92,57.2,58.6,12690,18296515.0,2.99,2.02,1.16,0.77
454,2012-07-03,58.64,61.36,58.64,61.2,38398,57457502.0,4.64,4.44,2.6,2.34
455,2012-07-04,61.16,61.44,59.8,60.52,18175,27082951.0,2.68,-1.11,-0.68,1.11
456,2012-07-05,60.24,60.24,58.4,58.6,18106,26282804.0,3.04,-3.17,-1.92,1.11
457,2012-07-06,59.12,59.2,56.68,58.72,25157,35892258.0,4.3,0.2,0.12,1.54
458,2012-07-09,58.68,60.24,58.12,58.28,33323,48910730.0,3.61,-0.75,-0.44,2.03
459,2012-07-10,57.92,58.0,55.8,56.0,22138,30825380.0,3.77,-3.91,-2.28,1.35
460,2012-07-11,56.12,56.76,55.84,56.52,8064,11196236.0,1.64,0.93,0.52,0.49
461,2012-07-12,56.32,57.6,56.12,57.16,18770,26418029.0,2.62,1.13,0.64,1.15
462,2012-07-13,56.6,57.8,55.4,55.8,18066,25200922.0,4.2,-2.38,-1.36,1.1
463,2012-07-16,54.6,56.32,52.72,52.8,19798,26410338.0,6.45,-5.38,-3.0,1.21
464,2012-07-17,52.8,53.96,52.8,53.36,7613,10007747.0,2.2,1.06,0.56,0.46
465,2012-07-18,52.84,54.0,52.8,53.88,11026,14462513.0,2.25,0.97,0.52,0.67
466,2012-07-19,54.2,54.6,53.72,54.12,9580,12791427.0,1.63,0.45,0.24,0.58
467,2012-07-20,54.2,54.48,53.04,53.12,5938,7881202.0,2.66,-1.85,-1.0,0.36
468,2012-07-23,53.2,53.4,52.48,53.04,6113,7969485.0,1.73,-0.15,-0.08,0.37
469,2012-07-24,53.04,54.04,52.52,53.04,8879,11643359.0,2.87,0.0,0.0,0.54
470,2012-07-25,53.12,53.6,52.8,52.8,10938,14325220.0,1.51,-0.45,-0.24,0.67
471,2012-07-26,52.8,53.8,51.0,53.12,18760,24122264.0,5.3,0.61,0.32,1.15
472,2012-07-27,52.8,53.4,51.64,51.88,7588,9765848.0,3.31,-2.33,-1.24,0.46
473,2012-07-30,52.36,52.68,50.12,50.36,8384,10550737.0,4.93,-2.93,-1.52,0.51
474,2012-07-31,50.2,50.4,47.72,49.36,26856,32383429.0,5.32,-1.99,-1.0,1.64
475,2012-08-01,49.6,51.04,48.56,51.0,14568,17934658.0,5.02,3.32,1.64,0.89
476,2012-08-02,50.44,51.16,49.16,49.52,7279,8940399.0,3.92,-2.9,-1.48,0.44
477,2012-08-03,49.96,51.32,48.76,51.16,17636,21558703.0,5.17,3.31,1.64,1.08
478,2012-08-06,50.0,53.6,50.0,52.8,21811,28116283.0,7.04,3.21,1.64,1.33
479,2012-08-07,52.8,53.36,52.52,53.24,8647,11291908.0,1.59,0.83,0.44,0.53
480,2012-08-08,53.24,55.12,53.2,53.6,14639,19475807.0,3.61,0.68,0.36,0.89
481,2012-08-09,53.0,54.32,52.84,53.64,8014,10556696.0,2.76,0.07,0.04,0.49
482,2012-08-10,53.24,53.96,52.68,52.92,9690,12657371.0,2.39,-1.34,-0.72,0.59
483,2012-08-13,53.0,53.52,52.08,52.32,8135,10578567.0,2.72,-1.13,-0.6,0.5
484,2012-08-14,52.32,53.4,50.6,53.24,16397,20946812.0,5.35,1.76,0.92,1.0
485,2012-08-15,53.24,53.44,52.32,52.52,6553,8508443.0,2.1,-1.35,-0.72,0.4
486,2012-08-16,52.24,53.2,52.2,52.4,6587,8552744.0,1.9,-0.23,-0.12,0.4
487,2012-08-17,52.72,54.8,52.64,54.4,17836,23700992.0,4.12,3.82,2.0,1.09
488,2012-08-20,53.92,55.2,53.8,55.08,14114,19029928.0,2.57,1.25,0.68,0.86
489,2012-08-21,54.8,58.6,54.68,57.2,29485,41263357.0,7.12,3.85,2.12,1.8
490,2012-08-22,56.76,57.32,55.68,56.88,18836,26215903.0,2.87,-0.56,-0.32,1.15
491,2012-08-23,56.76,57.2,55.6,56.68,16701,23248806.0,2.81,-0.35,-0.2,1.02
492,2012-08-24,56.72,58.24,55.76,55.84,18230,25615702.0,4.38,-1.48,-0.84,1.11
493,2012-08-27,55.84,55.84,54.0,54.32,13380,18014049.0,3.3,-2.72,-1.52,0.82
494,2012-08-28,54.6,55.36,54.0,55.0,12293,16560979.0,2.5,1.25,0.68,0.75
495,2012-08-29,55.08,57.4,54.4,56.32,20986,29211212.0,5.45,2.4,1.32,1.28
496,2012-08-30,55.72,57.32,54.0,54.4,31771,43603852.0,5.89,-3.41,-1.92,1.94
497,2012-08-31,54.56,55.04,52.64,53.92,24106,31739216.0,4.41,-0.88,-0.48,1.47
498,2012-09-03,53.6,55.32,53.28,55.0,12154,16367764.0,3.78,2.0,1.08,0.74
499,2012-09-04,55.16,56.64,54.32,54.4,20487,28035558.0,4.22,-1.09,-0.6,1.25
500,2012-09-05,53.8,57.2,53.8,57.12,25268,34692112.0,6.25,5.0,2.72,1.54
501,2012-09-06,57.52,58.32,56.64,57.72,25062,35584511.0,2.94,1.05,0.6,1.53
502,2012-09-07,57.96,59.36,57.52,59.0,38240,55289926.0,3.19,2.22,1.28,2.34
503,2012-09-10,59.04,61.76,58.76,60.6,82233,122918557.0,5.08,2.71,1.6,5.02
504,2012-09-11,60.64,62.4,60.44,61.2,79870,120616576.0,3.23,0.99,0.6,4.88
505,2012-09-12,61.4,61.68,60.44,61.4,46902,70725235.0,2.03,0.33,0.2,2.86
506,2012-09-13,60.8,64.68,60.64,62.88,88500,137611969.0,6.58,2.41,1.48,5.4
507,2012-09-14,62.0,62.64,59.8,60.4,54470,82386505.0,4.52,-3.94,-2.48,3.33
508,2012-09-17,60.44,61.92,58.36,58.4,26185,38439563.0,5.89,-3.31,-2.0,1.6
509,2012-09-18,57.6,59.92,57.6,59.6,23646,34301589.0,3.97,2.05,1.2,1.44
510,2012-09-19,60.64,61.44,59.68,59.76,42798,63828775.0,2.95,0.27,0.16,2.61
511,2012-09-20,59.6,60.0,57.92,58.0,25633,37168237.0,3.48,-2.95,-1.76,1.57
512,2012-09-21,57.8,57.8,53.92,55.4,38103,52035228.0,6.69,-4.48,-2.6,2.33
513,2012-09-24,55.0,56.44,54.36,55.52,16748,22902619.0,3.75,0.22,0.12,1.02
514,2012-09-25,55.12,56.0,55.12,55.52,10822,14782919.0,1.59,0.0,0.0,0.66
515,2012-09-26,55.6,56.56,53.28,55.6,23316,31583274.0,5.91,0.14,0.08,1.42
516,2012-09-27,53.8,56.64,53.8,56.16,26850,36841541.0,5.11,1.01,0.56,1.64
517,2012-09-28,56.0,57.56,55.4,57.2,17842,24963794.0,3.85,1.85,1.04,1.09
518,2012-10-08,57.2,57.2,55.32,56.12,16983,23465075.0,3.29,-1.89,-1.08,1.04
519,2012-10-09,56.12,57.8,55.88,57.48,19252,26980619.0,3.42,2.42,1.36,1.18
520,2012-10-10,57.4,58.92,56.84,58.0,27213,38956823.0,3.62,0.9,0.52,1.66
521,2012-10-11,57.56,58.0,56.08,56.12,24844,34905183.0,3.31,-3.24,-1.88,1.52
522,2012-10-12,56.0,56.76,54.44,54.92,18643,25288904.0,4.13,-2.14,-1.2,1.14
523,2012-10-15,55.12,55.4,50.96,54.0,38833,50373190.0,8.08,-1.68,-0.92,2.37
524,2012-10-16,54.0,57.48,53.76,56.36,34023,46893582.0,6.89,4.37,2.36,2.08
525,2012-10-17,55.92,57.0,55.52,56.48,12556,17353512.0,2.63,0.21,0.12,0.77
526,2012-10-18,56.44,57.6,56.08,57.0,12114,17031466.0,2.69,0.92,0.52,0.74
527,2012-10-19,57.4,59.16,57.0,57.96,21362,30713123.0,3.79,1.68,0.96,1.3
528,2012-10-22,57.96,58.8,57.56,57.92,19129,27466351.0,2.14,-0.07,-0.04,1.17
529,2012-10-23,58.0,58.16,56.28,57.32,17468,24583260.0,3.25,-1.04,-0.6,1.07
530,2012-10-24,56.88,57.12,54.6,55.16,23472,32224974.0,4.4,-3.77,-2.16,1.43
531,2012-10-25,55.08,56.64,54.64,55.0,17082,23346969.0,3.63,-0.29,-0.16,1.04
532,2012-10-26,55.52,55.64,53.12,53.44,18632,24621812.0,4.58,-2.84,-1.56,1.14
533,2012-10-29,52.8,54.4,52.72,52.96,9546,12512002.0,3.14,-0.9,-0.48,0.58
534,2012-10-30,52.96,53.32,51.96,52.24,13855,17876570.0,2.57,-1.36,-0.72,0.85
535,2012-10-31,52.24,54.4,51.56,53.64,14571,19044195.0,5.44,2.68,1.4,0.89
536,2012-11-01,53.52,55.0,53.52,53.64,8437,11267506.0,2.76,0.0,0.0,0.52
537,2012-11-02,53.84,54.6,53.8,53.96,5661,7540239.0,1.49,0.6,0.32,0.35
538,2012-11-05,53.84,55.4,53.64,55.0,16101,21650739.0,3.26,1.93,1.04,0.98
539,2012-11-06,54.8,55.16,53.0,54.0,9473,12546691.0,3.93,-1.82,-1.0,0.58
540,2012-11-07,53.4,53.96,52.76,53.28,8350,10937831.0,2.22,-1.33,-0.72,0.51
541,2012-11-08,52.76,53.16,51.6,51.6,9172,11814423.0,2.93,-3.15,-1.68,0.56
542,2012-11-09,51.6,52.56,51.12,52.12,11373,14465737.0,2.79,1.01,0.52,0.69
543,2012-11-12,52.04,53.08,51.72,52.2,8091,10431334.0,2.61,0.15,0.08,0.49
544,2012-11-13,52.68,52.76,51.28,51.28,5828,7439143.0,2.84,-1.76,-0.92,0.36
545,2012-11-14,51.52,52.04,50.44,51.2,6754,8517217.0,3.12,-0.16,-0.08,0.41
546,2012-11-15,51.2,51.2,49.84,50.84,9833,12183543.0,2.66,-0.7,-0.36,0.6
547,2012-11-16,49.6,50.8,49.6,50.72,11626,14383657.0,2.36,-0.24,-0.12,0.71
548,2012-11-19,50.72,50.72,48.8,49.4,10891,13285414.0,3.79,-2.6,-1.32,0.67
549,2012-11-20,49.6,49.76,48.64,48.92,6107,7371606.0,2.27,-0.97,-0.48,0.37
550,2012-11-21,49.16,49.48,48.2,49.48,5297,6380336.0,2.62,1.14,0.56,0.32
551,2012-11-22,49.4,49.44,48.64,48.92,6171,7429586.0,1.62,-1.13,-0.56,0.38
552,2012-11-23,48.8,49.56,48.8,49.4,2754,3341756.0,1.55,0.98,0.48,0.17
553,2012-11-26,49.8,49.8,48.8,49.32,3065,3720689.0,2.02,-0.16,-0.08,0.19
554,2012-11-27,48.92,49.0,46.12,47.6,11923,13871315.0,5.84,-3.49,-1.72,0.73
555,2012-11-28,47.48,47.48,42.92,42.92,15010,16419817.0,9.58,-9.83,-4.68,0.92
556,2012-11-29,42.92,43.2,39.72,42.0,35146,35321107.0,8.11,-2.14,-0.92,2.15
557,2012-11-30,40.92,42.2,40.52,41.76,22377,22566459.0,4.0,-0.57,-0.24,1.37
558,2012-12-03,41.36,41.36,39.76,40.72,14906,14817407.0,3.83,-2.49,-1.04,0.91
559,2012-12-04,39.92,42.12,39.68,41.64,11280,11292933.0,5.99,2.26,0.92,0.69
560,2012-12-05,41.64,43.8,41.0,42.8,17528,18417265.0,6.72,2.79,1.16,1.07
561,2012-12-06,43.16,43.16,41.6,42.28,8177,8478760.0,3.64,-1.21,-0.52,0.5
562,2012-12-07,42.0,43.04,41.6,42.84,12394,12922404.0,3.41,1.32,0.56,0.76
563,2012-12-10,42.8,44.6,42.0,44.32,21857,23226578.0,6.07,3.45,1.48,1.33
564,2012-12-11,43.68,44.8,43.52,44.04,14486,15709279.0,2.89,-0.63,-0.28,0.88
565,2012-12-12,44.08,44.28,42.8,43.6,9909,10564216.0,3.36,-1.0,-0.44,0.61
566,2012-12-13,43.44,44.0,42.76,43.0,8531,9072459.0,2.84,-1.38,-0.6,0.52
567,2012-12-14,43.2,44.76,42.88,44.6,16387,17835052.0,4.37,3.72,1.6,1.0
568,2012-12-17,45.12,48.76,45.12,47.16,30881,36044905.0,8.16,5.74,2.56,1.89
569,2012-12-18,47.16,47.8,46.04,46.36,18513,21291866.0,3.73,-1.7,-0.8,1.13
570,2012-12-19,46.36,47.04,45.96,46.72,14274,16331837.0,2.33,0.78,0.36,0.87
571,2012-12-20,46.6,48.56,46.32,48.52,20992,24564073.0,4.79,3.85,1.8,1.28
572,2012-12-21,48.28,49.16,47.64,48.08,20417,24356938.0,3.13,-0.91,-0.44,1.25
573,2012-12-24,48.0,48.4,46.8,48.2,19793,23181827.0,3.33,0.25,0.12,1.21
574,2012-12-25,47.6,49.72,47.6,49.48,26828,32241509.0,4.4,2.66,1.28,1.64
575,2012-12-26,49.48,51.6,48.88,51.6,35451,43990641.0,5.5,4.28,2.12,2.16
576,2012-12-27,52.8,54.72,51.28,51.28,61095,79736721.0,6.67,-0.62,-0.32,3.73
577,2012-12-28,52.36,55.92,51.6,53.64,104103,136644835.0,8.42,4.6,2.36,6.36
578,2012-12-31,54.44,56.12,53.88,53.88,63042,85174497.0,4.18,0.45,0.24,3.85
579,2013-01-04,54.76,55.0,50.4,51.4,65550,83846991.0,8.54,-4.6,-2.48,4.0
580,2013-01-07,51.2,53.0,49.64,52.52,42669,54808790.0,6.54,2.18,1.12,2.61
581,2013-01-08,52.96,57.68,52.8,57.68,78101,110186260.0,9.29,9.82,5.16,4.77
582,2013-01-09,60.8,62.72,57.32,58.64,172002,254303548.0,9.36,1.66,0.96,10.5
583,2013-01-10,56.44,62.4,56.44,60.36,135282,199773582.0,10.16,2.93,1.72,8.26
584,2013-01-11,59.2,65.52,58.8,61.84,169080,259639340.0,11.13,2.45,1.48,10.32
585,2013-01-14,60.64,67.56,60.4,66.44,134656,213296729.0,11.58,7.44,4.6,8.22
586,2013-01-15,68.8,72.0,65.64,65.8,189291,319660800.0,9.57,-0.96,-0.64,11.56
587,2013-01-16,66.4,69.2,63.32,67.36,209479,344337584.0,8.94,2.37,1.56,12.79
588,2013-01-17,67.4,67.4,61.04,61.04,147237,229654572.0,9.44,-9.38,-6.32,8.99
589,2013-01-18,60.36,63.6,60.36,62.92,89911,138974199.0,5.31,3.08,1.88,5.49
590,2013-01-21,62.6,63.12,59.52,60.64,89084,134351975.0,5.72,-3.62,-2.28,5.44
591,2013-01-22,60.04,62.6,59.4,60.72,77032,116090779.0,5.28,0.13,0.08,4.7
592,2013-01-23,59.92,61.92,59.2,61.6,77328,116244660.0,4.48,1.45,0.88,4.72
593,2013-01-24,63.0,67.68,62.6,65.36,235646,381595360.0,8.25,6.1,3.76,14.39
594,2013-01-25,64.4,65.0,61.4,64.28,106645,166474741.0,5.51,-1.65,-1.08,6.51
595,2013-01-28,63.8,65.96,63.24,64.44,100228,159193316.0,4.23,0.25,0.16,6.12
596,2013-01-29,64.6,65.2,62.68,63.4,60827,95729941.0,3.91,-1.61,-1.04,3.71
597,2013-01-30,63.0,65.92,62.64,63.84,91770,146109540.0,5.17,0.69,0.44,5.6
598,2013-01-31,63.28,63.8,58.8,61.2,127833,192507699.0,7.83,-4.14,-2.64,7.81
599,2013-02-01,59.96,61.32,59.72,60.12,40979,60983099.0,2.61,-1.76,-1.08,2.5
600,2013-02-04,60.36,61.6,59.92,60.2,37636,56154356.0,2.79,0.13,0.08,2.3
601,2013-02-05,59.84,60.24,57.6,58.52,53740,77666090.0,4.39,-2.79,-1.68,3.28
602,2013-02-06,58.84,59.4,58.52,58.96,34815,50578956.0,1.5,0.75,0.44,2.13
603,2013-02-07,58.92,61.0,58.12,61.0,43693,64623306.0,4.88,3.46,2.04,2.67
604,2013-02-08,61.04,61.52,60.36,61.04,27704,41683342.0,1.9,0.07,0.04,1.69
605,2013-02-18,62.48,62.84,61.16,61.84,50185,76930231.0,2.75,1.31,0.8,3.06
606,2013-02-19,62.0,62.28,59.4,59.52,31768,47485680.0,4.66,-3.75,-2.32,1.94
607,2013-02-20,59.52,60.4,58.4,60.32,27078,39730404.0,3.36,1.34,0.8,1.65
608,2013-02-21,59.64,59.76,57.6,57.92,31275,45202126.0,3.58,-3.98,-2.4,1.91
609,2013-02-22,57.52,59.36,57.52,57.92,26096,37469376.0,3.18,0.0,0.0,1.59
610,2013-02-25,57.6,58.6,57.6,58.28,21713,31098768.0,1.73,0.62,0.36,1.33
611,2013-02-26,58.24,58.52,57.48,57.52,39749,56756068.0,1.78,-1.3,-0.76,2.43
612,2013-02-27,57.6,58.44,56.8,58.12,34859,49706504.0,2.85,1.04,0.6,2.13
613,2013-02-28,58.56,59.04,57.28,58.88,37454,53919317.0,3.03,1.31,0.76,2.29
614,2013-03-01,58.84,64.68,58.28,64.68,163680,254361706.0,10.87,9.85,5.8,9.99
615,2013-03-04,66.32,67.52,63.52,64.0,263777,426478048.0,6.18,-1.05,-0.68,16.11
616,2013-03-05,64.32,68.28,63.48,67.0,149813,242718314.0,7.5,4.69,3.0,9.15
617,2013-03-06,67.08,69.8,66.08,68.84,110266,186356664.0,5.55,2.75,1.84,6.73
618,2013-03-07,68.8,69.52,66.0,66.12,75454,125960371.0,5.11,-3.95,-2.72,4.61
619,2013-03-08,66.36,67.56,64.4,64.64,43334,70237736.0,4.78,-2.24,-1.48,2.65
620,2013-03-11,64.36,65.44,63.68,64.72,33671,53607099.0,2.72,0.12,0.08,2.06
621,2013-03-12,65.0,65.16,59.8,61.48,73603,112780025.0,8.28,-5.01,-3.24,4.49
622,2013-03-13,61.32,62.4,58.92,60.4,62994,93212535.0,5.66,-1.76,-1.08,3.85
623,2013-03-14,59.6,60.68,59.44,59.92,21966,32550102.0,2.05,-0.79,-0.48,1.34
624,2013-03-15,59.8,63.4,59.56,60.64,32750,49691083.0,6.41,1.2,0.72,2.0
625,2013-03-18,61.4,63.32,59.64,61.48,43569,66699907.0,6.07,1.39,0.84,2.66
626,2013-03-19,60.0,61.2,58.56,59.84,28088,41395755.0,4.29,-2.67,-1.64,1.72
627,2013-03-20,58.72,62.04,58.0,61.8,39077,58484806.0,6.75,3.28,1.96,2.39
628,2013-03-21,61.6,64.16,61.2,63.6,56625,88465104.0,4.79,2.91,1.8,3.46
629,2013-03-22,63.92,65.52,63.28,64.32,33542,53460188.0,3.52,1.13,0.72,2.05
630,2013-03-25,64.72,65.8,63.2,64.84,32420,51398841.0,4.04,0.81,0.52,1.98
631,2013-03-26,64.6,64.8,62.6,63.96,45892,71838987.0,3.39,-1.36,-0.88,2.8
632,2013-03-27,63.52,67.76,63.52,66.76,72168,117486026.0,6.63,4.38,2.8,4.41
633,2013-03-28,66.4,66.4,64.0,65.52,41742,66788294.0,3.59,-1.86,-1.24,2.55
634,2013-03-29,65.32,66.32,64.0,65.92,26048,41863001.0,3.54,0.61,0.4,1.59
635,2013-04-01,64.68,66.8,64.68,65.36,37009,60258782.0,3.22,-0.85,-0.56,2.26
636,2013-04-02,64.88,65.4,60.0,62.04,68584,105511888.0,8.26,-5.08,-3.32,4.19
637,2013-04-03,61.2,63.84,59.6,62.16,56336,86043245.0,6.83,0.19,0.12,3.44
638,2013-04-08,64.8,68.28,63.8,68.28,179795,299315856.0,7.21,9.85,6.12,10.98
639,2013-04-09,70.48,70.48,66.8,68.8,166952,282718432.0,5.39,0.76,0.52,10.19
640,2013-04-10,68.4,69.4,64.2,66.4,148628,245286074.0,7.56,-3.49,-2.4,9.08
641,2013-04-11,66.6,66.76,63.08,63.6,94958,150792187.0,5.54,-4.22,-2.8,5.8
642,2013-04-12,62.72,63.96,62.64,63.96,54979,85820276.0,2.08,0.57,0.36,3.36
643,2013-04-15,62.8,63.92,61.8,62.76,38482,59612386.0,3.31,-1.88,-1.2,2.35
644,2013-04-16,61.52,63.4,61.0,63.2,34651,53154291.0,3.82,0.7,0.44,2.12
645,2013-04-17,62.8,65.16,62.36,65.04,51797,82048982.0,4.43,2.91,1.84,3.16
646,2013-04-18,64.2,64.84,63.36,63.92,34182,53944189.0,2.28,-1.72,-1.12,2.09
647,2013-04-19,63.8,66.12,63.72,65.44,62533,100730381.0,3.75,2.38,1.52,3.82
648,2013-04-22,66.4,68.0,65.24,67.8,80741,132290946.0,4.22,3.61,2.36,4.93
649,2013-04-23,67.4,67.88,64.36,64.64,62447,100779841.0,5.19,-4.66,-3.16,3.81
650,2013-04-24,64.2,66.72,63.2,66.32,59922,95756067.0,5.45,2.6,1.68,3.66
651,2013-04-25,66.16,68.84,64.68,65.8,96981,160651685.0,6.27,-0.78,-0.52,5.92
652,2013-04-26,65.24,66.32,62.0,63.0,65663,103341615.0,6.57,-4.26,-2.8,4.01
653,2013-05-02,62.8,64.36,62.24,63.36,24806,38832029.0,3.37,0.57,0.36,1.51
654,2013-05-03,63.76,69.6,63.72,67.92,145366,243079857.0,9.28,7.2,4.56,8.88
655,2013-05-06,67.92,74.08,67.6,71.4,153316,265567335.0,9.54,5.12,3.48,9.36
656,2013-05-07,70.52,73.52,69.6,73.04,103963,184019804.0,5.49,2.3,1.64,6.35
657,2013-05-08,72.8,77.88,71.52,75.4,141606,261909157.0,8.71,3.23,2.36,8.65
658,2013-05-09,75.24,78.2,74.68,75.92,118420,222960677.0,4.67,0.69,0.52,7.23
659,2013-05-10,75.0,78.52,73.32,74.0,90738,168246460.0,6.85,-2.53,-1.92,5.54
660,2013-05-13,74.16,77.76,73.8,76.6,90532,169916278.0,5.35,3.51,2.6,5.53
661,2013-05-14,76.72,76.72,71.8,72.92,93381,169943898.0,6.42,-4.8,-3.68,5.7
662,2013-05-15,72.96,75.0,72.96,74.48,52165,95378768.0,2.8,2.14,1.56,3.19
663,2013-05-16,74.24,76.68,71.2,72.2,104003,189040055.0,7.36,-3.06,-2.28,6.35
664,2013-05-17,72.4,75.2,71.8,74.28,72881,132965977.0,4.71,2.88,2.08,4.45
665,2013-05-20,74.44,78.6,74.32,78.6,132599,250667873.0,5.76,5.82,4.32,8.1
666,2013-05-21,80.2,84.8,79.24,82.6,147105,296837296.0,7.07,5.09,4.0,8.98
667,2013-05-22,81.52,82.0,78.04,78.2,118543,233502645.0,4.79,-5.33,-4.4,7.24
668,2013-05-23,77.72,84.6,76.64,80.4,118011,237715889.0,10.18,2.81,2.2,7.21
669,2013-05-24,81.28,86.52,80.6,84.88,115339,238159299.0,7.36,5.57,4.48,7.04
670,2013-05-27,84.96,86.28,83.2,84.68,76972,160310263.0,3.63,-0.24,-0.2,4.7
671,2013-05-28,84.04,84.12,78.56,79.4,96178,190902478.0,6.57,-6.24,-5.28,5.87
672,2013-05-29,79.44,80.76,78.72,79.4,52634,103518396.0,2.57,0.0,0.0,3.21
673,2013-05-30,78.8,80.44,77.56,80.36,81426,158822210.0,3.63,1.21,0.96,4.97
674,2013-05-31,80.6,80.6,77.08,77.28,65429,126943920.0,4.38,-3.83,-3.08,4.0
675,2013-06-03,77.12,80.4,76.92,77.92,69452,135163669.0,4.5,0.83,0.64,4.24
676,2013-06-04,78.0,78.6,72.84,74.52,85993,158488681.0,7.39,-4.36,-3.4,5.25
677,2013-06-05,73.92,74.72,73.04,74.4,28596,52085843.0,2.25,-0.16,-0.12,1.75
678,2013-06-06,73.48,75.64,72.4,72.88,38678,70870154.0,4.35,-2.04,-1.52,2.36
679,2013-06-07,72.68,73.4,69.92,71.6,41734,74031846.0,4.77,-1.76,-1.28,2.55
680,2013-06-13,69.4,70.6,65.08,70.0,49987,84379413.0,7.71,-2.23,-1.6,3.05
681,2013-06-14,69.8,72.96,69.6,72.36,51310,90798122.0,4.8,3.37,2.36,3.13
682,2013-06-17,73.0,74.52,70.96,71.76,50148,90106096.0,4.92,-0.83,-0.6,3.06
683,2013-06-18,72.16,72.48,69.0,70.36,46261,80362741.0,4.85,-1.95,-1.4,2.82
684,2013-06-19,69.76,69.76,67.4,68.48,54528,91501291.0,3.35,-2.67,-1.88,3.33
685,2013-06-20,67.84,69.48,65.96,65.96,42233,70801639.0,5.14,-3.68,-2.52,2.58
686,2013-06-21,64.12,65.0,61.32,64.92,61119,95218902.0,5.58,-1.58,-1.04,3.73
687,2013-06-24,64.92,67.36,62.28,64.16,69981,112260265.0,7.83,-1.17,-0.76,4.27
688,2013-06-25,63.04,68.6,59.08,68.4,85119,135927122.0,14.84,6.61,4.24,5.2
689,2013-06-26,67.44,71.16,67.44,70.2,67399,115399779.0,5.44,2.63,1.8,4.12
690,2013-06-27,70.0,70.64,67.0,67.0,55126,93203013.0,5.19,-4.56,-3.2,3.37
691,2013-06-28,66.0,67.24,62.44,63.36,68808,109342389.0,7.16,-5.43,-3.64,4.2
692,2013-07-01,63.0,65.48,61.4,65.24,44487,69898103.0,6.44,2.97,1.88,2.71
693,2013-07-02,64.68,69.52,64.68,68.32,64213,106407187.0,7.42,4.72,3.08,3.91
694,2013-07-03,68.12,69.52,65.56,68.32,50853,84837686.0,5.8,0.0,0.0,3.1
695,2013-07-04,67.84,70.96,67.08,69.28,64510,110871040.0,5.68,1.41,0.96,3.93
696,2013-07-05,69.36,70.64,67.4,67.4,50540,86039203.0,4.68,-2.71,-1.88,3.08
697,2013-07-08,65.96,70.52,62.6,63.2,39464,62766321.0,11.75,-6.23,-4.2,2.4
698,2013-07-09,63.0,64.96,62.28,64.6,31597,49495465.0,4.24,2.22,1.4,1.92
699,2013-07-10,63.92,65.2,63.4,65.08,45145,71540011.0,2.79,0.74,0.48,2.75
700,2013-07-11,65.2,67.0,63.4,65.6,51012,82030076.0,5.53,0.8,0.52,3.11
701,2013-07-12,65.32,68.08,65.0,65.84,50209,82536544.0,4.7,0.37,0.24,3.06
702,2013-07-15,63.4,68.76,62.76,68.72,110552,181530160.0,9.11,4.37,2.88,6.73
703,2013-07-16,68.44,71.36,67.48,70.8,81192,139437313.0,5.65,3.03,2.08,4.94
704,2013-07-17,70.6,71.0,66.96,67.4,83952,142420971.0,5.71,-4.8,-3.4,5.11
705,2013-07-18,63.4,65.0,60.76,60.76,50958,77195678.0,6.29,-9.85,-6.64,3.1
706,2013-07-19,58.84,63.4,56.24,60.64,240321,352161504.0,11.78,-0.2,-0.12,14.63
707,2013-07-22,58.52,61.4,57.08,59.08,127441,184761768.0,7.12,-2.57,-1.56,7.76
708,2013-07-23,58.8,60.8,57.0,59.96,161834,234123200.0,6.43,1.49,0.88,9.85
709,2013-07-24,58.96,60.76,57.64,59.48,134483,194894614.0,5.2,-0.8,-0.48,8.19
710,2013-07-25,59.04,60.6,56.8,56.8,126944,182685320.0,6.39,-4.51,-2.68,7.73
711,2013-07-26,55.48,55.52,51.28,51.92,190117,245202688.0,7.46,-8.59,-4.88,11.57
712,2013-07-29,50.92,52.6,50.2,51.24,87509,110329097.0,4.62,-1.31,-0.68,5.33
713,2013-07-30,51.24,51.76,49.08,50.08,56350,69533633.0,5.23,-2.26,-1.16,3.43
714,2013-07-31,50.4,51.8,49.44,51.0,64080,79608371.0,4.71,1.84,0.92,3.9
715,2013-08-01,50.76,52.76,50.6,52.64,84743,107585841.0,4.24,3.22,1.64,5.16
716,2013-08-02,52.8,57.8,51.8,56.56,179970,243318639.0,11.4,7.45,3.92,10.96
717,2013-08-05,55.52,57.32,55.0,56.04,92713,127179527.0,4.1,-0.92,-0.52,5.64
718,2013-08-06,56.0,57.72,55.68,56.12,70048,97164191.0,3.64,0.14,0.08,4.26
719,2013-08-07,56.2,56.84,53.84,54.12,73139,98764090.0,5.35,-3.56,-2.0,4.45
720,2013-08-08,54.24,55.16,53.6,54.28,51544,68832118.0,2.88,0.3,0.16,3.14
721,2013-08-09,54.32,56.32,54.0,55.24,51216,69337733.0,4.27,1.77,0.96,3.12
722,2013-08-12,55.4,55.64,53.52,54.64,54602,73107906.0,3.84,-1.09,-0.6,3.32
723,2013-08-13,54.68,55.6,54.04,55.4,61516,83239496.0,2.86,1.39,0.76,3.75
724,2013-08-14,55.8,56.28,54.84,55.36,62423,85216843.0,2.6,-0.07,-0.04,3.8
725,2013-08-15,55.56,57.72,55.48,56.08,95863,133143807.0,4.05,1.3,0.72,5.84
726,2013-08-16,55.36,56.08,53.28,53.28,65483,87738153.0,4.99,-4.99,-2.8,3.99
727,2013-08-19,53.4,54.92,53.0,54.88,35179,46888583.0,3.6,3.0,1.6,2.14
728,2013-08-20,54.8,56.08,54.44,55.24,47714,64877949.0,2.99,0.66,0.36,2.9
729,2013-08-21,55.28,55.56,54.6,55.44,34849,47163820.0,1.74,0.36,0.2,2.12
730,2013-08-22,55.08,56.96,55.08,56.32,62983,87130023.0,3.39,1.59,0.88,3.83
731,2013-08-23,56.24,56.72,54.24,55.28,62298,85151997.0,4.4,-1.85,-1.04,3.79
732,2013-08-26,55.48,56.24,55.04,55.96,44083,60406438.0,2.17,1.23,0.68,2.68
733,2013-08-27,56.16,58.44,56.16,58.2,88327,125374901.0,4.07,4.0,2.24,5.38
734,2013-08-28,58.64,60.88,57.48,58.52,133933,196234823.0,5.84,0.55,0.32,8.15
735,2013-08-29,58.52,58.52,55.68,56.08,84205,117245917.0,4.85,-4.17,-2.44,5.13
736,2013-08-30,55.88,55.88,51.72,53.36,94152,123370137.0,7.42,-4.85,-2.72,5.73
737,2013-09-02,53.2,54.32,52.64,53.84,35236,46360139.0,3.15,0.9,0.48,2.15
738,2013-09-03,54.16,54.64,53.44,54.4,30055,39856812.0,2.23,1.04,0.56,1.83
739,2013-09-04,54.44,55.76,54.2,54.92,44181,59803770.0,2.87,0.96,0.52,2.69
740,2013-09-05,55.44,56.48,54.32,54.4,52526,71588796.0,3.93,-0.95,-0.52,3.2
741,2013-09-06,53.88,55.24,53.08,55.0,49891,66242467.0,3.97,1.1,0.6,3.04
742,2013-09-09,54.6,55.4,53.32,54.28,68520,90661425.0,3.78,-1.31,-0.72,4.17
743,2013-09-10,54.28,54.4,53.16,53.52,53824,70708885.0,2.28,-1.4,-0.76,3.28
744,2013-09-11,53.72,53.92,51.2,51.48,70809,90151580.0,5.08,-3.81,-2.04,4.31
745,2013-09-12,51.16,52.44,51.16,51.76,34290,43430520.0,2.49,0.54,0.28,2.09
746,2013-09-13,51.6,52.36,51.16,51.96,28511,36189602.0,2.32,0.39,0.2,1.74
747,2013-09-16,51.96,52.4,51.24,51.28,48483,61143486.0,2.23,-1.31,-0.68,2.95
748,2013-09-17,51.52,51.96,49.8,50.16,47490,59034242.0,4.21,-2.18,-1.12,2.89
749,2013-09-18,49.84,50.48,49.2,49.76,41740,50746068.0,2.55,-0.8,-0.4,2.54
750,2013-09-23,50.16,51.64,50.12,51.6,48474,60566846.0,3.05,3.7,1.84,2.95
751,2013-09-24,51.8,52.96,51.76,52.4,51228,65845673.0,2.33,1.55,0.8,3.12
752,2013-09-25,52.56,56.84,52.56,55.2,134955,182142898.0,8.17,5.34,2.8,8.22
753,2013-09-26,54.4,56.52,54.2,54.72,87913,120130957.0,4.2,-0.87,-0.48,5.35
754,2013-09-27,54.48,55.08,53.8,54.0,40605,54074331.0,2.34,-1.32,-0.72,2.47
755,2013-09-30,54.4,56.16,54.4,54.96,48745,66409316.0,3.26,1.78,0.96,2.97
756,2013-10-08,55.08,56.2,54.48,55.6,39714,54140431.0,3.13,1.16,0.64,2.42
757,2013-10-09,56.0,60.4,56.0,58.6,102839,147452641.0,7.91,5.4,3.0,6.26
758,2013-10-10,59.72,61.48,58.24,58.6,96677,141674465.0,5.53,0.0,0.0,5.89
759,2013-10-11,58.8,59.56,57.0,57.32,68232,96805091.0,4.37,-2.18,-1.28,4.15
760,2013-10-14,57.0,58.84,56.2,57.36,54041,76759143.0,4.61,0.07,0.04,3.29
761,2013-10-15,57.6,57.88,56.12,57.2,50299,70233356.0,3.07,-0.28,-0.16,3.06
762,2013-10-16,56.72,57.08,54.04,54.4,54379,73309617.0,5.31,-4.9,-2.8,3.31
763,2013-10-17,54.48,57.4,54.48,57.28,56218,77160168.0,5.37,5.29,2.88,3.42
764,2013-10-18,58.68,60.8,58.68,59.16,114135,167057978.0,3.7,3.28,1.88,6.95
765,2013-10-21,58.8,62.52,57.8,61.36,91777,136953853.0,7.98,3.72,2.2,5.59
766,2013-10-22,60.96,63.2,59.96,60.2,79595,120316923.0,5.28,-1.89,-1.16,4.85
767,2013-10-23,59.96,61.2,57.92,58.76,59232,86587400.0,5.45,-2.39,-1.44,3.61
768,2013-10-24,58.64,59.88,58.24,58.8,37778,54876410.0,2.79,0.07,0.04,2.3
769,2013-10-25,59.28,60.6,56.6,59.88,59390,85911420.0,6.8,1.84,1.08,3.62
770,2013-10-28,60.52,62.0,59.88,60.92,49428,74101412.0,3.54,1.74,1.04,3.01
771,2013-10-29,60.92,62.0,57.04,59.4,58801,85734104.0,8.14,-2.5,-1.52,3.58
772,2013-10-30,59.0,64.72,59.0,63.76,96100,146205681.0,9.63,7.34,4.36,5.85
773,2013-10-31,63.36,64.8,62.08,64.08,63862,99655158.0,4.27,0.5,0.32,3.89
774,2013-11-01,63.4,65.56,61.96,62.04,68908,108128155.0,5.62,-3.18,-2.04,4.2
775,2013-11-04,61.48,65.36,61.44,65.24,70792,111206285.0,6.32,5.16,3.2,4.31
776,2013-11-05,64.68,66.12,64.12,65.04,62447,100101787.0,3.07,-0.31,-0.2,3.8
777,2013-11-06,64.6,68.12,64.36,65.56,95100,156001773.0,5.78,0.8,0.52,5.79
778,2013-11-07,65.76,65.76,63.28,63.88,49570,78325618.0,3.78,-2.56,-1.68,3.02
779,2013-11-08,63.6,65.52,62.04,62.88,59306,92608442.0,5.45,-1.57,-1.0,3.61
780,2013-11-11,62.6,63.8,61.6,62.64,32523,50221562.0,3.5,-0.38,-0.24,1.98
781,2013-11-12,63.04,63.6,62.16,63.16,23886,36977453.0,2.3,0.83,0.52,1.45
782,2013-11-13,63.88,65.12,62.2,62.48,35761,56093403.0,4.62,-1.08,-0.68,2.18
783,2013-11-14,62.4,67.72,60.68,66.16,85810,136770264.0,11.27,5.89,3.68,5.22
784,2013-11-15,66.0,69.8,65.88,66.72,122080,204831199.0,5.93,0.85,0.56,7.43
785,2013-11-18,66.92,73.28,66.92,72.84,188082,332852880.0,9.53,9.17,6.12,11.45
786,2013-11-19,71.8,73.0,70.36,70.6,92325,162488909.0,3.62,-3.08,-2.24,5.62
787,2013-11-20,70.84,73.4,70.28,72.8,87952,156639899.0,4.42,3.12,2.2,5.35
788,2013-11-21,72.76,72.96,71.0,72.0,51526,91267771.0,2.69,-1.1,-0.8,3.14
789,2013-11-22,72.0,73.68,71.0,73.2,70498,126208532.0,3.72,1.67,1.2,4.29
790,2013-11-25,75.36,77.32,73.44,74.28,60203,112168274.0,5.3,1.48,1.08,3.67
791,2013-11-26,73.52,74.6,71.4,72.84,42431,76401117.0,4.31,-1.94,-1.44,2.58
792,2013-11-27,73.28,78.16,73.28,77.72,73901,139379321.0,6.7,6.7,4.88,4.5
793,2013-11-28,77.72,78.92,76.48,77.8,41969,80323835.0,3.14,0.1,0.08,2.56
794,2013-11-29,77.36,81.16,76.8,79.96,60354,118523836.0,5.6,2.78,2.16,3.67
795,2013-12-02,75.2,77.44,72.6,73.32,98606,182569560.0,6.05,-8.3,-6.64,6.0
796,2013-12-03,72.64,76.12,72.6,74.6,56498,104024513.0,4.8,1.75,1.28,3.44
797,2013-12-04,74.4,75.0,73.12,73.8,54875,100067022.0,2.52,-1.07,-0.8,3.34
798,2013-12-05,73.4,73.4,68.92,69.72,86364,150601971.0,6.07,-5.53,-4.08,5.26
799,2013-12-06,68.92,69.48,66.84,68.12,46054,77217847.0,3.79,-2.29,-1.6,2.8
800,2013-12-09,67.88,70.6,67.84,70.04,26270,45056285.0,4.05,2.82,1.92,1.6
801,2013-12-10,69.8,70.72,68.6,69.0,23351,39921643.0,3.03,-1.48,-1.04,1.42
802,2013-12-11,69.32,70.56,68.28,70.16,24813,42669219.0,3.3,1.68,1.16,1.51
803,2013-12-25,77.08,77.08,77.08,77.08,3260,6199835.0,0.0,9.86,6.92,0.2
804,2013-12-26,84.68,84.68,84.0,84.68,250716,524402112.0,0.88,9.86,7.6,15.26
805,2013-12-27,83.76,86.56,81.2,84.72,196584,407162144.0,6.33,0.05,0.04,11.97
806,2013-12-30,85.12,88.72,84.2,86.04,133050,285865712.0,5.34,1.56,1.32,8.1
807,2013-12-31,84.28,85.96,80.12,80.12,105590,216013018.0,6.79,-6.88,-5.92,6.43
808,2014-01-02,80.6,83.88,80.12,83.56,64614,131089244.0,4.69,4.29,3.44,3.93
809,2014-01-03,83.16,86.2,82.32,85.56,62362,130818647.0,4.64,2.39,2.0,3.8
810,2014-01-06,84.52,88.44,82.2,84.0,57584,122920455.0,7.29,-1.82,-1.56,3.51
811,2014-01-07,83.08,88.96,81.52,88.96,55386,117266884.0,8.86,5.9,4.96,3.37
812,2014-01-08,89.8,97.52,89.0,92.36,94693,217860102.0,9.58,3.82,3.4,5.76
813,2014-01-09,91.4,93.2,87.84,88.96,54210,121787686.0,5.8,-3.68,-3.4,3.3
814,2014-01-10,87.76,92.68,86.28,87.8,50061,111080018.0,7.19,-1.3,-1.16,3.05
815,2014-01-13,87.6,92.96,87.6,89.24,52671,117777001.0,6.1,1.64,1.44,3.21
816,2014-01-14,88.6,95.36,88.52,95.32,72723,166119721.0,7.66,6.81,6.08,4.43
817,2014-01-15,95.72,98.4,93.72,95.8,52720,125114731.0,4.91,0.5,0.48,3.21
818,2014-01-16,93.52,96.52,90.4,91.64,86579,199320224.0,6.39,-4.34,-4.16,5.27
819,2014-01-17,91.6,94.2,89.4,89.84,42447,96725244.0,5.24,-1.96,-1.8,2.58
820,2014-01-20,89.24,92.04,85.0,85.8,40120,86401642.0,7.84,-4.5,-4.04,2.44
821,2014-01-21,85.88,88.52,85.36,88.52,31713,68353263.0,3.68,3.17,2.72,1.93
822,2014-01-22,89.08,92.68,88.64,90.76,45783,102882268.0,4.56,2.53,2.24,2.79
823,2014-01-23,90.04,95.84,90.04,95.6,53064,122689253.0,6.39,5.33,4.84,3.23
824,2014-01-24,95.0,96.72,93.76,94.44,32494,76238808.0,3.1,-1.21,-1.16,1.98
825,2014-01-27,95.4,96.8,93.0,94.84,30514,71802077.0,4.02,0.42,0.4,1.86
826,2014-01-28,90.4,93.8,90.4,92.72,49244,111907982.0,3.58,-2.24,-2.12,3.0
827,2014-01-29,91.8,96.2,91.68,94.2,20427,47742877.0,4.87,1.6,1.48,1.24
828,2014-01-30,95.0,99.2,93.32,98.0,38582,92473448.0,6.24,4.03,3.8,2.35
829,2014-02-07,97.88,107.72,97.48,107.72,79690,209698723.0,10.45,9.92,9.72,4.85
830,2014-02-10,110.92,111.2,107.0,109.84,76022,205738435.0,3.9,1.97,2.12,4.63
831,2014-02-11,110.56,111.0,103.4,105.72,70387,185302915.0,6.92,-3.75,-4.12,4.29
832,2014-02-12,105.0,106.96,102.84,106.8,44941,117135604.0,3.9,1.02,1.08,2.74
833,2014-02-13,105.6,107.12,102.2,102.68,37053,95695056.0,4.61,-3.86,-4.12,2.26
834,2014-02-14,102.6,104.44,99.48,103.2,34916,88129072.0,4.83,0.51,0.52,2.13
835,2014-02-17,103.2,108.16,103.2,104.6,40165,104840163.0,4.81,1.36,1.4,2.45
836,2014-02-18,103.68,104.12,100.16,102.08,39017,98131909.0,3.79,-2.41,-2.52,2.38
837,2014-02-19,102.08,102.16,98.2,99.4,43550,107111816.0,3.88,-2.63,-2.68,2.65
838,2014-02-20,99.8,101.24,95.72,96.4,45199,109178624.0,5.55,-3.02,-3.0,2.75
839,2014-02-21,96.36,98.0,95.0,97.88,32908,78770274.0,3.11,1.54,1.48,2.0
840,2014-02-24,97.4,97.4,89.0,94.08,52294,120576378.0,8.58,-3.88,-3.8,3.18
841,2014-02-25,93.8,96.04,85.0,86.56,85211,192498506.0,11.73,-7.99,-7.52,5.19
842,2014-02-26,85.72,87.72,82.92,87.24,55047,115997764.0,5.55,0.79,0.68,3.35
843,2014-02-27,88.12,92.6,88.12,88.12,66143,147615183.0,5.14,1.01,0.88,4.03
844,2014-02-28,88.72,93.08,88.08,92.44,43219,97117452.0,5.67,4.9,4.32,2.63
845,2014-03-03,94.56,95.52,91.2,92.72,39087,90254094.0,4.67,0.3,0.28,2.38
846,2014-03-04,91.08,93.0,91.0,91.84,22690,51514614.0,2.16,-0.95,-0.88,1.38
847,2014-03-05,91.68,94.4,89.44,89.88,24291,54925182.0,5.4,-2.13,-1.96,1.48
848,2014-03-06,90.96,90.96,86.2,89.04,31944,69531184.0,5.3,-0.93,-0.84,1.94
849,2014-03-07,89.6,94.96,89.0,92.24,39788,91209018.0,6.69,3.59,3.2,2.42
850,2014-03-10,92.12,93.6,88.92,89.8,27733,62386204.0,5.07,-2.65,-2.44,1.69
851,2014-03-11,88.92,90.12,86.2,88.52,27407,59246372.0,4.37,-1.43,-1.28,1.67
852,2014-03-12,89.8,90.16,84.6,86.8,30089,65340979.0,6.28,-1.94,-1.72,1.83
853,2014-03-13,86.84,87.44,85.2,87.12,27628,58693267.0,2.58,0.37,0.32,1.68
854,2014-03-14,86.04,87.24,85.44,86.92,23345,49934078.0,2.07,-0.23,-0.2,1.42
855,2014-03-17,86.6,90.96,85.0,88.92,37846,81499847.0,6.86,2.3,2.0,2.3
856,2014-03-18,89.0,89.32,87.12,88.36,30608,66767130.0,2.47,-0.63,-0.56,1.86
857,2014-03-19,88.12,88.12,86.2,87.04,29214,62855241.0,2.17,-1.49,-1.32,1.78
858,2014-03-20,86.64,87.6,85.0,85.0,23302,49796665.0,2.99,-2.34,-2.04,1.42
859,2014-03-21,84.36,84.52,78.92,82.16,65126,130266891.0,6.59,-3.34,-2.84,3.96
860,2014-03-24,79.0,84.6,79.0,80.2,45382,91024641.0,6.82,-2.39,-1.96,2.76
861,2014-03-25,80.6,83.28,79.52,83.0,28400,57509074.0,4.69,3.49,2.8,1.73
862,2014-03-26,83.0,84.0,81.44,83.24,15577,31853878.0,3.08,0.29,0.24,0.95
863,2014-03-27,82.92,83.8,79.4,79.4,30578,61316803.0,5.29,-4.61,-3.84,1.86
864,2014-03-28,79.2,82.04,78.24,81.56,35937,71145582.0,4.79,2.72,2.16,2.19
865,2014-03-31,81.08,83.32,80.44,80.52,22355,45358912.0,3.53,-1.28,-1.04,1.36
866,2014-04-01,80.56,83.4,80.52,82.88,27923,56633639.0,3.58,2.93,2.36,1.7
867,2014-04-02,83.0,84.68,82.2,82.88,20191,41518981.0,2.99,0.0,0.0,1.23
868,2014-04-03,83.72,84.52,82.6,82.6,17152,35378138.0,2.32,-0.34,-0.28,1.04
869,2014-04-04,82.6,83.8,82.08,82.6,19657,40220546.0,2.08,0.0,0.0,1.2
870,2014-04-08,81.04,84.08,81.04,83.28,23890,49173662.0,3.68,0.82,0.68,1.45
871,2014-04-09,83.72,86.52,83.0,86.52,31858,67086935.0,4.23,3.89,3.24,1.94
872,2014-04-10,86.2,90.32,85.72,86.96,34995,76474531.0,5.32,0.51,0.44,2.13
873,2014-04-11,86.12,87.32,84.8,85.16,17340,36776533.0,2.9,-2.07,-1.8,1.06
874,2014-04-14,85.2,88.0,85.16,87.84,15422,33057051.0,3.33,3.15,2.68,0.94
875,2014-04-15,90.04,91.0,88.4,89.4,32745,72736928.0,2.96,1.78,1.56,1.99
876,2014-04-16,89.48,89.56,87.2,88.24,15028,32756489.0,2.64,-1.3,-1.16,0.91
877,2014-04-17,88.84,90.12,87.84,88.44,18224,40146785.0,2.58,0.23,0.2,1.11
878,2014-04-18,88.28,89.76,87.92,88.92,12794,28085047.0,2.08,0.54,0.48,0.78
879,2014-04-21,88.88,94.96,88.68,91.64,42285,96958619.0,7.06,3.06,2.72,2.57
880,2014-04-22,91.4,93.72,89.2,90.52,30208,68207377.0,4.93,-1.22,-1.12,1.84
881,2014-04-23,90.2,92.0,89.48,90.12,17290,38815236.0,2.78,-0.44,-0.4,1.05
882,2014-04-24,90.44,92.68,89.92,90.16,20485,46134241.0,3.06,0.04,0.04,1.25
883,2014-04-25,90.24,90.4,82.64,82.76,31623,66953802.0,8.61,-8.21,-7.4,1.93
884,2014-04-28,81.04,82.2,79.04,79.04,28536,56493599.0,3.82,-4.49,-3.72,1.74
885,2014-04-29,77.52,79.8,72.2,73.64,60556,112005403.0,9.62,-6.83,-5.4,3.69
886,2014-04-30,74.2,76.92,73.24,76.08,27638,51404377.0,5.0,3.31,2.44,1.68
887,2014-05-05,75.8,77.72,75.0,77.08,17744,33566902.0,3.58,1.31,1.0,1.08
888,2014-05-06,77.08,80.28,77.08,79.2,21596,42021923.0,4.15,2.75,2.12,1.31
889,2014-05-07,78.76,79.04,76.04,76.72,24844,47336172.0,3.79,-3.13,-2.48,1.51
890,2014-05-08,76.2,78.84,75.44,76.4,17659,33651319.0,4.43,-0.42,-0.32,1.08
891,2014-05-09,76.4,77.48,72.8,73.32,30888,56320586.0,6.13,-4.03,-3.08,1.88
892,2014-05-12,74.2,74.48,69.68,72.4,58454,102781553.0,6.55,-1.25,-0.92,3.56
893,2014-05-13,72.4,73.6,70.32,71.28,54737,96498422.0,4.53,-1.55,-1.12,3.33
894,2014-05-14,71.52,71.64,68.12,69.04,68872,117053755.0,4.94,-3.14,-2.24,4.19
895,2014-05-15,68.72,70.2,65.8,66.2,54354,91576265.0,6.37,-4.11,-2.84,3.31
896,2014-05-16,66.44,67.0,63.36,65.56,55390,88210653.0,5.5,-0.97,-0.64,3.37
897,2014-05-19,65.0,67.2,65.0,66.64,35846,58697981.0,3.36,1.65,1.08,2.18
898,2014-05-20,67.36,68.92,66.44,67.28,28655,47877201.0,3.72,0.96,0.64,1.74
899,2014-05-21,67.32,68.76,66.12,68.56,26700,44739404.0,3.92,1.9,1.28,1.63
900,2014-05-22,68.84,74.2,68.84,72.2,68363,120940151.0,7.82,5.31,3.64,4.16
901,2014-05-23,71.36,73.88,70.6,73.64,34155,61180764.0,4.54,1.99,1.44,2.08
902,2014-05-26,73.04,74.2,72.48,73.84,21554,39040184.0,2.34,0.27,0.2,1.3
903,2014-05-27,73.2,73.36,71.88,72.08,20689,36931299.0,2.0,-2.38,-1.76,1.25
904,2014-05-28,71.84,77.8,71.84,77.8,58057,108362066.0,8.27,7.94,5.72,2.66
905,2014-05-29,77.8,81.52,77.8,79.16,67785,132688918.0,4.78,1.75,1.36,3.11
906,2014-05-30,79.92,86.96,78.2,86.96,84205,173570661.0,11.07,9.85,7.8,3.86
907,2014-06-03,89.0,90.6,84.4,85.0,127862,277688528.0,7.13,-2.25,-1.96,5.87
908,2014-06-04,83.8,88.2,83.08,86.48,79147,167512938.0,6.02,1.74,1.48,3.63
909,2014-06-05,86.6,86.6,81.8,84.68,78348,162686972.0,5.55,-2.08,-1.8,3.59
910,2014-06-06,84.68,86.2,82.44,82.64,47000,97474361.0,4.44,-2.41,-2.04,2.16
911,2014-06-09,81.92,83.24,79.52,79.76,63929,128106476.0,4.5,-3.48,-2.88,2.93
912,2014-06-10,80.24,85.16,79.96,83.8,78584,160544841.0,6.52,5.07,4.04,3.61
913,2014-06-11,83.6,85.4,82.4,83.84,49941,103394663.0,3.58,0.05,0.04,2.29
914,2014-06-12,83.4,88.8,83.4,87.2,77084,164981053.0,6.44,4.01,3.36,3.54
915,2014-06-13,86.4,92.0,86.0,90.84,86743,191410128.0,6.88,4.17,3.64,3.98
916,2014-06-16,90.84,91.76,88.84,90.84,55838,124748154.0,3.21,0.0,0.0,2.56
917,2014-06-17,90.32,90.68,87.24,88.32,59179,129659022.0,3.79,-2.77,-2.52,2.72
918,2014-06-18,88.76,88.76,86.44,86.96,29413,63464248.0,2.63,-1.54,-1.36,1.35
919,2014-06-19,86.52,87.4,79.0,80.84,50324,103088665.0,9.66,-7.04,-6.12,2.31
920,2014-06-20,81.0,84.92,79.8,83.44,46942,96340056.0,6.33,3.22,2.6,2.15
921,2014-06-23,83.48,87.32,83.48,86.92,52329,110793293.0,4.6,4.17,3.48,2.4
922,2014-06-24,86.16,87.6,84.84,86.6,40828,86774701.0,3.18,-0.37,-0.32,1.87
923,2014-06-25,86.44,86.44,82.88,83.16,51671,106992698.0,4.11,-3.97,-3.44,2.37
924,2014-06-26,83.36,90.88,82.84,88.28,74089,159188391.0,9.67,6.16,5.12,3.4
925,2014-06-27,88.4,91.0,87.68,89.72,65508,144894070.0,3.76,1.63,1.44,3.01
926,2014-06-30,89.96,94.6,89.0,91.48,78833,180369912.0,6.24,1.96,1.76,3.62
927,2014-07-01,92.32,94.04,90.2,91.2,59675,135260796.0,4.2,-0.31,-0.28,2.74
928,2014-07-02,93.0,98.0,92.2,94.44,93966,220880807.0,6.36,3.55,3.24,4.31
929,2014-07-03,93.4,95.24,91.6,93.0,48100,110695994.0,3.85,-1.52,-1.44,2.21
930,2014-07-04,92.28,94.12,91.32,92.28,35732,81666316.0,3.01,-0.77,-0.72,1.64
931,2014-07-07,92.76,96.4,91.44,95.44,86279,201092149.0,5.37,3.42,3.16,3.96
932,2014-07-08,96.96,99.72,95.0,95.48,75959,181664721.0,4.95,0.04,0.04,3.48
933,2014-07-09,95.88,102.04,95.04,97.96,127682,314040176.0,7.33,2.6,2.48,5.86
934,2014-07-10,96.6,99.08,94.12,94.24,86977,206560168.0,5.06,-3.8,-3.72,3.99
935,2014-07-11,93.0,95.4,91.6,94.44,50090,115683217.0,4.03,0.21,0.2,2.3
936,2014-07-14,95.0,95.4,92.48,93.36,35001,81043373.0,3.09,-1.14,-1.08,1.61
937,2014-07-15,94.2,96.8,93.08,94.68,41085,96294230.0,3.98,1.41,1.32,1.88
938,2014-07-16,93.4,95.2,86.44,88.44,67429,150602424.0,9.25,-6.59,-6.24,3.09
939,2014-07-17,88.0,89.72,87.4,88.68,23662,51780740.0,2.62,0.27,0.24,1.09
940,2014-07-18,88.6,90.72,87.68,88.32,22690,50152876.0,3.43,-0.41,-0.36,1.04
941,2014-07-21,88.32,90.24,83.08,89.52,46925,100832554.0,8.11,1.36,1.2,2.15
942,2014-07-22,89.04,90.84,87.4,89.76,34068,75445247.0,3.84,0.27,0.24,1.56
943,2014-07-23,89.76,92.88,89.0,91.32,65235,147463750.0,4.32,1.74,1.56,2.99
944,2014-07-24,90.4,92.0,84.92,89.6,56517,123016639.0,7.75,-1.88,-1.72,2.59
945,2014-07-25,89.0,89.96,85.92,87.08,40080,86759845.0,4.51,-2.81,-2.52,1.84
946,2014-07-28,86.8,88.8,85.0,87.68,45524,97859026.0,4.36,0.69,0.6,2.09
947,2014-07-29,88.16,91.8,87.0,91.24,64603,144523200.0,5.47,4.06,3.56,2.96
948,2014-07-30,91.36,97.0,91.36,95.28,71783,168158990.0,6.18,4.43,4.04,3.29
949,2014-07-31,95.24,96.52,93.4,95.84,35591,83562157.0,3.27,0.59,0.56,1.63
950,2014-08-01,95.0,95.4,93.52,93.84,31950,74553426.0,1.96,-2.09,-2.0,1.47
951,2014-08-04,94.24,96.12,93.04,94.6,26174,61327489.0,3.28,0.81,0.76,1.2
952,2014-08-05,94.64,96.4,92.44,95.8,48028,112194482.0,4.19,1.27,1.2,2.2
953,2014-08-06,95.4,97.6,94.64,96.16,41129,98235598.0,3.09,0.38,0.36,1.89
954,2014-08-07,96.2,96.56,91.32,91.48,78709,181765514.0,5.45,-4.87,-4.68,3.61
955,2014-08-08,91.8,94.64,91.16,92.8,36101,82994870.0,3.8,1.44,1.32,1.66
956,2014-08-11,92.96,98.96,92.88,97.88,76426,182529372.0,6.55,5.47,5.08,3.51
957,2014-08-12,98.12,98.92,96.68,98.6,57309,138805192.0,2.29,0.74,0.72,2.63
958,2014-08-13,98.2,98.56,95.28,96.36,45799,109409274.0,3.33,-2.27,-2.24,2.1
959,2014-08-14,96.84,100.88,96.6,97.08,56076,137219928.0,4.44,0.75,0.72,2.57
960,2014-08-15,98.6,106.52,96.52,104.28,98814,248435648.0,10.3,7.42,7.2,4.53
961,2014-08-18,104.4,106.12,102.24,104.24,63447,163557934.0,3.72,-0.04,-0.04,2.91
962,2014-08-19,104.24,106.72,103.08,105.36,60397,157049837.0,3.49,1.07,1.12,2.77
963,2014-08-20,105.64,106.04,102.8,103.12,52169,134399091.0,3.08,-2.13,-2.24,2.39
964,2014-08-21,103.04,104.48,99.8,101.4,57204,144053484.0,4.54,-1.67,-1.72,2.62
965,2014-08-22,101.08,103.96,100.04,103.2,61957,156178942.0,3.87,1.78,1.8,2.84
966,2014-08-25,102.36,102.96,100.2,100.44,37963,94896980.0,2.67,-2.67,-2.76,1.74
967,2014-08-26,100.36,100.36,95.16,96.44,64078,154304821.0,5.18,-3.98,-4.0,2.94
968,2014-08-27,96.44,100.88,96.12,99.16,56861,139661806.0,4.94,2.82,2.72,2.61
969,2014-08-28,98.92,99.36,96.6,99.0,31607,76649577.0,2.78,-0.16,-0.16,1.45
970,2014-08-29,98.96,102.36,98.72,101.96,39404,98476216.0,3.68,2.99,2.96,1.81
971,2014-09-01,104.24,108.8,103.2,106.88,93289,245735967.0,5.49,4.83,4.92,4.28
972,2014-09-02,108.2,110.4,106.12,108.12,108837,292408688.0,4.0,1.16,1.24,4.99
973,2014-09-03,108.8,112.12,107.84,108.04,110179,300213008.0,3.96,-0.07,-0.08,5.05
974,2014-09-04,107.0,112.72,105.24,109.92,100495,273144000.0,6.92,1.74,1.88,4.61
975,2014-09-05,109.8,110.16,107.04,109.56,60523,162713665.0,2.84,-0.33,-0.36,2.78
976,2014-09-09,109.0,110.88,107.4,109.2,53760,145539593.0,3.18,-0.33,-0.36,2.47
977,2014-09-10,108.44,109.72,106.72,107.96,51491,137861549.0,2.75,-1.14,-1.24,2.36
978,2014-09-11,108.2,112.8,108.2,110.72,84892,232376154.0,4.26,2.56,2.76,3.89
979,2014-09-12,111.04,117.0,111.04,115.28,104847,297590688.0,5.38,4.12,4.56,4.81
980,2014-09-15,114.8,119.68,113.6,117.52,78413,227770780.0,5.27,1.94,2.24,3.6
981,2014-09-16,118.36,118.36,109.88,110.2,99293,279797792.0,7.22,-6.23,-7.32,4.56
982,2014-09-17,109.8,113.4,107.6,110.88,70093,190637893.0,5.26,0.62,0.68,3.22
983,2014-09-18,109.8,112.08,109.4,110.2,37164,101766694.0,2.42,-0.61,-0.68,1.71
984,2014-09-19,111.2,111.2,108.12,110.24,45489,123745447.0,2.79,0.04,0.04,2.09
985,2014-09-22,110.16,110.16,106.24,106.96,57005,152146914.0,3.56,-2.98,-3.28,2.62
986,2014-09-23,106.88,110.76,106.6,110.36,52637,142746114.0,3.89,3.18,3.4,2.41
987,2014-09-24,111.04,114.44,110.04,114.32,61284,171720416.0,3.99,3.59,3.96,2.81
988,2014-09-25,115.0,116.2,112.92,113.32,64452,182468027.0,2.87,-0.87,-1.0,2.96
989,2014-09-26,113.4,113.96,111.8,112.04,34421,95978332.0,1.91,-1.13,-1.28,1.58
990,2014-09-29,112.08,114.88,112.04,112.68,35382,99572563.0,2.53,0.57,0.64,1.62
991,2014-09-30,112.92,114.4,111.6,114.2,41139,115588330.0,2.48,1.35,1.52,1.89
992,2014-10-08,114.88,117.36,113.72,116.2,55559,159512489.0,3.19,1.75,2.0,2.55
993,2014-10-09,116.4,116.68,110.28,112.8,77254,216080423.0,5.51,-2.93,-3.4,3.54
994,2014-10-10,111.44,113.28,109.08,112.72,68832,189822078.0,3.72,-0.07,-0.08,3.16
995,2014-10-13,111.4,116.56,110.6,114.16,57169,161331881.0,5.29,1.28,1.44,2.62
996,2014-10-14,114.16,115.08,110.56,111.28,49194,137596912.0,3.96,-2.52,-2.88,2.26
997,2014-10-15,113.76,116.2,111.64,112.52,101127,285004816.0,4.1,1.11,1.24,4.64
998,2014-10-16,110.04,110.12,105.44,105.48,137638,367524384.0,4.16,-6.26,-7.04,6.31
999,2014-10-17,105.24,106.8,103.32,105.48,48687,126451934.0,3.3,0.0,0.0,2.23
1000,2014-10-20,106.44,107.6,105.56,106.84,33316,88176513.0,1.93,1.29,1.36,1.53
1001,2014-10-21,107.0,107.0,103.72,104.0,50604,131273664.0,3.07,-2.66,-2.84,2.32
1002,2014-10-22,104.0,105.96,102.2,102.28,43714,112708589.0,3.62,-1.65,-1.72,2.01
1003,2014-10-23,102.6,102.8,99.2,99.6,46476,115550329.0,3.52,-2.62,-2.68,2.13
1004,2014-10-24,99.44,102.12,99.44,100.48,39067,97677958.0,2.69,0.88,0.88,1.79
1005,2014-10-27,102.12,104.6,101.04,103.4,47928,122230592.0,3.54,2.91,2.92,2.2
1006,2014-10-28,103.76,107.36,103.76,106.44,56620,149257387.0,3.48,2.94,3.04,2.6
1007,2014-10-29,107.48,108.36,105.8,106.36,67291,178478964.0,2.41,-0.08,-0.08,3.09
1008,2014-10-30,106.36,106.8,104.4,104.8,45899,119837771.0,2.26,-1.47,-1.56,2.11
1009,2014-10-31,104.44,106.36,101.72,103.32,46517,119520171.0,4.43,-1.41,-1.48,2.13
1010,2014-11-03,103.0,106.08,103.0,105.56,37030,95844218.0,2.98,2.17,2.24,1.7
1011,2014-11-04,105.52,105.64,102.12,102.52,43100,110426334.0,3.33,-2.88,-3.04,1.98
1012,2014-11-05,101.84,102.92,100.6,100.8,35614,89153218.0,2.26,-1.68,-1.72,1.63
1013,2014-11-06,100.8,102.16,99.44,102.12,38985,97128538.0,2.7,1.31,1.32,1.79
1014,2014-11-07,102.2,102.4,99.2,99.64,41097,102465334.0,3.13,-2.43,-2.48,1.89
1015,2014-11-10,99.32,100.52,95.8,97.56,65031,156574612.0,4.74,-2.09,-2.08,2.98
1016,2014-11-11,97.6,99.08,94.4,95.0,46697,111456195.0,4.8,-2.62,-2.56,2.14
1017,2014-11-12,95.0,95.6,94.44,95.2,49760,116832288.0,1.22,0.21,0.2,2.28
1018,2014-11-13,95.24,95.24,90.2,90.96,57001,129160611.0,5.29,-4.45,-4.24,2.62
1019,2014-11-14,90.92,92.4,89.88,91.28,32212,72773097.0,2.77,0.35,0.32,1.48
1020,2014-11-17,91.6,95.48,90.64,94.48,54348,126272949.0,5.3,3.51,3.2,2.49
1021,2014-11-18,94.48,95.68,93.68,95.6,36480,85427900.0,2.12,1.19,1.12,1.67
1022,2014-11-19,95.0,96.52,94.32,95.16,29318,69272638.0,2.3,-0.46,-0.44,1.35
1023,2014-11-20,94.6,95.0,92.48,92.96,27448,63497491.0,2.65,-2.31,-2.2,1.26
1024,2014-11-21,92.92,94.96,92.72,94.76,35525,82994625.0,2.41,1.94,1.8,1.63
1025,2014-11-24,96.4,96.56,94.04,95.88,47989,113341665.0,2.66,1.18,1.12,2.2
1026,2014-11-25,96.56,100.28,95.88,99.0,86547,212351450.0,4.59,3.25,3.12,3.97
1027,2014-11-26,98.24,100.76,98.0,99.0,45672,112504168.0,2.79,0.0,0.0,2.1
1028,2014-11-27,98.6,100.4,97.64,99.6,39573,97119561.0,2.79,0.61,0.6,1.82
1029,2014-11-28,100.08,102.0,98.64,99.52,47289,117314120.0,3.37,-0.08,-0.08,2.17
1030,2014-12-01,99.6,100.48,95.0,96.72,56925,135668079.0,5.51,-2.81,-2.8,2.61
1031,2014-12-02,96.2,98.36,95.48,97.16,40019,96342208.0,2.98,0.45,0.44,1.84
1032,2014-12-03,96.96,98.12,93.2,98.12,58882,139241812.0,5.06,0.99,0.96,2.7
1033,2014-12-04,97.36,100.36,97.32,100.08,68224,167560131.0,3.1,2.0,1.96,3.13
1034,2014-12-05,100.96,105.0,95.0,104.2,151502,383139776.0,9.99,4.12,4.12,6.95
1035,2014-12-08,105.4,109.32,105.4,106.2,169809,451687840.0,3.76,1.92,2.0,7.79
1036,2014-12-09,106.2,107.36,95.68,95.68,130528,330320064.0,11.0,-9.91,-10.52,5.99
1037,2014-12-10,95.68,102.12,95.68,100.84,84935,209852292.0,6.73,5.39,5.16,3.9
1038,2014-12-11,100.92,105.4,100.08,105.28,81046,209022936.0,5.28,4.4,4.44,3.72
1039,2014-12-12,105.0,105.6,102.72,104.64,42065,108349490.0,2.74,-0.61,-0.64,1.93
1040,2014-12-15,102.88,108.2,102.0,107.8,103333,273475312.0,5.93,3.02,3.16,4.74
1041,2014-12-16,107.8,108.92,105.6,107.04,54495,144356468.0,3.08,-0.71,-0.76,2.5
1042,2014-12-17,106.96,113.8,106.08,112.44,126225,345791216.0,7.21,5.04,5.4,5.79
1043,2014-12-18,111.8,116.52,110.84,113.6,111078,312321360.0,5.05,1.03,1.16,5.1
1044,2014-12-19,113.4,113.4,103.64,109.4,96772,260136511.0,8.59,-3.7,-4.2,4.44
1045,2014-12-22,107.8,107.8,100.2,101.6,59593,151968226.0,6.95,-7.13,-7.8,2.73
1046,2014-12-23,101.72,102.2,91.56,92.16,82399,196161801.0,10.47,-9.29,-9.44,3.78
1047,2014-12-24,92.32,96.48,91.92,95.8,48888,113866433.0,4.95,3.95,3.64,2.24
1048,2014-12-25,95.84,96.96,92.8,95.12,39292,92333964.0,4.34,-0.71,-0.68,1.8
1049,2014-12-26,94.52,95.8,93.32,94.32,35797,83434064.0,2.61,-0.84,-0.8,1.64
1050,2014-12-29,95.8,98.56,94.24,95.92,42826,101760220.0,4.58,1.7,1.6,1.96
1051,2014-12-30,96.0,96.0,86.56,87.32,104294,230133995.0,9.84,-8.97,-8.6,4.78
1052,2014-12-31,88.6,90.08,87.92,88.96,38624,85095461.0,2.47,1.88,1.64,1.76
1053,2015-01-05,89.8,90.2,85.0,86.96,46355,99370534.0,5.85,-2.25,-2.0,2.11
1054,2015-01-06,86.8,91.6,86.12,91.24,67304,149081409.0,6.3,4.92,4.28,3.07
1055,2015-01-07,91.24,93.72,90.64,91.44,35524,80964507.0,3.38,0.22,0.2,1.62
1056,2015-01-08,91.0,92.92,89.8,91.8,31385,71370184.0,3.41,0.39,0.36,1.43
1057,2015-01-09,91.8,98.2,91.76,94.2,77462,183732064.0,7.02,2.61,2.4,3.53
1058,2015-01-12,93.68,99.24,92.92,96.48,49033,117632689.0,6.71,2.42,2.28,2.24
1059,2015-01-13,96.48,99.0,95.88,97.52,30232,72996045.0,3.23,1.08,1.04,1.38
1060,2015-01-14,97.76,100.2,95.28,95.56,28350,68269406.0,5.05,-2.01,-1.96,1.29
1061,2015-01-15,95.56,96.8,93.2,94.52,18972,44396340.0,3.77,-1.09,-1.04,0.87
1062,2015-01-16,94.52,96.96,94.12,96.4,36729,86999059.0,3.0,1.99,1.88,1.67
1063,2015-01-19,94.36,98.08,92.12,92.84,51122,120595278.0,6.18,-3.69,-3.56,2.33
1064,2015-01-20,93.84,98.04,93.84,98.0,46219,110151043.0,4.52,5.56,5.16,2.11
1065,2015-01-21,98.32,101.68,98.32,101.04,58812,146581669.0,3.43,3.1,3.04,2.68
1066,2015-01-22,101.4,105.8,99.4,104.92,68618,174693591.0,6.33,3.84,3.88,3.13
1067,2015-01-23,104.96,105.88,102.0,102.12,47811,122839612.0,3.7,-2.67,-2.8,2.18
1068,2015-01-26,102.76,109.44,102.76,107.72,71474,189882941.0,6.54,5.48,5.6,3.26
1069,2015-01-27,113.0,115.0,108.52,110.12,98749,274366752.0,6.02,2.23,2.4,4.5
1070,2015-01-28,109.0,114.56,107.6,112.32,85304,237365235.0,6.32,2.0,2.2,3.89
1071,2015-01-29,111.4,114.8,109.0,112.56,65788,184085836.0,5.16,0.21,0.24,3.0
1072,2015-01-30,110.6,114.4,107.24,110.84,79472,218909143.0,6.36,-1.53,-1.72,3.62
1073,2015-02-02,110.84,113.8,107.52,112.6,56044,154747856.0,5.67,1.59,1.76,2.56
1074,2015-02-03,111.88,121.2,111.6,116.36,137146,400429168.0,8.53,3.34,3.76,6.25
1075,2015-02-04,116.56,125.0,115.44,123.36,123438,371541136.0,8.22,6.02,7.0,5.63
1076,2015-02-05,122.2,124.2,120.36,122.6,55730,169235545.0,3.11,-0.62,-0.76,2.54
1077,2015-02-06,121.48,123.8,114.8,116.52,71571,209025709.0,7.34,-4.96,-6.08,3.26
1078,2015-02-09,115.72,119.32,109.12,110.24,55459,155386844.0,8.75,-5.39,-6.28,2.53
1079,2015-02-10,110.2,113.04,108.12,112.92,48763,133662212.0,4.46,2.43,2.68,2.22
1080,2015-02-11,113.4,119.72,113.4,117.0,48126,139927235.0,5.6,3.61,4.08,2.19
1081,2015-02-12,117.28,119.2,115.4,116.8,27067,78647583.0,3.25,-0.17,-0.2,1.23
1082,2015-02-13,117.64,121.76,117.64,118.76,54255,161354339.0,3.53,1.68,1.96,2.47
1083,2015-02-16,118.76,130.52,118.24,130.52,89156,280043008.0,10.34,9.9,11.76,4.07
1084,2015-02-17,131.4,135.04,126.92,130.04,68994,223790487.0,6.22,-0.37,-0.48,3.15
1085,2015-02-25,130.16,134.08,126.32,127.0,44368,142700024.0,5.97,-2.34,-3.04,2.02
1086,2015-02-26,126.12,129.52,121.88,124.8,57972,180164020.0,6.02,-1.73,-2.2,2.64
1087,2015-02-27,124.52,137.2,124.44,130.92,90202,294850752.0,10.22,4.9,6.12,4.11
1088,2015-03-02,130.84,133.08,127.0,131.2,77641,251052139.0,4.64,0.21,0.28,3.54
1089,2015-03-03,131.24,136.44,129.36,132.12,90170,297336048.0,5.4,0.7,0.92,4.11
1090,2015-03-04,132.12,136.0,131.2,133.52,52913,175449827.0,3.63,1.06,1.4,2.41
1091,2015-03-05,134.0,143.12,133.88,140.88,115028,397584768.0,6.92,5.51,7.36,5.24
1092,2015-03-06,140.6,140.8,129.0,132.2,103511,344180704.0,8.38,-6.16,-8.68,4.72
1093,2015-03-09,132.2,137.28,129.0,135.76,63583,212793023.0,6.26,2.69,3.56,2.9
1094,2015-03-10,135.88,149.24,135.88,145.24,116830,416868000.0,9.84,6.98,9.48,5.33
1095,2015-06-11,159.64,159.64,159.64,159.64,488,1933839.0,0.0,9.91,14.4,0.02
1096,2015-06-12,175.48,175.48,175.48,175.48,521,2270258.0,0.0,9.92,15.84,0.02
1097,2015-06-15,192.92,192.92,192.92,192.92,15198,72844637.0,0.0,9.94,17.44,0.69
1098,2015-06-16,212.08,212.08,212.08,212.08,62608,330071744.0,0.0,9.93,19.16,2.85
1099,2015-06-17,213.2,233.16,207.2,233.16,266493,1492440816.0,12.24,9.94,21.08,12.15
1100,2015-06-18,225.68,247.88,213.2,221.2,188462,1077099648.0,14.87,-5.13,-11.96,8.59
1101,2015-06-19,225.2,231.8,207.6,216.32,143578,788701664.0,10.94,-2.21,-4.88,6.55
1102,2015-06-23,212.4,226.0,195.72,223.28,121160,632452256.0,14.0,3.22,6.96,5.52
1103,2015-06-24,223.8,235.52,216.0,225.08,114688,644609104.0,8.74,0.81,1.8,5.23
1104,2015-06-25,227.84,246.72,218.4,225.16,141802,820674976.0,12.58,0.04,0.08,6.47
1105,2015-06-26,222.0,236.4,202.76,202.76,152331,830187584.0,14.94,-9.95,-22.4,6.95
1106,2015-06-29,221.2,221.2,182.6,204.8,225667,1129246160.0,19.04,1.01,2.04,10.29
1107,2015-06-30,193.2,225.16,184.44,223.6,214431,1076404432.0,19.88,9.18,18.8,9.74
1108,2015-07-01,224.28,245.2,217.2,230.4,194017,1139884880.0,12.52,3.04,6.8,8.81
1109,2015-07-02,227.2,241.2,207.48,207.48,196589,1099634048.0,14.64,-9.95,-22.92,8.93
1110,2015-07-03,186.84,216.0,186.84,186.84,133834,644122736.0,14.05,-9.95,-20.64,6.08
1111,2015-07-06,204.8,204.8,168.28,168.28,134213,605348576.0,19.55,-9.93,-18.56,6.1
1112,2015-07-07,151.56,151.56,151.56,151.56,8946,33628014.0,0.0,-9.94,-16.72,0.41
1113,2015-07-08,136.52,148.56,136.52,136.52,474762,1612593264.0,7.94,-9.92,-15.04,21.56
1114,2015-07-09,133.64,150.04,129.2,150.04,151400,544819168.0,15.27,9.9,13.52,6.88
1115,2015-07-10,163.2,164.92,160.2,164.92,40016,162206628.0,3.15,9.92,14.88,1.82
1116,2015-07-13,181.28,181.28,176.4,181.28,88226,396841616.0,2.96,9.92,16.36,4.01
1117,2015-07-14,193.2,199.28,188.4,199.28,175597,859756512.0,6.0,9.93,18.0,7.97
1118,2015-07-15,193.0,199.08,179.48,179.48,159804,742976352.0,9.84,-9.94,-19.8,7.26
1119,2015-07-16,167.92,196.2,165.6,190.96,130876,601449792.0,17.05,6.4,11.48,5.94
1120,2015-07-17,195.16,209.92,193.24,209.92,128765,654365616.0,8.73,9.93,18.96,5.85
1121,2015-07-20,213.2,228.28,205.36,214.0,175825,948397456.0,10.92,1.94,4.08,7.98
1122,2015-07-21,209.2,222.8,203.24,211.6,118232,629037552.0,9.14,-1.12,-2.4,5.37
1123,2015-07-22,208.8,223.04,208.32,215.68,125079,672110816.0,6.96,1.93,4.08,5.68
1124,2015-07-23,218.36,237.12,211.8,237.12,121021,662941760.0,11.74,9.94,21.44,5.5
1125,2015-07-24,240.36,260.72,239.64,259.24,175453,1106094032.0,8.89,9.33,22.12,7.97
1126,2015-07-27,261.2,285.04,253.2,264.0,302543,2089976896.0,12.28,1.84,4.76,13.74
1127,2015-07-28,241.2,290.28,241.2,281.2,292015,1982172528.0,18.59,6.52,17.2,13.26
1128,2015-07-29,282.0,289.16,253.2,269.4,279015,1842624976.0,12.79,-4.2,-11.8,12.67
1129,2015-07-30,265.2,285.0,245.64,247.4,246470,1657664640.0,14.61,-8.17,-22.0,11.19
1130,2015-07-31,241.2,253.2,222.8,222.8,172814,1018168224.0,12.29,-9.94,-24.6,7.85
1131,2015-08-03,207.6,216.4,200.64,200.64,164568,840449280.0,7.07,-9.95,-22.16,7.47
1132,2015-08-04,205.24,220.6,205.2,220.6,148435,802516416.0,7.68,9.95,19.96,6.74
1133,2015-08-05,232.4,242.56,229.2,237.12,263886,1545874992.0,6.06,7.49,16.52,11.98
1134,2015-08-06,225.6,236.36,220.4,222.32,143162,809728064.0,6.73,-6.24,-14.8,6.5
1135,2015-08-07,229.2,239.24,226.4,232.88,120468,696147776.0,5.78,4.75,10.56,5.47
1136,2015-08-10,233.16,253.08,233.16,248.4,152252,924948288.0,8.55,6.66,15.52,6.91
1137,2015-08-11,243.2,252.56,239.4,243.68,143478,878390688.0,5.3,-1.9,-4.72,6.52
1138,2015-08-12,238.16,250.52,230.8,232.6,123775,743033904.0,8.09,-4.55,-11.08,5.62
1139,2015-08-13,229.4,243.16,214.8,242.48,146877,829797568.0,12.19,4.25,9.88,6.67
1140,2015-08-14,241.24,242.6,233.32,233.92,101993,599522128.0,3.83,-3.53,-8.56,4.63
1141,2015-08-17,229.2,239.4,225.84,228.64,106953,620062368.0,5.8,-2.26,-5.28,4.86
1142,2015-08-18,228.6,231.2,205.88,205.88,132867,715901856.0,11.07,-9.95,-22.76,6.03
1143,2015-08-19,196.36,212.8,189.24,210.36,98438,495031360.0,11.44,2.18,4.48,4.47
1144,2015-08-20,213.2,224.6,209.2,209.36,117048,632638800.0,7.32,-0.48,-1.0,5.32
1145,2015-08-21,201.24,215.16,192.72,194.08,88517,447486432.0,10.72,-7.3,-15.28,4.02
1146,2015-08-24,181.2,188.12,174.8,174.8,61595,269809584.0,6.86,-9.93,-19.28,2.8
1147,2015-08-25,157.44,166.96,157.44,157.44,92258,365698448.0,5.45,-9.93,-17.36,4.19
1148,2015-08-26,157.6,172.88,150.32,158.0,148921,598158448.0,14.33,0.36,0.56,6.76
1149,2015-08-27,161.2,171.2,159.8,171.2,138509,573049280.0,7.22,8.35,13.2,6.29
1150,2015-08-28,177.2,188.2,171.6,188.2,158332,708600464.0,9.7,9.93,17.0,7.19
1151,2015-08-31,188.4,191.6,173.2,174.0,134197,604290320.0,9.78,-7.55,-14.2,6.09
1152,2015-09-01,173.52,173.52,156.72,156.72,80098,316928112.0,9.66,-9.93,-17.28,3.64
1153,2015-09-02,141.2,162.4,141.16,141.16,98097,355896288.0,13.55,-9.93,-15.56,4.45
1154,2015-09-07,145.2,151.8,132.04,138.68,129564,458008336.0,14.0,-1.76,-2.48,5.88
1155,2015-09-08,136.4,146.8,132.0,146.36,84006,289254416.0,10.67,5.54,7.68,3.81
1156,2015-09-09,149.2,160.88,145.6,152.04,285167,1076504224.0,10.44,3.88,5.68,12.95
1157,2015-09-10,148.28,157.2,145.6,151.04,112029,425151904.0,7.63,-0.66,-1.0,5.09
1158,2015-09-11,154.0,159.2,152.72,155.4,112695,436605568.0,4.29,2.89,4.36,5.12
1159,2015-09-14,159.4,159.96,140.0,140.0,104022,383353152.0,12.84,-9.91,-15.4,4.72
1160,2015-09-15,127.2,133.6,126.12,126.12,123814,394118496.0,5.34,-9.91,-13.88,5.62
1161,2015-09-16,125.28,138.6,118.4,137.68,181753,575797616.0,16.02,9.17,11.56,8.25
1162,2015-09-17,134.4,149.4,130.72,134.0,193422,670798800.0,13.57,-2.67,-3.68,8.78
1163,2015-09-18,136.8,147.28,133.6,144.56,152654,531961088.0,10.21,7.88,10.56,6.93
1164,2015-09-21,143.2,158.88,141.16,158.88,193481,741719872.0,12.26,9.91,14.32,8.79
1165,2015-09-22,169.2,173.2,161.24,171.04,164587,678965984.0,7.53,7.65,12.16,7.47
1166,2015-09-23,165.72,179.04,161.96,175.48,134087,566204672.0,9.99,2.6,4.44,6.09
1167,2015-09-24,177.84,180.08,168.6,171.0,104376,450327920.0,6.54,-2.55,-4.48,4.74
1168,2015-09-25,169.28,177.12,155.36,157.2,211336,435504720.0,12.73,-8.07,-13.8,4.8
1169,2015-09-28,155.68,170.8,149.36,169.28,217346,437004464.0,13.64,7.68,12.08,4.94
1170,2015-09-29,163.76,179.44,161.36,171.44,204551,435792768.0,10.68,1.28,2.16,4.64
1171,2015-09-30,173.2,181.2,167.44,174.8,199648,433395872.0,8.03,1.96,3.36,4.53
1172,2015-10-08,184.0,192.16,180.0,192.08,250096,585719904.0,6.96,9.89,17.28,5.68
1173,2015-10-09,192.4,203.52,189.68,196.96,228666,560876720.0,7.21,2.54,4.88,5.19
1174,2015-10-12,199.44,210.48,199.44,204.32,239250,607797504.0,5.61,3.74,7.36,5.43
1175,2015-10-13,203.92,208.0,198.64,201.2,262738,658136768.0,4.58,-1.53,-3.12,5.97
1176,2015-10-14,203.52,215.2,201.28,204.0,232366,599351616.0,6.92,1.39,2.8,5.28
1177,2015-10-15,202.64,212.48,197.6,212.24,235332,600865760.0,7.29,4.04,8.24,5.34
1178,2015-10-16,213.2,223.92,212.96,216.32,237683,644134800.0,5.16,1.92,4.08,5.4
1179,2015-10-19,217.44,223.28,206.4,212.64,298573,792633664.0,7.8,-1.7,-3.68,6.78
1180,2015-10-20,212.64,229.68,212.64,225.76,254788,703381568.0,8.01,6.17,13.12,5.79
1181,2015-10-21,227.44,228.56,203.52,203.84,281444,756125360.0,11.09,-9.71,-21.92,6.39
1182,2015-10-22,206.08,218.64,201.76,218.56,195802,514098688.0,8.28,7.22,14.72,4.45
1183,2015-10-23,225.12,225.2,211.28,217.12,239599,646590080.0,6.37,-0.66,-1.44,5.44
1184,2015-10-26,218.56,222.8,211.84,217.28,194979,527429232.0,5.05,0.07,0.16,4.43
1185,2015-10-27,215.6,238.88,213.28,238.88,332048,954426144.0,11.78,9.94,21.6,7.54
1186,2015-10-28,249.2,249.2,228.32,228.64,349885,1023579360.0,8.74,-4.29,-10.24,7.94
1187,2015-10-29,228.96,236.0,222.8,230.0,178290,508269920.0,5.77,0.59,1.36,4.05
1188,2015-10-30,230.64,243.84,230.0,233.12,231111,683104448.0,6.02,1.36,3.12,5.25
1189,2015-11-02,225.2,238.72,221.52,224.48,184704,527039760.0,7.38,-3.71,-8.64,4.19
1190,2015-11-03,225.12,227.52,214.16,216.88,156248,425755648.0,5.95,-3.39,-7.6,3.55
1191,2015-11-04,219.6,234.08,219.6,234.08,196767,558610864.0,6.68,7.93,17.2,4.47
1192,2015-11-05,234.88,257.04,232.16,248.4,348025,1058512848.0,10.63,6.12,14.32,7.9
1193,2015-11-06,250.0,264.24,249.6,259.36,265417,854159152.0,5.89,4.41,10.96,6.03
1194,2015-11-09,257.2,283.2,253.36,274.4,250953,833705584.0,11.51,5.8,15.04,5.7
1195,2015-11-10,275.52,275.52,265.2,270.72,210328,707911712.0,3.76,-1.34,-3.68,4.78
1196,2015-11-11,275.44,297.68,269.2,297.2,280853,989771360.0,10.52,9.78,26.48,6.38
1197,2015-11-12,296.4,297.04,286.0,290.0,263926,954406576.0,3.71,-2.42,-7.2,5.99
1198,2015-11-13,281.2,285.92,269.44,272.32,234100,805606432.0,5.68,-6.1,-17.68,5.32
1199,2015-11-16,267.6,289.04,266.8,286.16,214368,751096064.0,8.17,5.08,13.84,4.87
1200,2015-11-17,292.72,294.0,274.16,277.12,211091,751421664.0,6.93,-3.16,-9.04,4.79
1201,2015-11-18,279.68,282.72,259.43,260.24,202943,680054432.0,8.4,-6.09,-16.88,4.61
1202,2015-11-19,263.44,272.32,262.88,270.0,135337,451881456.0,3.63,3.75,9.76,3.07
1203,2015-11-20,275.44,277.2,269.28,272.24,140113,477035072.0,2.93,0.83,2.24,3.18
1204,2015-11-23,273.2,275.12,262.55,265.2,134367,449690288.0,4.62,-2.59,-7.04,3.05
1205,2015-11-24,274.24,279.44,267.6,275.36,188493,639822048.0,4.46,3.83,10.16,4.28
1206,2015-11-25,281.12,286.72,276.24,280.32,186530,651635904.0,3.81,1.8,4.96,4.24
1207,2015-11-26,281.2,282.64,269.84,278.64,190222,652445664.0,4.57,-0.6,-1.68,4.32
1208,2015-11-27,280.4,280.8,250.88,252.08,248259,819719360.0,10.74,-9.53,-26.56,5.64
1209,2015-11-30,252.0,254.88,228.88,246.08,207293,623208896.0,10.31,-2.38,-6.0,4.71
1210,2015-12-01,243.84,244.8,234.72,237.36,144228,429135728.0,4.1,-3.54,-8.72,3.27
1211,2015-12-02,237.2,239.44,218.8,233.68,149931,427789520.0,8.7,-1.55,-3.68,3.4
1212,2015-12-03,236.4,243.44,235.76,242.16,152335,454790112.0,3.29,3.63,8.48,3.46
1213,2015-12-04,242.8,253.12,242.8,248.72,205766,638731152.0,4.26,2.71,6.56,4.67
1214,2015-12-07,261.2,267.6,248.8,252.0,241401,771647072.0,7.56,1.32,3.28,5.48
1215,2015-12-08,246.4,249.2,238.0,239.2,170543,511930048.0,4.44,-5.08,-12.8,3.87
1216,2015-12-09,239.12,245.2,236.64,240.32,126094,377650288.0,3.58,0.47,1.12,2.86
1217,2015-12-10,240.8,247.36,239.6,244.24,138656,419677968.0,3.23,1.63,3.92,3.15
1218,2015-12-11,242.0,243.36,233.28,234.64,109797,323789504.0,4.13,-3.93,-9.6,2.49
1219,2015-12-14,229.92,241.12,226.64,241.12,111218,320853040.0,6.17,2.76,6.48,2.53
1220,2015-12-15,242.0,249.2,239.6,243.36,126241,385477232.0,3.98,0.93,2.24,2.87
1221,2015-12-16,244.8,248.56,240.32,245.84,112006,340222336.0,3.39,1.02,2.48,2.54
1222,2015-12-17,246.8,252.4,246.8,251.92,154646,480908208.0,2.28,2.47,6.08,3.51
1223,2015-12-18,251.6,251.6,242.96,244.88,143529,439556144.0,3.43,-2.79,-7.04,3.26
1224,2015-12-21,242.96,242.96,236.0,240.96,119282,354947040.0,2.84,-1.6,-3.92,2.71
1225,2015-12-22,242.0,249.2,238.64,249.2,148958,451756544.0,4.38,3.42,8.24,3.38
1226,2015-12-23,249.2,249.44,238.64,239.12,125633,380040032.0,4.33,-4.04,-10.08,2.85
1227,2015-12-24,237.04,238.32,229.04,235.6,97923,284020768.0,3.88,-1.47,-3.52,2.22
1228,2015-12-25,235.92,240.4,232.08,236.72,82454,242085587.0,3.53,0.48,1.12,1.87
1229,2015-12-28,237.2,241.04,231.6,231.6,97250,286024064.0,3.99,-2.16,-5.12,2.21
1230,2015-12-29,229.28,233.28,225.84,233.04,82426,235548592.0,3.21,0.62,1.44,1.87
1231,2015-12-30,232.88,241.04,230.88,238.0,118615,349373248.0,4.36,2.13,4.96,2.69
1232,2015-12-31,239.52,243.52,237.2,237.28,112856,337267264.0,2.66,-0.3,-0.72,2.56
1233,2016-01-04,241.12,245.2,216.56,221.44,175395,523783920.0,12.07,-6.68,-15.84,3.98
1234,2016-01-05,208.48,227.6,208.48,225.84,174404,481384784.0,8.63,1.99,4.4,3.96
1235,2016-01-06,223.6,227.6,216.4,224.88,158249,437046032.0,4.96,-0.43,-0.96,3.59
1236,2016-01-07,217.2,219.44,202.48,202.48,35847,92978104.0,7.54,-9.96,-22.4,0.81
1237,2016-01-08,205.28,213.04,185.2,192.16,159919,391497456.0,13.75,-5.1,-10.32,3.63
1238,2016-01-11,185.2,185.52,173.04,173.04,137390,302570560.0,6.49,-9.95,-19.12,3.12
1239,2016-01-12,169.68,177.04,160.4,171.2,140121,295042240.0,9.62,-1.06,-1.84,3.18
1240,2016-01-13,172.24,180.08,168.4,169.6,179154,390450896.0,6.82,-0.93,-1.6,4.07
1241,2016-01-14,160.64,180.24,157.6,180.24,136655,293562912.0,13.35,6.27,10.64,3.1
1242,2016-01-15,181.28,191.04,178.0,182.4,188887,433743024.0,7.23,1.2,2.16,4.29
1243,2016-01-18,176.8,192.88,175.2,191.92,147756,345011072.0,9.69,5.22,9.52,3.36
1244,2016-01-19,190.4,199.6,187.44,198.56,126247,305034912.0,6.34,3.46,6.64,2.87
1245,2016-01-20,197.12,199.28,191.2,192.48,103369,249971480.0,4.07,-3.06,-6.08,2.35
1246,2016-01-21,186.56,198.8,173.36,173.44,162931,377350496.0,13.22,-9.89,-19.04,3.7
1247,2016-01-22,178.64,180.24,170.8,177.04,93973,205234620.0,5.44,2.08,3.6,2.13
1248,2016-01-25,180.64,184.96,180.0,184.72,108655,246546843.0,2.8,4.34,7.68,2.47
1249,2016-01-26,180.8,190.64,167.68,170.08,148426,334267360.0,12.43,-7.93,-14.64,3.37
1250,2016-01-27,172.4,173.92,153.2,165.6,157669,315450464.0,12.18,-2.63,-4.48,3.58
1251,2016-01-28,161.12,163.12,149.2,149.2,104118,200964852.0,8.41,-9.9,-16.4,2.36
1252,2016-01-29,149.2,161.36,145.36,160.56,141316,270694608.0,10.72,7.61,11.36,3.21
1253,2016-02-01,161.2,161.2,155.36,158.0,113277,221620718.0,3.64,-1.59,-2.56,2.57
1254,2016-02-02,158.0,167.36,158.0,164.56,117983,240235118.0,5.92,4.15,6.56,2.68
1255,2016-02-03,161.2,168.8,160.4,166.96,100384,205294168.0,5.1,1.46,2.4,2.28
1256,2016-02-04,168.0,173.68,168.0,170.48,101969,216798901.0,3.4,2.11,3.52,2.32
1257,2016-02-05,170.0,174.16,169.84,170.4,81913,174934726.0,2.53,-0.05,-0.08,1.86
1258,2016-02-15,161.2,173.44,158.64,171.28,75998,158789090.0,8.69,0.52,0.88,1.73
1259,2016-02-16,174.96,180.72,173.76,179.6,88142,194979928.0,4.06,4.86,8.32,2.0
1260,2016-02-17,177.2,188.0,177.2,183.36,130937,297744656.0,6.01,2.09,3.76,2.97
1261,2016-02-18,184.8,188.24,181.12,181.44,121840,279814688.0,3.88,-1.05,-1.92,2.77
1262,2016-02-19,181.76,185.6,178.0,179.44,137522,308977360.0,4.19,-1.1,-2.0,3.12
1263,2016-02-22,182.88,185.2,180.56,185.2,104805,238285213.0,2.59,3.21,5.76,2.38
1264,2016-02-23,183.6,185.84,177.84,181.04,85597,192721944.0,4.32,-2.25,-4.16,1.94
1265,2016-02-24,180.0,182.8,172.24,178.0,96392,212002790.0,5.83,-1.68,-3.04,2.19
1266,2016-02-25,177.68,177.68,160.32,160.32,133032,275258432.0,9.75,-9.93,-17.68,3.02
1267,2016-02-26,160.24,162.48,151.6,155.28,104448,204502870.0,6.79,-3.14,-5.04,2.37
1268,2016-02-29,153.2,153.6,139.84,139.84,135941,239555683.0,8.86,-9.94,-15.44,3.09
1269,2016-03-01,140.0,146.8,131.2,143.12,120171,207619426.0,11.16,2.35,3.28,2.73
1270,2016-03-02,141.2,150.0,139.52,149.44,148156,266095325.0,7.32,4.42,6.32,3.36
1271,2016-03-03,150.8,154.8,148.48,148.64,121174,227035072.0,4.23,-0.54,-0.8,2.75
1272,2016-03-04,149.2,150.64,138.96,140.16,106422,190739708.0,7.86,-5.71,-8.48,2.42
1273,2016-03-07,142.0,148.16,142.0,144.64,86744,156560262.0,4.39,3.2,4.48,1.97
1274,2016-03-08,144.4,149.04,137.2,149.04,104010,183375387.0,8.19,3.04,4.4,2.36
1275,2016-03-09,145.44,154.72,142.8,149.36,128462,240089109.0,8.0,0.21,0.32,2.92
1276,2016-03-10,148.56,151.6,144.4,144.8,75917,138914236.0,4.82,-3.05,-4.56,1.72
1277,2016-03-11,140.4,143.92,139.52,141.84,65468,114962945.0,3.04,-2.04,-2.96,1.49
1278,2016-03-14,145.2,155.92,145.2,155.92,180513,340740048.0,7.56,9.93,14.08,4.1
1279,2016-03-15,154.8,166.32,153.36,156.64,177366,351375504.0,8.31,0.46,0.72,4.03
1280,2016-03-16,161.12,163.12,152.8,153.84,111549,217398476.0,6.59,-1.79,-2.8,2.53
1281,2016-03-17,156.0,168.32,154.0,165.6,172829,346626640.0,9.31,7.64,11.76,3.92
1282,2016-03-18,167.92,178.4,165.68,174.8,179359,385710496.0,7.68,5.56,9.2,4.07
1283,2016-03-21,179.6,179.6,172.4,178.08,177238,386450000.0,4.12,1.88,3.28,4.02
1284,2016-03-22,174.72,186.48,173.2,182.16,202777,458532784.0,7.46,2.29,4.08,4.6
1285,2016-03-23,182.72,186.4,179.6,183.44,121491,275788400.0,3.73,0.7,1.28,2.76
1286,2016-03-24,180.8,185.28,178.32,178.4,158933,358433392.0,3.79,-2.75,-5.04,3.61
1287,2016-03-25,177.28,180.8,172.4,175.36,100784,220610990.0,4.71,-1.7,-3.04,2.29
1288,2016-03-28,181.2,186.0,174.56,176.8,135611,305769680.0,6.52,0.82,1.44,3.08
1289,2016-03-29,175.68,176.88,166.4,170.56,135811,287444160.0,5.93,-3.53,-6.24,3.08
1290,2016-03-30,173.04,179.2,170.32,178.72,125477,271420672.0,5.21,4.78,8.16,2.85
1291,2016-03-31,181.2,183.36,176.4,179.2,118563,264827113.0,3.89,0.27,0.48,2.69
1292,2016-04-01,177.2,178.72,172.4,175.68,84228,182658508.0,3.53,-1.96,-3.52,1.91
1293,2016-04-05,176.0,181.6,173.44,180.8,101760,225945015.0,4.64,2.91,5.12,2.31
1294,2016-04-06,180.08,185.76,179.2,184.48,140490,318363952.0,3.63,2.04,3.68,3.19
1295,2016-04-07,183.6,184.8,175.52,175.68,129523,288548112.0,5.03,-4.77,-8.8,2.94
1296,2016-04-08,172.8,173.12,167.76,170.24,106753,225941794.0,3.05,-3.1,-5.44,2.42
1297,2016-04-11,172.48,176.32,172.48,174.72,80175,174130517.0,2.26,2.63,4.48,1.82
1298,2016-04-12,174.0,177.6,170.8,177.2,92956,201380658.0,3.89,1.42,2.48,2.11
1299,2016-04-13,180.8,182.48,177.92,178.0,129492,290336480.0,2.57,0.45,0.8,2.94
1300,2016-04-14,180.4,184.08,178.4,181.84,118642,267429130.0,3.19,2.16,3.84,2.69
1301,2016-04-15,183.2,183.2,178.8,179.76,72518,162175776.0,2.42,-1.14,-2.08,1.65
1302,2016-04-18,177.6,177.6,173.2,174.4,70236,152290062.0,2.45,-2.98,-5.36,1.59
1303,2016-04-19,175.84,177.12,172.64,174.48,51561,111662765.0,2.57,0.05,0.08,1.17
1304,2016-04-20,174.0,177.2,158.56,162.16,123096,254968271.0,10.68,-7.06,-12.32,2.8
1305,2016-04-21,162.16,163.6,156.88,157.44,65494,130913482.0,4.14,-2.91,-4.72,1.49
1306,2016-04-22,157.84,159.6,156.8,159.12,54802,107427056.0,1.78,1.07,1.68,1.24
1307,2016-04-25,159.12,159.6,155.6,158.8,45940,89729287.0,2.51,-0.2,-0.32,1.04
1308,2016-04-26,160.24,163.6,158.48,163.6,52435,104379269.0,3.22,3.02,4.8,1.19
1309,2016-04-27,164.4,165.12,160.48,160.96,45911,92745200.0,2.84,-1.61,-2.64,1.04
1310,2016-04-28,162.16,162.16,155.76,160.0,48346,94989210.0,3.98,-0.6,-0.96,1.1
1311,2016-04-29,158.08,160.8,157.28,158.4,37937,74953660.0,2.2,-1.0,-1.6,0.86
1312,2016-05-03,158.96,174.16,157.28,174.16,92837,195793223.0,10.66,9.95,15.76,2.11
1313,2016-05-04,178.8,180.96,175.04,176.64,159767,351955200.0,3.4,1.42,2.48,3.63
1314,2016-05-05,176.64,178.64,174.08,177.6,81032,177812210.0,2.58,0.54,0.96,1.84
1315,2016-05-06,176.48,178.64,164.4,165.2,122154,259636012.0,8.02,-6.98,-12.4,2.77
1316,2016-05-09,164.16,164.16,157.28,159.04,72795,144329470.0,4.16,-3.73,-6.16,1.65
1317,2016-05-10,159.6,161.68,156.0,156.88,60146,118533755.0,3.57,-1.36,-2.16,1.37
1318,2016-05-11,159.44,159.68,151.6,152.08,64974,125592098.0,5.15,-3.06,-4.8,1.48
1319,2016-05-12,151.6,155.2,147.84,153.2,56398,106427522.0,4.84,0.74,1.12,1.28
1320,2016-05-13,152.4,156.4,151.68,153.84,39667,75668168.0,3.08,0.42,0.64,0.9
1321,2016-05-16,155.04,161.52,152.8,161.12,75224,147985146.0,5.67,4.73,7.28,1.71
1322,2016-05-17,161.2,163.2,157.6,159.68,67536,134088749.0,3.48,-0.89,-1.44,1.53
1323,2016-05-18,159.12,159.12,151.68,153.84,55697,107398598.0,4.66,-3.66,-5.84,1.26
1324,2016-05-19,154.24,160.4,154.16,157.92,68668,134883893.0,4.06,2.65,4.08,1.56
1325,2016-05-20,157.12,168.8,155.52,166.32,119550,242746882.0,8.41,5.32,8.4,2.71
1326,2016-05-23,166.64,171.04,165.12,168.56,109132,227551204.0,3.56,1.35,2.24,2.48
1327,2016-05-24,168.64,168.88,162.16,162.72,80189,163106199.0,3.99,-3.46,-5.84,1.82
1328,2016-05-25,164.8,167.44,160.48,162.4,63703,129579016.0,4.28,-0.2,-0.32,1.45
1329,2016-05-26,162.32,163.6,157.2,163.44,67578,134254204.0,3.94,0.64,1.04,1.53
1330,2016-05-27,164.8,176.4,163.6,172.64,196583,416444224.0,7.83,5.63,9.2,4.46
1331,2016-05-30,169.6,174.56,166.56,172.24,124181,263801287.0,4.63,-0.23,-0.4,2.82
1332,2016-06-07,189.2,189.28,178.24,180.48,240207,544848832.0,6.41,4.78,8.24,5.45
1333,2016-06-08,182.64,198.4,180.72,198.4,324127,780625888.0,9.8,9.93,17.92,7.36
1334,2016-06-13,201.04,218.08,198.56,206.88,592383,1543418704.0,9.84,4.27,8.48,13.45
1335,2016-06-14,209.52,213.6,195.44,200.56,400355,1011276032.0,8.78,-3.05,-6.32,9.09
1336,2016-06-15,197.28,219.68,197.12,214.88,407415,1063057984.0,11.25,7.14,14.32,9.25
1337,2016-06-16,212.32,217.36,207.36,209.28,331585,870961392.0,4.65,-2.61,-5.6,7.53
1338,2016-06-17,216.4,218.4,203.28,209.28,322423,841157776.0,7.22,0.0,0.0,7.32
1339,2016-06-20,206.0,217.6,204.48,210.8,291207,764734464.0,6.27,0.73,1.52,6.61
1340,2016-06-21,212.72,215.12,201.2,201.68,228353,587875360.0,6.6,-4.33,-9.12,5.19
1341,2016-06-22,201.68,206.8,198.0,206.8,179401,450398368.0,4.36,2.54,5.12,4.07
1342,2016-06-23,205.44,224.8,204.08,216.08,378003,1006429792.0,10.02,4.49,9.28,8.58
1343,2016-06-24,214.4,216.48,199.04,209.36,290439,754392416.0,8.07,-3.11,-6.72,6.59
1344,2016-06-27,210.0,230.16,210.0,230.16,468686,1313086288.0,9.63,9.94,20.8,10.64
1345,2016-06-28,228.56,236.0,227.2,230.88,406574,1165915024.0,3.82,0.31,0.72,9.23
1346,2016-06-29,230.96,241.36,225.68,228.24,300076,869080560.0,6.79,-1.14,-2.64,6.81
1347,2016-06-30,227.6,230.8,221.44,225.04,202406,565661600.0,4.1,-1.4,-3.2,4.6
1348,2016-07-01,225.28,230.64,223.68,226.88,203132,572641232.0,3.09,0.82,1.84,4.61
1349,2016-07-04,226.8,241.44,224.64,238.32,293979,851045360.0,7.4,5.04,11.44,6.68
1350,2016-07-05,237.2,245.12,232.8,234.32,304543,899141184.0,5.17,-1.68,-4.0,6.92
1351,2016-07-06,232.16,232.16,228.48,230.8,164131,468878960.0,1.57,-1.5,-3.52,3.73
1352,2016-07-07,230.24,230.24,223.2,227.44,179293,503382944.0,3.05,-1.46,-3.36,4.07
1353,2016-07-08,226.8,232.0,226.64,227.04,170068,485090512.0,2.36,-0.18,-0.4,3.86
1354,2016-07-11,228.08,237.6,228.08,229.2,234325,678450240.0,4.19,0.95,2.16,5.32
1355,2016-07-12,227.84,227.84,221.44,225.2,186243,517004224.0,2.79,-1.75,-4.0,4.23
1356,2016-07-13,226.56,230.96,223.76,225.6,156941,440004720.0,3.2,0.18,0.4,3.56
1357,2016-07-14,225.68,227.6,223.44,226.4,102626,287484976.0,1.84,0.35,0.8,2.33
1358,2016-07-15,225.6,226.4,215.2,217.92,189360,515678368.0,4.95,-3.75,-8.48,4.3
1359,2016-07-18,216.16,218.0,210.4,210.8,144703,381362288.0,3.49,-3.27,-7.12,3.29
1360,2016-07-19,210.88,215.84,210.0,215.52,110931,293436048.0,2.77,2.24,4.72,2.52
1361,2016-07-20,215.92,218.16,212.48,216.64,120994,324301952.0,2.64,0.52,1.12,2.75
1362,2016-07-21,217.12,218.16,211.2,212.8,120807,320869504.0,3.21,-1.77,-3.84,2.74
1363,2016-07-22,215.04,219.36,213.76,214.4,144846,389726640.0,2.63,0.75,1.6,3.29
1364,2016-07-25,214.4,215.84,210.96,212.16,83537,220755670.0,2.28,-1.04,-2.24,1.9
1365,2016-07-26,212.8,216.24,212.8,216.08,84406,224692643.0,1.62,1.85,3.92,1.92
1366,2016-07-27,216.64,218.96,199.2,205.36,169410,442564672.0,9.14,-4.96,-10.72,3.85
1367,2016-07-28,206.24,210.96,202.48,205.6,123362,315359984.0,4.13,0.12,0.24,2.8
1368,2016-07-29,205.2,206.16,197.04,197.68,101716,252132316.0,4.44,-3.85,-7.92,2.31
1369,2016-08-01,196.4,196.4,184.48,190.0,122054,286269984.0,6.03,-3.89,-7.68,2.77
1370,2016-08-02,189.36,192.24,189.28,191.92,54846,129939270.0,1.56,1.01,1.92,1.25
1371,2016-08-03,191.84,194.56,189.68,192.48,75106,178886089.0,2.54,0.29,0.56,1.71
1372,2016-08-04,192.0,194.4,189.2,193.44,66132,157469284.0,2.7,0.5,0.96,1.5
1373,2016-08-05,193.6,195.12,192.0,193.44,65215,156811555.0,1.61,0.0,0.0,1.48
1374,2016-08-08,193.6,208.4,193.6,206.16,123136,305341888.0,7.65,6.58,12.72,2.8
1375,2016-08-09,203.84,205.6,201.2,204.0,93441,235372668.0,2.13,-1.05,-2.16,2.12
1376,2016-08-10,204.4,206.4,201.68,202.4,67019,169145730.0,2.31,-0.78,-1.6,1.52
1377,2016-08-11,203.2,203.92,196.16,196.16,71850,177894607.0,3.83,-3.08,-6.24,1.63
1378,2016-08-12,195.2,197.36,193.84,196.96,43866,106703937.0,1.79,0.41,0.8,1.0
1379,2016-08-15,197.2,205.52,197.04,204.4,116552,292737232.0,4.31,3.78,7.44,2.65
1380,2016-08-16,205.92,208.72,204.8,205.92,99742,255640142.0,1.92,0.74,1.52,2.26
1381,2016-08-17,205.92,208.64,204.08,204.64,78246,200607580.0,2.21,-0.62,-1.28,1.78
1382,2016-08-18,203.12,205.36,202.0,202.32,68677,173087887.0,1.64,-1.13,-2.32,1.56
1383,2016-08-19,201.92,204.32,201.76,202.32,45099,113436137.0,1.27,0.0,0.0,1.02
1384,2016-08-22,201.2,202.96,193.6,193.6,87914,214691930.0,4.63,-4.31,-8.72,2.0
1385,2016-08-23,193.6,196.16,192.24,193.44,41550,99860780.0,2.02,-0.08,-0.16,0.94
1386,2016-08-24,193.6,197.6,193.6,195.84,45207,109807080.0,2.07,1.24,2.4,1.03
1387,2016-08-25,194.08,195.12,187.2,191.6,60930,144088683.0,4.04,-2.17,-4.24,1.38
1388,2016-08-26,192.08,196.8,191.6,193.28,50259,120968498.0,2.71,0.88,1.68,1.14
1389,2016-08-29,195.04,195.76,192.72,194.0,45702,109999889.0,1.57,0.37,0.72,1.04
1390,2016-08-30,194.48,200.4,194.4,198.56,91738,225188311.0,3.09,2.35,4.56,2.08
1391,2016-08-31,199.76,199.76,195.36,197.28,45278,110657811.0,2.22,-0.64,-1.28,1.03
1392,2016-09-01,197.44,199.04,194.64,194.88,38789,94557626.0,2.23,-1.22,-2.4,0.88
1393,2016-09-02,193.2,194.8,190.24,190.64,49968,118893812.0,2.34,-2.18,-4.24,1.13
1394,2016-09-05,192.0,194.08,190.24,191.28,37493,89413278.0,2.01,0.34,0.64,0.85
1395,2016-09-06,191.12,194.88,189.04,194.64,48342,115377257.0,3.05,1.76,3.36,1.1
1396,2016-09-07,195.84,196.88,193.6,194.48,53909,130481089.0,1.69,-0.08,-0.16,1.22
1397,2016-09-08,193.6,195.68,192.8,194.88,42659,102857101.0,1.48,0.21,0.4,0.97
1398,2016-09-09,195.52,195.92,193.44,194.96,48097,116019733.0,1.27,0.04,0.08,1.09
1399,2016-09-12,190.4,192.72,186.4,186.4,66368,156304651.0,3.24,-4.39,-8.56,1.51
1400,2016-09-13,188.24,188.8,184.96,186.32,41673,96062426.0,2.06,-0.04,-0.08,0.95
1401,2016-09-14,185.44,185.44,181.68,182.8,52632,119643476.0,2.02,-1.89,-3.52,1.2
1402,2016-09-19,183.36,186.24,183.36,184.48,29878,68348695.0,1.58,0.92,1.68,0.68
1403,2016-09-20,184.8,184.8,182.24,182.32,30041,68056015.0,1.39,-1.17,-2.16,0.68
1404,2016-09-21,182.64,185.04,182.64,184.0,27250,62203340.0,1.32,0.92,1.68,0.62
1405,2016-09-22,184.64,188.32,184.64,185.44,39894,92242735.0,2.0,0.78,1.44,0.91
1406,2016-09-23,185.6,187.12,182.64,182.96,30143,68599601.0,2.42,-1.34,-2.48,0.68
1407,2016-09-26,181.84,182.4,176.0,176.4,42273,93544971.0,3.5,-3.59,-6.56,0.96
1408,2016-09-27,176.48,178.88,176.0,178.8,32554,71604730.0,1.63,1.36,2.4,0.74
1409,2016-09-28,177.76,179.2,176.56,176.96,29717,65290572.0,1.48,-1.03,-1.84,0.67
1410,2016-09-29,177.6,178.56,177.04,177.04,30206,66470364.0,0.86,0.05,0.08,0.69
1411,2016-09-30,177.04,179.2,176.8,178.88,27099,59919443.0,1.36,1.04,1.84,0.62
1412,2016-10-10,180.0,186.32,179.2,185.92,53637,122089040.0,3.98,3.94,7.04,1.22
1413,2016-10-11,185.36,186.96,184.0,185.68,47838,110047095.0,1.59,-0.13,-0.24,1.09
1414,2016-10-12,185.04,186.4,183.36,186.32,44139,101114917.0,1.64,0.34,0.64,1.0
1415,2016-10-13,186.8,186.88,184.4,184.96,31271,71790577.0,1.33,-0.73,-1.36,0.71
1416,2016-10-14,185.2,185.2,182.24,183.52,35914,81583104.0,1.6,-0.78,-1.44,0.82
1417,2016-10-17,185.28,187.76,182.16,183.44,50674,116309065.0,3.05,-0.04,-0.08,1.15
1418,2016-10-18,182.64,185.04,181.2,184.8,54755,124227075.0,2.09,0.74,1.36,1.24
1419,2016-10-19,185.6,185.84,183.2,183.6,36161,82558264.0,1.43,-0.65,-1.2,0.82
1420,2016-10-20,184.8,191.76,184.8,188.64,120668,282541280.0,3.79,2.75,5.04,2.74
1421,2016-10-21,186.8,188.24,184.16,185.6,63123,145750226.0,2.16,-1.61,-3.04,1.43
1422,2016-10-24,185.12,186.8,183.04,185.52,46500,106696425.0,2.03,-0.04,-0.08,1.06
1423,2016-10-25,185.68,187.12,184.72,185.68,37889,87123396.0,1.29,0.09,0.16,0.86
1424,2016-10-26,186.4,193.28,185.76,192.88,157392,369868064.0,4.05,3.88,7.2,3.57
1425,2016-10-27,193.2,202.96,192.96,195.36,207071,508575376.0,5.18,1.29,2.48,4.7
1426,2016-10-28,193.12,197.92,190.32,193.44,95800,229486412.0,3.89,-0.98,-1.92,2.18
1427,2016-10-31,192.8,193.2,188.48,189.6,57114,134608960.0,2.44,-1.99,-3.84,1.3
1428,2016-11-01,189.6,193.52,189.2,193.44,64513,152773186.0,2.28,2.03,3.84,1.46
1429,2016-11-02,200.64,201.52,193.6,194.24,145028,354178976.0,4.09,0.41,0.8,3.29
1430,2016-11-03,191.2,196.4,189.04,192.0,98313,234563293.0,3.79,-1.15,-2.24,2.23
1431,2016-11-04,191.6,194.8,191.2,192.16,51571,123291025.0,1.88,0.08,0.16,0.94
1432,2016-11-07,192.32,193.44,185.6,186.0,87424,203311083.0,4.08,-3.21,-6.16,1.59
1433,2016-11-08,187.04,187.84,182.48,186.24,70026,160326564.0,2.88,0.13,0.24,1.28
1434,2016-11-09,185.6,187.36,180.16,182.0,56118,127702023.0,3.87,-2.28,-4.24,1.02
1435,2016-11-10,184.88,185.28,182.96,183.52,36255,82654177.0,1.27,0.84,1.52,0.66
1436,2016-11-11,183.84,185.44,181.68,185.44,52293,118798764.0,2.05,1.05,1.92,0.95
1437,2016-11-14,186.4,188.48,186.0,187.44,67717,157357945.0,1.34,1.08,2.0,1.23
1438,2016-11-15,187.04,187.2,183.6,186.8,52578,120847319.0,1.92,-0.34,-0.64,0.96
1439,2016-11-16,186.8,188.32,186.24,186.32,53828,124918148.0,1.11,-0.26,-0.48,0.98
1440,2016-11-17,185.76,185.76,182.4,183.12,65418,148683712.0,1.8,-1.72,-3.2,1.19
1441,2016-11-18,182.08,184.24,182.08,182.56,34985,79363668.0,1.18,-0.31,-0.56,0.64
1442,2016-11-21,182.4,183.2,180.8,181.04,45296,102065199.0,1.31,-0.83,-1.52,0.82
1443,2016-11-22,180.96,182.88,179.2,182.88,65657,146812511.0,2.03,1.02,1.84,1.2
1444,2016-11-23,183.68,184.0,180.4,181.52,74913,169276706.0,1.97,-0.74,-1.36,1.36
1445,2016-11-24,181.52,182.32,179.68,180.08,41436,92792894.0,1.45,-0.79,-1.44,0.75
1446,2016-11-25,180.08,181.44,177.6,180.32,52059,115676524.0,2.13,0.13,0.24,0.95
1447,2016-11-28,180.64,184.64,180.24,182.8,75331,169985985.0,2.44,1.38,2.48,1.37
1448,2016-11-29,182.8,183.92,180.32,180.32,54149,122118062.0,1.97,-1.36,-2.48,0.99
1449,2016-11-30,180.8,181.84,179.04,179.28,40897,91288724.0,1.55,-0.58,-1.04,0.74
1450,2016-12-01,179.92,180.4,179.12,179.68,29415,65481786.0,0.71,0.22,0.4,0.54
1451,2016-12-02,179.68,180.4,174.56,175.2,51201,112402331.0,3.25,-2.49,-4.48,0.93
1452,2016-12-05,172.16,175.2,171.2,171.92,45097,96451297.0,2.28,-1.87,-3.28,0.82
1453,2016-12-06,171.92,173.44,171.92,172.8,30125,64547787.0,0.88,0.51,0.88,0.55
1454,2016-12-07,172.8,174.4,172.0,174.16,33795,72413992.0,1.39,0.79,1.36,0.62
1455,2016-12-08,173.76,174.24,168.64,168.96,84291,177887920.0,3.22,-2.99,-5.2,1.54
1456,2016-12-09,168.96,170.08,167.36,167.44,42519,88716998.0,1.61,-0.9,-1.52,0.77
1457,2016-12-12,167.52,167.52,154.8,155.04,81356,161030313.0,7.6,-7.41,-12.4,1.48
1458,2016-12-13,154.08,155.2,151.04,153.76,47042,89091152.0,2.68,-0.83,-1.28,0.86
1459,2016-12-14,154.4,158.32,151.68,155.6,56498,108398585.0,4.32,1.2,1.84,1.03
1460,2016-12-15,155.52,163.84,154.4,160.24,70215,139585528.0,6.07,2.98,4.64,1.28
1461,2016-12-16,159.28,161.12,157.84,159.92,40346,79566163.0,2.05,-0.2,-0.32,0.73
1462,2016-12-19,159.92,160.32,155.84,156.24,32708,63965057.0,2.8,-2.3,-3.68,0.6
1463,2016-12-20,156.24,157.28,154.48,155.52,27774,53540359.0,1.79,-0.46,-0.72,0.51
1464,2016-12-21,156.0,157.44,155.92,156.72,28852,55892033.0,0.98,0.77,1.2,0.53
1465,2016-12-22,156.72,157.2,153.84,154.8,34065,65280276.0,2.14,-1.23,-1.92,0.62
1466,2016-12-23,156.0,159.76,156.0,156.88,74896,146624741.0,2.43,1.34,2.08,1.36
1467,2016-12-26,155.2,155.28,149.68,154.24,71790,135016926.0,3.57,-1.68,-2.64,1.31
1468,2016-12-27,153.6,154.0,151.6,152.0,47287,89247949.0,1.56,-1.45,-2.24,0.86
1469,2016-12-28,151.76,153.44,150.48,150.88,35147,66104409.0,1.95,-0.74,-1.12,0.64
1470,2016-12-29,150.88,152.56,150.32,150.56,41813,78214128.0,1.48,-0.21,-0.32,0.76
1471,2016-12-30,150.08,151.92,149.28,149.92,39770,73814512.0,1.75,-0.43,-0.64,0.72
1472,2017-01-03,150.56,153.12,150.56,151.76,65264,122584227.0,1.71,1.23,1.84,1.19
1473,2017-01-04,152.0,155.2,150.56,154.8,69513,131446304.0,3.06,2.0,3.04,1.27
1474,2017-01-05,154.72,156.8,153.76,154.8,65859,126551619.0,1.96,0.0,0.0,1.2
1475,2017-01-06,154.8,157.44,153.6,154.72,60270,115940895.0,2.48,-0.05,-0.08,1.1
1476,2017-01-09,154.72,160.8,151.04,158.0,145048,280186768.0,6.31,2.12,3.28,2.64
1477,2017-01-10,155.36,164.56,154.8,160.72,170091,335854224.0,6.18,1.72,2.72,3.1
1478,2017-01-11,159.28,162.48,158.4,160.96,122537,244053526.0,2.54,0.15,0.24,2.23
1479,2017-01-12,160.08,166.4,159.44,162.8,126173,255760313.0,4.32,1.14,1.84,2.3
1480,2017-01-13,161.44,161.76,154.4,155.04,126301,246362954.0,4.52,-4.77,-7.76,2.3
1481,2017-01-16,154.4,154.4,139.68,142.4,126922,228677592.0,9.49,-8.15,-12.64,2.31
1482,2017-01-17,140.24,146.32,140.24,144.8,83828,148737242.0,4.27,1.69,2.4,1.53
1483,2017-01-18,143.52,144.32,140.96,141.2,55717,98086020.0,2.32,-2.49,-3.6,1.01
1484,2017-01-19,141.2,142.32,137.84,140.08,42441,73725783.0,3.17,-0.79,-1.12,0.77
1485,2017-01-20,140.64,144.64,140.08,142.88,50532,89360963.0,3.26,2.0,2.8,0.92
1486,2017-01-23,147.6,157.04,147.6,152.8,167776,318429408.0,6.61,6.94,9.92,3.06
1487,2017-01-24,154.4,154.4,148.72,150.16,98601,183854436.0,3.72,-1.73,-2.64,1.8
1488,2017-01-25,137.92,147.12,137.6,143.6,139831,247081578.0,6.34,-4.37,-6.56,2.55
1489,2017-01-26,143.28,144.8,141.6,144.16,53393,94874444.0,2.23,0.39,0.56,0.97
1490,2017-02-03,144.56,147.2,141.84,146.16,51408,92728287.0,3.72,1.39,2.0,0.94
1491,2017-02-06,146.16,153.28,146.0,151.84,85411,158525958.0,4.98,3.89,5.68,1.56
1492,2017-02-07,152.24,154.88,149.04,151.04,77643,145491723.0,3.85,-0.53,-0.8,1.41
1493,2017-02-08,150.48,156.48,149.84,154.96,103920,197883870.0,4.4,2.6,3.92,1.89
1494,2017-02-09,154.88,155.76,152.48,153.92,70070,133381999.0,2.12,-0.67,-1.04,1.28
1495,2017-02-10,152.72,153.92,150.48,151.2,67471,126441748.0,2.23,-1.77,-2.72,1.23
1496,2017-02-13,151.12,152.64,150.48,151.68,48006,90084695.0,1.43,0.32,0.48,0.87
1497,2017-02-14,152.24,160.56,152.24,155.92,125558,244078120.0,5.49,2.8,4.24,2.29
1498,2017-02-15,154.08,155.76,151.36,152.32,75407,142875954.0,2.82,-2.31,-3.6,1.37
1499,2017-02-16,151.2,151.2,145.36,146.24,190197,347100864.0,3.83,-3.99,-6.08,3.46
1500,2017-02-17,144.16,148.0,140.64,147.04,190645,338569120.0,5.03,0.55,0.8,3.47
1501,2017-02-20,145.12,146.16,144.4,146.0,75042,134824708.0,1.2,-0.71,-1.04,1.37
1502,2017-02-21,146.0,148.4,144.0,147.04,87637,159021731.0,3.01,0.71,1.04,1.6
1503,2017-02-22,146.4,148.24,146.08,147.44,61043,111070430.0,1.47,0.27,0.4,1.11
1504,2017-02-23,147.04,149.28,146.4,148.4,73092,133774428.0,1.95,0.65,0.96,1.33
1505,2017-02-24,148.64,154.0,147.2,152.72,144258,270254400.0,4.58,2.91,4.32,2.63
1506,2017-02-27,152.0,152.16,147.28,147.76,135720,251175978.0,3.2,-3.25,-4.96,2.47
1507,2017-02-28,146.8,149.36,144.96,149.04,81210,147955678.0,2.98,0.87,1.28,1.48
1508,2017-03-01,149.2,150.0,147.2,147.52,84376,154910673.0,1.88,-1.02,-1.52,1.54
1509,2017-03-02,147.52,148.0,144.88,144.96,89599,161529385.0,2.11,-1.74,-2.56,1.63
1510,2017-03-03,144.96,147.52,144.08,146.48,57644,104399823.0,2.37,1.05,1.52,1.05
1511,2017-03-06,146.8,151.84,146.8,151.2,117824,218907344.0,3.44,3.22,4.72,2.15
1512,2017-03-07,151.44,152.56,149.6,151.76,88557,165206683.0,1.96,0.37,0.56,1.61
1513,2017-03-08,152.4,157.44,150.56,153.04,162494,310667312.0,4.53,0.84,1.28,2.96
1514,2017-03-09,152.64,156.48,150.48,156.4,205257,392370544.0,3.92,2.2,3.36,3.74
1515,2017-03-10,156.8,156.96,154.48,155.36,135053,259623134.0,1.59,-0.66,-1.04,2.46
1516,2017-03-13,155.12,157.2,154.48,155.36,116232,224144944.0,1.75,0.0,0.0,2.12
1517,2017-03-14,155.68,156.0,152.4,153.44,103440,196510721.0,2.32,-1.24,-1.92,1.88
1518,2017-03-15,152.4,156.16,151.92,156.0,132476,254307788.0,2.76,1.67,2.56,2.41
1519,2017-03-16,156.4,156.88,155.04,156.4,114660,221094153.0,1.18,0.26,0.4,2.09
1520,2017-03-17,156.72,159.2,153.04,153.44,141111,273251376.0,3.94,-1.89,-2.96,2.57
1521,2017-03-20,153.12,155.04,151.6,155.04,77893,147436729.0,2.24,1.04,1.6,1.42
1522,2017-03-21,154.8,154.8,152.32,153.36,61740,117144787.0,1.6,-1.08,-1.68,1.12
1523,2017-03-22,152.64,154.32,151.28,151.76,63019,118743167.0,1.98,-1.04,-1.6,1.15
1524,2017-03-23,150.88,152.64,145.76,148.96,118952,220382562.0,4.53,-1.85,-2.8,2.17
1525,2017-03-24,148.96,148.96,146.16,147.76,88719,161431236.0,1.88,-0.81,-1.2,1.62
1526,2017-03-27,147.6,149.52,147.2,147.76,62676,114969483.0,1.57,0.0,0.0,1.14
1527,2017-03-28,147.76,151.04,147.76,150.16,89049,164628583.0,2.22,1.62,2.4,1.62
1528,2017-03-29,150.88,150.88,147.04,147.04,64271,117661995.0,2.56,-2.08,-3.12,1.17
1529,2017-03-30,146.72,146.72,142.4,142.8,78172,139005046.0,2.94,-2.88,-4.24,1.42
1530,2017-03-31,142.88,151.12,142.88,145.84,106450,193802595.0,5.77,2.13,3.04,1.94
1531,2017-04-05,145.52,148.64,143.6,148.48,70079,127303755.0,3.46,1.81,2.64,1.28
1532,2017-04-06,147.6,149.2,147.04,147.76,63891,116924767.0,1.45,-0.48,-0.72,1.16
1533,2017-04-07,146.88,149.12,144.8,148.4,89665,163689105.0,2.92,0.43,0.64,1.63
1534,2017-04-10,148.32,148.32,144.88,145.12,68801,124446175.0,2.32,-2.21,-3.28,1.25
1535,2017-04-11,145.12,153.52,144.48,153.52,200559,372312928.0,6.23,5.79,8.4,3.65
1536,2017-04-12,153.52,156.32,150.8,151.04,149863,283456416.0,3.6,-1.62,-2.48,2.73
1537,2017-04-13,150.32,151.84,148.72,149.36,70913,131245245.0,2.07,-1.11,-1.68,1.29
1538,2017-04-14,150.0,152.0,146.48,147.6,75526,139991634.0,3.7,-1.18,-1.76,1.38
1539,2017-04-17,147.12,147.2,143.12,144.72,63119,112867055.0,2.76,-1.95,-2.88,1.15
1540,2017-04-18,144.8,146.64,143.28,143.68,51178,91491654.0,2.32,-0.72,-1.04,0.93
1541,2017-04-19,143.28,143.52,135.28,139.12,81775,140779434.0,5.73,-3.17,-4.56,1.49
1542,2017-04-20,138.48,140.56,136.72,138.08,42766,73134674.0,2.76,-0.75,-1.04,0.78
1543,2017-04-21,138.4,139.44,137.2,137.68,25856,44139904.0,1.62,-0.29,-0.4,0.47
1544,2017-04-24,137.6,138.4,125.76,126.0,94051,151562365.0,9.18,-8.48,-11.68,1.71
1545,2017-04-25,126.4,128.0,125.92,126.48,44751,70024955.0,1.65,0.38,0.48,0.82
1546,2017-04-26,126.48,127.36,116.88,120.4,118989,176998941.0,8.29,-4.81,-6.08,2.17
1547,2017-04-27,119.28,119.92,113.68,118.64,105378,151751130.0,5.18,-1.46,-1.76,1.92
1548,2017-04-28,118.4,119.92,117.6,119.52,47348,69638822.0,1.96,0.74,0.88,0.86
1549,2017-05-02,119.68,120.4,118.4,118.64,31107,45777696.0,1.67,-0.74,-0.88,0.57
1550,2017-05-03,118.4,121.36,117.44,121.28,56662,84015139.0,3.3,2.23,2.64,1.03
1551,2017-05-04,120.72,121.28,119.04,119.76,39363,58280869.0,1.85,-1.25,-1.52,0.72
1552,2017-05-05,119.2,120.24,116.88,116.88,37241,54412952.0,2.81,-2.4,-2.88,0.68
1553,2017-05-08,116.72,116.72,114.0,114.08,42097,59617503.0,2.33,-2.4,-2.8,0.77
1554,2017-05-09,113.68,115.6,111.04,114.96,45047,62964998.0,4.0,0.77,0.88,0.82
1555,2017-05-10,114.8,115.6,110.4,110.88,49448,68872886.0,4.52,-3.55,-4.08,0.9
1556,2017-05-11,108.0,110.16,104.0,108.0,74013,97342523.0,5.56,-2.6,-2.88,1.35
1557,2017-05-12,107.84,107.84,104.48,105.36,41548,54133882.0,3.11,-2.44,-2.64,0.76
1558,2017-05-15,105.44,107.04,105.36,105.6,36465,47687135.0,1.59,0.23,0.24,0.66
1559,2017-05-16,105.36,108.24,102.8,108.16,57304,74477563.0,5.15,2.42,2.56,1.04
1560,2017-05-17,108.16,114.24,107.44,111.2,109466,150130841.0,6.29,2.81,3.04,1.99
1561,2017-05-18,110.32,113.44,108.8,111.68,55726,76577795.0,4.17,0.43,0.48,1.01
1562,2017-05-19,111.68,112.8,109.44,110.08,30006,40870276.0,3.01,-1.43,-1.6,0.55
1563,2017-05-22,110.0,111.84,106.32,106.32,43681,58306282.0,5.01,-3.42,-3.76,0.8
1564,2017-05-23,106.48,106.56,100.8,100.88,49824,63691771.0,5.42,-5.12,-5.44,0.91
1565,2017-05-24,101.12,103.44,100.8,103.2,35645,44901197.0,2.62,2.3,2.32,0.65
1566,2017-05-25,103.6,106.48,102.8,106.0,54469,70199447.0,3.57,2.71,2.8,0.99
1567,2017-05-26,107.2,107.2,104.8,105.2,37450,48609459.0,2.26,-0.75,-0.8,0.68
1568,2017-05-31,106.4,107.2,104.08,104.24,39905,52113526.0,2.97,-0.91,-0.96,0.73
1569,2017-06-01,103.36,103.68,100.8,100.8,38503,48222617.0,2.76,-3.3,-3.44,0.7
1570,2017-06-02,100.8,103.76,99.04,103.44,37742,47200293.0,4.68,2.62,2.64,0.69
1571,2017-06-05,103.2,107.2,103.2,105.84,46895,60652189.0,3.87,2.32,2.4,0.85
1572,2017-06-06,105.04,107.2,104.72,106.32,54359,71182099.0,2.34,0.45,0.48,0.99
1573,2017-06-07,106.72,109.36,106.08,108.8,59754,79522547.0,3.09,2.33,2.48,1.09
1574,2017-06-08,108.8,109.12,107.28,107.68,46668,62110749.0,1.69,-1.03,-1.12,0.85
1575,2017-06-09,107.68,108.4,105.92,108.4,40508,53453171.0,2.3,0.67,0.72,0.74
1576,2017-06-12,107.28,107.84,104.0,104.16,40757,53084282.0,3.54,-3.91,-4.24,0.74
1577,2017-06-13,104.16,107.2,104.16,107.04,36735,48025057.0,2.92,2.76,2.88,0.67
1578,2017-06-14,106.96,110.24,106.24,110.24,89258,119465449.0,3.74,2.99,3.2,1.63
1579,2017-06-15,110.56,120.64,110.4,116.8,169931,244805012.0,9.29,5.95,6.56,3.09
1580,2017-06-16,115.04,116.96,113.76,114.96,84010,119178155.0,2.74,-1.58,-1.84,1.53
1581,2017-06-19,114.88,119.68,114.08,117.2,74934,108609955.0,4.87,1.95,2.24,1.36
1582,2017-06-20,117.36,119.36,115.84,116.4,76148,110282729.0,3.0,-0.68,-0.8,1.39
1583,2017-06-21,117.6,119.28,114.16,116.48,73569,105967433.0,4.4,0.07,0.08,1.34
1584,2017-06-22,116.8,117.44,112.0,112.16,67838,95498433.0,4.67,-3.71,-4.32,1.24
1585,2017-06-23,112.24,115.36,110.32,114.88,59785,82943823.0,4.49,2.43,2.72,1.09
1586,2017-06-26,114.4,114.88,112.96,114.64,46348,65092742.0,1.67,-0.21,-0.24,0.84
1587,2017-06-27,115.04,115.84,113.6,114.24,44462,63009023.0,1.95,-0.35,-0.4,0.81
1588,2017-06-28,114.24,114.4,111.52,112.16,42704,59186430.0,2.52,-1.82,-2.08,0.78
1589,2017-06-29,112.16,114.64,112.16,113.52,37894,53150016.0,2.21,1.21,1.36,0.69
1590,2017-06-30,112.48,114.0,111.92,113.6,31831,44380889.0,1.83,0.07,0.08,0.58
1591,2017-07-03,113.6,114.48,112.88,114.32,31901,44758157.0,1.41,0.63,0.72,0.58
1592,2017-07-04,115.04,115.28,113.68,115.04,35090,49488149.0,1.4,0.63,0.72,0.64
1593,2017-07-05,115.04,117.12,114.4,116.88,68905,98794921.0,2.36,1.6,1.84,1.25
1594,2017-07-06,116.88,117.44,114.16,115.84,51574,73544902.0,2.81,-0.89,-1.04,0.94
1595,2017-07-07,115.92,116.24,114.64,115.44,42268,60062758.0,1.38,-0.35,-0.4,0.77
1596,2017-07-10,115.52,116.72,114.64,115.52,51259,72978543.0,1.8,0.07,0.08,0.93
1597,2017-07-11,114.72,115.6,109.6,109.6,84651,117181161.0,5.19,-5.12,-5.92,1.54
1598,2017-07-12,108.88,110.32,106.56,108.16,52952,70343961.0,3.43,-1.31,-1.44,0.96
1599,2017-07-13,108.16,108.64,105.36,106.64,49221,64509551.0,3.03,-1.41,-1.52,0.9
1600,2017-07-14,106.72,108.64,105.6,107.12,34084,45010474.0,2.85,0.45,0.48,0.62
1601,2017-07-17,105.52,105.52,96.56,96.64,87016,106577940.0,8.36,-9.78,-10.48,1.58
1602,2017-07-18,96.8,97.92,96.24,97.2,37790,45167128.0,1.74,0.58,0.56,0.69
1603,2017-07-19,97.2,97.44,94.48,96.8,46680,55135213.0,3.05,-0.41,-0.4,0.85
1604,2017-07-20,96.8,98.8,96.4,96.8,41307,49617589.0,2.48,0.0,0.0,0.75
1605,2017-07-21,96.8,98.4,96.8,97.92,34183,41018941.0,1.65,1.16,1.12,0.62
1606,2017-07-24,97.92,99.6,94.88,98.88,60469,72672870.0,4.82,0.98,0.96,1.1
1607,2017-07-25,98.72,99.76,97.44,98.16,42889,51802321.0,2.35,-0.73,-0.72,0.78
1608,2017-07-26,98.16,98.64,96.72,97.52,33171,39713063.0,1.96,-0.65,-0.64,0.6
1609,2017-07-27,97.68,101.52,95.68,101.52,87996,108009460.0,5.99,4.1,4.0,1.6
1610,2017-07-28,101.2,101.28,99.6,99.76,50020,61687608.0,1.65,-1.73,-1.76,0.91
1611,2017-07-31,99.68,100.56,98.88,99.6,45148,55329975.0,1.68,-0.16,-0.16,0.82
1612,2017-08-01,99.04,100.88,98.96,100.16,45036,55337498.0,1.93,0.56,0.56,0.82
1613,2017-08-02,100.0,100.0,97.44,97.52,54655,66251466.0,2.56,-2.64,-2.64,0.99
1614,2017-08-03,96.8,100.08,96.64,98.0,47603,57683903.0,3.53,0.49,0.48,0.87
1615,2017-08-04,98.32,104.48,98.08,101.6,150709,188141101.0,6.53,3.67,3.6,2.74
1616,2017-08-07,101.76,102.24,100.08,100.56,67370,83416401.0,2.13,-1.02,-1.04,1.23
1617,2017-08-08,100.24,101.92,98.88,101.52,77592,96050350.0,3.02,0.95,0.96,1.41
1618,2017-08-09,101.2,101.36,100.0,100.4,44452,54992151.0,1.34,-1.1,-1.12,0.81
1619,2017-08-10,100.4,102.0,98.56,99.44,57517,70935969.0,3.43,-0.96,-0.96,1.05
1620,2017-08-11,98.64,101.44,97.76,98.88,68783,84596823.0,3.7,-0.56,-0.56,1.25
1621,2017-08-14,99.2,102.0,98.16,101.52,74033,91912369.0,3.88,2.67,2.64,1.35
1622,2017-08-15,102.0,102.0,100.4,101.28,58987,73319985.0,1.58,-0.24,-0.24,1.07
1623,2017-08-16,101.28,107.2,99.76,105.36,151727,195024130.0,7.35,4.03,4.08,2.76
1624,2017-08-17,104.56,111.44,104.0,110.24,207753,278208912.0,7.06,4.63,4.88,3.78
1625,2017-08-18,109.28,109.68,106.88,107.6,113260,150799072.0,2.54,-2.39,-2.64,2.06
1626,2017-08-21,107.76,109.44,107.28,108.64,76970,102670377.0,2.01,0.97,1.04,1.4
1627,2017-08-22,108.4,114.32,108.0,111.04,159634,220073493.0,5.82,2.21,2.4,2.91
1628,2017-08-23,111.84,115.44,111.84,113.68,161360,226289552.0,3.24,2.38,2.64,2.94
1629,2017-08-24,112.56,113.52,108.88,110.0,117920,159947558.0,4.08,-3.24,-3.68,2.15
1630,2017-08-25,109.92,111.36,108.64,110.32,72692,98455447.0,2.47,0.29,0.32,1.32
1631,2017-08-28,109.84,114.0,109.44,112.64,93006,128267513.0,4.13,2.1,2.32,1.69
1632,2017-08-29,111.52,111.52,108.0,108.16,116686,157087600.0,3.13,-3.98,-4.48,2.12
1633,2017-08-30,108.08,110.96,107.6,108.64,68598,92541519.0,3.11,0.44,0.48,1.25
1634,2017-08-31,109.6,109.6,108.08,109.28,47152,63216885.0,1.4,0.59,0.64,0.86
1635,2017-09-01,109.6,110.24,107.68,109.6,67512,90595447.0,2.34,0.29,0.32,1.23
1636,2017-09-04,109.84,112.0,109.6,111.12,163045,223073227.0,2.19,1.39,1.52,2.97
1637,2017-09-05,110.08,116.08,110.08,115.44,243611,342855920.0,5.4,3.89,4.32,4.43
1638,2017-09-06,114.0,119.84,112.0,119.52,237103,338033552.0,6.79,3.53,4.08,4.32
1639,2017-09-07,120.0,125.2,117.2,120.4,309890,465987168.0,6.69,0.74,0.88,5.64
1640,2017-09-08,119.76,124.32,118.4,120.8,161982,241341518.0,4.92,0.33,0.4,2.95
1641,2017-09-11,120.16,122.4,119.2,121.44,112319,166906922.0,2.65,0.53,0.64,2.04
1642,2017-09-12,121.52,122.32,116.48,117.76,151610,222046281.0,4.81,-3.03,-3.68,2.76
1643,2017-09-13,117.6,119.04,116.96,118.4,73629,107191001.0,1.77,0.54,0.64,1.34
1644,2017-09-14,118.64,122.16,117.04,120.56,121152,179588785.0,4.32,1.82,2.16,2.2
1645,2017-09-15,120.16,127.92,119.36,127.92,283795,433134608.0,7.1,6.1,7.36,5.16
1646,2017-09-18,129.36,131.99,124.64,130.71,302595,479637168.0,5.75,2.18,2.79,5.51
1647,2017-09-19,128.8,130.24,125.44,126.08,196197,308809552.0,3.67,-3.54,-4.63,3.57
1648,2017-09-20,126.08,132.48,126.08,131.6,273884,438853664.0,5.08,4.38,5.52,4.98
1649,2017-09-21,130.4,137.04,124.96,124.96,297606,481045584.0,9.18,-5.05,-6.64,5.42
1650,2017-09-22,124.0,124.0,120.4,122.4,172686,259918428.0,2.88,-2.05,-2.56,3.14
1651,2017-09-25,121.6,124.0,117.44,118.16,121094,181169065.0,5.36,-3.46,-4.24,2.2
1652,2017-09-26,118.56,120.4,116.48,120.24,117513,171187225.0,3.32,1.76,2.08,2.14
1653,2017-09-27,119.76,123.2,118.8,122.88,105425,157711914.0,3.66,2.2,2.64,1.92
1654,2017-09-28,122.4,125.36,121.12,121.2,121473,184652696.0,3.45,-1.37,-1.68,2.21
1655,2017-09-29,120.0,124.0,119.92,123.52,114121,171780235.0,3.37,1.91,2.32,2.08
1656,2017-10-09,125.6,127.12,123.76,125.44,123176,190497233.0,2.72,1.55,1.92,2.24
1657,2017-10-10,124.72,125.6,122.56,125.12,95156,145379116.0,2.42,-0.26,-0.32,1.73
1658,2017-10-11,124.48,124.56,119.12,119.36,154302,229993808.0,4.35,-4.6,-5.76,2.81
1659,2017-10-12,119.28,120.96,116.16,117.2,87368,127721951.0,4.02,-1.81,-2.16,1.59
1660,2017-10-13,116.88,118.24,116.64,117.2,52686,76233489.0,1.37,0.0,0.0,0.96
1661,2017-10-16,115.84,115.84,111.84,112.16,130384,182316881.0,3.41,-4.3,-5.04,2.37
1662,2017-10-17,111.84,113.36,111.36,112.4,45976,63735581.0,1.78,0.21,0.24,0.84
1663,2017-10-18,112.08,114.64,112.08,113.12,65585,91880465.0,2.28,0.64,0.72,1.19
1664,2017-10-19,112.16,114.16,111.84,113.04,45749,63857784.0,2.05,-0.07,-0.08,0.83
1665,2017-10-20,112.4,112.88,107.44,112.08,57918,79005610.0,4.81,-0.85,-0.96,1.05
1666,2017-10-23,112.8,114.32,111.28,114.16,46899,65629057.0,2.71,1.86,2.08,0.85
1667,2017-10-24,113.6,114.16,111.04,112.32,44825,62033487.0,2.73,-1.61,-1.84,0.82
1668,2017-10-25,112.56,112.88,111.28,112.48,29594,40918510.0,1.42,0.14,0.16,0.54
1669,2017-10-26,112.56,113.28,111.68,112.8,38537,53583729.0,1.42,0.28,0.32,0.7
1670,2017-10-27,112.16,112.96,110.56,111.28,42664,58728060.0,2.13,-1.35,-1.52,0.78
1671,2017-10-30,111.04,111.28,107.6,108.8,53574,72196602.0,3.31,-2.23,-2.48,0.98
1672,2017-10-31,108.8,110.0,107.76,108.56,29367,39310088.0,2.06,-0.22,-0.24,0.53
1673,2017-11-01,108.64,112.56,108.08,110.72,47301,64686145.0,4.13,1.99,2.16,0.86
1674,2017-11-02,109.84,110.56,108.48,108.48,40482,54449408.0,1.88,-2.02,-2.24,0.74
1675,2017-11-03,108.48,111.12,108.16,108.72,45241,61095510.0,2.73,0.22,0.24,0.82
1676,2017-11-06,108.56,113.2,108.0,113.04,81028,112110726.0,4.78,3.97,4.32,1.47
1677,2017-11-07,112.96,120.4,112.0,119.52,168124,240759149.0,7.43,5.73,6.48,3.06
1678,2017-11-08,118.4,120.56,116.8,117.92,120626,176362418.0,3.15,-1.34,-1.6,2.2
1679,2017-11-09,118.08,120.8,116.88,120.56,94374,138805279.0,3.32,2.24,2.64,1.72
1680,2017-11-10,120.56,124.64,118.8,120.8,148155,223921175.0,4.84,0.2,0.24,2.7
1681,2017-11-13,121.44,122.88,118.8,121.92,95251,142765362.0,3.38,0.93,1.12,1.73
1682,2017-11-14,121.44,125.28,120.24,122.8,127004,193980875.0,4.13,0.72,0.88,2.31
1683,2017-11-15,120.88,122.64,117.6,119.04,92397,137046847.0,4.1,-3.06,-3.76,1.68
1684,2017-11-16,118.8,124.4,117.84,123.28,93646,141146694.0,5.51,3.56,4.24,1.7
1685,2017-11-17,121.52,127.6,120.08,120.72,217682,333117344.0,6.1,-2.08,-2.56,3.96
1686,2017-11-20,118.32,127.76,118.32,127.52,181296,278099568.0,7.82,5.63,6.8,3.3
1687,2017-11-21,126.16,129.99,125.28,126.32,180967,284603232.0,3.69,-0.94,-1.2,3.29
1688,2017-11-22,126.32,133.6,125.44,128.72,215478,344084736.0,6.46,1.9,2.4,3.92
1689,2017-11-23,127.44,128.32,120.8,120.8,151797,232961527.0,5.84,-6.15,-7.92,2.76
1690,2017-11-24,119.36,125.12,119.36,122.4,85616,129736478.0,4.77,1.32,1.6,1.56
1691,2017-11-27,121.2,128.0,120.8,124.64,126284,195655725.0,5.88,1.83,2.24,2.3
1692,2017-11-28,124.0,129.36,123.04,129.28,132296,206183913.0,5.07,3.72,4.64,2.41
1693,2017-11-29,127.92,129.52,125.6,128.24,114884,180742306.0,3.03,-0.8,-1.04,2.09
1694,2017-11-30,127.76,133.2,126.0,130.48,219834,353340816.0,5.61,1.75,2.24,4.0
1695,2017-12-01,128.8,136.0,128.56,135.84,237826,391294608.0,5.7,4.11,5.36,4.33
1696,2017-12-04,135.6,137.6,132.72,135.6,202569,337406784.0,3.59,-0.18,-0.24,3.69
1697,2017-12-05,134.32,135.2,122.24,124.64,217732,345154512.0,9.56,-8.08,-10.96,3.96
1698,2017-12-06,124.8,131.52,122.96,131.52,165777,261031537.0,6.87,5.52,6.88,3.02
1699,2017-12-07,130.4,134.16,129.36,131.27,168024,273806160.0,3.65,-0.19,-0.25,3.06
1700,2017-12-08,130.16,134.72,128.56,131.99,160233,262029532.0,4.69,0.55,0.72,2.92
1701,2017-12-11,132.07,135.6,131.2,134.4,149724,247331324.0,3.33,1.83,2.41,2.72
1702,2017-12-12,133.92,136.32,131.99,132.24,117807,194504381.0,3.22,-1.61,-2.16,2.14
1703,2017-12-13,132.24,133.2,127.68,132.72,124388,200672855.0,4.17,0.36,0.48,2.26
1704,2017-12-14,131.76,132.32,128.56,129.2,95505,153002724.0,2.83,-2.65,-3.52,1.74
1705,2017-12-15,129.28,131.35,126.0,127.6,123920,197067665.0,4.14,-1.24,-1.6,2.26
1706,2017-12-18,127.6,129.36,122.4,123.84,98907,152475650.0,5.45,-2.95,-3.76,1.8
1707,2017-12-19,124.0,127.36,123.28,127.2,84185,130150179.0,3.29,2.71,3.36,1.53
1708,2017-12-20,127.36,128.8,125.84,128.64,95426,150347557.0,2.33,1.13,1.44,1.74
1709,2017-12-21,131.99,132.4,126.16,129.2,220567,350843680.0,4.85,0.44,0.56,4.01
1710,2017-12-22,126.16,127.92,121.84,121.84,165741,253553558.0,4.71,-5.7,-7.36,3.02
1711,2017-12-25,118.4,120.0,109.84,109.84,237651,329595536.0,8.34,-9.85,-12.0,4.33
1712,2017-12-26,106.88,111.36,106.8,110.08,113550,153203809.0,4.15,0.22,0.24,2.07
1713,2017-12-27,109.2,110.96,108.48,108.56,77707,104606336.0,2.25,-1.38,-1.52,1.41
1714,2017-12-28,108.56,109.2,106.96,107.76,89522,119275980.0,2.06,-0.74,-0.8,1.63
1715,2017-12-29,107.84,110.16,106.08,108.96,107467,142232576.0,3.79,1.11,1.2,1.96
1716,2018-01-02,108.64,108.64,106.56,108.0,72185,95585932.0,1.91,-0.88,-0.96,1.31
1717,2018-01-03,108.56,111.2,107.36,111.2,101403,136403904.0,3.56,2.96,3.2,1.85
1718,2018-01-04,110.4,112.16,109.2,111.12,105833,144560568.0,2.66,-0.07,-0.08,1.93
1719,2018-01-05,110.4,111.28,108.4,108.96,65718,88782261.0,2.59,-1.94,-2.16,1.2
1720,2018-01-08,109.04,109.04,106.72,107.84,53852,71278639.0,2.13,-1.03,-1.12,0.98
1721,2018-01-09,107.44,110.08,107.44,109.76,63646,85572137.0,2.45,1.78,1.92,1.16
1722,2018-01-10,109.68,109.76,107.28,107.84,48020,64051936.0,2.26,-1.75,-1.92,0.87
1723,2018-01-11,108.24,109.76,107.2,109.04,53579,71779110.0,2.37,1.11,1.2,0.98
1724,2018-01-12,109.12,110.4,108.0,108.08,51449,69058364.0,2.2,-0.88,-0.96,0.94
1725,2018-01-15,108.4,109.36,107.04,108.8,74142,98935291.0,2.15,0.67,0.72,1.35
1726,2018-01-16,108.0,111.6,107.6,111.04,79229,107405589.0,3.68,2.06,2.24,1.44
1727,2018-01-17,111.12,114.0,108.48,113.52,97187,133969380.0,4.97,2.23,2.48,1.77
1728,2018-01-18,113.44,114.24,111.84,112.88,51531,71553645.0,2.11,-0.56,-0.64,0.94
1729,2018-01-19,112.4,115.84,112.0,113.52,71026,99896313.0,3.4,0.57,0.64,1.29
1730,2018-01-22,113.44,115.76,109.92,113.84,121846,169843414.0,5.14,0.28,0.32,2.22
1731,2018-01-23,113.76,114.56,111.36,112.8,96790,134996655.0,2.81,-0.91,-1.04,1.76
1732,2018-01-24,112.48,114.08,111.68,112.48,108126,150638543.0,2.13,-0.28,-0.32,1.97
1733,2018-01-25,112.0,113.68,111.36,111.76,176246,245194862.0,2.06,-0.64,-0.72,3.21
1734,2018-01-26,111.36,112.72,109.12,109.52,163881,223822440.0,3.22,-2.0,-2.24,2.98
1735,2018-01-29,108.88,109.76,98.72,105.52,273662,353691840.0,10.08,-3.65,-4.0,4.98
1736,2018-01-30,103.2,104.0,100.88,103.2,101838,128412164.0,2.96,-2.2,-2.32,1.85
1737,2018-01-31,102.4,103.12,99.2,102.24,85328,105746620.0,3.8,-0.93,-0.96,1.55
1738,2018-02-01,100.96,103.28,99.28,103.2,93275,116063628.0,3.91,0.94,0.96,1.7
1739,2018-02-02,103.2,105.6,100.8,105.6,85690,109149753.0,4.65,2.33,2.4,1.56
1740,2018-02-05,104.08,106.24,103.6,104.4,50957,65635174.0,2.5,-1.14,-1.2,0.93
1741,2018-02-06,103.84,104.16,99.2,101.6,62421,78444932.0,4.75,-2.68,-2.8,1.14
1742,2018-02-07,102.88,104.0,101.92,103.2,57869,73335957.0,2.05,1.57,1.6,1.05
1743,2018-02-08,102.56,104.4,102.56,103.52,76779,97930946.0,1.78,0.31,0.32,1.4
1744,2018-02-09,100.8,101.44,93.36,93.36,92234,111272553.0,7.81,-9.81,-10.16,1.68
1745,2018-02-12,89.6,102.56,89.6,102.56,176114,213839142.0,13.88,9.85,9.2,3.21
1746,2018-02-13,105.04,106.88,101.2,105.68,202409,260068174.0,5.54,3.04,3.12,3.68
1747,2018-02-14,105.36,107.68,102.88,106.24,95671,123671766.0,4.54,0.53,0.56,1.74
1748,2018-02-22,106.96,109.6,105.68,108.8,59733,79467186.0,3.69,2.41,2.56,1.09
1749,2018-02-23,107.6,109.76,105.28,109.68,96551,127973412.0,4.12,0.81,0.88,1.76
1750,2018-02-26,109.36,116.48,108.88,115.92,154171,214112315.0,6.93,5.69,6.24,2.81
1751,2018-02-27,114.16,116.88,113.68,116.4,110954,157956095.0,2.76,0.41,0.48,2.02
1752,2018-02-28,115.44,118.72,114.48,116.4,204431,295475104.0,3.64,0.0,0.0,3.72
1753,2018-03-01,115.04,116.08,110.8,111.2,174826,242900556.0,4.54,-4.47,-5.2,3.18
1754,2018-03-02,111.92,113.04,108.64,109.6,123509,168773255.0,3.96,-1.44,-1.6,2.25
1755,2018-03-05,110.4,111.84,109.44,110.0,89742,122098363.0,2.19,0.36,0.4,1.63
1756,2018-03-06,111.6,112.24,110.32,111.04,93087,127677749.0,1.75,0.95,1.04,1.69
1757,2018-03-07,110.96,113.28,107.84,111.44,169004,230849934.0,4.9,0.36,0.4,3.08
1758,2018-03-08,110.8,111.04,108.64,109.92,69845,94182891.0,2.15,-1.36,-1.52,1.27
1759,2018-03-09,110.0,113.52,109.52,112.8,116322,160695939.0,3.64,2.62,2.88,2.12
1760,2018-03-12,113.92,117.04,112.72,115.2,161996,230053304.0,3.83,2.13,2.4,2.95
1761,2018-03-13,115.36,116.56,113.04,114.0,91388,129442373.0,3.06,-1.04,-1.2,1.66
1762,2018-03-14,112.64,113.04,110.72,110.96,71825,98728989.0,2.04,-2.67,-3.04,1.31
1763,2018-03-15,109.6,112.56,109.44,112.32,52012,71127739.0,2.81,1.23,1.36,0.95
1764,2018-03-16,112.16,113.68,111.28,112.08,57626,79808114.0,2.14,-0.21,-0.24,1.05
1765,2018-03-19,112.0,116.4,111.36,115.36,99924,141383041.0,4.5,2.93,3.28,1.82
1766,2018-03-20,114.16,119.2,112.08,118.16,130473,186712016.0,6.17,2.43,2.8,2.37
1767,2018-03-21,118.32,121.44,115.76,116.0,122195,178219885.0,4.81,-1.83,-2.16,2.22
1768,2018-03-22,115.92,118.56,115.92,116.64,64051,92449286.0,2.28,0.55,0.64,1.17
1769,2018-03-23,113.2,118.72,108.4,117.6,145744,207840400.0,8.85,0.82,0.96,2.65
1770,2018-03-26,119.52,128.8,118.0,125.52,246911,379473968.0,9.18,6.73,7.92,4.49
1771,2018-03-27,125.28,131.84,123.2,131.68,288680,454813712.0,6.88,4.91,6.16,5.25
1772,2018-03-28,129.6,131.12,126.8,127.12,186199,296115728.0,3.28,-3.46,-4.56,3.39
1773,2018-03-29,127.52,130.56,126.08,127.92,162333,256487046.0,3.52,0.63,0.8,2.95
1774,2018-03-30,128.4,140.56,128.4,140.56,462666,782158656.0,9.51,9.88,12.64,8.42
1775,2018-04-02,145.6,154.48,138.4,154.48,638195,1131601152.0,11.44,9.9,13.92,11.61
1776,2018-04-03,153.6,154.48,142.88,144.8,833004,1525429232.0,7.51,-6.27,-9.68,15.16
1777,2018-04-04,140.8,150.08,138.8,145.36,597611,1061519360.0,7.79,0.39,0.56,10.88
1778,2018-04-09,146.96,159.76,143.76,159.76,733532,1392991584.0,11.01,9.91,14.4,13.35
1779,2018-04-10,163.04,166.32,143.92,147.36,1110266,2099951472.0,14.02,-7.76,-12.4,20.21
1780,2018-04-11,141.6,145.52,139.28,141.76,487053,856748720.0,4.23,-3.8,-5.6,8.86
1781,2018-04-12,142.8,146.96,140.64,141.76,351311,623885344.0,4.46,0.0,0.0,6.39
1782,2018-04-13,141.84,142.96,134.56,134.88,413912,705350784.0,5.93,-4.85,-6.88,7.53
1783,2018-04-16,136.32,139.04,133.52,138.72,315127,533190272.0,4.09,2.85,3.84,5.74
1784,2018-04-17,140.24,145.28,139.44,140.4,430643,756651728.0,4.21,1.21,1.68,7.84
1785,2018-04-18,143.36,151.52,140.8,149.04,584755,1068280368.0,7.64,6.15,8.64,10.64
1786,2018-04-19,147.12,160.32,146.08,152.64,693659,1322306448.0,9.55,2.42,3.6,12.62
1787,2018-04-20,152.0,158.8,148.0,152.8,545105,1039284400.0,7.08,0.1,0.16,9.92
1788,2018-04-23,153.6,153.6,138.0,140.56,420380,754765680.0,10.21,-8.01,-12.24,7.65
1789,2018-04-24,140.08,147.36,135.04,145.28,355879,623701616.0,8.76,3.36,4.72,6.48
1790,2018-04-25,142.48,153.2,141.52,148.72,378327,697167984.0,8.04,2.37,3.44,6.89
1791,2018-04-26,148.72,155.68,145.76,148.48,382466,714955168.0,6.67,-0.16,-0.24,6.96
1792,2018-04-27,151.6,152.96,141.6,148.0,333227,611323424.0,7.65,-0.32,-0.48,6.06
1793,2018-05-02,142.0,145.36,133.36,133.84,415431,710125024.0,8.11,-9.57,-14.16,7.56
1794,2018-05-03,134.16,138.24,127.76,137.68,348578,569934256.0,7.83,2.87,3.84,6.34
1795,2018-05-04,135.6,140.4,133.84,135.68,224570,379859584.0,4.76,-1.45,-2.0,4.09
1796,2018-05-07,135.84,139.52,135.28,137.76,179233,304941040.0,3.13,1.53,2.08,3.26
1797,2018-05-08,138.72,142.96,136.88,138.4,284825,491722544.0,4.41,0.46,0.64,5.18
1798,2018-05-09,138.48,142.24,137.68,139.12,218010,376580256.0,3.29,0.52,0.72,3.97
1799,2018-05-10,139.04,139.04,131.99,135.12,281847,468644800.0,5.07,-2.88,-4.0,5.13
1800,2018-05-11,134.88,135.28,130.4,130.4,193522,315906384.0,3.61,-3.49,-4.72,3.52
1801,2018-05-14,128.88,133.6,128.8,131.04,173790,281365488.0,3.68,0.49,0.64,3.16
1802,2018-05-15,131.44,133.84,129.92,133.76,172433,281671424.0,2.99,2.08,2.72,3.14
1803,2018-05-16,133.84,134.16,131.2,131.27,145211,237517579.0,2.21,-1.86,-2.49,2.64
1804,2018-05-17,131.35,132.96,130.88,131.35,88843,144518615.0,1.58,0.06,0.08,1.62
1805,2018-05-18,132.56,133.36,130.88,133.2,134108,219164099.0,1.89,1.41,1.85,2.44
1806,2018-05-21,134.96,137.92,133.6,137.6,241879,407162976.0,3.24,3.3,4.4,4.4
1807,2018-05-22,137.44,137.44,134.48,136.64,163231,273861792.0,2.15,-0.7,-0.96,2.97
1808,2018-05-23,136.56,140.72,135.28,139.2,294075,502472560.0,3.98,1.87,2.56,5.35
1809,2018-05-24,139.36,141.36,137.76,139.28,244286,421630832.0,2.59,0.06,0.08,4.45
1810,2018-05-25,139.36,140.0,131.27,131.6,236056,392572528.0,6.27,-5.51,-7.68,4.3
1811,2018-05-28,130.16,130.96,123.36,124.4,187899,293404016.0,5.78,-5.47,-7.2,3.42
1812,2018-05-29,124.32,127.92,123.44,124.48,130338,201642356.0,3.6,0.06,0.08,2.37
1813,2018-05-30,123.28,128.4,120.16,122.0,176757,271608240.0,6.62,-1.99,-2.48,3.22
1814,2018-05-31,124.0,124.0,120.8,122.88,113927,172072668.0,2.62,0.72,0.88,2.07
1815,2018-06-01,121.44,121.44,116.0,116.56,183283,267631753.0,4.43,-5.14,-6.32,3.34
1816,2018-06-04,117.84,118.0,113.92,116.8,124697,179030317.0,3.5,0.21,0.24,2.27
1817,2018-06-05,116.0,120.16,115.76,120.0,113593,165917709.0,3.77,2.74,3.2,2.07
1818,2018-06-06,119.52,120.72,117.36,118.72,109741,160822967.0,2.8,-1.07,-1.28,2.0
1819,2018-06-07,118.96,120.0,116.64,117.52,87629,127868766.0,2.83,-1.01,-1.2,1.59
1820,2018-06-08,115.2,117.2,112.56,116.16,109613,155481199.0,3.95,-1.16,-1.36,1.99
1821,2018-06-11,116.16,116.8,113.44,113.92,86713,122864329.0,2.89,-1.93,-2.24,1.58
1822,2018-06-12,114.48,116.64,112.8,116.4,81339,115539937.0,3.37,2.18,2.48,1.48
1823,2018-06-13,115.92,119.84,115.52,116.08,118948,172431855.0,3.71,-0.27,-0.32,2.16
1824,2018-06-14,116.16,118.0,113.12,117.36,116450,166732656.0,4.2,1.1,1.28,2.12
1825,2018-06-15,117.28,117.6,109.68,112.24,123832,173725124.0,6.75,-4.36,-5.12,2.25
1826,2018-06-19,110.0,112.0,101.2,101.68,152990,199260877.0,9.62,-9.41,-10.56,2.78
1827,2018-06-20,101.6,106.48,101.28,106.08,129234,166129338.0,5.11,4.33,4.4,2.35
1828,2018-06-21,105.44,106.8,102.64,102.96,102927,132557208.0,3.92,-2.94,-3.12,1.87
1829,2018-06-22,103.2,106.88,102.56,106.0,84549,109716918.0,4.2,2.95,3.04,1.54
1830,2018-06-25,107.2,108.4,105.44,105.92,61488,81036298.0,2.79,-0.08,-0.08,1.12
1831,2018-06-26,103.6,111.84,103.36,110.72,117937,158275428.0,8.01,4.53,4.8,2.15
1832,2018-06-27,110.56,112.48,107.04,108.08,136249,184122725.0,4.91,-2.38,-2.64,2.48
1833,2018-06-28,108.4,110.16,106.8,106.96,116170,155204150.0,3.11,-1.04,-1.12,2.11
1834,2018-06-29,107.36,114.88,107.36,114.64,187132,257820748.0,7.03,7.18,7.68,3.41
1835,2018-07-02,113.6,115.2,111.6,113.28,132102,184331202.0,3.14,-1.19,-1.36,2.4
1836,2018-07-03,112.24,118.4,111.76,117.52,206749,293952032.0,5.86,3.74,4.24,3.76
1837,2018-07-04,115.76,116.32,112.64,113.44,166426,234378426.0,3.13,-3.47,-4.08,3.03
1838,2018-07-05,113.36,114.32,106.48,108.0,131122,178920041.0,6.91,-4.8,-5.44,2.39
1839,2018-07-06,108.0,114.32,107.84,109.2,172619,234923976.0,6.0,1.11,1.2,3.14
1840,2018-07-09,109.68,112.72,109.68,111.84,124292,170988982.0,2.78,2.42,2.64,2.26
1841,2018-07-10,111.92,117.04,111.28,114.64,175273,247436839.0,5.15,2.5,2.8,3.19
1842,2018-07-11,112.96,112.96,107.44,111.28,141929,194029909.0,4.82,-2.93,-3.36,2.58
1843,2018-07-12,111.44,116.4,111.2,114.72,191077,270066096.0,4.67,3.09,3.44,3.48
1844,2018-07-13,113.12,113.28,110.4,111.76,187182,257497211.0,2.51,-2.58,-2.96,3.41
1845,2018-07-16,111.52,116.4,110.88,113.52,158110,221397870.0,4.94,1.57,1.76,2.88
1846,2018-07-17,113.36,114.8,111.92,114.64,128818,180030056.0,2.54,0.99,1.12,2.34
1847,2018-07-18,114.88,115.44,111.6,111.92,145119,202498827.0,3.35,-2.37,-2.72,2.64
1848,2018-07-19,111.36,111.84,107.6,108.64,142457,191545111.0,3.79,-2.93,-3.28,2.59
1849,2018-07-20,108.0,110.32,107.92,109.84,84963,114625294.0,2.21,1.1,1.2,1.55
1850,2018-07-23,110.0,114.32,109.76,113.12,159734,222001708.0,4.15,2.99,3.28,2.91
1851,2018-07-24,112.48,115.04,112.0,114.48,165508,232881450.0,2.69,1.2,1.36,3.01
1852,2018-07-25,116.24,117.12,113.76,114.56,157393,223719632.0,2.94,0.07,0.08,2.86
1853,2018-07-26,114.96,115.6,111.76,112.0,126326,175497241.0,3.35,-2.23,-2.56,2.3
1854,2018-07-27,111.92,113.28,111.44,111.52,70138,97115466.0,1.64,-0.43,-0.48,1.28
1855,2018-07-30,110.96,112.32,108.96,109.76,79014,107541365.0,3.01,-1.58,-1.76,1.44
1856,2018-07-31,109.76,110.48,107.44,108.8,71365,95504935.0,2.77,-0.87,-0.96,1.3
1857,2018-08-01,108.8,110.24,106.4,107.2,64776,86592442.0,3.53,-1.47,-1.6,1.18
1858,2018-08-02,107.2,107.2,101.68,103.52,107362,136548548.0,5.15,-3.43,-3.68,1.95
1859,2018-08-03,103.52,104.8,103.12,103.44,44790,57267368.0,1.62,-0.08,-0.08,0.81
1860,2018-08-06,104.0,105.2,102.4,104.08,52144,66743311.0,2.71,0.62,0.64,0.95
1861,2018-08-07,104.0,106.88,103.84,106.8,70754,92296864.0,2.92,2.61,2.72,1.29
1862,2018-08-08,106.96,106.96,104.08,104.24,58217,75594510.0,2.7,-2.4,-2.56,1.06
1863,2018-08-09,104.24,108.48,104.0,107.6,95702,126517331.0,4.3,3.22,3.36,1.74
1864,2018-08-10,107.68,108.4,106.24,107.76,71691,94884044.0,2.01,0.15,0.16,1.3
1865,2018-08-13,106.32,110.0,105.6,109.84,94012,125009765.0,4.08,1.93,2.08,1.71
1866,2018-08-14,109.6,109.76,107.04,108.0,67207,89606455.0,2.48,-1.68,-1.84,1.22
1867,2018-08-15,108.48,108.64,106.0,106.32,59551,78497211.0,2.44,-1.56,-1.68,1.08
1868,2018-08-16,104.24,106.72,103.52,104.64,57308,74210637.0,3.01,-1.58,-1.68,1.04
1869,2018-08-17,105.84,106.64,102.8,103.12,51999,66804738.0,3.67,-1.45,-1.52,0.95
1870,2018-08-20,102.96,103.92,100.0,103.76,59447,74646536.0,3.8,0.62,0.64,1.08
1871,2018-08-21,103.76,104.96,102.96,104.0,46895,60046246.0,1.93,0.23,0.24,0.85
1872,2018-08-22,104.08,104.56,102.08,102.24,35102,44584288.0,2.38,-1.69,-1.76,0.64
1873,2018-08-23,102.24,104.48,102.0,104.0,58249,74294360.0,2.43,1.72,1.76,1.06
1874,2018-08-24,103.92,103.92,102.08,102.8,41426,52415077.0,1.77,-1.15,-1.2,0.75
1875,2018-08-27,103.6,106.56,103.52,106.0,96050,124963428.0,2.96,3.11,3.2,1.75
1876,2018-08-28,106.48,112.16,105.68,111.28,203355,273899184.0,6.11,4.98,5.28,3.7
1877,2018-08-29,110.4,111.04,108.0,108.96,103650,139365245.0,2.73,-2.08,-2.32,1.89
1878,2018-08-30,108.56,109.68,106.56,106.64,59974,79562563.0,2.86,-2.13,-2.32,1.09
1879,2018-08-31,106.88,107.92,106.24,106.88,51091,67345697.0,1.58,0.23,0.24,0.93
1880,2018-09-03,107.52,107.68,103.68,107.2,69086,89808768.0,3.74,0.3,0.32,1.26
1881,2018-09-04,106.88,111.84,106.4,110.64,152611,207277308.0,5.07,3.21,3.44,2.78
1882,2018-09-05,110.56,115.12,109.76,112.16,253469,354573312.0,4.84,1.37,1.52,4.61
1883,2018-09-06,110.4,114.96,109.92,112.56,142682,198671936.0,4.49,0.36,0.4,2.6
1884,2018-09-07,112.56,114.48,108.88,110.16,119321,163767575.0,4.98,-2.13,-2.4,2.17
1885,2018-09-10,110.4,112.72,109.12,109.92,86022,117590860.0,3.27,-0.22,-0.24,1.57
1886,2018-09-11,109.36,112.48,108.88,111.6,70761,96665021.0,3.28,1.53,1.68,1.29
1887,2018-09-12,111.6,114.32,111.52,112.48,90661,126151181.0,2.51,0.79,0.88,1.65
1888,2018-09-13,113.36,114.08,111.28,113.84,90778,126425308.0,2.49,1.21,1.36,1.65
1889,2018-09-14,113.36,114.72,110.48,110.56,85451,119046675.0,3.72,-2.88,-3.28,1.55
1890,2018-09-17,111.84,113.12,109.12,109.6,82669,112852774.0,3.62,-0.87,-0.96,1.5
1891,2018-09-18,109.04,110.72,106.08,110.4,86102,115656254.0,4.23,0.73,0.8,1.57
1892,2018-09-19,109.6,112.4,109.36,111.36,82790,113404715.0,2.75,0.87,0.96,1.51
1893,2018-09-20,111.68,111.92,108.64,108.88,69181,93699720.0,2.95,-2.23,-2.48,1.26
1894,2018-09-21,109.44,109.6,106.56,109.28,84015,111948178.0,2.79,0.37,0.4,1.53
1895,2018-09-25,108.56,109.52,107.28,108.0,64584,86015125.0,2.05,-1.17,-1.28,1.18
1896,2018-09-26,108.0,108.4,106.88,107.52,62675,83010303.0,1.41,-0.44,-0.48,1.14
1897,2018-09-27,107.36,108.0,104.0,104.24,95490,123959629.0,3.72,-3.05,-3.28,1.74
1898,2018-09-28,104.16,105.12,103.2,104.96,48810,62666732.0,1.84,0.69,0.72,0.89
1899,2018-10-08,103.6,103.6,100.32,100.56,57044,71407874.0,3.13,-4.19,-4.4,1.04
1900,2018-10-09,101.52,102.32,98.56,102.0,61807,76792906.0,3.74,1.43,1.44,1.12
1901,2018-10-10,101.52,102.32,100.4,101.44,36503,45537642.0,1.88,-0.55,-0.56,0.66
1902,2018-10-11,97.6,98.0,91.44,91.44,96239,110993200.0,6.47,-9.86,-10.0,1.75
1903,2018-10-12,89.92,91.2,82.48,86.96,112074,118416991.0,9.54,-4.9,-4.48,2.04
1904,2018-10-15,86.32,88.48,85.36,85.6,58080,61871538.0,3.59,-1.56,-1.36,1.06
1905,2018-10-16,85.6,87.04,80.0,81.6,76644,78796209.0,8.22,-4.67,-4.0,1.39
1906,2018-10-17,82.48,84.0,81.12,83.52,76547,77779936.0,3.53,2.35,1.92,1.39
1907,2018-10-18,82.88,83.2,81.28,81.76,58923,59431154.0,2.3,-2.11,-1.76,1.07
1908,2018-10-19,80.88,84.16,80.72,83.76,80838,82132179.0,4.21,2.45,2.0,1.47
1909,2018-10-22,84.4,88.56,84.4,87.84,99561,106204558.0,4.97,4.87,4.08,1.81
1910,2018-10-23,87.84,88.0,84.64,85.12,71896,76017187.0,3.83,-3.1,-2.72,1.31
1911,2018-10-24,84.72,85.76,83.84,84.32,53926,56031865.0,2.26,-0.94,-0.8,0.98
1912,2018-10-25,81.6,83.04,80.16,82.64,72610,72334019.0,3.42,-1.99,-1.68,1.32
1913,2018-10-26,83.6,84.16,82.48,83.52,54701,56008105.0,2.03,1.06,0.88,1.0
1914,2018-10-29,83.04,83.6,80.56,80.56,65960,66192869.0,3.64,-3.54,-2.96,1.2
1915,2018-10-30,80.56,81.92,79.2,81.28,71470,70797427.0,3.38,0.89,0.72,1.3
1916,2018-10-31,81.6,83.84,81.6,82.64,70238,71171335.0,2.76,1.67,1.36,1.28
1917,2018-11-01,84.48,86.08,83.44,83.6,106008,110063784.0,3.19,1.16,0.96,1.93
1918,2018-11-02,85.6,86.0,84.16,85.92,109649,114717691.0,2.2,2.78,2.32,1.99
1919,2018-11-05,86.08,87.44,84.64,86.88,109883,116232726.0,3.26,1.12,0.96,2.0
1920,2018-11-06,86.88,86.88,84.24,85.84,63818,66740560.0,3.04,-1.2,-1.04,1.16
1921,2018-11-07,86.08,87.28,84.8,85.68,91418,96729495.0,2.89,-0.19,-0.16,1.66
1922,2018-11-08,86.48,86.8,84.24,84.4,61741,64595892.0,2.99,-1.49,-1.28,1.12
1923,2018-11-09,83.44,85.2,83.44,83.84,44526,46098244.0,2.09,-0.66,-0.56,0.81
1924,2018-11-12,83.6,86.64,83.44,86.48,81578,85551432.0,3.82,3.15,2.64,1.48
1925,2018-11-13,85.6,88.8,85.28,87.92,131935,141401302.0,4.07,1.67,1.44,2.4
1926,2018-11-14,88.0,89.2,87.2,88.48,108431,117179396.0,2.27,0.64,0.56,1.97
1927,2018-11-15,88.48,90.72,87.68,90.24,121864,133814012.0,3.44,1.99,1.76,2.22
1928,2018-11-16,90.32,90.8,88.8,89.6,112933,124504294.0,2.22,-0.71,-0.64,2.05
1929,2018-11-19,90.24,91.28,87.76,91.12,114578,126038106.0,3.93,1.7,1.52,2.08
1930,2018-11-20,90.48,100.08,89.84,98.08,472144,570739936.0,11.24,7.64,6.96,8.59
1931,2018-11-21,94.4,95.12,92.08,93.92,288927,332165360.0,3.1,-4.24,-4.16,5.26
1932,2018-11-22,94.56,95.12,91.84,92.4,128776,147088254.0,3.49,-1.62,-1.52,2.34
1933,2018-11-23,92.08,92.72,86.08,86.64,145639,159073364.0,7.19,-6.23,-5.76,2.65
1934,2018-11-26,86.8,89.92,86.4,88.16,101351,109856145.0,4.06,1.75,1.52,1.84
1935,2018-11-27,88.64,91.04,88.4,89.36,104583,115279780.0,2.99,1.36,1.2,1.9
1936,2018-11-28,89.36,91.44,87.36,90.96,104185,114624229.0,4.57,1.79,1.6,1.9
1937,2018-11-29,90.96,91.68,87.6,87.84,95228,104935959.0,4.49,-3.43,-3.12,1.73
1938,2018-11-30,88.08,88.8,85.84,88.56,73095,78423039.0,3.37,0.82,0.72,1.33
1939,2018-12-03,90.56,92.4,89.76,92.4,132162,147808257.0,2.98,4.34,3.84,2.4
1940,2018-12-04,91.6,92.4,90.88,92.0,83944,94347215.0,1.65,-0.43,-0.4,1.53
1941,2018-12-05,90.32,90.96,89.2,90.0,96965,107240381.0,1.91,-2.17,-2.0,1.76
1942,2018-12-06,89.6,90.64,88.48,89.2,76359,83833982.0,2.4,-0.89,-0.8,1.39
1943,2018-12-07,89.6,89.92,88.24,89.36,60412,66019366.0,1.88,0.18,0.16,1.1
1944,2018-12-10,88.32,89.12,86.48,88.24,61157,66078809.0,2.95,-1.25,-1.12,1.11
1945,2018-12-11,87.52,88.96,87.44,88.32,40521,43755055.0,1.72,0.09,0.08,0.74
1946,2018-12-12,88.72,88.88,87.36,87.6,43256,46773521.0,1.72,-0.82,-0.72,0.79
1947,2018-12-13,87.92,88.72,86.72,87.68,56783,61173453.0,2.28,0.09,0.08,1.03
1948,2018-12-14,87.6,87.6,83.12,83.52,123310,128810538.0,5.11,-4.74,-4.16,2.24
1949,2018-12-17,83.6,84.24,83.04,83.76,49156,50406101.0,1.44,0.29,0.24,0.89
1950,2018-12-18,83.44,84.32,82.24,83.44,47229,48189681.0,2.48,-0.38,-0.32,0.86
1951,2018-12-19,83.68,83.76,82.08,82.32,46042,46792668.0,2.01,-1.34,-1.12,0.84
1952,2018-12-20,81.76,82.96,81.76,82.8,40219,40650921.0,1.46,0.58,0.48,0.73
1953,2018-12-21,82.0,82.72,81.68,82.4,39310,39596433.0,1.26,-0.48,-0.4,0.72
1954,2018-12-24,82.24,84.0,82.08,83.52,55556,56681948.0,2.33,1.36,1.12,1.01
1955,2018-12-25,82.88,82.88,78.4,81.6,107759,105775459.0,5.36,-2.3,-1.92,1.96
1956,2018-12-26,80.96,82.0,80.08,80.32,63307,62649745.0,2.35,-1.57,-1.28,1.15
1957,2018-12-27,81.76,82.08,79.2,79.2,52234,51472412.0,3.59,-1.39,-1.12,0.95
1958,2018-12-28,81.12,83.76,80.56,80.8,119192,119830671.0,4.04,2.02,1.6,2.17
1959,2019-01-02,80.08,82.96,78.72,82.32,140225,138855007.0,5.25,1.88,1.52,2.55
1960,2019-01-03,81.6,84.8,81.36,82.96,150071,153586966.0,4.18,0.78,0.64,2.73
1961,2019-01-04,81.44,85.92,80.88,85.68,162638,167882115.0,6.08,3.28,2.72,2.96
1962,2019-01-07,86.24,88.48,85.12,87.84,172333,184426245.0,3.92,2.52,2.16,3.14
1963,2019-01-08,87.6,87.68,84.64,85.04,137289,144818418.0,3.46,-3.19,-2.8,2.5
1964,2019-01-09,85.52,86.8,84.4,84.64,164313,172366306.0,2.82,-0.47,-0.4,2.99
1965,2019-01-10,84.64,85.36,83.36,83.84,110320,114133009.0,2.36,-0.95,-0.8,2.01
1966,2019-01-11,84.56,86.08,83.84,86.08,143531,149888816.0,2.67,2.67,2.24,2.61
1967,2019-01-14,85.6,85.92,83.6,83.84,96665,100134413.0,2.7,-2.6,-2.24,1.76
1968,2019-01-15,84.08,85.2,83.36,85.04,97660,101056116.0,2.19,1.43,1.2,1.78
1969,2019-01-16,85.04,85.28,83.84,84.0,67108,69473970.0,1.69,-1.22,-1.04,1.22
1970,2019-01-17,83.92,84.16,81.6,81.68,96440,97477177.0,3.05,-2.76,-2.32,1.75
1971,2019-01-18,81.76,82.32,80.64,82.24,79093,79102029.0,2.06,0.69,0.56,1.44
1972,2019-01-21,82.08,83.52,82.08,82.64,59686,60496132.0,1.75,0.49,0.4,1.09
1973,2019-01-22,82.32,82.64,81.12,81.36,49707,49746913.0,1.84,-1.55,-1.28,0.9
1974,2019-01-23,81.04,82.56,80.96,81.92,38451,38578197.0,1.97,0.69,0.56,0.7
1975,2019-01-24,81.92,84.96,81.68,84.24,135489,139331376.0,4.0,2.83,2.32,2.47
1976,2019-01-25,84.64,84.64,82.4,82.64,81563,83641386.0,2.66,-1.9,-1.6,1.48
1977,2019-01-28,83.52,83.52,81.6,81.76,56509,57120787.0,2.32,-1.06,-0.88,1.03
1978,2019-01-29,81.6,81.76,77.68,79.28,95102,92167867.0,4.99,-3.03,-2.48,1.73
1979,2019-01-30,79.76,79.84,78.24,78.48,38750,37490825.0,2.02,-1.01,-0.8,0.71
1980,2019-01-31,79.04,79.04,71.2,72.4,152135,137554861.0,9.99,-7.75,-6.08,2.77
1981,2019-02-01,72.64,74.24,72.56,74.08,60038,53950666.0,2.32,2.32,1.68,1.09
1982,2019-02-11,74.32,76.16,74.24,76.16,59931,55285786.0,2.59,2.81,2.08,1.09
1983,2019-02-12,76.48,77.36,75.76,76.72,63752,59748220.0,2.1,0.74,0.56,1.16
1984,2019-02-13,76.8,81.36,76.56,80.96,157073,152415149.0,6.26,5.53,4.24,2.86
1985,2019-02-14,80.0,81.52,79.84,80.56,92381,91097562.0,2.08,-0.49,-0.4,1.68
1986,2019-02-15,80.64,82.32,80.4,81.28,94043,93828555.0,2.38,0.89,0.72,1.71
1987,2019-02-18,82.4,84.32,81.6,84.16,124760,127212169.0,3.35,3.54,2.88,2.27
1988,2019-02-19,84.48,88.96,82.72,87.84,237551,249372759.0,7.41,4.37,3.68,4.32
1989,2019-02-20,86.08,89.04,84.88,88.16,246170,263186289.0,4.74,0.36,0.32,4.48
1990,2019-02-21,87.04,89.12,85.92,86.24,241266,258615112.0,3.63,-2.18,-1.92,4.39
1991,2019-02-22,85.6,88.32,84.96,88.16,176418,188511677.0,3.9,2.23,1.92,3.21
1992,2019-02-25,88.8,92.48,88.16,92.08,272577,303261056.0,4.9,4.45,3.92,4.96
1993,2019-02-26,92.64,96.56,89.04,95.84,388245,440859440.0,8.17,4.08,3.76,7.06
1994,2019-02-27,94.4,99.68,91.6,93.92,303204,358272752.0,8.43,-2.0,-1.92,5.52
1995,2019-02-28,94.0,94.8,91.36,92.0,152127,173384209.0,3.66,-2.04,-1.92,2.77
1996,2019-03-01,92.0,92.8,90.4,91.84,128056,143566309.0,2.61,-0.17,-0.16,2.33
1997,2019-03-04,92.64,94.88,91.44,92.8,260461,297396160.0,3.75,1.05,0.96,4.74
1998,2019-03-05,93.04,98.0,91.68,97.84,293555,342957280.0,6.81,5.43,5.04,5.34
1999,2019-03-06,97.76,97.92,94.72,97.04,247573,293651504.0,3.27,-0.82,-0.8,4.5
2000,2019-03-07,96.72,101.28,95.44,100.0,318407,388813424.0,6.02,3.05,2.96,5.79
2001,2019-03-08,100.0,109.84,97.68,109.84,775644,1024816400.0,12.16,9.84,9.84,14.11
2002,2019-03-11,115.12,119.68,110.24,113.12,769211,1086873200.0,8.59,2.99,3.28,13.99
2003,2019-03-12,110.64,119.2,110.64,117.52,650826,914193920.0,7.57,3.89,4.4,11.84
2004,2019-03-13,115.04,115.04,106.4,107.76,461100,634894080.0,7.35,-8.3,-9.76,8.39
2005,2019-03-14,106.0,108.96,99.36,100.64,308320,393223104.0,8.91,-6.61,-7.12,5.61
2006,2019-03-15,102.8,102.8,99.36,101.12,186905,233105667.0,3.42,0.48,0.48,3.4
2007,2019-03-18,101.2,103.92,99.04,103.76,181981,227920849.0,4.83,2.61,2.64,3.31
2008,2019-03-19,103.28,107.92,102.64,105.28,203260,263882706.0,5.09,1.46,1.52,3.7
2009,2019-03-20,105.68,106.24,101.2,103.28,157455,199997050.0,4.79,-1.9,-2.0,2.86
2010,2019-03-21,103.44,105.68,103.2,104.32,162277,209098601.0,2.4,1.01,1.04,2.95
2011,2019-03-22,104.0,105.04,101.36,103.6,157931,200022659.0,3.53,-0.69,-0.72,2.87
2012,2019-03-25,104.64,110.48,103.28,107.04,337543,446911552.0,6.95,3.32,3.44,6.14
2013,2019-03-26,106.0,106.08,99.92,100.4,230672,293028976.0,5.75,-6.2,-6.64,4.2
2014,2019-03-27,100.8,101.52,96.08,100.4,144201,175719139.0,5.42,0.0,0.0,2.62
2015,2019-03-28,100.0,103.76,98.64,99.2,142874,178562281.0,5.1,-1.2,-1.2,2.6
2016,2019-03-29,99.2,103.04,99.04,102.64,142688,177995011.0,4.03,3.47,3.44,2.6
2017,2019-04-01,102.96,108.56,102.88,107.52,257652,335403008.0,5.53,4.75,4.88,4.69
2018,2019-04-02,112.0,112.72,106.64,107.04,297373,399933936.0,5.65,-0.45,-0.48,5.41
2019,2019-04-03,104.88,107.84,104.4,107.2,184028,241205147.0,3.21,0.15,0.16,3.35
2020,2019-04-04,107.36,109.76,106.64,107.84,215964,288005824.0,2.91,0.6,0.64,3.93
2021,2019-04-08,107.12,107.44,102.48,104.0,194680,251089773.0,4.6,-3.56,-3.84,3.54
2022,2019-04-09,103.28,105.28,102.16,103.6,128168,163675512.0,3.0,-0.38,-0.4,2.33
2023,2019-04-10,102.64,102.88,100.08,100.32,143834,178972852.0,2.7,-3.17,-3.28,2.62
2024,2019-04-11,100.32,101.28,97.68,98.08,127520,155938508.0,3.59,-2.23,-2.24,2.32
2025,2019-04-12,98.08,99.2,96.8,98.56,105559,127207948.0,2.45,0.49,0.48,1.92
2026,2019-04-15,99.52,101.92,99.52,99.6,129365,160265945.0,2.44,1.06,1.04,2.35
2027,2019-04-16,99.44,102.08,97.68,102.08,123014,151953284.0,4.42,2.49,2.48,2.24
2028,2019-04-17,102.32,102.32,100.4,101.12,110004,137062565.0,1.88,-0.94,-0.96,2.0
2029,2019-04-18,101.12,101.12,98.8,98.96,111648,136962710.0,2.29,-2.14,-2.16,2.03
2030,2019-04-19,98.08,99.68,97.76,99.2,79460,96341942.0,1.94,0.24,0.24,1.45
2031,2019-04-22,100.08,100.48,97.68,98.08,81569,99277489.0,2.82,-1.13,-1.12,1.48
2032,2019-04-23,98.32,98.72,95.36,95.76,89871,106900762.0,3.43,-2.37,-2.32,1.64
2033,2019-04-24,95.76,98.4,95.36,98.0,73540,87659323.0,3.17,2.34,2.24,1.34
2034,2019-04-25,97.92,98.64,93.68,94.24,88719,105385056.0,5.06,-3.84,-3.76,1.61
2035,2019-04-26,92.88,93.6,91.2,91.52,98297,111362389.0,2.55,-2.89,-2.72,1.79
2036,2019-04-29,91.52,92.0,84.8,85.84,109144,117394728.0,7.87,-6.21,-5.68,1.99
2037,2019-04-30,85.84,88.24,85.84,86.56,52776,56427737.0,2.8,0.84,0.72,0.96
2038,2019-05-06,83.2,84.8,78.48,80.72,101141,101620173.0,7.3,-6.75,-5.84,1.84
2039,2019-05-07,81.52,82.88,80.72,81.84,54493,54730443.0,2.68,1.39,1.12,0.99
2040,2019-05-08,80.16,85.2,79.76,83.52,77434,78969146.0,6.65,2.05,1.68,1.41
2041,2019-05-09,83.12,86.72,82.48,84.0,86750,90536632.0,5.08,0.57,0.48,1.58
2042,2019-05-10,85.44,89.52,82.8,89.36,144442,154047122.0,8.0,6.38,5.36,2.63
2043,2019-05-13,87.68,90.64,87.2,88.4,100227,109261186.0,3.85,-1.07,-0.96,1.82
2044,2019-05-14,85.6,88.0,84.4,85.36,111925,117994157.0,4.07,-3.44,-3.04,2.04
2045,2019-05-15,85.92,87.2,85.6,86.88,77301,81981156.0,1.87,1.78,1.52,1.41
2046,2019-05-16,86.96,90.8,86.4,88.96,139205,152317915.0,5.06,2.39,2.08,2.53
2047,2019-05-17,88.72,92.64,88.08,89.2,202067,224532988.0,5.13,0.27,0.24,3.68
2048,2019-05-20,90.96,97.04,90.96,95.04,246987,283347248.0,6.82,6.55,5.84,4.49
2049,2019-05-21,95.28,95.28,91.12,94.88,175256,200220336.0,4.38,-0.17,-0.16,3.19
2050,2019-05-22,94.4,96.4,92.16,94.48,146970,169535194.0,4.47,-0.42,-0.4,2.67
2051,2019-05-23,96.16,103.76,96.16,98.4,521238,641803296.0,8.04,4.15,3.92,9.48
2052,2019-05-24,93.44,95.12,88.72,88.72,338686,378727008.0,6.5,-9.84,-9.68,6.16
2053,2019-05-27,87.76,94.4,87.36,93.84,242690,274206928.0,7.94,5.77,5.12,4.42
2054,2019-05-28,94.56,95.92,92.24,92.96,211340,243404060.0,3.92,-0.94,-0.88,3.85
2055,2019-05-29,92.16,97.36,91.28,94.88,231481,269583072.0,6.54,2.07,1.92,4.21
2056,2019-05-30,94.4,94.56,90.64,93.76,153774,174769965.0,4.13,-1.18,-1.12,2.8
2057,2019-05-31,94.0,95.12,93.12,94.16,148108,170848627.0,2.13,0.43,0.4,2.69
2058,2019-06-03,94.72,96.8,93.2,96.48,230779,270223136.0,3.82,2.46,2.32,4.2
2059,2019-06-04,95.84,95.84,91.68,92.72,147166,168967769.0,4.31,-3.9,-3.76,2.68
2060,2019-06-05,93.6,94.24,91.84,93.68,102750,117464809.0,2.59,1.04,0.96,1.87
2061,2019-06-06,93.76,93.76,84.56,86.56,169101,183363357.0,9.82,-7.6,-7.12,3.08
2062,2019-06-10,87.2,89.6,85.36,86.24,118462,127336970.0,4.9,-0.37,-0.32,2.16
2063,2019-06-11,86.16,89.2,84.24,88.48,164598,175623217.0,5.75,2.6,2.24,2.99
2064,2019-06-12,87.6,90.08,87.6,89.12,153796,167539568.0,2.8,0.72,0.64,2.8
2065,2019-06-13,89.28,89.92,87.36,88.16,123695,134113488.0,2.87,-1.08,-0.96,2.25
2066,2019-06-14,88.16,89.52,84.16,84.32,170047,179942230.0,6.08,-4.36,-3.84,3.09
2067,2019-06-17,84.32,84.4,81.92,83.92,84041,85666121.0,2.94,-0.47,-0.4,1.53
2068,2019-06-18,84.4,84.56,82.64,83.2,59161,60231411.0,2.29,-0.86,-0.72,1.08
2069,2019-06-19,84.96,85.92,84.56,84.56,92133,96079744.0,1.63,1.63,1.36,1.68
2070,2019-06-20,84.4,85.92,83.44,85.68,103952,108218325.0,2.93,1.32,1.12,1.89
2071,2019-06-21,86.56,88.16,86.32,87.36,135158,144605431.0,2.15,1.96,1.68,2.46
2072,2019-06-24,87.2,87.92,86.08,86.72,75724,80480162.0,2.11,-0.73,-0.64,1.38
2073,2019-06-25,86.8,87.6,84.16,87.28,121244,127623935.0,3.97,0.65,0.56,2.21
2074,2019-06-26,86.88,87.2,85.44,86.24,89038,94093520.0,2.02,-1.19,-1.04,1.62
2075,2019-06-27,86.16,87.2,85.84,86.64,75429,80097368.0,1.58,0.46,0.4,1.37
2076,2019-06-28,86.56,86.56,83.2,83.76,88464,91335105.0,3.88,-3.32,-2.88,1.61
2077,2019-07-01,85.76,86.72,84.88,86.32,118945,125237039.0,2.2,3.06,2.56,2.16
2078,2019-07-02,87.12,88.16,86.48,86.72,118682,126899354.0,1.95,0.46,0.4,2.16
2079,2019-07-03,86.56,86.72,84.56,85.92,93261,97392918.0,2.49,-0.92,-0.8,1.69
2080,2019-07-04,86.16,87.92,85.36,86.24,129114,136937436.0,2.98,0.37,0.32,2.34
2081,2019-07-05,86.16,88.08,86.0,87.52,127303,136136252.0,2.41,1.48,1.28,2.31
2082,2019-07-08,86.88,86.88,82.56,82.8,128910,132538421.0,4.94,-5.39,-4.72,2.34
2083,2019-07-09,82.56,83.28,81.04,82.08,72671,72769823.0,2.71,-0.87,-0.72,1.32
2084,2019-07-10,82.24,82.96,81.36,81.6,51111,51280627.0,1.95,-0.58,-0.48,0.93
2085,2019-07-11,81.92,82.72,80.56,80.8,51059,50918784.0,2.65,-0.98,-0.8,0.93
2086,2019-07-12,80.88,81.44,79.84,80.8,42521,41997650.0,1.98,0.0,0.0,0.77
2087,2019-07-15,79.76,81.6,78.4,81.44,69469,68173480.0,3.96,0.79,0.64,1.26
2088,2019-07-16,80.72,82.0,80.56,81.52,40753,40606250.0,1.77,0.1,0.08,0.74
2089,2019-07-17,81.76,82.8,81.52,82.0,53859,54230518.0,1.57,0.59,0.48,0.98
2090,2019-07-18,81.04,81.28,79.84,79.92,45002,44176715.0,1.76,-2.54,-2.08,0.82
2091,2019-07-19,80.16,81.12,79.2,79.76,46107,45161627.0,2.4,-0.2,-0.16,0.84
2092,2019-07-22,79.92,80.48,76.0,76.32,65438,61898400.0,5.62,-4.31,-3.44,1.19
2093,2019-07-23,76.0,76.8,74.08,76.72,116883,107653570.0,3.56,0.52,0.4,2.12
2094,2019-07-24,76.64,78.88,76.4,78.4,92193,87887778.0,3.23,2.19,1.68,1.67
2095,2019-07-25,78.32,78.88,77.84,78.4,61955,59423463.0,1.33,0.0,0.0,1.13
2096,2019-07-26,77.52,78.56,77.52,78.24,45538,43453730.0,1.33,-0.2,-0.16,0.83
2097,2019-07-29,78.96,79.68,77.84,78.24,48904,46968221.0,2.35,0.0,0.0,0.89
2098,2019-07-30,78.64,80.08,78.64,78.96,64647,62730613.0,1.84,0.92,0.72,1.17
2099,2019-07-31,78.56,78.72,77.76,77.84,41509,39623912.0,1.22,-1.42,-1.12,0.75
2100,2019-08-01,77.68,77.68,76.16,76.56,49040,45950462.0,1.95,-1.64,-1.28,0.89
2101,2019-08-02,74.88,75.6,73.92,74.88,65849,59992731.0,2.19,-2.19,-1.68,1.2
2102,2019-08-05,74.56,76.64,74.0,75.36,58038,53495313.0,3.53,0.64,0.48,1.05
2103,2019-08-06,74.24,74.24,69.6,71.84,100484,87942351.0,6.16,-4.67,-3.52,1.82
2104,2019-08-07,72.24,72.88,70.64,70.8,51491,45004583.0,3.12,-1.45,-1.04,0.94
2105,2019-08-08,70.72,72.16,70.72,71.76,47155,41204510.0,2.03,1.36,0.96,0.86
2106,2019-08-09,71.84,73.12,70.8,71.2,45019,39438305.0,3.23,-0.78,-0.56,0.82
2107,2019-08-12,71.2,72.56,70.4,72.56,66479,57830158.0,3.03,1.91,1.36,1.21
2108,2019-08-13,71.36,72.08,71.12,71.44,43307,37750786.0,1.32,-1.54,-1.12,0.79
2109,2019-08-14,72.16,72.88,71.28,71.36,77471,68036045.0,2.24,-0.11,-0.08,1.41
2110,2019-08-15,70.08,71.68,69.04,71.12,95743,81793315.0,3.7,-0.34,-0.24,1.74
2111,2019-08-16,71.2,72.56,70.64,71.68,81026,70759041.0,2.7,0.79,0.56,1.47
2112,2019-08-19,72.16,73.76,71.76,73.76,135459,120995998.0,2.79,2.9,2.08,2.46
2113,2019-08-20,74.32,75.04,73.12,74.08,143446,129741793.0,2.6,0.43,0.32,2.6
2114,2019-08-21,73.68,73.76,72.96,73.2,80833,72259979.0,1.08,-1.19,-0.88,1.47
2115,2019-08-22,73.52,76.96,73.12,76.24,205325,188517833.0,5.25,4.15,3.04,3.73
2116,2019-08-23,75.44,76.8,74.56,75.84,126155,116254873.0,2.94,-0.52,-0.4,2.29
2117,2019-08-26,73.76,75.2,73.68,74.96,76168,69394196.0,2.0,-1.16,-0.88,1.38
2118,2019-08-27,75.2,76.8,74.96,76.24,117326,108971280.0,2.45,1.71,1.28,2.13
2119,2019-08-28,75.84,80.0,75.36,78.16,208541,199045169.0,6.09,2.52,1.92,3.79
2120,2019-08-29,77.84,78.16,76.88,76.96,126414,119405897.0,1.64,-1.54,-1.2,2.3
2121,2019-08-30,77.44,79.2,75.2,76.48,142240,134297908.0,5.2,-0.62,-0.48,2.58
2122,2019-09-02,76.48,80.48,76.48,80.48,224349,217402482.0,5.23,5.23,4.0,4.07
2123,2019-09-03,81.68,82.16,79.44,80.56,187259,184092896.0,3.38,0.1,0.08,3.4
2124,2019-09-04,79.76,81.68,79.52,80.64,149751,147418428.0,2.68,0.1,0.08,2.72
2125,2019-09-05,81.6,82.56,80.32,81.04,188937,188379446.0,2.78,0.5,0.4,3.43
2126,2019-09-06,80.96,83.28,80.96,82.48,170833,171300586.0,2.86,1.78,1.44,3.1
2127,2019-09-09,83.2,85.44,82.0,85.2,196050,201100687.0,4.17,3.3,2.72,3.56
2128,2019-09-10,85.2,86.32,83.12,83.76,174058,179555953.0,3.76,-1.69,-1.44,3.16
2129,2019-09-11,83.76,84.48,82.16,82.48,134586,136948303.0,2.77,-1.53,-1.28,2.44
2130,2019-09-12,83.36,86.96,83.2,85.76,313463,327307920.0,4.56,3.98,3.28,5.69
2131,2019-09-16,85.84,86.88,84.64,86.08,233008,244873341.0,2.61,0.37,0.32,4.23
2132,2019-09-17,85.76,85.76,81.36,82.0,208094,211184850.0,5.11,-4.74,-4.08,3.78
2133,2019-09-18,81.92,82.48,80.56,80.56,115267,114458904.0,2.34,-1.76,-1.44,2.09
2134,2019-09-19,81.04,83.36,80.56,83.28,150011,150992853.0,3.48,3.38,2.72,2.72
2135,2019-09-20,83.52,85.36,82.0,84.48,173306,177620233.0,4.03,1.44,1.2,3.15
2136,2019-09-23,84.0,84.0,81.84,82.88,120296,121668956.0,2.56,-1.89,-1.6,2.18
2137,2019-09-24,83.28,86.48,83.28,86.32,272278,284334048.0,3.86,4.15,3.44,4.94
2138,2019-09-25,84.96,85.12,81.92,82.48,200918,204525276.0,3.71,-4.45,-3.84,3.65
2139,2019-09-26,82.72,82.96,76.88,77.12,180857,174497729.0,7.37,-6.5,-5.36,3.28
2140,2019-09-27,77.04,78.08,76.8,77.12,74671,70693440.0,1.66,0.0,0.0,1.36
2141,2019-09-30,76.8,77.44,74.72,74.96,77067,71024532.0,3.53,-2.8,-2.16,1.4
2142,2019-10-08,74.96,75.68,73.6,73.76,58275,53108177.0,2.77,-1.6,-1.2,1.06
2143,2019-10-09,73.2,74.8,72.16,74.64,47591,42962089.0,3.58,1.19,0.88,0.86
2144,2019-10-10,74.72,76.0,74.48,76.0,61333,56484259.0,2.04,1.82,1.36,1.11
2145,2019-10-11,76.0,76.08,74.24,75.12,54021,49551432.0,2.42,-1.16,-0.88,0.98
2146,2019-10-14,75.92,76.88,75.6,76.4,58572,54603943.0,1.7,1.7,1.28,1.06
2147,2019-10-15,76.16,76.16,73.84,74.0,68574,62224223.0,3.04,-3.14,-2.4,1.25
2148,2019-10-16,74.4,74.56,72.96,73.12,49681,44742111.0,2.16,-1.19,-0.88,0.9
2149,2019-10-17,72.88,74.24,72.8,73.44,34765,31200108.0,1.97,0.44,0.32,0.63
2150,2019-10-18,73.44,73.84,71.92,72.24,45934,40774980.0,2.61,-1.63,-1.2,0.83
2151,2019-10-21,72.24,72.64,71.04,72.56,34925,30541706.0,2.21,0.44,0.32,0.63
2152,2019-10-22,72.64,73.68,72.64,73.6,45458,40621588.0,1.43,1.43,1.04,0.83
2153,2019-10-23,73.44,74.16,72.56,73.12,33382,29875301.0,2.17,-0.65,-0.48,0.61
2154,2019-10-24,73.44,73.44,72.56,72.88,25412,22597151.0,1.2,-0.33,-0.24,0.46
2155,2019-10-25,72.64,73.52,72.48,73.28,28876,25717148.0,1.43,0.55,0.4,0.52
2156,2019-10-28,74.4,76.24,74.0,75.76,88957,81699860.0,3.06,3.38,2.48,1.62
2157,2019-10-29,76.16,76.16,73.68,73.76,63921,58166160.0,3.27,-2.64,-2.0,1.16
2158,2019-10-30,73.68,74.24,72.56,72.72,40269,35912370.0,2.28,-1.41,-1.04,0.73
2159,2019-10-31,72.8,73.52,71.92,72.0,42427,37602915.0,2.2,-0.99,-0.72,0.77
2160,2019-11-01,72.0,73.04,71.84,72.72,26172,23154319.0,1.67,1.0,0.72,0.48
2161,2019-11-04,73.36,73.36,72.24,72.32,34691,30774037.0,1.54,-0.55,-0.4,0.63
2162,2019-11-05,72.88,72.88,70.8,72.16,50084,43853704.0,2.88,-0.22,-0.16,0.91
2163,2019-11-06,72.08,73.36,71.76,72.24,45478,40303324.0,2.22,0.11,0.08,0.83
2164,2019-11-07,71.68,72.64,71.6,72.24,31558,27759732.0,1.44,0.0,0.0,0.57
2165,2019-11-08,72.64,72.88,71.68,71.76,30829,27172355.0,1.66,-0.66,-0.48,0.56
2166,2019-11-11,71.2,71.2,68.64,68.8,60118,50892936.0,3.57,-4.12,-2.96,1.09
2167,2019-11-12,68.96,69.2,67.76,69.12,40584,33847747.0,2.09,0.47,0.32,0.74
2168,2019-11-13,67.92,69.12,67.76,68.16,30693,25568172.0,1.97,-1.39,-0.96,0.56
2169,2019-11-14,68.48,71.52,68.16,70.0,71094,60877631.0,4.93,2.7,1.84,1.29
2170,2019-11-15,69.84,70.0,68.56,68.88,35503,29907187.0,2.06,-1.6,-1.12,0.64
2171,2019-11-18,68.88,69.52,68.72,69.28,21349,17983965.0,1.16,0.58,0.4,0.39
2172,2019-11-19,69.2,71.92,68.88,70.72,76068,65278900.0,4.39,2.08,1.44,1.38
2173,2019-11-20,70.88,70.88,69.68,69.92,53534,45747926.0,1.7,-1.13,-0.8,0.97
2174,2019-11-21,69.84,71.52,69.44,70.48,57596,49579898.0,2.97,0.8,0.56,1.05
2175,2019-11-22,70.48,71.28,69.36,69.44,50958,43618386.0,2.72,-1.48,-1.04,0.93
2176,2019-11-25,69.44,69.92,68.32,68.48,42236,35414191.0,2.3,-1.38,-0.96,0.77
2177,2019-11-26,68.88,69.2,68.4,68.48,23476,19655962.0,1.17,0.0,0.0,0.43
2178,2019-11-27,68.48,69.2,68.16,68.64,31274,26169038.0,1.52,0.23,0.16,0.57
2179,2019-11-28,68.4,68.88,67.52,67.68,40206,33305696.0,1.98,-1.4,-0.96,0.73
2180,2019-11-29,67.68,68.32,67.2,68.16,34730,28603292.0,1.65,0.71,0.48,0.63
2181,2019-12-02,68.16,69.04,68.08,68.48,37456,31242240.0,1.41,0.47,0.32,0.68
2182,2019-12-03,68.0,68.96,67.6,68.96,38105,31688205.0,1.99,0.7,0.48,0.69
2183,2019-12-04,68.32,70.72,68.16,70.0,70410,59764001.0,3.71,1.51,1.04,1.28
2184,2019-12-05,69.68,70.96,69.52,70.64,64056,54892265.0,2.06,0.91,0.64,1.16
2185,2019-12-06,70.96,70.96,69.92,70.8,45054,38716656.0,1.47,0.23,0.16,0.82
2186,2019-12-09,71.12,72.56,70.64,71.2,64447,56160534.0,2.71,0.56,0.4,1.17
2187,2019-12-10,70.96,72.56,70.64,72.16,71238,62241051.0,2.7,1.35,0.96,1.29
2188,2019-12-11,72.0,73.6,71.6,71.76,83004,73519426.0,2.77,-0.55,-0.4,1.51
2189,2019-12-12,71.52,73.44,71.36,72.72,93911,83473398.0,2.9,1.34,0.96,1.71
2190,2019-12-13,73.52,73.84,72.8,73.36,80435,71910772.0,1.43,0.88,0.64,1.46
2191,2019-12-16,73.68,74.88,73.04,74.8,88198,79992841.0,2.51,1.96,1.44,1.6
2192,2019-12-17,74.72,76.16,74.4,74.88,110572,101445273.0,2.35,0.11,0.08,2.01
2193,2019-12-18,75.12,77.44,74.24,76.24,177044,164171964.0,4.27,1.82,1.36,3.21
2194,2019-12-19,75.92,76.48,75.04,75.84,108578,100352297.0,1.89,-0.52,-0.4,1.97
2195,2019-12-20,75.68,75.84,73.12,73.2,118621,107411808.0,3.59,-3.48,-2.64,2.15
2196,2019-12-23,73.2,74.32,71.84,72.08,77730,69354205.0,3.39,-1.53,-1.12,1.41
2197,2019-12-24,71.6,73.84,71.6,73.44,69702,61981856.0,3.11,1.89,1.36,1.27
2198,2019-12-25,73.52,75.2,73.04,74.88,100570,91422613.0,2.94,1.96,1.44,1.83
2199,2019-12-26,74.88,75.2,74.0,74.96,63255,57604511.0,1.6,0.11,0.08,1.15
2200,2019-12-27,74.72,78.16,74.64,76.48,247182,230155638.0,4.7,2.03,1.52,4.49
2201,2019-12-30,76.24,78.8,75.76,76.24,195791,183708426.0,3.97,-0.31,-0.24,3.56
2202,2019-12-31,74.88,75.6,74.0,74.64,115296,105203196.0,2.1,-2.1,-1.6,2.09
2203,2020-01-02,75.2,76.48,74.64,76.0,111385,102875380.0,2.47,1.82,1.36,2.02
2204,2020-01-03,76.32,78.0,75.92,77.44,171639,161777164.0,2.74,1.89,1.44,3.12
2205,2020-01-06,78.0,80.8,77.44,77.76,224760,216452251.0,4.34,0.41,0.32,4.08
2206,2020-01-07,78.32,80.16,77.12,79.28,206328,198846703.0,3.91,1.95,1.52,3.75
2207,2020-01-08,79.36,81.52,78.56,81.2,259279,254484991.0,3.73,2.42,1.92,4.71
2208,2020-01-09,79.52,81.2,79.36,80.32,180294,176851062.0,2.27,-1.08,-0.88,3.27
2209,2020-01-10,80.56,80.56,77.84,78.56,125403,120777278.0,3.39,-2.19,-1.76,2.28
2210,2020-01-13,77.76,79.2,77.44,79.2,107592,103261711.0,2.24,0.81,0.64,1.95
2211,2020-01-14,79.28,79.84,77.92,78.0,99756,96141440.0,2.42,-1.52,-1.2,1.81
2212,2020-01-15,78.08,78.48,76.8,78.24,105383,99828723.0,2.15,0.31,0.24,1.91
2213,2020-01-16,78.24,83.28,78.24,83.28,356856,356061200.0,6.44,6.44,5.04,6.48
2214,2020-01-17,81.76,86.16,81.52,84.0,270277,277340832.0,5.57,0.86,0.72,4.91
2215,2020-01-20,84.8,92.16,84.0,89.76,358937,390768432.0,9.71,6.86,5.76,6.52
2216,2020-01-21,89.92,96.08,88.4,92.72,387667,439596272.0,8.56,3.3,2.96,7.04
2217,2020-01-22,89.84,97.76,88.0,95.28,388536,438145184.0,10.53,2.76,2.56,7.06
2218,2020-01-23,92.56,95.36,89.04,90.32,321011,364749088.0,6.63,-5.21,-4.96,5.83
2219,2020-02-03,81.44,81.44,81.44,81.44,14730,14671080.0,0.0,-9.83,-8.88,0.27
2220,2020-02-04,73.44,83.68,73.44,80.96,288285,281446688.0,12.57,-0.59,-0.48,5.23
2221,2020-02-05,80.72,88.88,79.76,87.76,384734,404503056.0,11.26,8.4,6.8,6.99
2222,2020-02-06,86.16,91.76,85.36,89.2,370369,404947856.0,7.29,1.64,1.44,6.73
2223,2020-02-07,88.72,93.2,86.64,91.52,395640,439534976.0,7.35,2.6,2.32,7.18
2224,2020-02-10,91.28,93.68,88.0,90.24,308656,342250048.0,6.21,-1.4,-1.28,5.6
2225,2020-02-11,89.36,89.92,84.96,86.64,224868,239701332.0,5.5,-3.99,-3.6,4.08
2226,2020-02-12,86.16,94.56,85.6,93.52,393334,431827040.0,10.34,7.94,6.88,7.14
2227,2020-02-13,92.48,93.28,89.76,89.92,306129,342039152.0,3.76,-3.85,-3.6,5.56
2228,2020-02-14,90.16,95.2,89.76,93.76,409977,467227808.0,6.05,4.27,3.84,7.44
2229,2020-02-17,96.8,99.68,94.08,97.84,434175,516717376.0,5.97,4.35,4.08,7.88
2230,2020-02-18,96.96,102.24,95.52,100.56,466090,564499792.0,6.87,2.78,2.72,8.46
2231,2020-02-19,99.12,107.76,97.76,104.0,527573,664146928.0,9.94,3.42,3.44,9.58
2232,2020-02-20,103.04,114.24,101.76,112.16,634252,841766000.0,12.0,7.85,8.16,11.52
2233,2020-02-21,110.4,115.28,108.72,108.96,564568,775489152.0,5.85,-2.85,-3.2,10.25
2234,2020-02-24,108.0,111.84,107.04,110.4,427310,576652576.0,4.41,1.32,1.44,7.76
2235,2020-02-25,106.32,109.36,101.04,108.56,482899,631912640.0,7.54,-1.67,-1.84,8.77
2236,2020-02-26,105.76,106.96,97.92,98.08,429857,542115888.0,8.33,-9.65,-10.48,7.81
2237,2020-02-27,99.76,102.56,96.64,99.76,267412,327387344.0,6.04,1.71,1.68,4.86
2238,2020-02-28,94.16,96.56,90.08,90.56,305657,349425824.0,6.5,-9.22,-9.2,5.55
2239,2020-03-02,92.32,95.04,90.56,93.52,199035,227020589.0,4.95,3.27,2.96,3.61
2240,2020-03-03,95.44,100.56,93.84,95.6,273599,326464864.0,7.19,2.22,2.08,4.97
2241,2020-03-04,94.08,98.16,93.68,96.64,182941,215173434.0,4.69,1.09,1.04,3.32
2242,2020-03-05,97.76,98.96,95.52,98.08,213121,254880312.0,3.56,1.49,1.44,3.87
2243,2020-03-06,95.92,97.6,95.52,96.24,149791,177517892.0,2.12,-1.88,-1.84,2.72
2244,2020-03-09,93.76,94.48,89.76,90.24,194700,219449658.0,4.9,-6.23,-6.0,3.54
2245,2020-03-10,88.48,97.36,88.32,96.8,265288,302718784.0,10.02,7.27,6.56,4.82
2246,2020-03-11,96.96,102.16,95.92,97.44,298482,363501104.0,6.45,0.66,0.64,5.42
2247,2020-03-12,94.48,98.96,93.6,95.84,205512,242359838.0,5.5,-1.64,-1.6,3.73
2248,2020-03-13,90.56,98.72,89.44,98.56,258614,302375984.0,9.68,2.84,2.72,4.7
2249,2020-03-16,99.36,101.36,91.84,92.32,240820,284802912.0,9.66,-6.33,-6.24,4.37
2250,2020-03-17,93.76,95.12,88.8,92.16,156066,175563139.0,6.85,-0.17,-0.16,2.83
2251,2020-03-18,92.96,94.24,89.04,89.44,156462,176065828.0,5.64,-2.95,-2.72,2.84
2252,2020-03-19,89.52,91.76,88.32,90.88,158390,174436423.0,3.85,1.61,1.44,2.88
2253,2020-03-20,92.0,92.32,89.36,90.48,103623,115248101.0,3.26,-0.44,-0.4,1.88
2254,2020-03-23,87.36,88.72,81.6,81.6,165633,171230192.0,7.87,-9.81,-8.88,3.01
2255,2020-03-24,83.2,83.76,77.76,82.32,151133,150126996.0,7.35,0.88,0.72,2.74
2256,2020-03-25,84.16,84.88,82.4,83.6,101920,104349185.0,3.01,1.55,1.28,1.85
2257,2020-03-26,82.8,83.84,81.6,81.6,85409,86286728.0,2.68,-2.39,-2.0,1.55
2258,2020-03-27,83.36,83.68,80.16,80.48,87132,87256495.0,4.31,-1.37,-1.12,1.58
2259,2020-03-30,79.2,79.2,75.2,76.8,113561,106553341.0,4.97,-4.57,-3.68,2.06
2260,2020-03-31,77.84,78.32,75.6,75.68,81267,76256998.0,3.54,-1.46,-1.12,1.48
2261,2020-04-01,75.44,77.92,75.36,76.56,86971,81566617.0,3.38,1.16,0.88,1.58
2262,2020-04-02,75.84,79.76,75.84,79.52,92737,88426987.0,5.12,3.87,2.96,1.68
2263,2020-04-03,79.2,79.68,77.44,78.0,75219,72069865.0,2.82,-1.91,-1.52,1.37
2264,2020-04-07,79.84,83.76,79.76,82.16,137348,138045732.0,5.13,5.33,4.16,2.49
2265,2020-04-08,82.16,84.72,80.96,83.36,135224,138029566.0,4.58,1.46,1.2,2.46
2266,2020-04-09,83.84,86.24,83.2,84.08,127071,131715392.0,3.65,0.86,0.72,2.31
2267,2020-04-10,85.2,87.44,83.04,84.24,186857,194505751.0,5.23,0.19,0.16,3.39
2268,2020-04-13,83.2,86.56,81.2,85.28,129103,133821624.0,6.36,1.23,1.04,2.34
2269,2020-04-14,86.0,86.72,83.6,86.4,140648,146736553.0,3.66,1.31,1.12,2.55
2270,2020-04-15,86.4,87.92,85.36,86.0,128156,135879109.0,2.96,-0.46,-0.4,2.33
2271,2020-04-16,85.2,86.88,84.88,85.6,103275,108617024.0,2.33,-0.47,-0.4,1.88
2272,2020-04-17,86.4,87.68,84.88,84.96,118407,125202441.0,3.27,-0.75,-0.64,2.15
2273,2020-04-20,85.2,89.12,84.8,88.72,188256,201778200.0,5.08,4.43,3.76,3.42
2274,2020-04-21,89.76,90.32,86.72,88.4,209141,227069967.0,4.06,-0.36,-0.32,3.8
2275,2020-04-22,86.8,90.0,86.72,89.28,145010,157644502.0,3.71,1.0,0.88,2.63
2276,2020-04-23,89.36,89.44,86.64,87.28,127805,137330635.0,3.14,-2.24,-2.0,2.32
2277,2020-04-24,86.72,87.6,83.36,84.4,135712,141086367.0,4.86,-3.3,-2.88,2.46
2278,2020-04-27,84.88,85.36,82.96,83.36,76805,79166497.0,2.84,-1.23,-1.04,1.39
2279,2020-04-28,83.68,84.0,76.48,80.48,145774,142455870.0,9.02,-3.45,-2.88,2.65
2280,2020-04-29,80.16,83.76,80.16,82.64,111741,112173535.0,4.47,2.68,2.16,2.03
2281,2020-04-30,83.52,86.56,82.72,86.24,132489,138227512.0,4.65,4.36,3.6,2.41
2282,2020-05-06,85.6,90.0,85.44,89.6,177761,192191220.0,5.29,3.9,3.36,3.23
2283,2020-05-07,90.0,90.24,88.56,88.88,129328,141592204.0,1.88,-0.8,-0.72,2.35
2284,2020-05-08,90.0,94.16,89.36,92.16,225035,253923743.0,5.4,3.69,3.28,4.09
2285,2020-05-11,92.64,93.2,90.56,91.76,162210,182531609.0,2.86,-0.43,-0.4,2.95
2286,2020-05-12,91.52,91.6,88.96,91.12,131452,145541744.0,2.88,-0.7,-0.64,2.39
2287,2020-05-13,90.56,92.56,90.16,91.28,107221,119957340.0,2.63,0.18,0.16,1.95
2288,2020-05-14,90.56,92.64,89.36,92.56,180928,202995988.0,3.59,1.4,1.28,3.29
2289,2020-05-15,92.88,92.88,90.8,91.12,175640,197525666.0,2.25,-1.56,-1.44,3.19
2290,2020-05-18,92.16,93.36,88.96,89.44,238143,267984872.0,4.83,-1.84,-1.68,4.32
2291,2020-05-19,89.76,91.2,88.8,90.96,167930,186124956.0,2.68,1.7,1.52,3.05
2292,2020-05-20,90.88,90.88,86.16,86.8,199562,215323682.0,5.19,-4.57,-4.16,3.62
2293,2020-05-21,86.8,87.52,82.8,84.32,142912,148237967.0,5.44,-2.86,-2.48,2.6
2294,2020-05-22,84.32,87.76,82.72,84.48,182596,190943508.0,5.98,0.19,0.16,3.32
2295,2020-05-25,84.32,85.52,81.2,82.16,121000,122891974.0,5.11,-2.75,-2.32,2.2
2296,2020-05-26,82.64,84.48,82.16,84.4,81218,83083363.0,2.82,2.73,2.24,1.47
2297,2020-05-27,84.48,87.68,84.0,85.84,176898,186764674.0,4.36,1.71,1.44,3.21
2298,2020-05-28,84.96,85.6,82.8,84.88,109596,113103267.0,3.26,-1.12,-0.96,1.99
2299,2020-05-29,84.4,87.36,83.76,86.64,117305,123585443.0,4.24,2.07,1.76,2.13
2300,2020-06-01,87.36,91.28,87.36,90.56,189745,209198253.0,4.52,4.52,3.92,3.45
2301,2020-06-02,90.24,93.12,89.52,91.12,205877,230554101.0,3.98,0.62,0.56,3.74
2302,2020-06-03,91.04,93.04,90.32,91.12,170644,191918732.0,2.99,0.0,0.0,3.1
2303,2020-06-04,91.2,93.36,90.8,91.68,129330,146047039.0,2.81,0.61,0.56,2.35
2304,2020-06-05,92.24,92.88,90.48,91.52,127358,142932791.0,2.62,-0.17,-0.16,2.31
2305,2020-06-08,92.64,97.12,92.08,95.76,337336,393100176.0,5.51,4.63,4.24,6.13
2306,2020-06-09,95.36,98.24,94.8,96.24,229704,271169072.0,3.59,0.5,0.48,4.17
2307,2020-06-10,96.16,97.12,94.08,94.8,192114,224425282.0,3.16,-1.5,-1.44,3.49
2308,2020-06-11,94.48,100.48,94.0,96.96,326159,392279136.0,6.84,2.28,2.16,5.92
2309,2020-06-12,95.44,97.92,94.64,97.44,207979,247115850.0,3.38,0.5,0.48,3.78
2310,2020-06-15,97.84,98.48,92.32,92.32,287089,334144080.0,6.32,-5.25,-5.12,5.21
2311,2020-06-16,92.8,96.16,90.96,92.64,308238,353199296.0,5.63,0.35,0.32,5.6
2312,2020-06-17,92.4,93.52,90.64,91.76,189722,213219562.0,3.11,-0.95,-0.88,3.45
2313,2020-06-18,90.96,91.6,90.24,91.2,144640,161042832.0,1.48,-0.61,-0.56,2.63
2314,2020-06-19,91.04,93.28,90.16,93.28,188110,211236160.0,3.42,2.28,2.08,3.42
2315,2020-06-22,93.92,94.4,92.32,93.12,209452,239765827.0,2.23,-0.17,-0.16,3.8
2316,2020-06-23,94.88,95.28,89.84,89.92,260034,293874656.0,5.84,-3.44,-3.2,4.72
2317,2020-06-24,90.24,90.72,89.2,89.92,139756,154216837.0,1.69,0.0,0.0,2.54
2318,2020-06-29,89.6,90.72,88.08,88.8,122494,134067904.0,2.94,-1.25,-1.12,2.22
2319,2020-06-30,88.8,90.56,88.8,90.16,117028,128938539.0,1.98,1.53,1.36,2.12
2320,2020-07-01,90.4,90.48,88.48,89.6,146167,159759549.0,2.22,-0.62,-0.56,2.65
2321,2020-07-02,89.2,91.36,88.24,91.28,169782,187955363.0,3.48,1.88,1.68,3.08
2322,2020-07-03,91.12,92.0,90.64,91.92,173135,194029579.0,1.49,0.7,0.64,3.14
2323,2020-07-06,91.76,96.0,91.76,95.2,292594,338536032.0,4.61,3.57,3.28,5.31
2324,2020-07-07,96.96,99.2,94.96,96.32,359654,430468864.0,4.45,1.18,1.12,6.53
2325,2020-07-08,95.76,105.76,95.76,105.2,585103,732971344.0,10.38,9.22,8.88,10.62
2326,2020-07-09,107.12,114.32,103.36,112.96,696900,934031168.0,10.42,7.38,7.76,12.65
2327,2020-07-10,110.56,121.84,107.28,117.28,601467,835609296.0,12.89,3.82,4.32,10.92
2328,2020-07-13,117.76,120.72,115.36,118.72,449774,655686592.0,4.57,1.23,1.44,8.17
2329,2020-07-14,118.16,118.16,110.16,113.76,442156,620982832.0,6.74,-4.18,-4.96,8.03
2330,2020-07-15,114.72,115.12,106.56,107.76,327246,440894496.0,7.52,-5.27,-6.0,5.94
2331,2020-07-16,108.88,109.76,99.6,101.44,306245,397163024.0,9.43,-5.86,-6.32,5.56
2332,2020-07-17,101.2,104.0,100.72,102.64,225438,283713136.0,3.23,1.18,1.2,4.09
2333,2020-07-20,103.44,109.76,103.44,109.68,307843,404044304.0,6.16,6.86,7.04,5.59
2334,2020-07-21,109.44,110.16,105.68,106.32,211573,278609328.0,4.08,-3.06,-3.36,3.84
2335,2020-07-22,106.56,109.52,105.12,106.08,231684,305730912.0,4.14,-0.23,-0.24,4.21
2336,2020-07-23,105.04,109.6,103.36,108.96,323836,427335232.0,5.88,2.71,2.88,5.88
2337,2020-07-24,109.76,116.96,109.2,110.16,623959,866972480.0,7.12,1.1,1.2,11.33
2338,2020-07-27,112.96,120.96,108.48,119.04,720423,1024799280.0,11.33,8.06,8.88,13.08
2339,2020-07-28,116.56,118.8,111.36,113.44,528499,746669248.0,6.25,-4.7,-5.6,9.6
2340,2020-07-29,112.08,123.44,112.08,121.36,559319,811071248.0,10.01,6.98,7.92,10.15
2341,2020-07-30,125.36,128.96,117.44,119.28,715570,1079595232.0,9.49,-1.71,-2.08,12.99
2342,2020-07-31,117.04,118.16,113.76,115.44,455420,647915568.0,3.69,-3.22,-3.84,8.27
2343,2020-08-03,116.24,124.48,116.24,123.6,555580,831614032.0,7.14,7.07,8.16,10.09
2344,2020-08-04,124.16,124.4,117.76,118.16,468039,692378672.0,5.37,-4.4,-5.44,8.5
2345,2020-08-05,122.24,128.64,119.36,124.88,576751,881578304.0,7.85,5.69,6.72,10.47
2346,2020-08-06,124.32,137.2,121.84,137.2,741229,1185383280.0,12.3,9.87,12.32,13.46
2347,2020-08-07,138.56,150.72,132.88,147.28,1085764,1939508640.0,13.0,7.35,10.08,19.71
2348,2020-08-10,143.44,152.96,134.56,138.08,850257,1509990064.0,12.49,-6.25,-9.2,15.44
2349,2020-08-11,133.76,140.72,130.48,132.4,514425,853526224.0,7.42,-4.11,-5.68,9.34
2350,2020-08-12,130.64,132.88,121.84,126.32,461614,715489888.0,8.34,-4.59,-6.08,8.38
2351,2020-08-13,126.4,128.8,124.4,126.56,263017,411560448.0,3.48,0.19,0.24,4.78
2352,2020-08-14,125.52,132.24,123.92,129.76,345272,552250336.0,6.57,2.53,3.2,6.27
2353,2020-08-17,130.64,134.16,127.36,134.0,330598,536276512.0,5.24,3.27,4.24,6.0
2354,2020-08-18,133.68,134.16,129.92,131.2,267044,433177872.0,3.16,-2.09,-2.8,4.85
2355,2020-08-19,129.2,130.56,123.6,123.76,282536,441464288.0,5.3,-5.67,-7.44,5.13
2356,2020-08-20,121.84,122.96,115.44,116.4,375293,547546704.0,6.08,-5.95,-7.36,6.81
2357,2020-08-21,117.36,119.2,116.4,116.96,200941,290851920.0,2.41,0.48,0.56,3.65
2358,2020-08-24,117.2,121.36,113.36,121.36,217417,317062414.0,6.84,3.76,4.4,3.95
2359,2020-08-25,124.16,124.16,118.32,119.28,212240,313984717.0,4.81,-1.71,-2.08,3.85
2360,2020-08-26,118.56,121.76,115.76,116.0,178072,260118856.0,5.03,-2.75,-3.28,3.23
2361,2020-08-27,116.96,123.04,113.84,120.56,226644,330769047.0,7.93,3.93,4.56,4.11
2362,2020-08-28,119.68,132.56,118.56,129.52,469761,735865867.0,11.61,7.43,8.96,8.53
2363,2020-08-31,131.6,139.36,129.76,133.36,488827,814735760.0,7.41,2.96,3.84,8.87
2364,2020-09-01,133.2,137.36,130.4,135.2,347654,573684832.0,5.22,1.38,1.84,6.31
2365,2020-09-02,133.36,138.8,130.56,138.08,427598,709781848.0,6.09,2.13,2.88,7.76
2366,2020-09-03,137.36,137.36,129.04,130.4,312278,510428424.0,6.03,-5.56,-7.68,5.67
2367,2020-09-04,127.44,132.48,125.36,131.28,197627,318109811.0,5.46,0.67,0.88,3.59
2368,2020-09-07,131.36,136.8,128.64,132.0,313437,514281168.0,6.22,0.55,0.72,5.69
2369,2020-09-08,131.44,132.0,124.24,127.68,286552,451565216.0,5.88,-3.27,-4.32,5.2
2370,2020-09-09,125.76,136.56,121.2,129.52,436734,690587050.0,12.03,1.44,1.84,7.93
2371,2020-09-10,127.68,128.88,113.6,114.56,342188,507832196.0,11.8,-11.55,-14.96,6.21
2372,2020-09-11,113.28,119.12,112.96,117.6,138939,199912660.0,5.38,2.65,3.04,2.52
2373,2020-09-14,119.92,125.6,117.84,123.84,204843,309920108.0,6.6,5.31,6.24,3.72
2374,2020-09-15,125.36,131.68,123.04,129.12,323766,512365904.0,6.98,4.26,5.28,5.88
2375,2020-09-16,127.6,129.36,123.52,126.16,192659,299480486.0,4.52,-2.29,-2.96,3.5
2376,2020-09-17,124.88,134.56,123.2,129.68,305098,488265023.0,9.0,2.79,3.52,5.54
2377,2020-09-18,130.0,134.88,128.56,132.8,331934,543040518.0,4.87,2.41,3.12,6.03
2378,2020-09-21,131.36,137.68,130.0,132.72,341095,566179629.0,5.78,-0.06,-0.08,6.19
2379,2020-09-22,129.04,132.48,128.32,129.84,250521,402138305.0,3.13,-2.17,-2.88,4.55
2380,2020-09-23,130.4,131.2,126.72,128.56,178591,283046944.0,3.45,-0.99,-1.28,3.24
2381,2020-09-24,127.68,129.44,121.28,121.84,239448,366238410.0,6.35,-5.23,-6.72,4.35
2382,2020-09-25,123.76,124.8,121.28,122.16,144374,218030334.0,2.89,0.26,0.32,2.62
2383,2020-09-28,121.76,122.96,118.16,119.04,121783,180658862.0,3.93,-2.55,-3.12,2.21
2384,2020-09-29,120.56,129.36,119.92,129.04,303737,469467548.0,7.93,8.4,10.0,5.51
2385,2020-09-30,128.32,132.0,127.36,130.0,280008,449347719.0,3.6,0.74,0.96,5.08
2386,2020-10-09,132.32,134.64,130.8,132.4,231113,377328233.0,2.95,1.85,2.4,4.2
2387,2020-10-12,133.84,136.48,131.68,136.24,368464,611542712.0,3.63,2.9,3.84,6.69
2388,2020-10-13,135.44,135.44,131.2,134.32,248787,408181392.0,3.11,-1.41,-1.92,4.52
2389,2020-10-14,135.12,142.4,131.52,133.36,371845,627011889.0,8.1,-0.71,-0.96,6.75
2390,2020-10-15,132.4,158.56,132.24,150.24,877979,1596209264.0,19.74,12.66,16.88,15.94
2391,2020-10-16,146.72,147.36,140.64,146.4,551537,983976688.0,4.47,-2.56,-3.84,10.01
2392,2020-10-19,148.88,157.6,144.24,153.12,666574,1251000368.0,9.13,4.59,6.72,12.1
2393,2020-10-20,151.36,155.2,140.96,149.6,511759,927795888.0,9.3,-2.3,-3.52,9.29
2394,2020-10-21,149.52,151.2,142.4,143.12,352042,629488288.0,5.88,-4.33,-6.48,6.39
2395,2020-10-22,142.56,147.2,141.52,141.52,304010,542056064.0,3.97,-1.12,-1.6,5.52
2396,2020-10-23,142.0,144.16,137.84,138.64,251794,437122752.0,4.47,-2.04,-2.88,4.57
2397,2020-10-26,139.12,143.04,137.2,140.4,193694,335526096.0,4.21,1.27,1.76,3.52
2398,2020-10-27,140.16,149.28,139.36,145.2,331217,597044640.0,7.07,3.42,4.8,6.01
2399,2020-10-28,142.96,144.64,137.76,144.16,283075,493593792.0,4.74,-0.72,-1.04,5.14
2400,2020-10-29,140.96,141.36,137.84,139.04,210105,362036512.0,2.44,-3.55,-5.12,3.81
2401,2020-10-30,139.36,143.36,131.12,131.36,290536,489866048.0,8.8,-5.52,-7.68,5.27
2402,2020-11-02,131.36,135.92,129.84,135.52,176292,290771264.0,4.63,3.17,4.16,3.2
2403,2020-11-03,134.96,138.48,133.44,137.6,157219,265416752.0,3.72,1.53,2.08,2.85
2404,2020-11-04,138.56,138.64,133.52,136.4,147125,246388332.0,3.72,-0.87,-1.2,2.67
2405,2020-11-05,137.92,139.2,135.84,137.6,161378,274057984.0,2.46,0.88,1.2,2.93
2406,2020-11-06,138.0,138.48,131.28,132.24,182848,301763904.0,5.23,-3.9,-5.36,3.32
2407,2020-11-09,133.84,138.32,133.36,137.84,239964,404618096.0,3.75,4.23,5.6,4.36
2408,2020-11-10,138.56,139.12,134.32,134.8,160481,269500496.0,3.48,-2.21,-3.04,2.91
2409,2020-11-11,134.56,136.48,132.0,132.0,129833,214738703.0,3.32,-2.08,-2.8,2.36
2410,2020-11-12,131.36,134.08,121.2,124.64,276910,434205088.0,9.76,-5.58,-7.36,5.03
2411,2020-11-13,124.96,128.96,121.6,127.36,174733,271172160.0,5.91,2.18,2.72,3.17
2412,2020-11-16,127.6,128.8,123.6,124.96,124087,190957328.0,4.08,-1.88,-2.4,2.25
2413,2020-11-17,124.48,124.96,120.56,122.96,123953,186554576.0,3.52,-1.6,-2.0,2.25
2414,2020-11-18,122.56,124.16,121.44,122.48,97659,147709543.0,2.21,-0.39,-0.48,1.77
2415,2020-11-19,122.48,130.56,121.84,129.36,235748,369924416.0,7.12,5.62,6.88,4.28
2416,2020-11-20,128.96,130.96,126.56,127.52,147678,233298294.0,3.4,-1.42,-1.84,2.68
2417,2020-11-23,127.92,128.56,124.16,126.64,129985,201937551.0,3.45,-0.69,-0.88,2.36
2418,2020-11-24,126.64,131.2,126.24,128.08,158330,251576989.0,3.92,1.14,1.44,2.87
2419,2020-11-25,128.24,129.28,125.76,125.76,108913,171217968.0,2.75,-1.81,-2.32,1.98
2420,2020-11-26,124.64,131.6,124.56,129.52,164201,260017325.0,5.6,2.99,3.76,2.98
2421,2020-11-27,129.44,134.16,127.76,132.08,230064,373181440.0,4.94,1.98,2.56,4.18
2422,2020-11-30,132.08,134.16,130.08,131.52,150919,245993430.0,3.09,-0.42,-0.56,2.74
2423,2020-12-01,131.44,134.72,130.64,133.44,132806,218200457.0,3.1,1.46,1.92,2.41
2424,2020-12-02,133.44,134.96,131.44,132.4,136708,224291477.0,2.64,-0.78,-1.04,2.48
2425,2020-12-03,132.32,134.64,130.16,130.48,145568,237038763.0,3.38,-1.45,-1.92,2.64
2426,2020-12-04,130.48,131.68,128.08,128.48,111276,177193674.0,2.76,-1.53,-2.0,2.02
2427,2020-12-07,128.96,130.72,127.36,127.36,105901,168481327.0,2.62,-0.87,-1.12,1.92
2428,2020-12-08,128.4,128.88,125.76,126.16,89307,139767393.0,2.45,-0.94,-1.2,1.62
2429,2020-12-09,126.48,127.84,124.64,124.72,96114,149493570.0,2.54,-1.14,-1.44,1.75
2430,2020-12-10,124.72,127.52,122.4,125.84,107834,166496535.0,4.11,0.9,1.12,1.96
2431,2020-12-11,126.48,126.48,120.4,122.32,130411,197123658.0,4.83,-2.8,-3.52,2.37
2432,2020-12-14,123.28,127.44,120.72,126.88,133090,206351423.0,5.49,3.73,4.56,2.42
2433,2020-12-15,126.96,131.28,126.24,130.0,144571,230896045.0,3.97,2.46,3.12,2.62
2434,2020-12-16,129.04,130.0,126.4,127.76,90497,142742762.0,2.77,-1.72,-2.24,1.64
2435,2020-12-17,127.76,129.68,124.96,125.92,115937,180785675.0,3.69,-1.44,-1.84,2.1
2436,2020-12-18,126.48,132.64,126.16,129.44,178802,286838960.0,5.15,2.8,3.52,3.25
2437,2020-12-21,128.32,133.36,126.56,132.16,180291,291750032.0,5.25,2.1,2.72,3.27
2438,2020-12-22,131.36,135.36,130.24,130.48,192057,314434416.0,3.87,-1.27,-1.68,3.49
2439,2020-12-23,130.08,135.84,129.84,134.72,209766,346523120.0,4.6,3.25,4.24,3.81
2440,2020-12-24,134.88,141.76,134.8,139.52,365070,625710656.0,5.17,3.56,4.8,6.63
2441,2020-12-25,139.36,140.72,135.52,139.28,240791,411015856.0,3.73,-0.17,-0.24,4.37
2442,2020-12-28,139.76,142.0,136.56,139.2,192868,331033376.0,3.91,-0.06,-0.08,3.5
2443,2020-12-29,137.28,139.36,125.76,125.84,317100,520809168.0,9.77,-9.6,-13.36,5.76
2444,2020-12-30,125.84,129.2,121.84,127.68,246998,381660608.0,5.85,1.46,1.84,4.48
2445,2020-12-31,127.36,132.56,126.96,130.72,200523,320628896.0,4.39,2.38,3.04,3.62
2446,2021-01-04,132.0,135.44,131.36,133.52,216275,357016128.0,3.12,2.14,2.8,3.91
2447,2021-01-05,132.8,140.56,132.0,136.8,320322,541562976.0,6.41,2.46,3.28,5.79
2448,2021-01-06,136.0,140.16,134.64,137.2,321979,545514576.0,4.04,0.29,0.4,5.82
2449,2021-01-07,137.28,141.76,133.04,141.04,415080,710295632.0,6.36,2.8,3.84,7.5
2450,2021-01-08,143.2,158.24,138.48,147.44,666112,1222748784.0,14.01,4.54,6.4,12.03
2451,2021-01-11,147.76,165.68,147.76,155.68,513664,994722528.0,12.15,5.59,8.24,9.28
2452,2021-01-12,152.24,160.16,149.36,154.64,425206,809218336.0,6.94,-0.67,-1.04,7.68
2453,2021-01-13,153.76,156.08,147.36,151.2,371245,690506768.0,5.64,-2.22,-3.44,6.71
2454,2021-01-14,150.56,163.04,146.56,158.4,469282,903837920.0,10.9,4.76,7.2,8.48
2455,2021-01-15,156.24,156.72,148.56,151.92,322176,603717072.0,5.15,-4.09,-6.48,5.82
2456,2021-01-18,149.76,154.56,149.2,150.32,272739,510893920.0,3.53,-1.05,-1.6,4.93
2457,2021-01-19,147.52,163.2,146.56,158.16,498614,970887840.0,11.07,5.22,7.84,9.01
2458,2021-01-20,156.16,165.52,152.8,164.96,459802,907782640.0,8.04,4.3,6.8,8.3
2459,2021-01-21,163.76,167.76,160.8,162.96,335171,679744256.0,4.22,-1.21,-2.0,6.05
2460,2021-01-22,161.76,174.96,160.16,174.32,413415,858045312.0,9.08,6.97,11.36,7.47
2461,2021-01-25,174.4,174.56,161.84,165.76,444795,928197728.0,7.3,-4.91,-8.56,8.03
2462,2021-01-26,166.4,167.2,140.0,144.72,515518,952248576.0,16.41,-12.69,-21.04,9.31
2463,2021-01-27,145.28,148.96,141.04,146.64,230453,415164768.0,5.47,1.33,1.92,4.16
2464,2021-01-28,143.36,146.32,136.72,136.96,245808,425608064.0,6.55,-6.6,-9.68,4.44
2465,2021-01-29,138.96,140.08,126.56,131.76,288268,470476992.0,9.87,-3.8,-5.2,5.21
2466,2021-02-01,132.08,137.68,132.08,135.36,170489,284314592.0,4.25,2.73,3.6,3.08
2467,2021-02-02,135.92,137.28,132.64,134.88,152682,254327685.0,3.43,-0.35,-0.48,2.76
2468,2021-02-03,134.8,134.8,126.96,128.0,214039,343410816.0,5.81,-5.1,-6.88,3.87
2469,2021-02-04,126.96,129.92,122.24,125.36,163888,253448219.0,6.0,-2.06,-2.64,2.96
2470,2021-02-05,126.0,130.32,123.92,124.32,128800,201878609.0,5.11,-0.83,-1.04,2.33
2471,2021-02-08,125.44,125.92,121.04,121.76,151247,228269844.0,3.93,-2.06,-2.56,2.73
2472,2021-02-09,122.08,127.6,119.84,125.68,177997,273325824.0,6.37,3.22,3.92,3.21
2473,2021-02-10,126.4,129.04,124.8,126.16,151981,237153229.0,3.37,0.38,0.48,2.74
2474,2021-02-18,127.36,131.84,127.36,128.96,146433,233866199.0,3.55,2.22,2.8,2.64
2475,2021-02-19,128.8,133.84,127.36,132.56,156128,252513553.0,5.02,2.79,3.6,2.82
2476,2021-02-22,133.36,136.48,129.92,130.8,211219,347158256.0,4.95,-1.33,-1.76,3.81
2477,2021-02-23,128.96,133.44,127.2,132.08,133539,215400293.0,4.77,0.98,1.28,2.41
2478,2021-02-24,132.72,135.36,129.76,133.92,149616,245083512.0,4.24,1.39,1.84,2.7
2479,2021-02-25,135.04,141.52,133.36,138.56,240206,410019888.0,6.09,3.46,4.64,4.34
2480,2021-02-26,135.36,136.88,132.08,132.56,161851,267026717.0,3.46,-4.33,-6.0,2.92
2481,2021-03-01,132.16,139.2,132.16,139.12,170408,287236576.0,5.31,4.95,6.56,3.08
2482,2021-03-02,139.36,140.0,134.96,137.36,155444,263931341.0,3.62,-1.27,-1.76,2.81
2483,2021-03-03,137.36,137.36,132.4,136.4,131553,218585130.0,3.61,-0.7,-0.96,2.38
2484,2021-03-04,135.04,136.08,130.56,131.44,149323,244859067.0,4.05,-3.64,-4.96,2.7
2485,2021-03-05,129.76,133.92,127.28,131.44,101272,163465078.0,5.05,0.0,0.0,1.83
2486,2021-03-08,131.36,132.64,124.16,124.24,160886,254324610.0,6.45,-5.48,-7.2,2.91
2487,2021-03-09,123.76,124.16,116.0,116.32,192940,283791472.0,6.57,-6.37,-7.92,3.48
2488,2021-03-10,117.76,118.48,116.08,116.08,83416,120198294.0,2.06,-0.21,-0.24,1.51
2489,2021-03-11,116.64,122.64,116.64,121.84,123750,183571274.0,5.17,4.96,5.76,2.24
2490,2021-03-12,122.4,123.52,120.56,122.0,85343,127889335.0,2.43,0.13,0.16,1.54
2491,2021-03-15,121.44,122.24,117.76,119.76,118713,174533770.0,3.67,-1.84,-2.24,2.14
2492,2021-03-16,120.32,121.92,117.84,118.96,107337,157437846.0,3.41,-0.67,-0.8,1.94
2493,2021-03-17,118.08,121.36,117.84,121.12,93961,139155023.0,2.96,1.82,2.16,1.7
2494,2021-03-18,120.96,123.44,119.76,122.24,102834,154281695.0,3.04,0.92,1.12,1.86
2495,2021-03-19,119.84,125.36,119.2,123.12,133653,202777727.0,5.04,0.72,0.88,2.41
2496,2021-03-22,123.28,128.56,123.12,127.76,164199,255803557.0,4.42,3.77,4.64,2.97
2497,2021-03-23,126.48,126.48,120.08,122.8,194870,294806736.0,5.01,-3.88,-4.96,3.52
2498,2021-03-24,123.04,123.84,119.76,120.88,122100,182343773.0,3.32,-1.56,-1.92,2.21
2499,2021-03-25,120.96,121.36,119.2,119.6,88715,131399881.0,1.79,-1.06,-1.28,1.6
2500,2021-03-26,119.76,121.28,119.04,120.96,81976,121672912.0,1.87,1.14,1.36,1.48
2501,2021-03-29,124.32,125.36,121.76,122.88,147260,224542424.0,2.98,1.59,1.92,2.66
2502,2021-03-30,121.76,127.84,121.44,127.28,209022,324342800.0,5.21,3.58,4.4,3.78
2503,2021-03-31,126.88,126.88,123.12,124.88,132061,203083715.0,2.95,-1.89,-2.4,2.39
2504,2021-04-01,124.88,127.2,124.16,126.56,104579,162656516.0,2.43,1.35,1.68,1.89
2505,2021-04-02,126.56,129.76,125.52,129.12,163582,259463084.0,3.35,2.02,2.56,2.95
2506,2021-04-06,130.08,132.88,129.2,130.32,156291,252636398.0,2.85,0.93,1.2,2.82
2507,2021-04-07,129.36,130.16,126.8,128.56,111717,176261819.0,2.58,-1.35,-1.76,2.02
2508,2021-04-08,128.72,132.96,127.44,132.72,194868,315668208.0,4.29,3.24,4.16,3.52
2509,2021-04-09,132.24,136.32,131.6,135.28,218780,362508384.0,3.56,1.93,2.56,3.95
2510,2021-04-12,135.36,145.6,134.56,136.88,391360,673909760.0,8.16,1.18,1.6,7.07
2511,2021-04-13,133.76,137.6,130.4,136.64,240055,393582032.0,5.26,-0.18,-0.24,4.34
2512,2021-04-14,134.56,139.84,133.76,139.76,229698,391770320.0,4.45,2.28,3.12,4.15
2513,2021-04-15,138.16,138.8,135.36,137.36,133063,225437529.0,2.46,-1.72,-2.4,2.4
2514,2021-04-16,137.2,137.2,133.44,136.56,193247,322420224.0,2.74,-0.58,-0.8,3.49
2515,2021-04-19,135.28,139.52,134.32,136.96,184563,312390960.0,3.81,0.29,0.4,3.33
2516,2021-04-20,136.24,136.64,131.84,132.0,186063,308136064.0,3.5,-3.62,-4.96,3.36
2517,2021-04-21,131.6,135.76,130.88,132.32,138759,227885980.0,3.7,0.24,0.32,2.51
2518,2021-04-22,133.04,135.84,132.8,134.4,149299,247940721.0,2.3,1.57,2.08,2.7
2519,2021-04-23,133.6,135.76,132.16,133.68,111366,183635591.0,2.68,-0.54,-0.72,2.01
2520,2021-04-26,133.76,133.76,125.92,128.08,232126,368729680.0,5.86,-4.19,-5.6,4.19
2521,2021-04-27,127.92,128.72,123.84,125.92,122341,189923434.0,3.81,-1.69,-2.16,2.21
2522,2021-04-28,126.16,130.08,125.28,128.96,135609,213994739.0,3.81,2.41,3.04,2.45
2523,2021-04-29,128.24,130.56,125.92,126.48,112493,177483276.0,3.6,-1.92,-2.48,2.03
2524,2021-04-30,126.0,127.12,124.48,126.64,89979,139696072.0,2.09,0.13,0.16,1.63
2525,2021-05-06,126.64,129.84,124.8,128.56,115563,182376543.0,3.98,1.52,1.92,2.09
2526,2021-05-07,128.0,129.12,124.64,124.88,110054,171202068.0,3.48,-2.86,-3.68,1.99
2527,2021-05-10,124.8,125.52,122.72,124.16,80985,123940039.0,2.24,-0.58,-0.72,1.46
2528,2021-05-11,124.56,129.6,124.16,129.36,143768,226101921.0,4.38,4.19,5.2,2.6
2529,2021-05-12,128.16,133.36,127.6,132.96,179252,291106480.0,4.45,2.78,3.6,3.24
2530,2021-05-13,132.16,134.88,131.76,133.12,154135,253967533.0,2.35,0.12,0.16,2.78
2531,2021-05-14,132.8,134.88,132.64,134.4,132494,218708241.0,1.68,0.96,1.28,2.39
2532,2021-05-17,134.32,136.8,131.84,133.04,136852,225510575.0,3.69,-1.01,-1.36,2.47
2533,2021-05-18,131.76,134.88,129.44,132.56,113183,184746160.0,4.09,-0.36,-0.48,2.04
2534,2021-05-19,132.48,135.6,129.76,134.72,142641,235384077.0,4.41,1.63,2.16,2.58
2535,2021-05-20,134.88,137.76,132.64,133.04,143630,239784587.0,3.8,-1.25,-1.68,2.59
2536,2021-05-21,132.8,135.12,130.8,131.6,125377,204551380.0,3.25,-1.08,-1.44,2.26
2537,2021-05-24,131.04,139.76,130.64,138.64,244444,411263360.0,6.93,5.35,7.04,4.41
2538,2021-05-25,139.36,141.68,137.44,139.52,259983,448158592.0,3.06,0.63,0.88,4.7
2539,2021-05-26,140.56,143.04,138.56,139.2,244777,425311904.0,3.21,-0.23,-0.32,4.42
2540,2021-05-27,138.72,143.04,138.56,139.92,200034,348022160.0,3.22,0.52,0.72,3.61
2541,2021-05-28,139.36,141.92,138.8,140.48,167831,291125360.0,2.23,0.4,0.56,3.03
2542,2021-05-31,140.88,148.88,140.24,148.4,283561,511863248.0,6.15,5.64,7.92,5.12
2543,2021-06-01,146.88,151.68,146.0,147.28,220882,404244816.0,3.83,-0.75,-1.12,3.99
2544,2021-06-02,146.4,148.24,141.84,142.0,199780,355714960.0,4.35,-3.59,-5.28,3.61
2545,2021-06-03,141.76,143.84,138.56,138.96,159670,279089344.0,3.72,-2.14,-3.04,2.88
2546,2021-06-04,139.52,148.16,138.56,146.32,235754,422641328.0,6.91,5.3,7.36,4.26
2547,2021-06-07,148.4,150.32,145.84,148.16,214131,392175488.0,3.06,1.26,1.84,3.87
2548,2021-06-08,148.24,154.96,146.56,153.36,295894,553818128.0,5.67,3.51,5.2,5.34
2549,2021-06-09,153.76,158.24,149.76,151.2,276457,524681696.0,5.53,-1.41,-2.16,4.99
2550,2021-06-10,150.4,153.36,149.68,151.6,195097,364471760.0,2.43,0.26,0.4,3.52
2551,2021-06-11,152.16,155.76,145.6,149.36,256094,472988640.0,6.7,-1.48,-2.24,4.63
2552,2021-06-15,147.84,154.16,144.16,150.16,229114,424531296.0,6.7,0.54,0.8,4.14
2553,2021-06-16,149.36,152.16,144.4,145.76,181901,331782816.0,5.17,-2.93,-4.4,3.29
2554,2021-06-17,147.28,154.24,146.24,154.08,305741,570542032.0,5.49,5.71,8.32,5.52
2555,2021-06-18,153.6,156.24,150.72,156.16,311694,591151616.0,3.58,1.35,2.08,5.63
2556,2021-06-21,154.48,158.96,151.92,156.48,263465,505399456.0,4.51,0.2,0.32,4.76
2557,2021-06-22,156.48,156.64,152.16,152.96,183726,349301824.0,2.86,-2.25,-3.52,3.32
2558,2021-06-23,152.32,155.52,149.36,151.92,203340,384727056.0,4.03,-0.68,-1.04,3.67
2559,2021-06-24,152.56,153.44,144.56,145.28,242815,444769568.0,5.85,-4.37,-6.64,4.39
2560,2021-06-25,144.8,147.12,144.4,145.68,120444,217080838.0,1.87,0.28,0.4,2.18
2561,2021-06-28,145.6,148.96,145.12,146.8,118495,215828916.0,2.64,0.77,1.12,2.14
2562,2021-06-29,146.96,148.56,140.08,141.36,190893,337885376.0,5.78,-3.71,-5.44,3.45
2563,2021-06-30,141.44,146.96,141.44,145.04,148325,265114942.0,3.9,2.6,3.68,2.68
2564,2021-07-01,145.84,146.32,139.6,140.16,144174,252795344.0,4.63,-3.36,-4.88,2.6
2565,2021-07-02,140.32,141.84,137.76,140.72,110799,191182710.0,2.91,0.4,0.56,2.0
2566,2021-07-05,139.92,145.76,139.52,145.28,136399,241310758.0,4.43,3.24,4.56,2.46
2567,2021-07-06,144.4,148.24,143.36,146.4,153013,276118944.0,3.36,0.77,1.12,2.76
2568,2021-07-07,144.16,158.08,143.52,157.28,375357,712162960.0,9.95,7.43,10.88,6.78
2569,2021-07-08,156.96,160.8,155.68,157.68,288002,560958800.0,3.26,0.25,0.4,5.2
2570,2021-07-09,157.68,163.36,155.2,161.28,289359,576190304.0,5.18,2.28,3.6,5.23
2571,2021-07-12,162.0,167.28,159.36,164.8,273733,555874736.0,4.91,2.18,3.52,4.94
2572,2021-07-13,163.92,170.56,163.28,170.4,260264,542611872.0,4.42,3.4,5.6,4.7
2573,2021-07-14,169.2,169.2,161.76,164.64,303633,622356736.0,4.37,-3.38,-5.76,5.48
2574,2021-07-15,165.36,167.76,158.96,164.72,220327,444574080.0,5.34,0.05,0.08,3.98
2575,2021-07-16,165.68,196.8,162.4,191.52,588599,1342035040.0,20.88,16.27,26.8,10.63
2576,2021-07-19,189.36,196.64,181.2,182.56,516842,1202158384.0,8.06,-4.68,-8.96,9.33
2577,2021-07-20,181.2,190.08,181.12,184.0,348373,800203648.0,4.91,0.79,1.44,6.29
2578,2021-07-21,185.68,190.56,183.76,188.16,383382,889830208.0,3.7,2.26,4.16,6.92
2579,2021-07-22,191.04,191.76,180.8,190.08,337569,782512928.0,5.82,1.02,1.92,6.1
2580,2021-07-23,187.36,195.76,184.4,193.36,419599,986216688.0,5.98,1.73,3.28,7.58
2581,2021-07-26,194.48,216.64,190.64,200.64,611382,1533547776.0,13.45,3.76,7.28,11.04
2582,2021-07-27,199.68,205.76,189.76,190.4,509236,1252204032.0,7.97,-5.1,-10.24,9.2
2583,2021-07-28,184.96,185.68,169.68,182.24,398699,889520400.0,8.4,-4.29,-8.16,7.2
2584,2021-07-29,187.44,218.32,183.04,218.32,786140,2006236176.0,19.36,19.8,36.08,14.2
2585,2021-07-30,225.76,228.24,208.96,218.8,750106,2037694768.0,8.83,0.22,0.48,13.55
2586,2021-08-02,222.16,251.92,219.68,245.28,736550,2158075248.0,14.73,12.1,26.48,13.3
2587,2021-08-03,239.44,244.96,224.64,228.96,632797,1832790976.0,8.28,-6.65,-16.32,11.43
2588,2021-08-04,226.8,235.68,225.12,231.04,442597,1267796560.0,4.61,0.91,2.08,7.99
2589,2021-08-05,231.76,266.72,224.8,246.56,793247,2404311328.0,18.14,6.72,15.52,14.33
2590,2021-08-06,241.76,251.36,240.16,248.8,447515,1361633280.0,4.54,0.91,2.24,8.08
2591,2021-08-09,243.2,243.6,229.12,236.16,425861,1244871504.0,5.82,-5.08,-12.64,7.69
2592,2021-08-10,233.84,255.36,232.16,241.52,525525,1588755616.0,9.82,2.27,5.36,9.49
2593,2021-08-11,238.56,247.2,229.92,240.08,325711,963144336.0,7.15,-0.6,-1.44,5.88
2594,2021-08-12,236.16,251.2,228.8,248.48,478687,1428016640.0,9.33,3.5,8.4,8.65
2595,2021-08-13,250.56,280.64,247.04,257.84,545694,1774326160.0,13.52,3.77,9.36,9.86
2596,2021-08-16,249.2,255.76,231.28,233.52,490390,1462441328.0,9.49,-9.43,-24.32,8.86
2597,2021-08-17,232.24,236.96,224.16,226.24,330312,946452560.0,5.48,-3.12,-7.28,5.97
2598,2021-08-18,229.76,243.6,226.64,235.84,331531,970512848.0,7.5,4.24,9.6,5.99
2599,2021-08-19,238.32,244.96,231.36,241.92,330128,978722656.0,5.77,2.58,6.08,5.96
2600,2021-08-20,241.6,248.16,235.36,239.76,247670,743355456.0,5.29,-0.89,-2.16,4.47
2601,2021-08-23,243.28,256.56,240.8,250.4,320339,995523056.0,6.57,4.44,10.64,5.79
2602,2021-08-24,241.76,272.8,236.96,266.16,431697,1393012992.0,14.31,6.29,15.76,7.8
2603,2021-08-25,264.8,269.92,257.76,260.16,277269,905485712.0,4.57,-2.25,-6.0,5.01
2604,2021-08-26,257.44,271.12,256.4,260.32,298989,978797904.0,5.66,0.06,0.16,5.4
2605,2021-08-27,255.04,259.36,247.36,258.0,261840,823952192.0,4.61,-0.89,-2.32,4.73
2606,2021-08-30,259.28,270.0,245.2,261.52,394884,1266201248.0,9.61,1.36,3.52,7.13
2607,2021-08-31,260.0,300.48,251.36,285.76,531062,1827443840.0,18.78,9.27,24.24,9.59
2608,2021-09-01,288.16,292.88,264.16,280.08,353349,1219376832.0,10.05,-1.99,-5.68,6.38
2609,2021-09-02,275.52,282.96,267.44,274.4,256975,872943488.0,5.54,-2.03,-5.68,4.63
2610,2021-09-03,276.24,285.36,252.8,255.44,329076,1092487536.0,11.87,-6.91,-18.96,5.93
2611,2021-09-06,254.48,265.52,244.16,260.4,223699,709517920.0,8.36,1.94,4.96,4.03
2612,2021-09-07,259.04,265.44,254.56,258.16,191522,617113376.0,4.18,-0.86,-2.24,3.44
2613,2021-09-08,257.92,261.04,230.56,237.12,383842,1162217008.0,11.81,-8.15,-21.04,6.9
2614,2021-09-09,239.36,241.36,225.36,232.0,337917,972937616.0,6.75,-2.16,-5.12,6.08
2615,2021-09-10,234.24,237.6,227.44,231.2,237892,684785488.0,4.38,-0.34,-0.8,4.28
2616,2021-09-13,231.6,233.12,220.72,223.84,235899,658815280.0,5.36,-3.18,-7.36,4.24
2617,2021-09-14,227.2,234.72,225.2,226.72,260456,743234496.0,4.25,1.29,2.88,4.68
2618,2021-09-15,225.84,227.36,221.6,222.8,179279,497362448.0,2.54,-1.73,-3.92,3.22
2619,2021-09-16,222.88,228.88,215.2,216.64,205344,562609168.0,6.14,-2.76,-6.16,3.69
2620,2021-09-17,220.0,221.68,209.76,217.92,151559,406795104.0,5.5,0.59,1.28,2.73
2621,2021-09-22,208.0,213.68,204.72,209.84,208421,541166736.0,4.11,-3.71,-8.08,3.75
2622,2021-09-23,211.6,218.72,211.44,214.56,157650,420626480.0,3.47,2.25,4.72,2.83
2623,2021-09-24,216.32,218.56,210.56,211.68,145073,385047936.0,3.73,-1.34,-2.88,2.61
2624,2021-09-27,212.16,215.6,198.72,202.16,187856,476968288.0,7.97,-4.5,-9.52,3.38
2625,2021-09-28,202.48,214.16,202.48,209.68,197158,512653968.0,5.78,3.72,7.52,3.54
2626,2021-09-29,207.84,212.32,198.56,199.6,149126,379172160.0,6.56,-4.81,-10.08,2.68
2627,2021-09-30,199.52,205.6,199.36,202.08,106609,267173200.0,3.13,1.24,2.48,1.92
2628,2021-10-08,203.6,211.12,200.16,200.4,123291,312390096.0,5.42,-0.83,-1.68,2.22
2629,2021-10-11,202.48,212.24,200.16,206.64,173755,446542176.0,6.03,3.11,6.24,3.12
2630,2021-10-12,206.64,206.96,194.24,198.96,195630,482966448.0,6.16,-3.72,-7.68,3.52
2631,2021-10-13,202.4,213.76,201.76,212.16,209826,542843328.0,6.03,6.63,13.2,3.76
2632,2021-10-14,210.88,213.04,207.6,212.24,153952,401555104.0,2.56,0.04,0.08,2.76
2633,2021-10-15,213.36,219.76,211.36,217.04,179423,481669840.0,3.96,2.26,4.8,3.22
2634,2021-10-18,215.28,220.16,213.2,217.68,133074,358017760.0,3.21,0.29,0.64,2.39
2635,2021-10-19,216.72,217.68,211.92,214.0,126756,337037904.0,2.65,-1.69,-3.68,2.27
2636,2021-10-20,214.0,218.8,213.6,217.6,105987,284636736.0,2.43,1.68,3.6,1.9
2637,2021-10-21,218.32,218.32,211.6,212.56,84533,224482585.0,3.09,-2.32,-5.04,1.52
2638,2021-10-22,213.92,218.32,212.64,212.64,100345,268244642.0,2.67,0.04,0.08,1.8
2639,2021-10-25,213.44,217.44,211.36,216.64,96374,257189965.0,2.86,1.88,4.0,1.73
2640,2021-10-26,216.16,225.44,215.44,223.36,170963,466760768.0,4.62,3.1,6.72,3.07
2641,2021-10-27,223.76,225.68,216.96,219.36,127781,348805568.0,3.9,-1.79,-4.0,2.29
2642,2021-10-28,219.36,224.48,211.44,212.0,123226,332989088.0,5.94,-3.36,-7.36,2.21
2643,2021-10-29,205.76,205.76,180.16,196.8,361167,863606784.0,12.08,-7.17,-15.2,6.48
2644,2021-11-01,196.8,211.28,192.4,206.8,224811,568454128.0,9.59,5.08,10.0,4.03
2645,2021-11-02,208.56,222.56,207.2,215.52,244097,653678752.0,7.43,4.22,8.72,4.38
2646,2021-11-03,214.88,217.52,208.8,212.56,146502,385191216.0,4.05,-1.37,-2.96,2.63
2647,2021-11-04,213.12,214.08,208.64,213.28,131477,344383120.0,2.56,0.34,0.72,2.36
2648,2021-11-05,213.12,220.72,208.96,210.0,151931,404802256.0,5.51,-1.54,-3.28,2.72
2649,2021-11-08,209.2,210.8,200.72,208.8,119842,305280352.0,4.8,-0.57,-1.2,2.15
2650,2021-11-09,210.24,228.0,207.92,225.36,309218,848395776.0,9.62,7.93,16.56,5.54
2651,2021-11-10,225.92,227.84,218.48,222.0,174798,482687040.0,4.15,-1.49,-3.36,3.13
2652,2021-11-11,222.72,229.36,219.44,225.44,185157,516112576.0,4.47,1.55,3.44,3.32
2653,2021-11-12,224.8,239.6,224.32,236.16,262399,764519024.0,6.78,4.76,10.72,4.7
2654,2021-11-15,236.64,238.4,230.24,232.16,178635,518106992.0,3.46,-1.69,-4.0,3.2
2655,2021-11-16,232.56,244.4,229.92,234.0,258211,756928000.0,6.24,0.79,1.84,4.63
2656,2021-11-17,231.36,239.28,227.36,237.04,179593,520381296.0,5.09,1.3,3.04,3.22
2657,2021-11-18,237.76,244.64,236.96,244.08,223428,669548576.0,3.24,2.97,7.04,4.01
2658,2021-11-19,248.0,248.0,239.44,241.44,166190,500298704.0,3.51,-1.08,-2.64,2.98
2659,2021-11-22,241.52,243.92,235.52,237.76,169408,503404928.0,3.48,-1.52,-3.68,3.04
2660,2021-11-23,237.76,243.52,234.72,235.92,159554,473519488.0,3.7,-0.77,-1.84,2.86
2661,2021-11-24,236.96,239.36,228.72,229.84,174050,503699584.0,4.51,-2.58,-6.08,3.12
2662,2021-11-25,229.92,233.68,225.92,226.8,149963,427362480.0,3.38,-1.32,-3.04,2.69
2663,2021-11-26,226.48,228.56,222.72,227.28,149763,419248128.0,2.57,0.21,0.48,2.69
2664,2021-11-29,216.96,216.96,184.32,197.04,836174,2053948384.0,14.36,-13.31,-30.24,14.99
2665,2021-11-30,193.76,195.76,188.08,189.6,405844,963600048.0,3.9,-3.78,-7.44,7.28
2666,2021-12-01,188.56,189.6,184.56,186.16,316304,730343008.0,2.66,-1.81,-3.44,5.67
2667,2021-12-02,186.48,187.84,180.56,180.88,262805,595704704.0,3.91,-2.84,-5.28,4.71
2668,2021-12-03,181.12,183.2,179.68,182.96,207661,467428496.0,1.95,1.15,2.08,3.72
2669,2021-12-06,184.16,184.16,174.56,175.12,278775,615769040.0,5.25,-4.29,-7.84,5.0
2670,2021-12-07,176.64,177.68,170.56,171.2,219444,470226528.0,4.07,-2.24,-3.92,3.93
2671,2021-12-08,171.44,174.32,169.12,173.36,192717,410213360.0,3.04,1.26,2.16,3.46
2672,2021-12-09,173.12,180.0,172.24,179.28,250211,547103008.0,4.48,3.41,5.92,4.49
2673,2021-12-10,179.44,183.68,178.4,180.72,245422,549711744.0,2.95,0.8,1.44,4.4
2674,2021-12-13,181.12,182.4,177.84,181.76,140868,314309152.0,2.52,0.58,1.04,2.53
2675,2021-12-14,180.96,189.44,179.76,186.64,245118,561986432.0,5.33,2.68,4.88,4.39
2676,2021-12-15,186.56,186.64,180.24,181.6,192617,436332240.0,3.43,-2.7,-5.04,3.45
2677,2021-12-16,181.6,184.8,179.76,180.24,142256,319384416.0,2.78,-0.75,-1.36,2.55
2678,2021-12-17,179.84,181.44,176.56,177.92,124379,275431872.0,2.71,-1.29,-2.32,2.23
2679,2021-12-20,177.2,181.12,176.4,177.2,103606,229739980.0,2.65,-0.4,-0.72,1.86
2680,2021-12-21,176.56,178.72,173.68,177.84,108884,237231999.0,2.84,0.36,0.64,1.95
2681,2021-12-22,177.52,178.88,176.4,176.64,92132,202290949.0,1.39,-0.67,-1.2,1.65
2682,2021-12-23,177.52,179.28,173.76,177.68,107772,236493342.0,3.13,0.59,1.04,1.93
2683,2021-12-24,177.68,178.24,171.6,171.92,119891,257979985.0,3.74,-3.24,-5.76,2.15
2684,2021-12-27,172.0,172.8,169.2,169.36,83192,175866904.0,2.09,-1.49,-2.56,1.49
2685,2021-12-28,169.76,175.12,169.6,174.16,104515,223737453.0,3.26,2.83,4.8,1.87
2686,2021-12-29,174.16,177.28,173.2,175.36,104562,226848573.0,2.34,0.69,1.2,1.87
2687,2021-12-30,174.0,178.0,173.6,175.92,114133,249024212.0,2.51,0.32,0.56,2.05
2688,2021-12-31,176.0,181.76,174.32,179.2,177278,393363440.0,4.23,1.86,3.28,3.18
2689,2022-01-04,180.0,181.36,176.24,179.12,109171,240979787.0,2.86,-0.04,-0.08,1.96
2690,2022-01-05,179.04,179.04,170.24,174.0,131279,283089104.0,4.91,-2.86,-5.12,2.36
2691,2022-01-06,172.96,175.28,171.84,173.2,71843,154305531.0,1.98,-0.46,-0.8,1.29
2692,2022-01-07,172.16,173.84,167.84,168.08,117647,248377289.0,3.46,-2.96,-5.12,2.11
2693,2022-01-10,168.16,168.24,160.64,162.96,121614,244749974.0,4.52,-3.05,-5.12,2.18
2694,2022-01-11,163.28,166.08,161.04,161.68,90261,182421786.0,3.09,-0.79,-1.28,1.62
2695,2022-01-12,162.4,165.6,162.4,165.44,93254,189237223.0,1.98,2.33,3.76,1.67
2696,2022-01-13,165.36,166.96,159.76,159.92,121667,243878667.0,4.35,-3.34,-5.52,2.18
2697,2022-01-14,159.36,161.52,157.04,160.32,81217,160406366.0,2.8,0.25,0.4,1.46
2698,2022-01-17,160.48,164.32,159.84,163.68,104022,209620980.0,2.79,2.1,3.36,1.87
2699,2022-01-18,163.76,164.96,161.52,162.64,105087,212348078.0,2.1,-0.64,-1.04,1.89
2700,2022-01-19,161.84,162.4,155.6,157.12,126239,247070444.0,4.18,-3.39,-5.52,2.27
2701,2022-01-20,156.96,157.6,151.36,152.0,106365,201552686.0,3.97,-3.26,-5.12,1.91
2702,2022-01-21,150.48,152.48,148.24,150.56,92383,171569655.0,2.79,-0.95,-1.44,1.66
2703,2022-01-24,149.84,152.32,149.44,151.04,65620,122251627.0,1.91,0.32,0.48,1.18
2704,2022-01-25,151.04,155.84,145.44,145.76,112047,208417154.0,6.89,-3.5,-5.28,2.01
2705,2022-01-26,145.68,147.84,143.04,146.8,70900,128222948.0,3.29,0.71,1.04,1.27
2706,2022-01-27,146.96,147.52,140.16,140.56,99919,176366713.0,5.01,-4.25,-6.24,1.79
2707,2022-01-28,142.0,146.0,140.16,143.76,108291,191854776.0,4.15,2.28,3.2,1.94
2708,2022-02-07,147.28,147.76,144.24,144.88,82362,148070287.0,2.45,0.78,1.12,1.48
2709,2022-02-08,144.88,146.48,142.64,146.4,83578,149637632.0,2.65,1.05,1.52,1.5
2710,2022-02-09,146.56,149.92,146.08,148.96,101210,185607470.0,2.62,1.75,2.56,1.82
2711,2022-02-10,148.96,149.28,146.8,148.16,73887,135020964.0,1.66,-0.54,-0.8,1.33
2712,2022-02-11,148.16,148.16,143.2,143.76,82645,148087909.0,3.35,-2.97,-4.4,1.48
2713,2022-02-14,144.16,149.12,143.36,147.12,114425,208099597.0,4.01,2.34,3.36,2.05
2714,2022-02-15,147.36,148.72,146.56,148.48,75553,138119992.0,1.47,0.92,1.36,1.36
2715,2022-02-16,148.16,149.52,146.56,147.52,82584,150591293.0,1.99,-0.65,-0.96,1.48
2716,2022-02-17,147.2,150.4,145.44,149.28,104784,191899156.0,3.36,1.19,1.76,1.88
2717,2022-02-18,148.4,149.92,146.56,149.52,86648,159051738.0,2.25,0.16,0.24,1.56
2718,2022-02-21,150.08,152.88,149.52,152.72,121213,227396759.0,2.25,2.14,3.2,2.18
2719,2022-02-22,152.88,152.96,148.16,149.28,119831,221096474.0,3.14,-2.25,-3.44,2.15
2720,2022-02-23,149.04,154.64,148.88,154.56,143501,270764064.0,3.86,3.54,5.28,2.58
2721,2022-02-24,152.96,163.84,150.4,159.84,349028,678081408.0,8.7,3.42,5.28,6.26
2722,2022-02-25,156.08,159.12,155.2,157.2,174102,338206640.0,2.45,-1.65,-2.64,3.12
2723,2022-02-28,157.76,159.2,155.28,156.08,100824,195189858.0,2.49,-0.71,-1.12,1.81
2724,2022-03-01,158.08,159.68,156.88,158.88,134270,262880535.0,1.79,1.79,2.8,2.41
2725,2022-03-02,157.04,157.92,155.04,155.36,105388,202817597.0,1.81,-2.22,-3.52,1.89
2726,2022-03-03,155.36,156.0,150.56,151.12,118475,223215779.0,3.5,-2.73,-4.24,2.13
2727,2022-03-04,151.12,153.36,146.8,147.12,105634,195823777.0,4.34,-2.65,-4.0,1.9
2728,2022-03-07,147.2,148.16,142.0,143.04,98739,176150735.0,4.19,-2.77,-4.08,1.77
2729,2022-03-08,142.56,143.92,135.52,137.68,110825,191170626.0,5.87,-3.75,-5.36,1.99
2730,2022-03-09,138.56,139.04,116.0,130.64,197425,318126416.0,16.73,-5.11,-7.04,3.54
2731,2022-03-10,133.12,137.2,132.96,135.2,127679,213073486.0,3.25,3.49,4.56,2.29
2732,2022-03-11,134.16,142.16,132.64,141.2,145108,245891128.0,7.04,4.44,6.0,2.6
2733,2022-03-14,140.64,141.44,137.6,137.76,80753,138808122.0,2.72,-2.44,-3.44,1.45
2734,2022-03-15,136.96,138.72,129.76,129.76,113039,187669443.0,6.5,-5.81,-8.0,2.03
2735,2022-03-16,132.16,135.04,126.8,134.0,123567,199627108.0,6.35,3.27,4.24,2.22
2736,2022-03-17,135.52,142.32,135.28,138.24,153313,263676426.0,5.25,3.16,4.24,2.75
2737,2022-03-18,137.36,139.2,135.44,137.68,76648,129835031.0,2.72,-0.41,-0.56,1.38
2738,2022-03-21,143.36,144.56,140.16,143.52,169909,299063920.0,3.2,4.24,5.84,3.05
2739,2022-03-22,141.76,143.68,139.52,140.8,119226,207754988.0,2.9,-1.9,-2.72,2.14
2740,2022-03-23,140.64,144.64,139.28,142.88,124013,218637516.0,3.81,1.48,2.08,2.23
2741,2022-03-24,141.28,141.68,138.32,139.04,88724,152915811.0,2.35,-2.69,-3.84,1.59
2742,2022-03-25,139.36,139.92,136.8,137.2,67737,115487607.0,2.24,-1.32,-1.84,1.22
2743,2022-03-28,135.84,136.72,133.12,134.48,59441,98763783.0,2.62,-1.98,-2.72,1.07
2744,2022-03-29,134.48,137.2,132.96,133.28,58643,97615034.0,3.15,-0.89,-1.2,1.05
2745,2022-03-30,133.76,136.24,132.88,135.76,57899,96566735.0,2.52,1.86,2.48,1.04
2746,2022-03-31,135.12,136.48,133.6,133.68,57083,94819049.0,2.12,-1.53,-2.08,1.02
2747,2022-04-01,133.68,134.0,131.36,132.0,49781,81231931.0,1.97,-1.26,-1.68,0.89
2748,2022-04-06,131.6,131.68,129.6,130.32,75492,121389709.0,1.58,-1.27,-1.68,1.35
2749,2022-04-07,130.32,134.96,128.8,129.52,94138,152618369.0,4.73,-0.61,-0.8,1.69
2750,2022-04-08,129.68,130.72,125.84,127.44,66231,104143955.0,3.77,-1.61,-2.08,1.19
2751,2022-04-11,127.04,127.44,120.96,121.44,72539,109936407.0,5.08,-4.71,-6.0,1.3
2752,2022-04-12,121.68,124.56,120.0,124.08,53664,80784525.0,3.75,2.17,2.64,0.96
2753,2022-04-13,122.8,123.52,120.64,121.28,51321,77137654.0,2.32,-2.26,-2.8,0.92
2754,2022-04-14,121.36,123.04,121.2,122.0,41308,62142166.0,1.52,0.59,0.72,0.74
2755,2022-04-15,121.76,123.36,118.56,122.96,70526,105099128.0,3.93,0.79,0.96,1.27
2756,2022-04-18,121.76,124.64,120.0,124.48,70931,107354158.0,3.77,1.24,1.52,1.27
2757,2022-04-19,131.28,134.64,128.48,132.0,249803,406139392.0,4.95,6.04,7.52,4.48
2758,2022-04-20,130.08,136.72,130.08,134.72,219566,363508288.0,5.03,2.06,2.72,3.94
2759,2022-04-21,132.0,136.08,127.52,127.76,172307,279402784.0,6.35,-5.17,-6.96,3.09
2760,2022-04-22,129.76,129.76,122.16,123.04,121177,185687194.0,5.95,-3.69,-4.72,2.17
2761,2022-04-25,120.08,121.28,113.76,113.84,145885,211676468.0,6.11,-7.48,-9.2,2.62
2762,2022-04-26,115.44,116.16,108.16,109.6,122302,170438734.0,7.03,-3.72,-4.24,2.19
2763,2022-04-27,107.04,116.56,105.04,116.16,129091,177156886.0,10.51,5.99,6.56,2.32
2764,2022-04-28,114.56,119.2,114.0,118.64,142065,205197707.0,4.48,2.13,2.48,2.55
2765,2022-04-29,119.44,127.36,119.44,126.72,157073,239916915.0,6.68,6.81,8.08,2.82
2766,2022-05-05,125.76,132.24,125.04,130.08,135566,217240842.0,5.68,2.65,3.36,2.43
2767,2022-05-06,126.88,131.52,126.24,129.44,123307,196775287.0,4.06,-0.49,-0.64,2.21
2768,2022-05-09,127.52,134.0,127.52,131.2,111775,181541522.0,5.01,1.36,1.76,2.0
2769,2022-05-10,128.56,134.96,128.24,134.16,127145,208644622.0,5.12,2.26,2.96,2.28
2770,2022-05-11,134.0,140.72,134.0,134.64,192681,326026544.0,5.01,0.36,0.48,3.46
2771,2022-05-12,133.6,139.68,133.36,137.04,136969,231528426.0,4.69,1.78,2.4,2.46
2772,2022-05-13,137.2,138.4,134.72,137.6,108254,182614675.0,2.69,0.41,0.56,1.94
2773,2022-05-16,138.4,140.56,135.68,136.64,105029,179060517.0,3.55,-0.7,-0.96,1.88
2774,2022-05-17,136.8,138.32,134.64,137.68,88664,149468167.0,2.69,0.76,1.04,1.59
2775,2022-05-18,137.76,139.76,135.76,136.16,88054,149396020.0,2.91,-1.1,-1.52,1.58
2776,2022-05-19,134.08,136.8,133.6,136.16,92603,154814337.0,2.35,0.0,0.0,1.66
2777,2022-05-20,136.24,139.28,136.24,139.28,115666,197451304.0,2.23,2.29,3.12,2.07
2778,2022-05-23,139.52,139.92,137.36,138.08,121577,207400684.0,1.84,-0.86,-1.2,2.18
2779,2022-05-24,138.08,139.76,131.12,131.2,164660,275087872.0,6.26,-4.98,-6.88,2.95
2780,2022-05-25,130.96,133.68,130.56,133.04,73184,119712277.0,2.38,1.4,1.84,1.31
2781,2022-05-26,133.68,142.16,132.16,140.0,224935,384044816.0,7.52,5.23,6.96,4.03
2782,2022-05-27,141.68,143.2,137.52,138.72,126809,218887683.0,4.06,-0.91,-1.28,2.27
2783,2022-05-30,138.64,141.2,138.16,140.64,133741,230859253.0,2.19,1.38,1.92,2.4
2784,2022-05-31,140.0,147.04,139.76,145.6,207269,368595312.0,5.18,3.53,4.96,3.72
2785,2022-06-01,144.24,146.24,143.2,144.16,133316,238045151.0,2.09,-0.99,-1.44,2.39
2786,2022-06-02,144.08,149.36,142.4,148.24,183304,330675552.0,4.83,2.83,4.08,3.29
2787,2022-06-06,148.96,151.2,146.64,150.16,188052,346739232.0,3.08,1.3,1.92,3.37
2788,2022-06-07,149.44,152.8,147.52,149.28,138752,256674413.0,3.52,-0.59,-0.88,2.49
2789,2022-06-08,149.44,151.68,144.88,150.16,159191,292212784.0,4.56,0.59,0.88,2.86
2790,2022-06-09,150.56,151.04,145.6,147.52,119538,217876876.0,3.62,-1.76,-2.64,2.14
2791,2022-06-10,146.56,154.88,146.24,154.16,198471,372329680.0,5.86,4.5,6.64,3.56
2792,2022-06-13,153.36,159.28,152.88,158.32,221840,430079104.0,4.15,2.7,4.16,3.98
2793,2022-06-14,155.84,158.32,152.96,156.64,155459,298802384.0,3.39,-1.06,-1.68,2.79
2794,2022-06-15,156.88,157.84,152.0,152.64,179899,344778688.0,3.73,-2.55,-4.0,3.23
2795,2022-06-16,152.24,156.24,150.88,151.84,146907,278741056.0,3.51,-0.52,-0.8,2.64
2796,2022-06-17,151.28,162.56,150.64,161.28,351133,692011776.0,7.85,6.22,9.44,6.3
2797,2022-06-20,162.32,170.08,161.44,166.64,265944,547261520.0,5.36,3.32,5.36,4.77
2798,2022-06-21,164.96,165.68,160.16,162.88,160599,323653312.0,3.31,-2.26,-3.76,2.88
2799,2022-06-22,163.76,164.24,157.84,158.0,161676,320218784.0,3.93,-3.0,-4.88,2.9
2800,2022-06-23,157.6,166.4,156.56,166.24,180843,363090144.0,6.23,5.22,8.24,3.24
2801,2022-06-24,165.52,167.76,164.56,164.88,154673,317630944.0,1.92,-0.82,-1.36,2.77
2802,2022-06-27,166.56,170.56,165.76,167.6,181260,378292912.0,2.91,1.65,2.72,3.25
2803,2022-06-28,166.72,170.4,166.4,170.16,184580,385011040.0,2.39,1.53,2.56,3.31
2804,2022-06-29,169.36,171.04,164.96,164.96,114694,238334468.0,3.57,-3.06,-5.2,2.06
2805,2022-06-30,167.32,170.92,165.24,167.24,163388,338966432.0,3.44,1.38,2.28,2.93
2806,2022-07-01,166.92,167.24,161.16,161.8,155202,311558816.0,3.64,-3.25,-5.44,2.78
2807,2022-07-04,161.64,164.92,155.88,163.0,129843,259693107.0,5.59,0.74,1.2,2.33
2808,2022-07-05,162.28,163.8,156.92,160.2,138255,272560160.0,4.22,-1.72,-2.8,2.48
2809,2022-07-06,160.04,164.52,158.76,161.32,131536,262566057.0,3.6,0.7,1.12,2.36
2810,2022-07-07,162.04,165.16,161.16,163.16,112693,227098607.0,2.48,1.14,1.84,2.02
2811,2022-07-08,164.36,170.12,163.16,165.8,140434,289652477.0,4.27,1.62,2.64,2.52
2812,2022-07-11,164.2,166.6,158.44,163.24,144489,287278001.0,4.92,-1.54,-2.56,2.59
2813,2022-07-12,164.52,164.84,158.12,158.28,96071,189829952.0,4.12,-3.04,-4.96,1.72
2814,2022-07-13,159.32,170.04,159.0,165.88,202014,414394430.0,6.97,4.8,7.6,3.62
2815,2022-07-14,164.6,175.48,163.8,172.76,223988,477389216.0,7.04,4.15,6.88,4.02
2816,2022-07-15,172.92,174.92,170.44,170.6,117255,248992165.0,2.59,-1.25,-2.16,2.1
2817,2022-07-18,171.32,172.2,165.08,169.72,135615,280501959.0,4.17,-0.52,-0.88,2.43
2818,2022-07-19,169.8,180.68,167.72,180.2,319541,699388407.0,7.64,6.17,10.48,5.73
2819,2022-07-20,180.52,188.92,178.2,184.12,309561,703328709.0,5.95,2.18,3.92,5.55
2820,2022-07-21,182.76,182.76,175.16,178.52,254244,562818956.0,4.13,-3.04,-5.6,4.56
2821,2022-07-22,178.68,185.4,177.48,179.4,131494,293095253.0,4.44,0.49,0.88,2.36
2822,2022-07-25,179.48,182.6,173.0,174.84,120290,263411561.0,5.35,-2.54,-4.56,2.16
2823,2022-07-26,174.76,178.84,172.92,177.72,92070,200581246.0,3.39,1.65,2.88,1.65
2824,2022-07-27,177.16,181.72,175.4,179.72,107573,238573921.0,3.56,1.13,2.0,1.93
2825,2022-07-28,182.12,194.68,181.24,193.16,344882,809917700.0,7.48,7.48,13.44,6.18
2826,2022-07-29,192.36,198.12,191.4,191.88,214188,514211810.0,3.48,-0.66,-1.28,3.84
2827,2022-08-01,191.32,200.2,189.0,193.48,191921,462863933.0,5.84,0.83,1.6,3.44
2828,2022-08-02,191.32,198.52,184.2,194.12,227630,538824612.0,7.4,0.33,0.64,4.08
2829,2022-08-03,190.2,204.52,190.2,201.72,340841,845470179.0,7.38,3.92,7.6,6.11
2830,2022-08-04,200.68,202.04,192.76,196.44,198830,484189427.0,4.6,-2.62,-5.28,3.56
2831,2022-08-05,194.52,204.04,193.32,201.48,167540,415904541.0,5.46,2.57,5.04,3.0
2832,2022-08-08,200.36,212.12,199.16,211.4,222580,573378977.0,6.43,4.92,9.92,3.99
2833,2022-08-09,210.12,215.72,207.4,210.12,184855,481867995.0,3.94,-0.61,-1.28,3.31
2834,2022-08-10,209.16,218.84,208.12,214.12,168026,444351232.0,5.1,1.9,4.0,3.01
2835,2022-08-11,214.12,219.72,211.32,217.08,169011,451584003.0,3.92,1.38,2.96,3.03
2836,2022-08-12,214.36,214.36,204.68,205.48,201729,519339191.0,4.46,-5.34,-11.6,3.62
2837,2022-08-15,204.76,210.84,200.12,202.36,187536,474099580.0,5.22,-1.52,-3.12,3.36
2838,2022-08-16,202.36,207.8,201.08,206.04,142631,362863869.0,3.32,1.82,3.68,2.56
2839,2022-08-17,207.72,207.72,198.76,204.2,135176,338563392.0,4.35,-0.89,-1.84,2.42
2840,2022-08-18,202.84,211.16,202.12,208.52,114940,296385697.0,4.43,2.12,4.32,2.06
2841,2022-08-19,210.52,215.56,206.52,213.16,155659,410357624.0,4.34,2.23,4.64,2.79
2842,2022-08-22,211.08,218.84,205.72,217.56,140922,371161290.0,6.16,2.06,4.4,2.53
2843,2022-08-23,213.4,217.72,210.76,213.96,112067,297724694.0,3.2,-1.65,-3.6,2.01
2844,2022-08-24,215.32,217.16,204.04,209.8,148425,385562755.0,6.13,-1.94,-4.16,2.66
2845,2022-08-25,209.16,212.2,200.52,208.2,100354,257358126.0,5.57,-0.76,-1.6,1.8
2846,2022-08-26,210.04,215.8,207.32,212.84,111711,294249023.0,4.07,2.23,4.64,2.0
2847,2022-08-29,212.84,217.08,210.12,216.52,161321,427563647.0,3.27,1.73,3.68,2.89
2848,2022-08-30,217.32,219.48,195.8,196.92,275004,711426430.0,10.94,-9.05,-19.6,4.93
2849,2022-08-31,197.88,206.76,195.32,196.92,235292,588459842.0,5.81,0.0,0.0,4.22
2850,2022-09-01,195.96,211.72,195.96,206.92,199028,507996891.0,8.0,5.08,10.0,3.57
2851,2022-09-02,204.84,233.24,204.52,224.68,370454,1015601746.0,13.88,8.58,17.76,6.64
2852,2022-09-05,224.52,224.6,207.72,211.48,293344,779927119.0,7.51,-5.88,-13.2,5.26
2853,2022-09-06,211.72,218.04,208.52,215.88,161231,425522141.0,4.5,2.08,4.4,2.89
2854,2022-09-07,215.0,220.92,213.24,214.92,130987,351210212.0,3.56,-0.44,-0.96,2.35
2855,2022-09-08,212.92,227.32,210.92,223.48,187297,513462857.0,7.63,3.98,8.56,3.36
2856,2022-09-09,221.32,224.2,218.28,220.92,105484,288328309.0,2.65,-1.15,-2.56,1.89
2857,2022-09-13,220.52,227.16,219.32,226.84,128500,356101070.0,3.55,2.68,5.92,2.3
2858,2022-09-14,222.12,239.64,220.68,236.44,238759,688150649.0,8.36,4.23,9.6,4.28
2859,2022-09-15,235.56,237.96,224.04,235.32,146261,417349654.0,5.89,-0.47,-1.12,2.62
2860,2022-09-16,233.08,243.08,229.0,234.52,156419,459335162.0,5.98,-0.34,-0.8,2.8
2861,2022-09-19,236.28,241.96,233.32,237.32,131255,388474323.0,3.68,1.19,2.8,2.35
2862,2022-09-20,237.32,239.4,228.36,232.76,96479,278293604.0,4.65,-1.92,-4.56,1.73
2863,2022-09-21,232.76,232.76,222.68,224.52,115174,323703201.0,4.33,-3.54,-8.24,2.06
2864,2022-09-22,222.12,238.92,220.92,233.8,153511,444610423.0,8.02,4.13,9.28,2.75
2865,2022-09-23,232.52,239.72,220.84,227.88,139130,393569117.0,8.08,-2.53,-5.92,2.49
2866,2022-09-26,226.12,233.8,221.64,228.76,117454,331213211.0,5.34,0.39,0.88,2.11
2867,2022-09-27,226.2,238.12,226.2,236.28,120828,348838484.0,5.21,3.29,7.52,2.17
2868,2022-09-28,235.72,235.96,224.76,226.84,110983,314105491.0,4.74,-4.0,-9.44,1.99
2869,2022-09-29,227.64,233.96,226.6,228.6,89522,254725763.0,3.24,0.78,1.76,1.6
2870,2022-09-30,226.92,229.0,206.92,209.32,197353,518992764.0,9.66,-8.43,-19.28,3.54
2871,2022-10-10,207.64,210.44,194.12,197.88,154416,384201735.0,7.8,-5.47,-11.44,2.77
2872,2022-10-11,197.8,203.16,194.28,201.4,104106,257165863.0,4.49,1.78,3.52,1.87
2873,2022-10-12,202.92,205.56,192.52,202.12,193168,472591636.0,6.47,0.36,0.72,3.46
2874,2022-10-13,202.36,216.92,201.16,209.56,151932,394266184.0,7.8,3.68,7.44,2.72
2875,2022-10-14,211.08,213.32,202.76,210.2,131388,338915355.0,5.04,0.31,0.64,2.36
2876,2022-10-17,208.84,213.88,194.52,201.72,237181,593731853.0,9.21,-4.03,-8.48,4.25
2877,2022-10-18,202.12,207.64,197.64,203.48,144733,363828993.0,4.96,0.87,1.76,2.59
2878,2022-10-19,201.0,204.92,198.68,202.28,118907,296940605.0,3.07,-0.59,-1.2,2.13
2879,2022-10-20,200.52,207.48,194.92,201.56,162447,406388470.0,6.21,-0.36,-0.72,2.91
2880,2022-10-21,201.0,205.72,196.52,203.64,137626,344010179.0,4.56,1.03,2.08,2.47
2881,2022-10-24,203.64,218.92,202.84,214.84,228311,607187610.0,7.9,5.5,11.2,4.09
2882,2022-10-25,213.48,227.24,211.16,224.68,271759,742480455.0,7.48,4.58,9.84,4.87
2883,2022-10-26,216.6,249.8,215.4,244.04,361134,1054620070.0,15.31,8.62,19.36,6.47
2884,2022-10-27,247.72,250.12,233.48,235.24,203658,605685568.0,6.82,-3.61,-8.8,3.65
2885,2022-10-28,235.64,240.92,232.36,236.52,168772,495599631.0,3.64,0.54,1.28,3.03
2886,2022-10-31,236.52,244.36,227.16,239.32,160064,470994345.0,7.27,1.18,2.8,2.87
2887,2022-11-01,239.4,248.12,235.8,239.96,158805,474209548.0,5.15,0.27,0.64,2.85
2888,2022-11-02,239.96,242.12,230.2,234.36,200592,584370543.0,4.97,-2.33,-5.6,3.6
2889,2022-11-03,232.52,250.12,231.64,249.16,197909,599530176.0,7.89,6.32,14.8,3.55
2890,2022-11-04,249.72,251.88,239.88,243.0,203667,614908717.0,4.82,-2.47,-6.16,3.65
2891,2022-11-07,241.32,244.04,231.48,232.92,190600,554729895.0,5.17,-4.15,-10.08,3.42
2892,2022-11-08,234.04,235.64,229.32,235.32,101039,292132821.0,2.71,1.03,2.4,1.81
2893,2022-11-09,235.4,242.92,231.72,234.92,95872,281392858.0,4.76,-0.17,-0.4,1.72
2894,2022-11-10,233.96,235.48,221.32,223.08,167392,468327965.0,6.03,-5.04,-11.84,3.0
2895,2022-11-11,227.88,229.64,221.96,224.92,97314,272821489.0,3.44,0.82,1.84,1.74
2896,2022-11-14,224.84,228.04,212.52,216.12,191137,514049935.0,6.9,-3.91,-8.8,3.43
2897,2022-11-15,216.12,221.72,214.12,219.24,115038,311335205.0,3.52,1.44,3.12,2.06
2898,2022-11-16,219.72,220.52,213.32,216.92,104860,281185908.0,3.28,-1.06,-2.32,1.88
2899,2022-11-17,216.36,219.64,210.44,218.92,88338,235301596.0,4.24,0.92,2.0,1.58
2900,2022-11-18,218.92,220.92,214.68,215.08,81192,218877419.0,2.85,-1.75,-3.84,1.46
2901,2022-11-21,213.32,215.8,210.28,215.16,81294,214890296.0,2.57,0.04,0.08,1.46
2902,2022-11-22,215.08,219.56,212.28,213.8,91451,244593606.0,3.38,-0.63,-1.36,1.64
2903,2022-11-23,214.92,214.92,204.2,212.36,114172,295879527.0,5.01,-0.67,-1.44,2.05
2904,2022-11-24,211.88,214.12,203.32,206.44,146531,374594611.0,5.09,-2.79,-5.92,2.63
2905,2022-11-25,205.4,207.48,202.12,202.92,78289,198138893.0,2.6,-1.71,-3.52,1.4
2906,2022-11-28,200.6,205.48,200.04,202.36,68863,172740880.0,2.68,-0.28,-0.56,1.23
2907,2022-11-29,201.32,205.0,198.28,203.88,93152,232875629.0,3.32,0.75,1.52,1.67
2908,2022-11-30,203.4,206.76,202.52,203.72,79371,200440600.0,2.08,-0.08,-0.16,1.42
2909,2022-12-01,204.36,211.64,203.08,209.8,143807,369381751.0,4.2,2.98,6.08,2.58
2910,2022-12-02,209.24,217.4,207.96,212.2,130608,344240953.0,4.5,1.14,2.4,2.34
2911,2022-12-05,212.2,214.12,206.92,208.28,127892,329839701.0,3.39,-1.85,-3.92,2.29
2912,2022-12-06,206.2,210.12,203.16,207.8,87367,223256667.0,3.34,-0.23,-0.48,1.57
2913,2022-12-07,206.04,211.4,202.52,204.52,106165,271110580.0,4.27,-1.58,-3.28,1.9
2914,2022-12-08,204.52,209.72,202.12,204.04,95891,243702182.0,3.72,-0.23,-0.48,1.72
2915,2022-12-09,203.32,204.84,197.88,204.28,156528,389792439.0,3.41,0.12,0.24,2.81
2916,2022-12-12,203.08,205.16,198.2,204.12,114249,285841227.0,3.41,-0.08,-0.16,2.05
2917,2022-12-13,206.04,209.72,201.8,202.2,119545,304175022.0,3.88,-0.94,-1.92,2.14
2918,2022-12-14,204.28,210.28,204.28,207.24,136840,351750371.0,2.97,2.49,5.04,2.45
2919,2022-12-15,207.24,208.92,203.4,205.08,70215,178682530.0,2.66,-1.04,-2.16,1.26
2920,2022-12-16,203.48,204.76,199.72,200.76,80478,200429470.0,2.46,-2.11,-4.32,1.44
2921,2022-12-19,199.72,204.04,198.84,200.44,61543,153351911.0,2.59,-0.16,-0.32,1.1
2922,2022-12-20,200.52,204.12,199.0,200.28,51226,127230515.0,2.55,-0.08,-0.16,0.92
2923,2022-12-21,199.0,199.88,189.8,192.2,120206,288653896.0,5.03,-4.03,-8.08,2.15
2924,2022-12-22,193.16,193.8,184.68,187.8,147443,342873395.0,4.75,-2.29,-4.4,2.64
2925,2022-12-23,188.04,188.76,177.8,180.6,134831,302179897.0,5.84,-3.83,-7.2,2.42
2926,2022-12-26,181.8,189.64,180.6,188.44,101028,233144204.0,5.01,4.34,7.84,1.81
2927,2022-12-27,188.52,193.4,187.64,190.68,90035,212116485.0,3.06,1.19,2.24,1.61
2928,2022-12-28,189.72,193.8,187.0,188.2,84469,197676541.0,3.57,-1.3,-2.48,1.51
2929,2022-12-29,187.96,198.92,187.08,195.4,105259,252947491.0,6.29,3.83,7.2,1.89
2930,2022-12-30,195.4,200.04,193.8,198.12,73512,179480752.0,3.19,1.39,2.72,1.32
2931,2023-01-03,198.92,210.12,197.32,207.72,129218,329818602.0,6.46,4.85,9.6,2.32
2932,2023-01-04,207.32,212.12,204.84,207.24,79131,203119903.0,3.5,-0.23,-0.48,1.42
2933,2023-01-05,207.88,211.72,205.96,210.12,79196,205451260.0,2.78,1.39,2.88,1.42
2934,2023-01-06,210.04,211.24,208.12,209.72,67867,176148190.0,1.48,-0.19,-0.4,1.22
2935,2023-01-09,208.92,210.44,205.96,206.44,99201,255150444.0,2.14,-1.56,-3.28,1.78
2936,2023-01-10,207.0,208.04,204.36,204.52,48999,124600158.0,1.78,-0.93,-1.92,0.88
2937,2023-01-11,203.8,206.44,200.2,200.84,65349,164035160.0,3.05,-1.8,-3.68,1.17
2938,2023-01-12,201.8,201.88,196.68,199.0,155990,383703659.0,2.59,-0.92,-1.84,2.77
2939,2023-01-13,197.8,206.12,197.32,201.96,135579,338491132.0,4.42,1.49,2.96,2.41
2940,2023-01-16,202.04,211.16,200.92,209.96,142916,366567782.0,5.07,3.96,8.0,2.54
2941,2023-01-17,211.0,216.52,209.32,215.88,114727,304290777.0,3.43,2.82,5.92,2.04
2942,2023-01-18,214.76,219.88,214.76,217.0,72698,195469754.0,2.37,0.52,1.12,1.29
2943,2023-01-19,218.28,219.4,215.72,218.68,58898,159017252.0,1.7,0.77,1.68,1.05
2944,2023-01-20,217.96,221.16,216.52,217.4,60101,162437718.0,2.12,-0.59,-1.28,1.07
2945,2023-01-30,219.64,225.24,217.56,223.56,103552,285098658.0,3.53,2.83,6.16,1.84
2946,2023-01-31,225.96,235.96,223.88,228.12,159307,456079197.0,5.4,2.04,4.56,2.83
2947,2023-02-01,226.52,233.8,225.32,231.72,102307,291972217.0,3.72,1.58,3.6,1.82
2948,2023-02-02,231.88,238.44,228.28,229.96,109777,317509336.0,4.38,-0.76,-1.76,1.95
2949,2023-02-03,228.28,234.12,226.76,232.52,71571,204796142.0,3.2,1.11,2.56,1.27
2950,2023-02-06,232.36,236.52,230.28,233.88,68226,197495548.0,2.68,0.58,1.36,1.21
2951,2023-02-07,233.16,235.32,228.6,230.92,70771,202646965.0,2.87,-1.27,-2.96,1.26
2952,2023-02-08,229.72,231.64,226.76,229.72,74409,211218238.0,2.11,-0.52,-1.2,1.32
2953,2023-02-09,228.6,234.44,227.88,233.64,71640,206341075.0,2.86,1.71,3.92,1.27
2954,2023-02-10,233.32,235.56,231.48,234.04,52299,151133181.0,1.75,0.17,0.4,0.93
2955,2023-02-13,231.72,237.8,231.4,233.16,64310,186786171.0,2.73,-0.38,-0.88,1.14
2956,2023-02-14,233.16,233.4,228.52,230.76,57937,164929316.0,2.09,-1.03,-2.4,1.03
2957,2023-02-15,230.76,231.32,227.56,228.6,80584,228555035.0,1.63,-0.94,-2.16,1.43
2958,2023-02-16,229.32,236.44,226.92,228.36,106442,305796559.0,4.16,-0.1,-0.24,1.89
2959,2023-02-17,228.6,231.64,223.4,229.0,89904,254022211.0,3.61,0.28,0.64,1.6
2960,2023-02-20,229.16,233.96,226.92,232.52,58905,167789296.0,3.07,1.54,3.52,1.05
2961,2023-02-21,232.52,240.2,231.8,235.72,97357,285026406.0,3.61,1.38,3.2,1.73
2962,2023-02-22,234.92,242.6,233.8,242.36,115497,342565870.0,3.73,2.82,6.64,2.05
2963,2023-02-23,241.96,242.36,234.12,235.8,93327,274200051.0,3.4,-2.71,-6.56,1.66
2964,2023-02-24,236.52,245.08,235.96,243.08,123858,372080385.0,3.87,3.09,7.28,2.2
2965,2023-02-27,243.08,243.24,238.04,239.96,72508,215824324.0,2.14,-1.28,-3.12,1.29
2966,2023-02-28,240.6,242.68,237.8,241.8,54099,161139828.0,2.03,0.77,1.84,0.96
2967,2023-03-01,241.48,241.48,237.32,240.52,46070,136444028.0,1.72,-0.53,-1.28,0.82
2968,2023-03-02,240.52,242.84,237.4,238.68,48758,144862725.0,2.26,-0.77,-1.84,0.87
2969,2023-03-03,237.96,245.24,237.88,240.68,60411,181379784.0,3.08,0.84,2.0,1.07
2970,2023-03-06,240.2,248.52,239.8,245.16,67909,206664474.0,3.62,1.86,4.48,1.21
2971,2023-03-07,245.32,245.8,238.2,240.76,63227,189798787.0,3.1,-1.79,-4.4,1.12
2972,2023-03-08,241.8,264.44,241.64,258.76,162902,515477741.0,9.47,7.48,18.0,2.9
2973,2023-03-09,259.64,261.32,248.92,254.76,113602,356629057.0,4.79,-1.55,-4.0,2.02
2974,2023-03-10,251.16,253.48,246.44,247.32,84594,261316118.0,2.76,-2.92,-7.44,1.5
2975,2023-03-13,244.92,257.48,244.84,255.88,99755,314376988.0,5.11,3.46,8.56,1.77
2976,2023-03-14,255.72,261.24,250.12,254.6,86981,274916632.0,4.35,-0.5,-1.28,1.55
2977,2023-03-15,254.36,257.16,249.56,251.72,50486,157959732.0,2.99,-1.13,-2.88,0.9
2978,2023-03-16,250.12,253.96,242.92,244.92,58581,178881803.0,4.39,-2.7,-6.8,1.04
2979,2023-03-17,245.0,250.76,240.68,242.84,70428,214121362.0,4.12,-0.85,-2.08,1.25
2980,2023-03-20,243.56,244.92,235.24,238.92,96307,284120639.0,3.99,-1.61,-3.92,1.71
2981,2023-03-21,239.8,245.16,239.8,241.4,53873,161508796.0,2.24,1.04,2.48,0.96
2982,2023-03-22,246.12,246.12,232.36,235.8,97572,285848886.0,5.7,-2.32,-5.6,1.73
2983,2023-03-23,237.08,242.04,234.76,239.0,79626,234433136.0,3.09,1.36,3.2,1.42
2984,2023-03-24,237.56,238.92,228.2,231.8,117179,336237929.0,4.49,-3.01,-7.2,2.08
2985,2023-03-27,232.12,234.52,228.44,230.44,84688,241962039.0,2.62,-0.59,-1.36,1.51
2986,2023-03-28,230.12,232.76,228.76,229.48,65620,187333521.0,1.74,-0.42,-0.96,1.17
2987,2023-03-29,229.8,231.64,224.84,229.56,70810,200468250.0,2.96,0.03,0.08,1.26
2988,2023-03-30,229.32,237.88,229.32,237.16,106080,309248014.0,3.73,3.31,7.6,1.89
2989,2023-03-31,237.24,237.88,231.88,237.24,81298,236124211.0,2.53,0.03,0.08,1.45
2990,2023-04-03,237.24,240.76,234.12,237.72,113005,331689434.0,2.8,0.2,0.48,2.01
2991,2023-04-04,239.32,239.32,229.16,231.0,122165,351557617.0,4.27,-2.83,-6.72,2.17
2992,2023-04-06,229.4,235.16,227.96,232.12,81900,235730961.0,3.12,0.48,1.12,1.46
2993,2023-04-07,231.56,235.4,228.76,235.08,79609,230019652.0,2.86,1.28,2.96,1.42
2994,2023-04-10,235.0,236.44,229.32,230.68,63058,181592479.0,3.03,-1.87,-4.4,1.12
2995,2023-04-11,230.12,231.56,224.52,226.84,76802,215719772.0,3.05,-1.66,-3.84,1.37
2996,2023-04-12,227.56,232.12,225.4,228.92,87397,247443568.0,2.96,0.92,2.08,1.55
2997,2023-04-13,229.72,231.48,225.48,226.84,68511,193057197.0,2.62,-0.91,-2.08,1.22
2998,2023-04-14,226.84,227.64,222.12,225.16,75295,209299007.0,2.43,-0.74,-1.68,1.34
2999,2023-04-17,223.72,228.92,222.76,225.32,55652,154813812.0,2.74,0.07,0.16,0.99
3000,2023-04-18,224.2,225.24,216.92,221.56,111305,303590471.0,3.69,-1.67,-3.76,1.98
3001,2023-04-19,220.76,221.16,192.52,193.32,541620,1337476824.0,12.93,-12.75,-28.24,9.63
3002,2023-04-20,192.36,197.56,189.48,192.68,254346,606685326.0,4.18,-0.33,-0.64,4.52
3003,2023-04-21,191.56,197.72,187.8,188.2,186601,445285505.0,5.15,-2.33,-4.48,3.32
3004,2023-04-24,188.36,190.84,184.52,189.0,160978,373890310.0,3.36,0.43,0.8,2.86
3005,2023-04-25,185.32,186.76,175.56,177.32,267901,595328310.0,5.93,-6.18,-11.68,4.76
3006,2023-04-26,175.48,188.84,175.48,181.32,147317,334953802.0,7.53,2.26,4.0,2.62
3007,2023-04-27,181.8,194.04,180.68,188.2,158902,369728809.0,7.37,3.79,6.88,2.83
3008,2023-04-28,187.24,190.12,185.64,187.8,115181,266922961.0,2.38,-0.21,-0.4,2.05
3009,2023-05-04,186.92,188.12,181.64,184.6,96757,220331789.0,3.45,-1.7,-3.2,1.72
3010,2023-05-05,183.88,185.24,180.68,182.12,73555,165743595.0,2.47,-1.34,-2.48,1.31
3011,2023-05-08,182.2,187.32,181.56,184.12,98994,225332167.0,3.16,1.1,2.0,1.76
3012,2023-05-09,183.56,183.72,178.12,178.68,85410,190364478.0,3.04,-2.95,-5.44,1.52
3013,2023-05-10,179.96,180.12,175.8,177.56,71238,156059011.0,2.42,-0.63,-1.12,1.27
3014,2023-05-11,177.88,178.84,175.48,176.2,56680,123763449.0,1.89,-0.77,-1.36,1.01
3015,2023-05-12,175.48,177.16,171.96,172.6,57489,123330384.0,2.95,-2.04,-3.6,1.02
3016,2023-05-15,173.48,177.48,171.4,177.24,57672,124391774.0,3.52,2.69,4.64,1.03
3017,2023-05-16,176.84,177.08,174.36,175.0,50308,108979494.0,1.53,-1.26,-2.24,0.89
3018,2023-05-17,175.08,179.88,174.36,179.4,73727,162088641.0,3.15,2.51,4.4,1.31
3019,2023-05-18,179.08,184.44,177.96,182.6,107159,240262610.0,3.61,1.78,3.2,1.91
3020,2023-05-19,182.76,186.76,181.8,185.24,104122,238094391.0,2.72,1.45,2.64,1.85
3021,2023-05-22,184.6,188.92,184.6,185.96,95100,219314692.0,2.33,0.39,0.72,1.69
3022,2023-05-23,185.56,186.12,181.24,181.56,77306,174919420.0,2.62,-2.37,-4.4,1.37
3023,2023-05-24,181.72,184.92,180.6,182.52,56961,128591273.0,2.38,0.53,0.96,1.01
3024,2023-05-25,182.84,186.68,179.48,182.36,94786,213934026.0,3.94,-0.09,-0.16,1.69
3025,2023-05-26,182.12,184.04,179.32,182.92,54717,122940542.0,2.59,0.31,0.56,0.97
3026,2023-05-29,184.52,185.64,180.52,181.32,59319,133693744.0,2.8,-0.87,-1.6,1.05
3027,2023-05-30,181.32,181.48,176.12,180.92,76752,169759808.0,2.96,-0.22,-0.4,1.36
3028,2023-05-31,181.32,182.52,178.44,179.72,55500,123478412.0,2.26,-0.66,-1.2,0.99
3029,2023-06-01,179.16,182.36,176.92,179.56,73585,163687680.0,3.03,-0.09,-0.16,1.31
3030,2023-06-02,179.56,180.44,175.64,176.76,87654,191533838.0,2.67,-1.56,-2.8,1.56
3031,2023-06-05,176.6,185.08,176.12,183.56,158178,355374730.0,5.07,3.85,6.8,2.81
3032,2023-06-06,184.84,184.84,158.2,159.64,403877,828410873.0,14.51,-13.03,-23.92,7.18
3033,2023-06-07,159.16,162.76,158.12,159.16,132418,261033374.0,2.91,-0.3,-0.48,2.35
3034,2023-06-08,160.28,160.44,154.28,156.28,132193,255783338.0,3.87,-1.81,-2.88,2.35
3035,2023-06-09,156.36,158.92,153.16,155.32,116816,223720183.0,3.69,-0.61,-0.96,2.08
3036,2023-06-12,155.08,156.6,152.92,153.72,113222,215161884.0,2.37,-1.03,-1.6,2.01
3037,2023-06-13,153.32,155.32,150.92,154.92,106181,200678502.0,2.86,0.78,1.2,1.89
3038,2023-06-14,154.84,154.84,152.04,152.76,85287,160678546.0,1.81,-1.39,-2.16,1.52
3039,2023-06-15,152.6,155.48,151.72,154.12,90922,172574681.0,2.46,0.89,1.36,1.62
3040,2023-06-16,154.6,159.64,153.56,159.32,147857,286129957.0,3.94,3.37,5.2,2.63
3041,2023-06-19,159.4,161.88,159.16,160.76,155006,306798861.0,1.71,0.9,1.44,2.76
3042,2023-06-20,160.92,167.4,160.12,164.6,227701,461829703.0,4.53,2.39,3.84,4.05
3043,2023-06-21,163.8,164.12,159.24,159.72,154180,305781135.0,2.96,-2.96,-4.88,2.74
3044,2023-06-26,158.84,160.52,152.52,154.44,131512,251267325.0,5.01,-3.31,-5.28,2.34
3045,2023-06-27,154.76,156.76,153.4,155.0,94973,181519288.0,2.18,0.36,0.56,1.69
3046,2023-06-28,155.08,155.64,149.72,152.92,111223,208351932.0,3.82,-1.34,-2.08,1.98
3047,2023-06-29,153.48,156.52,152.04,156.12,104794,199849005.0,2.93,2.09,3.2,1.86
3048,2023-06-30,155.56,157.96,154.04,157.24,112628,217077746.0,2.51,0.72,1.12,2.0
3049,2023-07-03,155.32,161.24,155.32,158.52,181875,355982263.0,3.76,0.81,1.28,3.23
3050,2023-07-04,158.44,164.92,157.08,163.4,218977,437531263.0,4.95,3.08,4.88,3.89
3051,2023-07-05,162.6,171.56,161.0,169.4,395963,819497408.0,6.46,3.67,6.0,7.04
3052,2023-07-06,167.96,170.04,164.6,166.44,249092,514730576.0,3.21,-1.75,-2.96,4.43
3053,2023-07-07,165.8,166.68,161.96,166.44,146541,296748558.0,2.84,0.0,0.0,2.61
3054,2023-07-10,162.12,163.88,148.52,160.92,225774,444158079.0,9.23,-3.32,-5.52,4.01
3055,2023-07-11,162.84,167.08,161.8,163.8,170378,345825357.0,3.28,1.79,2.88,3.03
3056,2023-07-12,163.88,164.76,153.4,153.88,221258,429711746.0,6.94,-6.06,-9.92,3.93
3057,2023-07-13,154.6,156.68,152.2,152.68,143350,271858466.0,2.91,-0.78,-1.2,2.55
3058,2023-07-14,153.4,163.56,153.0,163.32,333663,659531190.0,6.92,6.97,10.64,5.93
3059,2023-07-17,162.84,169.96,160.04,166.04,265937,544883559.0,6.07,1.67,2.72,4.73
3060,2023-07-18,166.04,171.16,164.36,168.68,203560,424139937.0,4.1,1.59,2.64,3.62
3061,2023-07-19,169.8,170.12,164.76,165.16,134185,275587957.0,3.18,-2.09,-3.52,2.39
3062,2023-07-20,165.64,168.36,164.04,165.0,138899,285259667.0,2.62,-0.1,-0.16,2.47
3063,2023-07-21,165.0,169.4,164.52,167.96,132401,273048855.0,2.96,1.79,2.96,2.35
3064,2023-07-24,167.4,169.72,163.8,167.8,119482,246962376.0,3.52,-0.1,-0.16,2.12
3065,2023-07-25,169.32,170.52,166.6,168.44,137492,286042052.0,2.34,0.38,0.64,2.44
3066,2023-07-26,167.48,168.92,165.16,166.92,89718,184327080.0,2.23,-0.9,-1.52,1.6
3067,2023-07-27,167.24,168.52,163.16,167.72,117899,242033402.0,3.21,0.48,0.8,2.1
3068,2023-07-28,166.12,166.84,164.52,166.6,105082,214658105.0,1.38,-0.67,-1.12,1.87
3069,2023-07-31,165.96,175.96,165.48,173.96,183439,391424948.0,6.29,4.42,7.36,3.26
3070,2023-08-01,173.96,174.04,170.2,172.84,110196,234341240.0,2.21,-0.64,-1.12,1.96
3071,2023-08-02,172.36,174.36,169.32,170.36,120354,253815049.0,2.92,-1.43,-2.48,2.14
3072,2023-08-03,169.8,170.76,168.36,170.52,52994,111059360.0,1.41,0.09,0.16,0.94
3073,2023-08-04,170.04,174.44,169.96,174.04,103439,219544824.0,2.63,2.06,3.52,1.84
3074,2023-08-07,174.04,174.84,170.52,171.08,82983,176894256.0,2.48,-1.7,-2.96,1.48
3075,2023-08-08,170.2,173.72,165.96,172.28,91747,192152813.0,4.54,0.7,1.2,1.63
3076,2023-08-09,171.16,173.48,169.32,172.6,65143,138244150.0,2.41,0.19,0.32,1.16
3077,2023-08-10,171.8,173.56,169.0,169.72,63954,135213850.0,2.64,-1.67,-2.88,1.14
3078,2023-08-11,169.48,171.32,166.76,167.0,56979,118714420.0,2.69,-1.6,-2.72,1.01
3079,2023-08-14,165.32,165.72,160.84,164.92,72905,146774905.0,2.92,-1.25,-2.08,1.3
3080,2023-08-15,163.96,166.04,161.4,162.28,40255,81222905.0,2.81,-1.6,-2.64,0.72
3081,2023-08-16,162.28,165.72,158.92,164.76,68811,137741781.0,4.19,1.53,2.48,1.22
3082,2023-08-17,163.32,173.16,162.28,171.32,132563,277911697.0,6.6,3.98,6.56,2.36
3083,2023-08-18,171.4,175.64,169.4,169.56,106069,226135722.0,3.64,-1.03,-1.76,1.89
3084,2023-08-21,170.6,172.68,166.76,167.32,75253,158003883.0,3.49,-1.32,-2.24,1.34
3085,2023-08-22,167.8,174.28,167.48,174.28,136967,290890775.0,4.06,4.16,6.96,2.44
3086,2023-08-23,173.4,174.04,166.04,166.92,118255,247354410.85,4.59,-4.22,-7.36,2.1
