,日期,开盘,最高,最低,收盘,成交量,成交额,振幅,涨跌幅,涨跌额,换手率
0,2011-07-12,21.3,21.9,18.83,18.85,188536,386305509.0,28.43,74.54,8.05,87.29
1,2011-07-13,18.4,19.32,18.28,19.09,86903,163673227.0,5.52,1.27,0.24,40.23
2,2011-07-14,19.0,19.11,18.6,18.93,56210,106039434.0,2.67,-0.84,-0.16,26.02
3,2011-07-15,18.97,19.55,18.9,19.07,52692,101072267.0,3.43,0.74,0.14,24.39
4,2011-07-18,18.89,19.07,18.47,18.55,38816,72583079.0,3.15,-2.73,-0.52,17.97
5,2011-07-19,18.3,18.3,17.18,17.28,46522,81404522.0,6.04,-6.85,-1.27,21.54
6,2011-07-20,17.4,17.5,17.11,17.5,27205,47220664.0,2.26,1.27,0.22,12.59
7,2011-07-21,17.5,17.5,17.1,17.18,17198,29631308.0,2.29,-1.83,-0.32,7.96
8,2011-07-22,17.3,18.1,17.2,17.92,43250,76724922.0,5.24,4.31,0.74,20.02
9,2011-07-25,17.72,18.5,17.7,17.87,40711,73751158.0,4.46,-0.28,-0.05,18.85
10,2011-07-26,17.77,18.46,17.17,18.41,28825,51492357.0,7.22,3.02,0.54,13.35
11,2011-07-27,18.2,19.48,18.1,19.38,63401,121025534.0,7.5,5.27,0.97,29.35
12,2011-07-28,19.0,19.88,18.77,19.44,51622,99751549.0,5.73,0.31,0.06,23.9
13,2011-07-29,19.32,19.6,18.6,18.67,34378,65690442.0,5.14,-3.96,-0.77,15.92
14,2011-08-01,18.4,20.54,18.36,20.14,63278,124334672.0,11.68,7.87,1.47,29.3
15,2011-08-02,19.8,20.99,19.61,20.5,82951,168637599.0,6.85,1.79,0.36,38.4
16,2011-08-03,20.15,20.49,19.75,19.9,39605,79501955.0,3.61,-2.93,-0.6,18.34
17,2011-08-04,20.0,20.07,19.15,19.31,32444,62971950.0,4.62,-2.96,-0.59,15.02
18,2011-08-05,18.45,18.93,18.18,18.36,23925,44347533.0,3.88,-4.92,-0.95,11.08
19,2011-08-08,18.16,18.16,16.52,16.66,28966,49518494.0,8.93,-9.26,-1.7,13.41
20,2011-08-09,16.1,16.78,15.3,16.45,22204,35824763.0,8.88,-1.26,-0.21,10.28
21,2011-08-10,16.75,17.19,16.67,16.7,20474,34580314.0,3.16,1.52,0.25,9.48
22,2011-08-11,16.1,17.79,15.8,17.69,31835,55261779.0,11.92,5.93,0.99,14.74
23,2011-08-12,17.72,18.7,17.52,18.55,37310,67938214.0,6.67,4.86,0.86,17.27
24,2011-08-15,18.55,19.0,18.31,18.58,32851,61134816.0,3.72,0.16,0.03,15.21
25,2011-08-16,18.6,18.64,17.96,18.21,29797,54539528.0,3.66,-1.99,-0.37,13.8
26,2011-08-17,18.05,18.47,18.0,18.26,15642,28610209.0,2.58,0.27,0.05,7.24
27,2011-08-18,18.05,19.2,18.05,18.75,43656,82297459.0,6.3,2.68,0.49,20.21
28,2011-08-19,17.89,19.28,17.89,19.15,33669,63351608.0,7.41,2.13,0.4,15.59
29,2011-08-22,19.08,20.38,18.89,19.74,43701,85901087.0,7.78,3.08,0.59,20.23
30,2011-08-23,19.73,21.23,19.41,21.23,53353,108720499.0,9.22,7.55,1.49,24.7
31,2011-08-24,21.25,21.5,20.59,20.71,41192,86142414.0,4.29,-2.45,-0.52,19.07
32,2011-08-25,20.77,20.8,19.56,20.4,32223,65117712.0,5.99,-1.5,-0.31,14.92
33,2011-08-26,20.14,22.44,20.0,21.86,50641,109092129.0,11.96,7.16,1.46,23.44
34,2011-08-29,21.69,22.71,21.45,21.75,38179,84147957.0,5.76,-0.5,-0.11,17.68
35,2011-08-30,21.95,21.99,20.49,20.8,25145,53324588.0,6.9,-4.37,-0.95,11.64
36,2011-08-31,20.52,21.14,19.7,20.7,24491,50037758.0,6.92,-0.48,-0.1,11.34
37,2011-09-01,20.6,21.18,19.8,19.8,20557,41998094.0,6.67,-4.35,-0.9,9.52
38,2011-09-02,19.3,20.29,19.2,19.7,19118,37553251.0,5.51,-0.51,-0.1,8.85
39,2011-09-05,19.48,20.1,19.33,19.61,17939,35372571.0,3.91,-0.46,-0.09,8.31
40,2011-09-06,19.4,19.55,17.65,17.73,28595,52229834.0,9.69,-9.59,-1.88,13.24
41,2011-09-07,17.8,18.58,17.8,18.4,12672,23086930.0,4.4,3.78,0.67,5.87
42,2011-09-08,18.43,18.79,17.75,17.75,11418,20904209.0,5.65,-3.53,-0.65,5.29
43,2011-09-09,17.69,18.18,17.22,17.82,11130,19736080.0,5.41,0.39,0.07,5.15
44,2011-09-13,17.48,17.78,17.11,17.61,7046,12314169.0,3.76,-1.18,-0.21,3.26
45,2011-09-14,17.85,19.13,17.72,19.01,23307,43182395.0,8.01,7.95,1.4,10.79
46,2011-09-15,19.0,19.25,18.75,18.88,17405,33090997.0,2.63,-0.68,-0.13,8.06
47,2011-09-16,18.87,19.1,18.2,18.29,12086,22522251.0,4.77,-3.13,-0.59,5.6
48,2011-09-19,18.1,18.2,17.26,17.3,11971,20913544.0,5.14,-5.41,-0.99,5.54
49,2011-09-20,17.3,17.7,17.12,17.47,7812,13596440.0,3.35,0.98,0.17,3.62
50,2011-09-21,17.35,18.27,17.35,18.25,10549,18894593.0,5.27,4.46,0.78,4.88
51,2011-09-22,17.97,18.09,17.28,17.5,9662,17119679.0,4.44,-4.11,-0.75,4.47
52,2011-09-23,17.0,17.45,16.75,17.17,7526,12951996.0,4.0,-1.89,-0.33,3.48
53,2011-09-26,17.0,17.4,16.68,16.78,5528,9419929.0,4.19,-2.27,-0.39,2.56
54,2011-09-27,17.01,17.2,16.12,16.65,10053,16674532.0,6.44,-0.77,-0.13,4.65
55,2011-09-28,16.93,17.16,16.28,16.44,8584,14420169.0,5.29,-1.26,-0.21,3.97
56,2011-09-29,16.18,16.2,15.33,15.53,9255,14608509.0,5.29,-5.54,-0.91,4.28
57,2011-09-30,15.55,15.74,14.85,15.3,4322,6580974.0,5.73,-1.48,-0.23,2.0
58,2011-10-10,15.5,15.56,15.13,15.32,3409,5215849.0,2.81,0.13,0.02,1.58
59,2011-10-11,15.89,15.9,14.92,15.19,6022,9317558.0,6.4,-0.85,-0.13,2.79
60,2011-10-12,15.1,15.83,14.4,15.69,10494,16191596.0,9.41,3.29,0.5,4.86
61,2011-10-13,15.58,16.93,15.21,16.29,44106,69929533.0,10.96,3.82,0.6,16.34
62,2011-10-14,16.0,16.19,15.4,15.92,27357,43144866.0,4.85,-2.27,-0.37,10.13
63,2011-10-17,15.84,16.39,15.67,16.24,21449,34572888.0,4.52,2.01,0.32,7.94
64,2011-10-18,16.01,16.24,15.3,15.3,18335,28970883.0,5.79,-5.79,-0.94,6.79
65,2011-10-19,15.19,15.5,15.11,15.11,10035,15375045.0,2.55,-1.24,-0.19,3.72
66,2011-10-20,15.09,15.11,13.78,14.06,21326,30332954.0,8.8,-6.95,-1.05,7.9
67,2011-10-21,13.8,14.1,13.29,13.37,15417,20921805.0,5.76,-4.91,-0.69,5.71
68,2011-10-24,13.48,13.84,12.95,13.77,15992,21510654.0,6.66,2.99,0.4,5.92
69,2011-10-25,13.7,14.3,13.5,14.16,21431,29949334.0,5.81,2.83,0.39,7.94
70,2011-10-26,14.08,14.55,13.86,14.24,21001,29990741.0,4.87,0.56,0.08,7.78
71,2011-10-27,14.23,14.47,14.08,14.16,14594,20854485.0,2.74,-0.56,-0.08,5.41
72,2011-10-28,14.43,14.9,14.18,14.75,23821,34561470.0,5.08,4.17,0.59,8.82
73,2011-10-31,14.8,15.17,14.62,14.92,20290,30260912.0,3.73,1.15,0.17,7.51
74,2011-11-01,14.63,15.29,14.53,15.28,22807,33908389.0,5.09,2.41,0.36,8.45
75,2011-11-02,14.96,16.81,14.86,16.81,60209,96426525.0,12.76,10.01,1.53,22.3
76,2011-11-03,18.49,18.49,18.1,18.49,140208,258762590.0,2.32,9.99,1.68,51.93
77,2011-11-04,18.4,18.49,17.61,18.15,92595,167492354.0,4.76,-1.84,-0.34,34.29
78,2011-11-07,18.38,19.51,17.93,18.65,126703,237041342.0,8.71,2.75,0.5,46.93
79,2011-11-08,18.1,18.39,17.61,17.93,61699,111002148.0,4.18,-3.86,-0.72,22.85
80,2011-11-09,17.92,19.2,17.6,19.13,81331,150240406.0,8.92,6.69,1.2,30.12
81,2011-11-10,18.63,19.67,18.42,18.53,94646,179962462.0,6.53,-3.14,-0.6,35.05
82,2011-11-11,18.2,18.45,17.72,17.92,48574,87517401.0,3.94,-3.29,-0.61,17.99
83,2011-11-14,18.28,19.71,18.01,19.71,53942,103371053.0,9.49,9.99,1.79,19.98
84,2011-11-15,19.98,20.17,19.09,19.65,76269,148419662.0,5.48,-0.3,-0.06,28.25
85,2011-11-16,19.4,19.68,18.6,18.73,52823,101107006.0,5.5,-4.68,-0.92,19.56
86,2011-11-17,18.7,19.5,18.66,18.82,53251,101411756.0,4.48,0.48,0.09,19.72
87,2011-11-18,18.45,18.57,17.92,18.09,35698,64921305.0,3.45,-3.88,-0.73,13.22
88,2011-11-21,18.02,18.19,17.09,17.51,28084,49107768.0,6.08,-3.21,-0.58,10.4
89,2011-11-22,17.25,17.81,17.13,17.77,25239,44174197.0,3.88,1.48,0.26,9.35
90,2011-11-23,17.77,17.87,17.19,17.28,22930,40308265.0,3.83,-2.76,-0.49,8.49
91,2011-11-24,16.86,17.74,16.83,17.4,24719,42832980.0,5.27,0.69,0.12,9.16
92,2011-11-25,17.4,17.7,16.31,16.5,34291,58521416.0,7.99,-5.17,-0.9,12.7
93,2011-11-28,16.44,16.76,15.93,16.54,28421,46501998.0,5.03,0.24,0.04,10.53
94,2011-11-29,16.71,16.87,16.21,16.83,33693,55641584.0,3.99,1.75,0.29,12.48
95,2011-11-30,16.64,16.78,15.15,15.15,42949,67390779.0,9.69,-9.98,-1.68,15.91
96,2011-12-01,15.7,16.12,15.38,15.48,32517,51110665.0,4.88,2.18,0.33,12.04
97,2011-12-02,15.36,15.36,14.88,15.04,20336,30660429.0,3.1,-2.84,-0.44,7.53
98,2011-12-05,15.02,15.02,14.02,14.06,16728,24267968.0,6.65,-6.52,-0.98,6.2
99,2011-12-06,14.02,14.74,14.0,14.54,21221,30453479.0,5.26,3.41,0.48,7.86
100,2011-12-07,14.45,15.38,14.32,15.12,27386,40859681.0,7.29,3.99,0.58,10.14
101,2011-12-08,14.93,16.19,14.69,15.54,32905,50896223.0,9.92,2.78,0.42,12.19
102,2011-12-09,15.28,15.86,15.19,15.4,17986,27907581.0,4.31,-0.9,-0.14,6.66
103,2011-12-12,15.5,15.74,14.92,15.03,13013,20061086.0,5.32,-2.4,-0.37,4.82
104,2011-12-13,14.68,14.83,14.05,14.49,17102,24655499.0,5.19,-3.59,-0.54,6.33
105,2011-12-14,14.39,15.25,14.25,14.8,24896,37073403.0,6.9,2.14,0.31,9.22
106,2011-12-15,14.77,15.88,14.41,15.36,42692,65312211.0,9.93,3.78,0.56,15.81
107,2011-12-16,15.15,16.49,15.03,16.49,44725,70426761.0,9.51,7.36,1.13,16.56
108,2011-12-20,16.51,17.24,15.83,15.89,43793,72713901.0,8.55,-3.64,-0.6,16.22
109,2011-12-21,16.12,16.5,15.8,15.9,27226,44043031.0,4.41,0.06,0.01,10.08
110,2011-12-22,15.64,16.6,15.07,16.3,31469,49825350.0,9.62,2.52,0.4,11.66
111,2011-12-23,16.1,16.75,16.02,16.37,24989,41056637.0,4.48,0.43,0.07,9.26
112,2011-12-26,16.19,16.45,15.62,15.66,18837,30277928.0,5.07,-4.34,-0.71,6.98
113,2011-12-27,15.18,15.6,14.51,14.55,21166,31709969.0,6.96,-7.09,-1.11,7.84
114,2011-12-28,14.22,14.52,13.7,14.33,14439,20437335.0,5.64,-1.51,-0.22,5.35
115,2011-12-29,14.07,14.6,14.07,14.3,8331,12002352.0,3.7,-0.21,-0.03,3.09
116,2011-12-30,14.38,14.69,14.33,14.55,9269,13483677.0,2.52,1.75,0.25,3.43
117,2012-01-04,14.7,14.95,13.75,13.9,8586,12472025.0,8.25,-4.47,-0.65,3.18
118,2012-01-05,13.62,13.84,12.58,12.65,18850,24451156.0,9.06,-8.99,-1.25,6.98
119,2012-01-06,12.45,13.25,12.4,13.23,12961,16701845.0,6.72,4.58,0.58,4.8
120,2012-01-09,13.29,14.2,13.07,14.08,14885,20530662.0,8.54,6.42,0.85,5.51
121,2012-01-10,14.01,14.73,13.9,14.3,19001,27172710.0,5.89,1.56,0.22,7.04
122,2012-01-11,14.3,15.1,14.06,14.69,19949,29187614.0,7.27,2.73,0.39,7.39
123,2012-01-12,14.38,14.99,14.23,14.42,17787,25997146.0,5.17,-1.84,-0.27,6.59
124,2012-01-13,14.45,14.45,13.29,13.32,18726,25733227.0,8.04,-7.63,-1.1,6.94
125,2012-01-16,13.2,13.45,12.86,12.99,7852,10328830.0,4.43,-2.48,-0.33,2.91
126,2012-01-17,13.0,13.85,12.81,13.85,15431,20809379.0,8.01,6.62,0.86,5.72
127,2012-01-18,13.86,14.25,12.47,12.47,26602,34837241.0,12.85,-9.96,-1.38,9.85
128,2012-01-19,12.18,13.08,12.18,12.99,35511,44870821.0,7.22,4.17,0.52,13.15
129,2012-01-20,12.8,13.0,12.65,12.68,23201,29741923.0,2.69,-2.39,-0.31,8.59
130,2012-01-30,12.77,13.0,12.51,12.7,17192,21959000.0,3.86,0.16,0.02,6.37
131,2012-01-31,12.59,12.6,11.88,12.15,23530,28414459.0,5.67,-4.33,-0.55,8.71
132,2012-02-01,12.01,12.44,11.96,12.08,12414,15147495.0,3.95,-0.58,-0.07,4.6
133,2012-02-02,12.08,12.36,12.06,12.36,15320,18716200.0,2.48,2.32,0.28,5.67
134,2012-02-03,12.49,13.39,12.31,13.18,34431,44013637.0,8.74,6.63,0.82,12.75
135,2012-02-06,13.01,13.35,12.87,13.06,26604,34762944.0,3.64,-0.91,-0.12,9.85
136,2012-02-07,12.91,12.95,12.42,12.58,21023,26654483.0,4.06,-3.68,-0.48,7.79
137,2012-02-08,12.58,13.35,12.5,13.31,31500,41059543.0,6.76,5.8,0.73,11.67
138,2012-02-09,13.24,14.3,13.17,14.0,50299,69422805.0,8.49,5.18,0.69,18.63
139,2012-02-10,13.8,14.24,13.71,13.84,33582,47096822.0,3.79,-1.14,-0.16,12.44
140,2012-02-13,13.51,14.43,13.41,14.3,35984,50748690.0,7.37,3.32,0.46,13.33
141,2012-02-14,14.36,14.59,13.95,14.23,22635,32205278.0,4.48,-0.49,-0.07,8.38
142,2012-02-15,14.23,14.43,13.8,14.38,28116,39807953.0,4.43,1.05,0.15,10.41
143,2012-02-16,14.21,14.4,13.94,14.12,18746,26557720.0,3.2,-1.81,-0.26,6.94
144,2012-02-17,14.08,14.19,13.58,13.87,19707,27263156.0,4.32,-1.77,-0.25,7.3
145,2012-02-20,14.04,14.49,14.0,14.23,28167,40093252.0,3.53,2.6,0.36,10.43
146,2012-02-21,14.07,15.2,13.78,14.97,43064,62143772.0,9.98,5.2,0.74,15.95
147,2012-02-22,14.8,16.23,14.75,15.82,61403,96108603.0,9.89,5.68,0.85,22.74
148,2012-02-23,16.0,16.1,15.5,15.62,46198,72716975.0,3.79,-1.26,-0.2,17.11
149,2012-02-24,15.56,15.98,15.54,15.85,26947,42656810.0,2.82,1.47,0.23,9.98
150,2012-02-27,15.97,16.68,15.55,16.2,42910,69522161.0,7.13,2.21,0.35,15.89
151,2012-02-28,16.0,16.79,15.91,16.59,37577,62080329.0,5.43,2.41,0.39,13.92
152,2012-02-29,16.54,16.58,15.95,16.11,21717,35355366.0,3.8,-2.89,-0.48,8.04
153,2012-03-01,16.0,16.55,15.83,16.3,12396,20176459.0,4.47,1.18,0.19,4.59
154,2012-03-02,16.33,16.49,16.21,16.4,13045,21359170.0,1.72,0.61,0.1,4.83
155,2012-03-05,16.7,16.99,16.43,16.51,20560,34296282.0,3.41,0.67,0.11,7.61
156,2012-03-06,16.33,16.49,16.15,16.17,15639,25391451.0,2.06,-2.06,-0.34,5.79
157,2012-03-07,15.9,16.3,15.71,16.0,13458,21548273.0,3.65,-1.05,-0.17,4.98
158,2012-03-08,16.0,16.87,16.0,16.47,15789,26125450.0,5.44,2.94,0.47,5.85
159,2012-03-09,16.48,16.75,16.28,16.5,12914,21335822.0,2.85,0.18,0.03,4.78
160,2012-03-12,16.49,17.2,16.4,16.8,15552,26122273.0,4.85,1.82,0.3,5.76
161,2012-03-13,16.8,17.19,16.56,17.15,14128,23790805.0,3.75,2.08,0.35,5.23
162,2012-03-14,17.1,17.17,15.7,16.19,19108,31854996.0,8.57,-5.6,-0.96,7.08
163,2012-03-15,16.22,16.43,15.0,15.56,17775,28019124.0,8.83,-3.89,-0.63,6.58
164,2012-03-16,15.31,15.9,15.31,15.78,10783,16904191.0,3.79,1.41,0.22,3.99
165,2012-03-19,15.8,16.23,15.8,16.12,14050,22561422.0,2.72,2.15,0.34,5.2
166,2012-03-20,16.15,16.18,15.55,15.56,5603,8829820.0,3.91,-3.47,-0.56,2.08
167,2012-03-21,15.6,15.81,15.17,15.47,8771,13523246.0,4.11,-0.58,-0.09,3.25
168,2012-03-22,15.12,15.4,15.12,15.2,6002,9140102.0,1.81,-1.75,-0.27,2.22
169,2012-03-23,15.02,15.29,14.57,14.73,7486,11170777.0,4.74,-3.09,-0.47,2.77
170,2012-03-26,14.75,14.92,14.58,14.8,4701,6925817.0,2.31,0.48,0.07,1.74
171,2012-03-27,14.88,15.23,14.8,14.88,7505,11252928.0,2.91,0.54,0.08,2.78
172,2012-03-28,14.77,14.88,13.82,14.01,8993,12708584.0,7.12,-5.85,-0.87,3.33
173,2012-03-29,14.01,14.08,13.1,13.57,7174,9831469.0,7.0,-3.14,-0.44,2.66
174,2012-03-30,13.15,13.88,13.15,13.67,10355,14172613.0,5.38,0.74,0.1,3.84
175,2012-04-05,13.71,14.34,13.36,14.31,7777,10864389.0,7.17,4.68,0.64,2.88
176,2012-04-06,14.25,14.57,14.1,14.39,6562,9467757.0,3.28,0.56,0.08,2.43
177,2012-04-09,14.15,14.63,14.15,14.36,4539,6539732.0,3.34,-0.21,-0.03,1.68
178,2012-04-10,14.3,14.5,13.82,14.42,4703,6632387.0,4.74,0.42,0.06,1.74
179,2012-04-11,14.4,14.43,14.02,14.2,6455,9241283.0,2.84,-1.53,-0.22,2.39
180,2012-04-12,14.39,14.56,14.18,14.47,9321,13426113.0,2.68,1.9,0.27,3.45
181,2012-04-13,14.41,15.12,14.4,15.12,10742,15941163.0,4.98,4.49,0.65,3.98
182,2012-04-16,14.94,15.26,14.8,15.12,9432,14207121.0,3.04,0.0,0.0,3.49
183,2012-04-17,14.99,15.59,14.71,15.32,9826,15065333.0,5.82,1.32,0.2,3.64
184,2012-04-18,15.32,15.79,15.2,15.78,8459,13247519.0,3.85,3.0,0.46,3.13
185,2012-04-19,15.8,15.94,15.58,15.84,6622,10480425.0,2.28,0.38,0.06,2.45
186,2012-04-20,15.83,16.07,15.48,15.48,7173,11346207.0,3.72,-2.27,-0.36,2.66
187,2012-04-23,15.46,15.46,14.13,14.4,9408,13815736.0,8.59,-6.98,-1.08,3.48
188,2012-04-24,14.35,14.72,14.15,14.55,7426,10701106.0,3.96,1.04,0.15,2.75
189,2012-04-25,14.6,14.98,14.45,14.88,6344,9306954.0,3.64,2.27,0.33,2.35
190,2012-04-26,14.71,15.01,14.55,14.88,5006,7445209.0,3.09,0.0,0.0,1.85
191,2012-04-27,14.88,15.72,14.62,15.4,8602,13133221.0,7.39,3.49,0.52,3.19
192,2012-05-02,15.39,15.78,14.5,15.28,4696,7188233.0,8.31,-0.78,-0.12,1.74
193,2012-05-03,15.15,15.74,15.1,15.64,5940,9189842.0,4.19,2.36,0.36,2.2
194,2012-05-04,15.64,15.96,15.43,15.83,10610,16677886.0,3.39,1.21,0.19,3.93
195,2012-05-07,15.92,16.78,15.69,16.18,8103,13077493.0,6.89,2.21,0.35,3.0
196,2012-05-08,16.16,16.56,15.86,15.93,6157,10021063.0,4.33,-1.55,-0.25,2.28
197,2012-05-09,15.41,15.91,15.4,15.85,4379,6904818.0,3.2,-0.5,-0.08,1.62
198,2012-05-10,15.84,16.27,15.73,15.86,1904,3042589.0,3.41,0.06,0.01,0.71
199,2012-05-11,16.09,16.09,15.66,15.86,3553,5647481.0,2.71,0.0,0.0,1.32
200,2012-05-14,15.87,16.1,15.5,15.55,6667,10443272.0,3.78,-1.95,-0.31,2.47
201,2012-05-15,15.56,16.33,15.33,16.3,13022,20676825.0,6.43,4.82,0.75,4.82
202,2012-05-16,16.44,16.5,16.03,16.1,7258,11775467.0,2.88,-1.23,-0.2,2.69
203,2012-05-17,16.39,16.6,16.1,16.34,11762,19323135.0,3.11,1.49,0.24,4.36
204,2012-05-18,16.15,16.18,15.11,15.17,12603,19609017.0,6.55,-7.16,-1.17,4.67
205,2012-05-21,14.86,15.5,14.8,14.87,6679,9970080.0,4.61,-1.98,-0.3,2.47
206,2012-05-22,14.87,15.15,14.87,15.04,3697,5541783.0,1.88,1.14,0.17,1.37
207,2012-05-23,15.0,15.0,14.31,15.0,6873,10065650.0,4.59,-0.27,-0.04,2.55
208,2012-05-24,14.89,15.5,14.7,14.92,14462,21879508.0,5.33,-0.53,-0.08,5.36
209,2012-05-25,15.02,15.15,14.63,14.8,4342,6446690.0,3.49,-0.8,-0.12,1.61
210,2012-05-28,14.8,15.3,14.19,14.98,9803,14616249.0,7.5,1.22,0.18,3.63
211,2012-05-29,14.92,15.75,14.91,15.56,16361,25335176.0,5.61,3.87,0.58,6.06
212,2012-05-30,15.5,16.19,15.41,15.95,8188,12997721.0,5.01,2.51,0.39,3.03
213,2012-05-31,15.8,16.4,15.8,16.0,8505,13598742.0,3.76,0.31,0.05,3.15
214,2012-06-01,16.28,16.28,15.7,15.89,3585,5651480.0,3.63,-0.69,-0.11,1.33
215,2012-06-04,15.63,15.64,15.2,15.24,3732,5720692.0,2.77,-4.09,-0.65,1.38
216,2012-06-05,15.2,15.51,15.04,15.13,2028,3060625.0,3.08,-0.72,-0.11,0.75
217,2012-06-06,15.13,15.22,14.42,14.48,9476,13892601.0,5.29,-4.3,-0.65,3.51
218,2012-06-07,14.6,14.75,13.98,14.07,7977,11312457.0,5.32,-2.83,-0.41,2.95
219,2012-06-08,14.15,14.3,13.8,13.85,7829,10943371.0,3.55,-1.56,-0.22,2.9
220,2012-06-11,13.9,14.55,13.71,14.21,5808,8163874.0,6.06,2.6,0.36,2.15
221,2012-06-12,14.1,14.21,13.82,13.84,5608,7803026.0,2.74,-2.6,-0.37,2.08
222,2012-06-13,14.0,14.19,13.88,14.19,4643,6469763.0,2.24,2.53,0.35,1.72
223,2012-06-14,14.15,14.41,14.05,14.08,5507,7798140.0,2.54,-0.78,-0.11,2.04
224,2012-06-15,14.1,14.26,13.93,14.09,4694,6547502.0,2.34,0.07,0.01,1.74
225,2012-06-18,14.12,14.39,14.12,14.29,4798,6790582.0,1.92,1.42,0.2,1.78
226,2012-06-19,14.34,14.34,13.91,14.03,4837,6767028.0,3.01,-1.82,-0.26,1.79
227,2012-06-20,14.17,14.23,13.92,14.15,6401,8920868.0,2.21,0.86,0.12,2.37
228,2012-06-21,14.15,14.15,13.6,13.6,4683,6406154.0,3.89,-3.89,-0.55,1.73
229,2012-06-25,13.36,13.66,13.3,13.3,2953,3948925.0,2.65,-2.21,-0.3,1.09
230,2012-06-26,13.28,13.66,12.9,13.66,3769,5021284.0,5.71,2.71,0.36,1.4
231,2012-06-27,13.66,13.7,13.4,13.56,5717,7671733.0,2.2,-0.73,-0.1,2.12
232,2012-06-28,13.56,13.56,13.0,13.01,6160,8058888.0,4.13,-4.06,-0.55,2.28
233,2012-06-29,13.01,13.23,12.75,13.13,6124,7964285.0,3.69,0.92,0.12,2.27
234,2012-07-02,13.28,13.28,13.09,13.22,4346,5679990.0,1.45,0.69,0.09,1.61
235,2012-07-03,13.14,14.39,13.0,13.5,13361,18017409.0,10.51,2.12,0.28,4.95
236,2012-07-04,13.43,13.59,13.25,13.5,6773,9006582.0,2.52,0.0,0.0,2.51
237,2012-07-05,13.37,13.39,13.05,13.2,5491,7192244.0,2.52,-2.22,-0.3,2.03
238,2012-07-06,13.2,13.47,13.0,13.34,3512,4608095.0,3.56,1.06,0.14,1.3
239,2012-07-09,13.4,13.4,12.24,12.24,8359,10589443.0,8.7,-8.25,-1.1,3.1
240,2012-07-10,12.23,12.23,11.03,11.03,19628,21847622.0,9.8,-9.89,-1.21,7.27
241,2012-07-11,11.33,12.0,11.33,11.57,27821,32038187.0,6.07,4.9,0.54,10.3
242,2012-07-12,11.75,12.72,11.68,12.72,28506,34779237.0,8.99,9.94,1.15,7.12
243,2012-07-13,13.23,13.69,12.96,13.34,30967,40944584.0,5.74,4.87,0.62,7.73
244,2012-07-16,13.27,13.27,12.76,12.8,22464,28915638.0,3.82,-4.05,-0.54,5.61
245,2012-07-17,12.73,13.1,12.7,12.96,13824,17688130.0,3.13,1.25,0.16,3.45
246,2012-07-18,12.82,12.94,12.58,12.77,11736,14826552.0,2.78,-1.47,-0.19,2.93
247,2012-07-19,12.78,13.08,12.67,12.87,13482,17287603.0,3.21,0.78,0.1,3.37
248,2012-07-20,12.73,12.85,12.05,12.36,13693,16865705.0,6.22,-3.96,-0.51,3.42
249,2012-07-23,12.44,12.5,12.05,12.25,6085,7438205.0,3.64,-0.89,-0.11,1.52
250,2012-07-24,12.1,12.52,12.1,12.35,5399,6607786.0,3.43,0.82,0.1,1.35
251,2012-07-25,12.31,12.5,12.08,12.29,6331,7740859.0,3.4,-0.49,-0.06,1.58
252,2012-07-26,12.43,12.95,12.15,12.91,16806,21276077.0,6.51,5.04,0.62,4.2
253,2012-07-27,13.06,13.06,12.6,12.81,6589,8356722.0,3.56,-0.77,-0.1,1.65
254,2012-07-30,12.79,12.93,12.55,12.62,4930,6237675.0,2.97,-1.48,-0.19,1.23
255,2012-07-31,12.35,12.43,11.76,12.19,4641,5608824.0,5.31,-3.41,-0.43,1.16
256,2012-08-01,12.53,12.56,11.9,12.42,2501,3083878.0,5.41,1.89,0.23,0.62
257,2012-08-02,12.27,12.51,12.22,12.42,2784,3410056.0,2.33,0.0,0.0,0.7
258,2012-08-03,12.46,12.74,12.37,12.69,4973,6190001.0,2.98,2.17,0.27,1.24
259,2012-08-06,12.65,13.3,12.52,13.17,8464,10967510.0,6.15,3.78,0.48,2.11
260,2012-08-07,13.1,13.37,13.1,13.27,10470,13729480.0,2.05,0.76,0.1,2.62
261,2012-08-08,13.55,13.57,12.99,13.38,5549,7305919.0,4.37,0.83,0.11,1.39
262,2012-08-09,13.22,13.45,13.14,13.38,4458,5906974.0,2.32,0.0,0.0,1.11
263,2012-08-10,13.45,13.78,13.31,13.51,10670,14379066.0,3.51,0.97,0.13,2.67
264,2012-08-13,13.36,14.2,13.36,13.57,12165,16714694.0,6.22,0.44,0.06,3.04
265,2012-08-14,13.55,13.85,13.22,13.72,4926,6641829.0,4.64,1.11,0.15,1.23
266,2012-08-15,13.61,13.79,13.34,13.48,2750,3715347.0,3.28,-1.75,-0.24,0.69
267,2012-08-16,13.47,13.6,13.32,13.34,4009,5358193.0,2.08,-1.04,-0.14,1.0
268,2012-08-17,13.34,14.2,13.11,13.54,7045,9583235.0,8.17,1.5,0.2,1.76
269,2012-08-20,13.31,13.65,13.15,13.43,3858,5114005.0,3.69,-0.81,-0.11,0.96
270,2012-08-21,13.41,13.89,13.3,13.77,6636,9038397.0,4.39,2.53,0.34,1.66
271,2012-08-22,13.95,14.1,13.65,13.7,3400,4675639.0,3.27,-0.51,-0.07,0.85
272,2012-08-23,13.7,14.09,13.7,13.98,3374,4667968.0,2.85,2.04,0.28,0.84
273,2012-08-24,14.0,14.3,13.85,13.88,5985,8345433.0,3.22,-0.72,-0.1,1.49
274,2012-08-27,13.75,13.75,13.22,13.6,6437,8642821.0,3.82,-2.02,-0.28,1.61
275,2012-08-28,13.79,13.94,13.53,13.7,2422,3283947.0,3.01,0.74,0.1,0.6
276,2012-08-29,13.67,14.6,13.62,14.3,25604,36032075.0,7.15,4.38,0.6,6.4
277,2012-08-30,14.25,14.3,13.23,13.42,13983,19094844.0,7.48,-6.15,-0.88,3.49
278,2012-08-31,13.6,13.78,13.33,13.63,6719,9055927.0,3.35,1.56,0.21,1.68
279,2012-09-03,13.76,14.1,13.59,14.09,5412,7499641.0,3.74,3.37,0.46,1.35
280,2012-09-04,14.09,14.8,14.09,14.69,20077,28933829.0,5.04,4.26,0.6,5.01
281,2012-09-05,14.69,14.8,14.35,14.69,8818,12830068.0,3.06,0.0,0.0,2.2
282,2012-09-06,14.6,14.99,14.6,14.72,6029,8865232.0,2.65,0.2,0.03,1.51
283,2012-09-07,14.8,15.59,14.8,15.28,13046,19590191.0,5.37,3.8,0.56,3.26
284,2012-09-10,15.44,15.45,14.88,15.08,11447,17108922.0,3.73,-1.31,-0.2,2.86
285,2012-09-11,15.08,15.2,14.91,15.08,6423,9644712.0,1.92,0.0,0.0,1.6
286,2012-09-12,15.19,15.2,14.85,15.06,2934,4375059.0,2.32,-0.13,-0.02,0.73
287,2012-09-13,15.08,15.38,14.61,14.62,3722,5511613.0,5.11,-2.92,-0.44,0.93
288,2012-09-14,14.8,14.8,14.4,14.51,5291,7651873.0,2.74,-0.75,-0.11,1.32
289,2012-09-17,14.55,14.55,13.72,13.92,8063,11184454.0,5.72,-4.07,-0.59,2.01
290,2012-09-18,13.98,14.01,13.73,13.9,3373,4661771.0,2.01,-0.14,-0.02,0.84
291,2012-09-19,13.73,14.01,13.64,13.95,2474,3426308.0,2.66,0.36,0.05,0.62
292,2012-09-20,14.0,14.0,13.4,13.54,4451,6064246.0,4.3,-2.94,-0.41,1.11
293,2012-09-21,13.55,13.69,13.34,13.49,2395,3202213.0,2.58,-0.37,-0.05,0.6
294,2012-09-24,13.45,13.5,13.15,13.4,1907,2533356.0,2.59,-0.67,-0.09,0.48
295,2012-09-25,13.4,13.54,13.23,13.26,1572,2088062.0,2.31,-1.04,-0.14,0.39
296,2012-09-26,13.17,13.36,12.3,12.59,3033,3827451.0,7.99,-5.05,-0.67,0.76
297,2012-09-27,12.6,13.84,12.3,13.5,8851,11739578.0,12.23,7.23,0.91,2.21
298,2012-09-28,13.41,14.13,13.25,14.06,6297,8615099.0,6.52,4.15,0.56,1.57
299,2012-10-08,14.1,14.28,13.91,14.02,3926,5481315.0,2.63,-0.28,-0.04,0.98
300,2012-10-09,14.18,14.18,13.93,14.0,9104,12660006.0,1.78,-0.14,-0.02,2.27
301,2012-10-10,13.9,14.25,13.83,14.24,7916,10985620.0,3.0,1.71,0.24,1.98
302,2012-10-11,14.19,14.24,13.7,13.97,4452,6166449.0,3.79,-1.9,-0.27,1.11
303,2012-10-12,13.96,14.01,13.5,13.51,3389,4624658.0,3.65,-3.29,-0.46,0.85
304,2012-10-15,13.78,13.88,13.38,13.68,4250,5707122.0,3.7,1.26,0.17,1.06
305,2012-10-16,13.73,13.9,13.25,13.31,7839,10578428.0,4.75,-2.7,-0.37,1.96
306,2012-10-17,13.33,13.42,12.93,13.0,10494,13613067.0,3.68,-2.33,-0.31,2.62
307,2012-10-18,12.79,13.14,12.79,13.12,11503,14914264.0,2.69,0.92,0.12,2.87
308,2012-10-19,13.12,13.74,13.0,13.66,23773,31723606.0,5.64,4.12,0.54,5.94
309,2012-10-22,13.4,14.24,13.32,14.01,13456,18494992.0,6.73,2.56,0.35,3.36
310,2012-10-23,14.02,14.28,13.42,13.52,8733,12015046.0,6.14,-3.5,-0.49,2.18
311,2012-10-24,13.4,14.22,13.38,13.93,6887,9527251.0,6.21,3.03,0.41,1.72
312,2012-10-25,14.0,14.56,14.0,14.27,15312,21805181.0,4.02,2.44,0.34,3.82
313,2012-10-26,14.3,14.75,14.1,14.7,19572,28154505.0,4.56,3.01,0.43,4.89
314,2012-10-29,14.81,15.1,14.3,14.44,15120,22098334.0,5.44,-1.77,-0.26,3.78
315,2012-10-30,14.45,14.95,14.38,14.81,12939,18898717.0,3.95,2.56,0.37,3.23
316,2012-10-31,14.66,14.79,14.4,14.53,7945,11500969.0,2.63,-1.89,-0.28,1.98
317,2012-11-01,14.58,15.03,14.41,14.86,14513,21405859.0,4.27,2.27,0.33,3.62
318,2012-11-02,14.99,15.05,14.81,14.82,9594,14255352.0,1.62,-0.27,-0.04,2.4
319,2012-11-05,14.82,15.39,14.62,14.85,15536,23202703.0,5.2,0.2,0.03,3.88
320,2012-11-06,14.85,14.9,14.43,14.6,12569,18217170.0,3.16,-1.68,-0.25,3.14
321,2012-11-07,14.4,14.85,14.4,14.79,6716,9695227.0,3.08,1.3,0.19,1.68
322,2012-11-08,14.78,14.85,14.41,14.43,7880,11443356.0,2.97,-2.43,-0.36,1.97
323,2012-11-09,14.39,14.55,13.75,13.98,4479,6252762.0,5.54,-3.12,-0.45,1.12
324,2012-11-12,13.93,14.25,13.93,14.23,3598,5048085.0,2.29,1.79,0.25,0.9
325,2012-11-13,14.4,14.44,13.74,13.74,2594,3585646.0,4.92,-3.44,-0.49,0.65
326,2012-11-14,13.75,14.38,13.7,14.25,4279,5969327.0,4.95,3.71,0.51,1.07
327,2012-11-15,14.3,14.3,14.01,14.05,2667,3729724.0,2.04,-1.4,-0.2,0.67
328,2012-11-16,13.61,14.04,13.61,13.88,1365,1869070.0,3.06,-1.21,-0.17,0.34
329,2012-11-19,13.75,13.75,13.3,13.55,8250,11041922.0,3.24,-2.38,-0.33,2.06
330,2012-11-20,13.56,13.85,13.55,13.61,4963,6732820.0,2.21,0.44,0.06,1.24
331,2012-11-21,13.48,13.9,13.48,13.79,4362,5913119.0,3.09,1.32,0.18,1.09
332,2012-11-22,13.71,13.88,13.68,13.8,1933,2648434.0,1.45,0.07,0.01,0.48
333,2012-11-23,13.8,14.3,13.75,14.18,3698,5157763.0,3.99,2.75,0.38,0.92
334,2012-11-26,14.19,14.34,14.01,14.09,4829,6760717.0,2.33,-0.63,-0.09,1.21
335,2012-11-27,14.09,14.1,12.88,13.6,4886,6521464.0,8.66,-3.48,-0.49,1.22
336,2012-11-28,13.5,13.52,13.01,13.42,5391,7145559.0,3.75,-1.32,-0.18,1.35
337,2012-11-29,13.1,13.73,13.1,13.28,1512,2044891.0,4.69,-1.04,-0.14,0.38
338,2012-11-30,13.16,13.53,13.11,13.2,2012,2646901.0,3.16,-0.6,-0.08,0.5
339,2012-12-03,13.2,13.35,12.48,12.6,2925,3733962.0,6.59,-4.55,-0.6,0.73
340,2012-12-04,12.7,12.7,11.82,12.08,7428,8976757.0,6.98,-4.13,-0.52,1.86
341,2012-12-05,12.1,12.76,12.1,12.38,6837,8466116.0,5.46,2.48,0.3,1.71
342,2012-12-06,12.5,12.54,12.3,12.47,2282,2812355.0,1.94,0.73,0.09,0.57
343,2012-12-07,12.54,12.8,12.42,12.7,2896,3635603.0,3.05,1.84,0.23,0.72
344,2012-12-10,12.84,13.5,12.84,13.26,11241,14608698.0,5.2,4.41,0.56,2.81
345,2012-12-11,13.1,13.69,13.1,13.38,10140,13478517.0,4.45,0.9,0.12,2.53
346,2012-12-12,13.4,13.41,13.16,13.31,1238,1632347.0,1.87,-0.52,-0.07,0.31
347,2012-12-13,13.22,13.39,13.0,13.02,1901,2474515.0,2.93,-2.18,-0.29,0.47
348,2012-12-14,13.0,13.8,13.0,13.7,9670,12977739.0,6.14,5.22,0.68,2.42
349,2012-12-17,13.69,13.88,13.32,13.4,5939,7961326.0,4.09,-2.19,-0.3,1.48
350,2012-12-18,13.4,13.51,13.22,13.3,5505,7274778.0,2.16,-0.75,-0.1,1.38
351,2012-12-19,13.34,13.46,13.26,13.38,1358,1802128.0,1.5,0.6,0.08,0.34
352,2012-12-20,13.31,13.75,13.2,13.5,6279,8411886.0,4.11,0.9,0.12,1.57
353,2012-12-21,13.6,14.49,13.45,14.1,13606,18987904.0,7.7,4.44,0.6,3.4
354,2012-12-24,14.1,15.5,14.1,14.92,19418,29124687.0,9.93,5.82,0.82,4.85
355,2012-12-25,14.62,15.49,14.62,15.17,17531,26489096.0,5.83,1.68,0.25,4.38
356,2012-12-26,14.95,15.9,14.94,15.76,14102,21873829.0,6.33,3.89,0.59,3.52
357,2012-12-27,15.7,15.75,14.89,15.23,23632,35573778.0,5.46,-3.36,-0.53,5.9
358,2012-12-28,14.95,16.04,14.8,15.75,14846,22603205.0,8.14,3.41,0.52,3.71
359,2012-12-31,15.75,15.98,14.9,15.55,13177,20405190.0,6.86,-1.27,-0.2,3.29
360,2013-01-04,15.46,15.48,14.96,15.2,6396,9613012.0,3.34,-2.25,-0.35,1.6
361,2013-01-07,15.1,15.36,14.99,15.1,11023,16613495.0,2.43,-0.66,-0.1,2.75
362,2013-01-08,15.18,16.07,15.1,15.89,17068,26844553.0,6.42,5.23,0.79,4.26
363,2013-01-09,15.8,16.32,15.7,16.03,14955,23829397.0,3.9,0.88,0.14,3.74
364,2013-01-10,15.87,16.16,15.65,16.02,7482,11824357.0,3.18,-0.06,-0.01,1.87
365,2013-01-11,15.95,16.0,15.35,15.5,10115,15699719.0,4.06,-3.25,-0.52,2.53
366,2013-01-14,15.18,16.29,15.1,16.07,20995,33014932.0,7.68,3.68,0.57,5.24
367,2013-01-15,16.07,16.98,16.07,16.9,19794,32628011.0,5.66,5.16,0.83,4.94
368,2013-01-16,16.73,17.16,16.36,16.6,7462,12353039.0,4.73,-1.78,-0.3,1.86
369,2013-01-17,16.54,16.78,16.13,16.16,4011,6503429.0,3.92,-2.65,-0.44,1.0
370,2013-01-18,16.3,16.65,16.17,16.37,4876,7947874.0,2.97,1.3,0.21,1.19
371,2013-01-21,16.37,16.55,16.02,16.05,6304,10150266.0,3.24,-1.95,-0.32,1.54
372,2013-01-22,16.1,16.25,14.85,15.45,26659,41045056.0,8.72,-3.74,-0.6,6.53
373,2013-01-23,15.32,15.32,14.8,15.05,12105,18058338.0,3.37,-2.59,-0.4,2.97
374,2013-01-24,15.1,15.7,14.93,15.44,27555,42141166.0,5.12,2.59,0.39,6.75
375,2013-01-25,15.25,15.77,14.9,15.51,16686,25614961.0,5.63,0.45,0.07,4.09
376,2013-01-28,16.2,17.05,16.13,17.05,56873,94878584.0,5.93,9.93,1.54,13.93
377,2013-01-29,16.78,17.34,16.62,17.07,35820,60372051.0,4.22,0.12,0.02,8.77
378,2013-01-30,16.88,17.2,16.7,16.8,16138,27112980.0,2.93,-1.58,-0.27,3.95
379,2013-01-31,16.71,17.06,16.58,16.83,12271,20518350.0,2.86,0.18,0.03,3.01
380,2013-02-01,16.78,16.89,16.41,16.46,13043,21532578.0,2.85,-2.2,-0.37,3.19
381,2013-02-04,16.48,16.6,15.6,15.71,20324,32215897.0,6.08,-4.56,-0.75,4.98
382,2013-02-05,15.5,16.5,15.41,16.34,15544,24925691.0,6.94,4.01,0.63,3.81
383,2013-02-06,16.34,16.57,16.24,16.24,6666,10860389.0,2.02,-0.61,-0.1,1.63
384,2013-02-07,16.28,16.49,15.98,16.48,8084,13045726.0,3.14,1.48,0.24,1.98
385,2013-02-08,16.4,17.68,16.28,17.3,16779,28565406.0,8.5,4.98,0.82,4.11
386,2013-02-18,17.47,18.39,17.3,17.67,19026,33727810.0,6.3,2.14,0.37,4.66
387,2013-02-19,17.45,17.97,17.1,17.1,13553,23525740.0,4.92,-3.23,-0.57,3.32
388,2013-02-20,17.17,17.9,17.13,17.89,16969,29844983.0,4.5,4.62,0.79,4.16
389,2013-02-21,17.63,18.6,17.62,18.6,32084,58025581.0,5.48,3.97,0.71,7.86
390,2013-02-22,18.73,19.28,18.2,18.5,25251,46897013.0,5.81,-0.54,-0.1,6.19
391,2013-02-25,18.59,18.69,18.2,18.6,10961,20051183.0,2.65,0.54,0.1,2.68
392,2013-02-26,18.62,19.59,18.62,18.93,15561,29673378.0,5.22,1.77,0.33,3.81
393,2013-02-27,18.93,19.09,17.9,18.6,18279,33513034.0,6.29,-1.74,-0.33,4.48
394,2013-02-28,18.65,18.9,18.3,18.55,14893,27432117.0,3.23,-0.27,-0.05,3.65
395,2013-03-01,18.43,19.42,18.43,19.3,11801,22274718.0,5.34,4.04,0.75,2.89
396,2013-03-04,19.3,19.76,18.7,19.26,16015,30662116.0,5.49,-0.21,-0.04,3.92
397,2013-03-05,19.18,20.04,18.86,20.04,11960,23256271.0,6.13,4.05,0.78,2.93
398,2013-03-06,20.04,21.38,19.83,21.3,17383,36007631.0,7.73,6.29,1.26,4.26
399,2013-03-07,21.1,21.26,20.1,21.15,13009,26945844.0,5.45,-0.7,-0.15,3.19
400,2013-03-08,21.03,21.06,19.5,19.65,11633,23219460.0,7.38,-7.09,-1.5,2.85
401,2013-03-11,19.73,19.73,18.75,19.05,8946,16992716.0,4.99,-3.05,-0.6,2.19
402,2013-03-12,19.05,19.33,17.4,18.07,14204,25675575.0,10.13,-5.14,-0.98,3.48
403,2013-03-13,18.0,18.05,17.68,17.89,7554,13428400.0,2.05,-1.0,-0.18,1.85
404,2013-03-14,17.98,18.86,17.96,18.8,15305,28336061.0,5.03,5.09,0.91,3.75
405,2013-03-15,18.81,20.05,18.62,19.6,14536,28273603.0,7.61,4.26,0.8,3.56
406,2013-03-18,19.79,20.19,19.2,19.58,10423,20349850.0,5.05,-0.1,-0.02,2.55
407,2013-03-19,19.58,19.65,18.5,19.11,5057,9553690.0,5.87,-2.4,-0.47,1.24
408,2013-03-20,19.16,20.3,18.88,20.3,10363,20388904.0,7.43,6.23,1.19,2.54
409,2013-03-21,20.12,21.8,20.12,21.4,19528,41267155.0,8.28,5.42,1.1,4.78
410,2013-03-22,21.3,22.22,20.81,20.81,13515,29009805.0,6.59,-2.76,-0.59,3.31
411,2013-03-25,20.91,22.62,20.6,22.44,13022,28614965.0,9.71,7.83,1.63,3.19
412,2013-03-26,22.49,23.44,22.0,22.7,16993,37970803.0,6.42,1.16,0.26,4.16
413,2013-03-27,22.5,22.85,22.02,22.22,8383,18651846.0,3.66,-2.11,-0.48,2.05
414,2013-03-28,22.2,22.2,21.55,21.7,5907,12826512.0,2.93,-2.34,-0.52,1.45
415,2013-03-29,21.85,22.01,21.0,21.47,5942,12637553.0,4.65,-1.06,-0.23,1.46
416,2013-04-01,21.47,22.88,21.11,22.8,10391,22967677.0,8.24,6.19,1.33,2.55
417,2013-04-02,22.76,23.06,20.53,21.0,25138,52678608.0,11.1,-7.89,-1.8,6.16
418,2013-04-03,20.88,21.09,20.02,20.55,8052,16477791.0,5.1,-2.14,-0.45,1.97
419,2013-04-08,20.28,20.95,18.95,20.93,9700,19307106.0,9.73,1.85,0.38,2.38
420,2013-04-09,20.93,21.25,20.36,21.25,7710,16007176.0,4.25,1.53,0.32,1.89
421,2013-04-10,21.19,21.29,19.98,20.29,9360,19026779.0,6.16,-4.52,-0.96,2.29
422,2013-04-11,20.45,20.68,19.99,20.0,5128,10370440.0,3.4,-1.43,-0.29,1.26
423,2013-04-12,20.0,20.2,19.11,19.35,3676,7265302.0,5.45,-3.25,-0.65,0.9
424,2013-04-15,19.28,19.48,18.8,19.4,5043,9572078.0,3.51,0.26,0.05,1.24
425,2013-04-16,19.1,19.9,19.1,19.9,3554,6940978.0,4.12,2.58,0.5,0.87
426,2013-04-17,19.95,20.32,19.7,20.23,6487,12921139.0,3.12,1.66,0.33,1.59
427,2013-04-18,20.23,22.24,19.98,22.24,20912,44780216.0,11.17,9.94,2.01,5.12
428,2013-04-19,22.58,23.0,22.25,22.48,26367,58972592.0,3.37,1.08,0.24,6.46
429,2013-04-22,22.66,24.26,22.47,24.1,23531,55168521.0,7.96,7.21,1.62,5.76
430,2013-04-23,23.9,25.27,23.65,24.03,21352,52055906.0,6.72,-0.29,-0.07,5.23
431,2013-04-24,24.01,25.5,23.45,25.22,22243,54629581.0,8.53,4.95,1.19,5.45
432,2013-04-25,24.92,27.45,24.1,25.99,29898,76773819.0,13.28,3.05,0.77,7.32
433,2013-04-26,25.54,25.79,23.6,23.7,17752,43628877.0,8.43,-8.81,-2.29,4.35
434,2013-05-02,23.6,24.9,22.91,24.72,14772,35619235.0,8.4,4.3,1.02,3.62
435,2013-05-03,24.78,26.05,24.61,25.2,8535,21547864.0,5.83,1.94,0.48,2.09
436,2013-05-06,25.17,27.05,24.52,26.75,24325,63457829.0,10.04,6.15,1.55,5.96
437,2013-05-07,26.42,27.6,25.8,26.09,17901,47771370.0,6.73,-2.47,-0.66,4.38
438,2013-05-08,26.15,26.98,25.84,26.73,8293,21864021.0,4.37,2.45,0.64,2.03
439,2013-05-09,26.8,26.9,24.8,26.09,17864,45756622.0,7.86,-2.39,-0.64,4.38
440,2013-05-10,25.58,26.05,24.82,25.8,15680,39526599.0,4.71,-1.11,-0.29,3.84
441,2013-05-13,25.31,26.66,24.88,26.65,22929,58864577.0,6.9,3.29,0.85,5.62
442,2013-05-14,26.48,26.5,25.0,25.4,16654,42175412.0,5.63,-4.69,-1.25,4.08
443,2013-05-15,25.37,27.2,25.25,26.7,30521,80309145.0,7.68,5.12,1.3,7.48
444,2013-05-16,27.05,29.36,26.99,28.67,37995,106494504.0,8.88,7.38,1.97,9.34
445,2013-05-17,28.25,31.53,28.1,31.53,41655,125593712.0,11.96,9.98,2.86,10.23
446,2013-05-20,34.55,34.67,31.55,32.95,61052,201517247.0,9.9,4.5,1.42,15.0
447,2013-05-21,32.54,34.28,32.22,34.2,47906,159969166.0,6.25,3.79,1.25,11.77
448,2013-05-22,33.6,34.26,30.79,30.79,42986,138364063.0,10.15,-9.97,-3.41,10.56
449,2013-05-23,29.34,30.56,27.93,28.78,172691,252480448.0,8.54,-6.53,-2.01,21.43
450,2013-05-24,28.9,31.63,28.62,31.08,150766,228945782.0,10.46,7.99,2.3,18.71
451,2013-05-27,30.68,30.72,28.86,29.77,127449,189652914.0,5.98,-4.21,-1.31,15.82
452,2013-05-28,29.38,29.56,27.52,27.65,91970,129687819.0,6.85,-7.12,-2.12,11.41
453,2013-05-29,27.54,28.39,26.96,28.19,66396,92806395.0,5.17,1.95,0.54,8.24
454,2013-05-30,27.56,28.33,27.34,27.46,67918,94209774.0,3.51,-2.59,-0.73,8.43
455,2013-05-31,27.3,27.71,26.65,27.02,58022,78955286.0,3.86,-1.6,-0.44,7.2
456,2013-06-03,26.74,27.4,26.72,26.82,33358,45208521.0,2.52,-0.74,-0.2,4.14
457,2013-06-04,26.76,26.9,24.47,25.24,73626,94535677.0,9.06,-5.89,-1.58,9.14
458,2013-06-05,25.0,26.29,25.0,25.46,33306,42685829.0,5.11,0.87,0.22,4.13
459,2013-06-06,25.34,25.34,24.41,24.49,44158,54548288.0,3.65,-3.81,-0.97,5.48
460,2013-06-07,24.61,24.73,22.59,22.8,81059,95638846.0,8.74,-6.9,-1.69,10.06
461,2013-06-13,22.57,23.06,21.78,22.61,65989,73756180.0,5.61,-0.83,-0.19,8.19
462,2013-06-14,22.61,24.84,22.57,24.33,151446,183457199.0,10.04,7.61,1.72,18.8
463,2013-06-17,24.33,24.84,23.79,24.55,88068,107175137.0,4.32,0.9,0.22,10.93
464,2013-06-18,24.35,24.51,23.12,24.07,52507,62633209.0,5.66,-1.96,-0.48,6.52
465,2013-06-19,23.76,25.97,23.46,25.81,101381,127225971.0,10.43,7.23,1.74,12.58
466,2013-06-20,25.4,25.87,24.45,24.57,75770,96094873.0,5.5,-4.8,-1.24,9.4
467,2013-06-21,23.91,25.97,22.57,24.74,79593,97161299.0,13.84,0.69,0.17,9.88
468,2013-06-24,24.65,24.65,23.16,23.95,49188,59307473.0,6.02,-3.19,-0.79,6.11
469,2013-06-25,23.68,24.65,21.82,24.29,52907,61986886.0,11.82,1.42,0.34,6.57
470,2013-06-26,23.85,26.68,23.72,26.29,97477,125386651.0,12.19,8.23,2.0,12.1
471,2013-06-27,26.55,27.91,25.58,26.09,111476,150333796.0,8.86,-0.76,-0.2,13.84
472,2013-06-28,25.79,26.84,24.61,25.04,63247,81031877.0,8.55,-4.02,-1.05,7.85
473,2013-07-01,24.74,26.09,24.39,26.03,56366,71795628.0,6.79,3.95,0.99,7.0
474,2013-07-02,26.03,27.24,25.89,26.63,77168,103129798.0,5.19,2.31,0.6,9.58
475,2013-07-03,26.13,26.92,25.64,26.27,57891,75888773.0,4.81,-1.35,-0.36,7.19
476,2013-07-04,26.07,26.07,24.9,24.94,86303,109442369.0,4.45,-5.06,-1.33,10.71
477,2013-07-05,24.35,25.0,23.56,23.56,52239,63873914.0,5.77,-5.53,-1.38,6.48
478,2013-07-08,23.04,24.09,21.99,22.27,68094,79397243.0,8.91,-5.48,-1.29,8.45
479,2013-07-09,22.29,22.41,20.69,21.22,78208,83524020.0,7.72,-4.71,-1.05,9.71
480,2013-07-10,21.36,22.11,21.18,21.89,45875,49825545.0,4.38,3.16,0.67,5.69
481,2013-07-11,22.07,22.79,21.6,22.57,64867,72204951.0,5.44,3.11,0.68,8.05
482,2013-07-12,22.45,23.16,21.93,22.01,54828,62080729.0,5.45,-2.48,-0.56,6.81
483,2013-07-15,22.33,24.19,22.25,24.19,110856,131773236.0,8.81,9.9,2.18,13.76
484,2013-07-16,24.55,26.59,24.25,26.59,163984,211154123.0,9.67,9.92,2.4,20.35
485,2013-07-17,28.01,29.22,27.69,29.22,243994,350382784.0,5.75,9.89,2.63,30.28
486,2013-07-18,28.51,29.24,28.07,29.1,145294,209312765.0,4.0,-0.41,-0.12,18.03
487,2013-07-19,29.4,30.53,27.95,28.15,154851,227610281.0,8.87,-3.26,-0.95,19.22
488,2013-07-22,27.46,29.83,27.28,29.56,115402,166379152.0,9.06,5.01,1.41,14.32
489,2013-07-23,29.65,30.43,28.88,30.01,125871,187132066.0,5.24,1.52,0.45,15.62
490,2013-07-24,29.54,29.95,28.27,29.22,97324,142159960.0,5.6,-2.63,-0.79,12.08
491,2013-07-25,28.9,29.28,27.04,27.3,72445,102257358.0,7.67,-6.57,-1.92,8.99
492,2013-07-26,27.91,28.51,26.57,27.95,89097,124016871.0,7.11,2.38,0.65,11.06
493,2013-07-29,27.95,29.59,27.52,28.31,78211,112606742.0,7.41,1.29,0.36,9.71
494,2013-07-30,28.53,30.58,27.12,30.49,162997,241760608.0,12.22,7.7,2.18,20.23
495,2013-07-31,29.89,30.33,28.9,29.36,97635,144958565.0,4.69,-3.71,-1.13,12.12
496,2013-08-01,28.9,30.58,28.51,30.29,110465,164477302.0,7.05,3.17,0.93,13.71
497,2013-08-02,30.64,32.19,29.69,29.89,133349,207994082.0,8.25,-1.32,-0.4,16.55
498,2013-08-05,29.4,30.13,28.78,29.61,81484,120257508.0,4.52,-0.94,-0.28,10.11
499,2013-08-06,29.63,29.83,28.7,29.28,80003,116774107.0,3.82,-1.11,-0.33,9.93
500,2013-08-07,29.1,29.59,27.4,27.46,92197,130661939.0,7.48,-6.22,-1.82,11.44
501,2013-08-08,27.42,27.97,26.86,27.67,66590,91528454.0,4.04,0.76,0.21,8.26
502,2013-08-09,27.85,27.87,26.7,27.26,53885,73514115.0,4.23,-1.48,-0.41,6.69
503,2013-08-12,27.12,28.13,26.7,27.56,62045,85552297.0,5.25,1.1,0.3,7.7
504,2013-08-13,27.62,27.87,27.12,27.75,50347,69600763.0,2.72,0.69,0.19,6.25
505,2013-08-14,27.85,27.85,26.9,27.3,48742,66507364.0,3.42,-1.62,-0.45,6.05
506,2013-08-15,27.3,27.48,26.84,26.88,36017,49075028.0,2.34,-1.54,-0.42,4.47
507,2013-08-16,26.72,26.74,24.92,25.04,80651,104547493.0,6.77,-6.85,-1.84,10.01
508,2013-08-19,24.76,25.7,24.45,25.64,47875,60732219.0,4.99,2.4,0.6,5.94
509,2013-08-20,25.4,26.53,25.36,26.25,62996,82647307.0,4.56,2.38,0.61,7.82
510,2013-08-21,26.17,26.23,25.4,25.89,41520,53572900.0,3.16,-1.37,-0.36,5.15
511,2013-08-22,25.83,26.33,25.4,26.23,51741,67199513.0,3.59,1.31,0.34,6.42
512,2013-08-23,26.27,27.4,26.01,26.9,90088,121076315.0,5.3,2.55,0.67,11.18
513,2013-08-26,26.68,27.04,26.53,26.9,47272,63473018.0,1.9,0.0,0.0,5.87
514,2013-08-27,26.9,26.9,26.03,26.43,42225,55859441.0,3.23,-1.75,-0.47,5.24
515,2013-08-28,25.99,26.25,25.24,25.3,58744,75551285.0,3.82,-4.28,-1.13,7.29
516,2013-08-29,25.38,25.83,25.06,25.44,25575,32590184.0,3.04,0.55,0.14,3.17
517,2013-08-30,25.54,25.64,23.34,23.6,70826,86183356.0,9.04,-7.23,-1.84,8.79
518,2013-09-02,23.18,24.11,23.18,23.72,31033,36926856.0,3.94,0.51,0.12,3.85
519,2013-09-03,23.91,24.13,23.76,24.09,27616,33226000.0,1.56,1.56,0.37,3.43
520,2013-09-04,24.01,24.29,23.74,23.76,25981,31146244.0,2.28,-1.37,-0.33,3.22
521,2013-09-05,24.05,26.11,24.01,26.11,102578,130287396.0,8.84,9.89,2.35,12.73
522,2013-09-06,26.63,26.63,25.5,25.79,89372,116039516.0,4.33,-1.23,-0.32,11.09
523,2013-09-09,25.99,26.13,24.74,25.32,72448,91504772.0,5.39,-1.82,-0.47,8.99
524,2013-09-10,25.04,25.6,24.74,25.24,52175,65571767.0,3.4,-0.32,-0.08,6.48
525,2013-09-11,24.96,25.12,23.58,23.83,69825,84207443.0,6.1,-5.59,-1.41,8.67
526,2013-09-12,23.56,24.35,23.32,23.56,34450,41105470.0,4.32,-1.13,-0.27,4.28
527,2013-09-13,23.58,24.35,23.58,24.13,30969,37283658.0,3.27,2.42,0.57,3.84
528,2013-09-16,24.13,24.33,23.72,23.95,31139,37450527.0,2.53,-0.75,-0.18,3.86
529,2013-09-17,24.03,24.07,22.94,22.94,48780,56957906.0,4.72,-4.22,-1.01,6.05
530,2013-09-18,23.06,23.2,22.63,23.06,37637,43246026.0,2.48,0.52,0.12,4.67
531,2013-09-23,23.32,24.07,22.98,23.97,36845,43522845.0,4.73,3.95,0.91,4.57
532,2013-09-24,23.72,24.33,23.62,24.03,41266,49553371.0,2.96,0.25,0.06,5.12
533,2013-09-25,23.95,24.21,23.56,23.6,29544,35272188.0,2.7,-1.79,-0.43,3.67
534,2013-09-26,23.79,24.53,23.1,23.1,37992,45522839.0,6.06,-2.12,-0.5,4.72
535,2013-09-27,23.1,23.93,23.1,23.52,26451,31196880.0,3.59,1.82,0.42,3.19
536,2013-09-30,23.72,23.77,23.46,23.62,18377,21709566.0,1.32,0.43,0.1,2.21
537,2013-10-08,23.56,24.78,23.56,24.57,45088,54950612.0,5.17,4.02,0.95,5.43
538,2013-10-09,24.53,25.1,24.17,24.92,48864,60647773.0,3.79,1.42,0.35,5.89
539,2013-10-10,25.04,25.14,24.27,24.33,42575,52448268.0,3.49,-2.37,-0.59,5.13
540,2013-10-11,24.37,25.24,24.25,25.04,55444,69340422.0,4.07,2.92,0.71,6.68
541,2013-10-14,25.04,25.18,24.55,24.92,31392,38941033.0,2.52,-0.48,-0.12,3.78
542,2013-10-15,25.08,25.08,23.77,24.05,50446,60999181.0,5.26,-3.49,-0.87,6.08
543,2013-10-16,23.95,23.97,22.77,22.77,42522,49248532.0,4.99,-5.32,-1.28,5.12
544,2013-10-17,22.8,23.85,22.75,22.98,44050,51182305.0,4.83,0.92,0.21,5.31
545,2013-10-18,22.92,23.26,22.88,23.12,21608,25040351.0,1.65,0.61,0.14,2.6
546,2013-10-21,23.22,24.07,22.98,23.85,33637,39839068.0,4.71,3.16,0.73,4.05
547,2013-10-22,23.87,24.74,23.62,23.79,48538,58762757.0,4.7,-0.25,-0.06,5.85
548,2013-10-23,24.09,24.09,22.77,22.92,36809,42599953.0,5.55,-3.66,-0.87,4.44
549,2013-10-24,23.02,23.16,22.8,23.02,14431,16603349.0,1.57,0.44,0.1,1.74
550,2013-10-25,23.2,23.22,22.11,22.21,21661,24492961.0,4.82,-3.52,-0.81,2.61
551,2013-10-28,22.03,22.33,21.74,21.78,17890,19622516.0,2.66,-1.94,-0.43,2.16
552,2013-10-29,21.97,21.97,19.78,20.61,32064,33025985.0,10.06,-5.37,-1.17,3.86
553,2013-10-30,20.41,20.63,20.07,20.61,19744,20168600.0,2.72,0.0,0.0,2.38
554,2013-10-31,20.65,20.67,20.19,20.27,17322,17648768.0,2.33,-1.65,-0.34,2.09
555,2013-11-01,20.43,20.43,19.74,19.97,21211,21189382.0,3.4,-1.48,-0.3,2.56
556,2013-11-04,19.82,20.31,19.82,20.23,9691,9771081.0,2.45,1.3,0.26,1.17
557,2013-11-05,20.15,21.08,19.97,20.98,25541,26522760.0,5.49,3.71,0.75,3.08
558,2013-11-06,20.85,22.69,20.81,21.68,49393,54223543.0,8.96,3.34,0.7,5.95
559,2013-11-07,21.58,21.62,20.98,20.98,23840,25330636.0,2.95,-3.23,-0.7,2.87
560,2013-11-08,20.86,21.02,19.99,20.41,15945,16292574.0,4.91,-2.72,-0.57,1.92
561,2013-11-11,20.43,20.92,20.35,20.85,14761,15316690.0,2.79,2.16,0.44,1.78
562,2013-11-12,20.75,21.1,20.71,20.79,14128,14746441.0,1.87,-0.29,-0.06,1.7
563,2013-11-13,20.77,20.86,20.01,20.11,16189,16493277.0,4.09,-3.27,-0.68,1.95
564,2013-11-14,20.09,20.98,19.99,20.71,18301,18813665.0,4.92,2.98,0.6,2.21
565,2013-11-15,20.75,21.66,20.73,21.16,34056,36219779.0,4.49,2.17,0.45,4.1
566,2013-11-18,21.2,22.13,21.2,21.83,29407,31968511.0,4.4,3.17,0.67,3.54
567,2013-11-19,21.87,22.96,21.5,22.57,62615,70548788.0,6.69,3.39,0.74,7.55
568,2013-11-20,22.47,22.53,22.01,22.35,28955,32228321.0,2.3,-0.97,-0.22,3.49
569,2013-11-21,22.35,22.55,22.03,22.15,26408,29384187.0,2.33,-0.89,-0.2,3.18
570,2013-11-22,22.37,22.51,21.97,22.05,18703,20828395.0,2.44,-0.45,-0.1,2.25
571,2013-11-25,22.05,22.43,21.68,21.83,20272,22503813.0,3.4,-1.0,-0.22,2.44
572,2013-11-26,21.87,22.75,21.76,22.67,37036,41525887.0,4.54,3.85,0.84,4.46
573,2013-11-27,22.63,22.86,22.39,22.84,31108,35285014.0,2.07,0.75,0.17,3.75
574,2013-11-28,22.8,23.24,22.67,22.71,41679,47964165.0,2.5,-0.57,-0.13,5.02
575,2013-11-29,22.73,23.77,22.73,23.52,55356,64979106.0,4.58,3.57,0.81,6.67
576,2013-12-02,22.31,22.31,21.18,21.18,57089,61718436.0,4.8,-9.95,-2.34,6.88
577,2013-12-03,20.29,20.96,19.6,20.88,33743,34350682.0,6.42,-1.42,-0.3,4.07
578,2013-12-04,20.69,21.24,20.39,20.9,24039,25296610.0,4.07,0.1,0.02,2.9
579,2013-12-05,20.96,21.64,20.53,20.96,24218,25564458.0,5.31,0.29,0.06,2.92
580,2013-12-06,20.75,20.88,20.63,20.79,15573,16150768.0,1.19,-0.81,-0.17,1.88
581,2013-12-09,20.79,21.02,20.67,21.0,13653,14273081.0,1.68,1.01,0.21,1.65
582,2013-12-10,21.08,21.08,20.05,20.51,18505,19085448.0,4.9,-2.33,-0.49,2.23
583,2013-12-11,20.45,20.73,20.39,20.49,11747,12061670.0,1.66,-0.1,-0.02,1.42
584,2013-12-12,20.57,20.96,20.49,20.83,14464,15067757.0,2.29,1.66,0.34,1.74
585,2013-12-13,21.0,21.66,20.61,21.36,23950,25529366.0,5.04,2.54,0.53,2.89
586,2013-12-16,21.4,21.5,20.9,21.14,16999,18098858.0,2.81,-1.03,-0.22,2.05
587,2013-12-17,21.02,21.24,20.59,20.92,13652,14234198.0,3.07,-1.04,-0.22,1.65
588,2013-12-18,20.9,22.63,20.9,21.85,59893,66011559.0,8.27,4.45,0.93,7.22
589,2013-12-19,21.56,22.11,21.48,21.66,35000,38086712.0,2.88,-0.87,-0.19,4.22
590,2013-12-20,21.66,21.91,20.79,20.85,23935,25404551.0,5.17,-3.74,-0.81,2.84
591,2013-12-23,20.75,20.79,20.01,20.33,17613,17901564.0,3.74,-2.49,-0.52,2.09
592,2013-12-24,20.45,20.88,20.29,20.61,12947,13344959.0,2.9,1.38,0.28,1.54
593,2013-12-25,20.71,21.52,20.43,21.52,27457,29103706.0,5.29,4.42,0.91,3.26
594,2013-12-26,21.52,21.83,20.98,21.32,31163,33420671.0,3.95,-0.93,-0.2,3.7
595,2013-12-27,21.38,22.51,21.26,22.29,76379,84828015.0,5.86,4.55,0.97,9.06
596,2013-12-30,22.37,22.75,22.23,22.41,54481,61263319.0,2.33,0.54,0.12,6.46
597,2013-12-31,22.47,22.86,22.07,22.25,34449,38673095.0,3.53,-0.71,-0.16,4.09
598,2014-01-02,22.11,24.45,21.99,24.45,122929,144811941.0,11.06,9.89,2.2,14.61
599,2014-01-03,24.74,26.25,24.35,25.4,216122,274679824.0,7.77,3.89,0.95,25.69
600,2014-01-06,25.14,26.11,24.31,24.55,143928,182369465.0,7.09,-3.35,-0.85,17.11
601,2014-01-07,24.51,24.78,23.28,24.74,88051,106839557.0,6.11,0.77,0.19,10.46
602,2014-01-08,24.76,26.05,24.57,25.58,142713,182832948.0,5.98,3.4,0.84,16.96
603,2014-01-09,25.44,25.77,24.01,24.11,87561,109165305.0,6.88,-5.75,-1.47,10.41
604,2014-04-04,23.95,24.94,22.57,23.64,117294,139062192.0,9.83,-1.95,-0.47,13.94
605,2014-04-08,22.88,23.72,22.67,23.32,67537,78360445.0,4.44,-1.35,-0.32,8.03
606,2014-04-09,23.26,25.64,23.02,25.64,65854,81187496.0,11.23,9.95,2.32,7.83
607,2014-04-10,25.93,28.19,25.85,26.86,283382,385579824.0,9.13,4.76,1.22,33.68
608,2014-04-11,26.84,28.17,26.51,27.5,212219,291654192.0,6.18,2.38,0.64,25.22
609,2014-04-14,26.92,27.69,26.55,26.9,135091,183843999.0,4.15,-2.18,-0.6,16.06
610,2014-04-15,26.8,28.35,26.8,27.4,150985,209405538.0,5.76,1.86,0.5,17.94
611,2014-04-16,26.88,27.87,26.15,27.87,124329,167803269.0,6.28,1.72,0.47,14.78
612,2014-04-17,27.69,27.87,26.96,27.06,86971,118912249.0,3.27,-2.91,-0.81,10.34
613,2014-04-18,26.92,28.09,26.57,27.58,110698,153186539.0,5.62,1.92,0.52,13.16
614,2014-04-21,26.92,28.07,26.17,26.21,135389,183594439.0,6.89,-4.97,-1.37,16.09
615,2014-04-22,26.05,26.39,24.25,24.9,107062,135595571.0,8.16,-5.0,-1.31,12.72
616,2014-04-23,24.78,25.16,24.11,24.53,70124,86410877.0,4.22,-1.49,-0.37,8.33
617,2014-04-24,24.45,24.86,23.56,23.95,76902,93505437.0,5.3,-2.36,-0.58,9.14
618,2014-04-25,23.87,24.49,23.36,23.56,58820,70630530.0,4.72,-1.63,-0.39,6.99
619,2014-04-28,23.52,23.7,22.15,22.21,56301,63977236.0,6.58,-5.73,-1.35,6.69
620,2014-04-29,22.05,23.02,22.05,23.02,50896,57660466.0,4.37,3.65,0.81,6.05
621,2014-04-30,22.98,23.18,22.49,22.59,46982,53588167.0,3.0,-1.87,-0.43,5.58
622,2014-05-05,22.59,23.46,22.47,23.34,43972,50718141.0,4.38,3.32,0.75,5.23
623,2014-05-06,23.32,24.27,23.08,23.72,72345,86398244.0,5.1,1.63,0.38,8.6
624,2014-05-07,23.56,23.58,22.47,22.47,50413,58235648.0,4.68,-5.27,-1.25,5.99
625,2014-05-08,22.27,22.94,22.15,22.37,40568,45832689.0,3.52,-0.45,-0.1,4.82
626,2014-05-09,22.37,22.59,21.16,21.38,51804,56213524.0,6.39,-4.43,-0.99,6.16
627,2014-05-12,21.6,22.17,21.02,22.07,39736,43253289.0,5.38,3.23,0.69,4.72
628,2014-05-13,21.97,22.47,21.74,21.95,32366,35683881.0,3.31,-0.54,-0.12,3.85
629,2014-05-14,21.82,22.59,21.82,22.51,33795,37618352.0,3.51,2.55,0.56,4.02
630,2014-05-15,22.39,22.73,21.34,21.38,37895,41871475.0,6.18,-5.02,-1.13,4.5
631,2014-05-16,21.28,21.62,20.65,21.44,29018,30822467.0,4.54,0.28,0.06,3.45
632,2014-05-19,21.18,21.68,20.85,21.28,24028,25555222.0,3.87,-0.75,-0.16,2.86
633,2014-05-20,21.54,22.13,21.44,21.6,36870,40286553.0,3.24,1.5,0.32,4.38
634,2014-05-21,21.42,22.09,21.0,21.93,24494,26580299.0,5.05,1.53,0.33,2.91
635,2014-05-22,21.93,22.43,21.8,21.83,36245,40207164.0,2.87,-0.46,-0.1,4.31
636,2014-05-23,21.83,22.43,21.7,22.41,26878,29711020.0,3.34,2.66,0.58,3.19
637,2014-05-26,22.41,22.77,22.37,22.77,38666,43622255.0,1.78,1.61,0.36,4.6
638,2014-05-27,22.61,22.69,22.29,22.53,30697,34522180.0,1.76,-1.05,-0.24,3.65
639,2014-05-28,22.51,23.06,22.27,22.9,48399,55138546.0,3.51,1.64,0.37,5.75
640,2014-05-29,22.92,23.04,22.33,22.61,37096,42081281.0,3.1,-1.27,-0.29,4.41
641,2014-05-30,22.41,22.53,22.13,22.29,24527,27418078.0,1.77,-1.42,-0.32,2.92
642,2014-06-03,22.29,22.65,21.8,21.82,24909,27750031.0,3.81,-2.11,-0.47,2.96
643,2014-06-04,21.78,21.97,21.38,21.95,23095,25057952.0,2.7,0.6,0.13,2.74
644,2014-06-05,21.95,22.73,21.8,22.65,35497,39910925.0,4.24,3.19,0.7,4.22
645,2014-06-06,22.96,23.72,22.71,22.94,49910,58112688.0,4.46,1.28,0.29,5.93
646,2014-06-09,22.73,23.48,22.47,23.26,41363,47756036.0,4.4,1.39,0.32,4.92
647,2014-06-10,23.06,23.4,22.55,23.28,35215,40621903.0,3.65,0.09,0.02,4.19
648,2014-06-11,23.28,24.19,23.18,23.6,45864,54688335.0,4.34,1.37,0.32,5.45
649,2014-06-12,23.68,23.85,22.88,22.94,45578,53038299.0,4.11,-2.8,-0.66,5.42
650,2014-06-13,22.96,23.58,22.77,23.42,50441,58745224.0,3.53,2.09,0.48,5.99
651,2014-06-16,23.46,23.76,23.3,23.66,38422,45402260.0,1.96,1.02,0.24,4.57
652,2014-06-17,23.44,24.13,23.4,23.99,56916,68039168.0,3.09,1.39,0.33,6.76
653,2014-06-18,23.93,25.77,23.74,25.1,97863,122002647.0,8.46,4.63,1.11,11.63
654,2014-06-19,25.0,25.1,23.72,24.41,51633,63175706.0,5.5,-2.75,-0.69,6.14
655,2014-06-20,24.23,25.14,23.99,24.71,45233,55730057.0,4.71,1.23,0.3,5.38
656,2014-06-23,24.86,26.65,24.55,26.33,102808,133318708.0,8.5,6.56,1.62,12.22
657,2014-06-24,26.11,27.12,25.7,26.96,96323,127642799.0,5.39,2.39,0.63,11.45
658,2014-06-25,26.92,27.36,26.33,26.39,69884,93825926.0,3.82,-2.11,-0.57,8.31
659,2014-06-26,26.21,28.17,26.21,28.05,115090,158818378.0,7.43,6.29,1.66,13.68
660,2014-06-27,27.71,28.13,27.54,27.93,53454,74716417.0,2.1,-0.43,-0.12,6.35
661,2014-06-30,27.97,29.63,27.95,29.08,89560,130292826.0,6.02,4.12,1.15,10.46
662,2014-07-01,29.06,30.07,28.7,29.89,74525,110834982.0,4.71,2.79,0.81,8.71
663,2014-07-02,29.81,32.86,29.71,32.86,119213,190593174.0,10.54,9.94,2.97,13.93
664,2014-07-03,33.63,34.01,32.07,32.86,106565,176647198.0,5.9,0.0,0.0,12.45
665,2014-07-04,32.54,32.88,31.32,31.89,75483,121732174.0,4.75,-2.95,-0.97,8.82
666,2014-07-07,32.27,32.5,31.06,31.53,69660,111272384.0,4.52,-1.13,-0.36,8.14
667,2014-07-08,31.48,33.36,30.62,32.84,100686,162880784.0,8.69,4.15,1.31,11.76
668,2014-07-09,32.56,32.84,30.76,30.76,66385,105513909.0,6.33,-6.33,-2.08,7.75
669,2014-07-10,29.12,30.31,28.9,29.38,101252,150601779.0,4.58,-4.49,-1.38,11.83
670,2014-07-11,29.52,30.45,28.7,29.0,67555,100301960.0,5.96,-1.29,-0.38,7.89
671,2014-07-14,29.14,30.54,28.6,30.49,64958,96459526.0,6.69,5.14,1.49,4.41
672,2014-07-15,30.39,31.2,30.03,30.78,57220,88235025.0,3.84,0.95,0.29,3.88
673,2014-07-16,30.62,31.12,29.34,30.43,43901,66372567.0,5.78,-1.14,-0.35,2.98
674,2014-07-17,30.29,31.95,30.27,31.71,55870,87587166.0,5.52,4.21,1.28,3.79
675,2014-07-18,31.61,32.17,31.08,31.85,48923,77715735.0,3.44,0.44,0.14,3.32
676,2014-07-21,32.05,32.96,31.36,32.72,60412,97980162.0,5.02,2.73,0.87,4.1
677,2014-07-22,32.46,32.96,32.11,32.5,61280,100177871.0,2.6,-0.67,-0.22,4.16
678,2014-07-23,32.29,32.5,31.16,31.28,71791,114204009.0,4.12,-3.75,-1.22,4.87
679,2014-07-24,31.28,31.28,29.65,29.89,90228,136645275.0,5.21,-4.44,-1.39,6.12
680,2014-07-25,29.87,31.06,29.57,30.25,36555,56036649.0,4.98,1.2,0.36,2.48
681,2014-07-28,30.29,31.18,30.13,30.84,19745,30604353.0,3.47,1.95,0.59,1.34
682,2014-07-29,30.88,31.22,30.58,31.08,19722,30645593.0,2.08,0.78,0.24,1.34
683,2014-07-30,31.26,31.26,30.09,30.29,19844,30350543.0,3.76,-2.54,-0.79,1.35
684,2014-07-31,30.31,32.46,29.65,32.3,41972,65210018.0,9.28,6.64,2.01,2.85
685,2014-08-01,32.07,33.55,31.59,32.48,47712,78526450.0,6.07,0.56,0.18,3.24
686,2014-08-04,32.5,33.81,32.5,32.96,42292,70387079.0,4.03,1.48,0.48,2.87
687,2014-08-05,33.36,33.36,32.07,32.76,34936,56964291.0,3.91,-0.61,-0.2,2.37
688,2014-08-06,32.8,33.22,32.11,32.54,30738,50119520.0,3.39,-0.67,-0.22,2.09
689,2014-08-07,32.45,33.75,32.27,32.98,70919,117735823.0,4.55,1.35,0.44,4.81
690,2014-08-08,32.98,33.65,32.6,33.55,47514,79414114.0,3.18,1.73,0.57,3.22
691,2014-08-11,33.53,34.41,33.53,33.85,49286,83726408.0,2.62,0.89,0.3,3.34
692,2014-08-12,34.25,34.27,32.84,33.38,30338,50901538.0,4.22,-1.39,-0.47,2.06
693,2014-08-13,33.38,33.75,32.94,33.53,19486,32643423.0,2.43,0.45,0.15,1.32
694,2014-08-14,33.63,33.75,33.08,33.18,27197,45634492.0,2.0,-1.04,-0.35,1.84
695,2014-08-15,33.18,34.09,33.18,33.71,27971,47470690.0,2.74,1.6,0.53,1.89
696,2014-08-18,33.71,34.7,33.61,33.81,18839,32036945.0,3.23,0.3,0.1,1.28
697,2014-08-19,33.75,35.1,33.2,35.08,49765,85201959.0,5.62,3.76,1.27,3.37
698,2014-08-20,35.04,35.99,34.7,35.55,31369,56100363.0,3.68,1.34,0.47,2.12
699,2014-08-21,35.59,37.18,35.24,36.36,30992,56466102.0,5.46,2.28,0.81,2.1
700,2014-08-22,36.03,36.23,35.39,35.79,21480,38520080.0,2.31,-1.57,-0.57,1.46
701,2014-08-25,36.36,36.42,34.54,34.56,33900,59496132.0,5.25,-3.44,-1.23,2.3
702,2014-08-26,34.41,34.44,33.65,34.03,67818,116286993.0,2.29,-1.53,-0.53,4.59
703,2014-08-27,34.37,35.69,33.85,35.55,63867,111586489.0,5.41,4.47,1.52,4.33
704,2014-08-28,35.41,36.36,34.86,36.05,37227,66499372.0,4.22,1.41,0.5,2.52
705,2014-08-29,35.47,36.13,35.47,35.61,19102,34366883.0,1.83,-1.22,-0.44,1.29
706,2014-09-01,35.26,36.17,35.24,35.73,16280,29213295.0,2.61,0.34,0.12,1.1
707,2014-09-02,35.99,37.28,35.99,37.02,46874,86660637.0,3.61,3.61,1.29,3.18
708,2014-09-03,36.98,37.39,36.21,36.68,41319,76546761.0,3.19,-0.92,-0.34,2.8
709,2014-09-04,37.02,37.18,35.83,36.17,34301,62456651.0,3.68,-1.39,-0.51,2.32
710,2014-09-05,36.15,36.15,35.0,35.41,39884,70793548.0,3.18,-2.1,-0.76,2.7
711,2014-09-09,35.79,35.79,31.89,34.46,36050,62699668.0,11.01,-2.68,-0.95,2.44
712,2014-09-10,34.44,34.44,33.55,33.65,59521,101018109.0,2.58,-2.35,-0.81,4.03
713,2014-09-11,33.85,34.03,33.47,33.75,39584,67174527.0,1.66,0.3,0.1,2.68
714,2014-09-12,33.87,34.8,33.16,33.63,98168,165179245.0,4.86,-0.36,-0.12,6.65
715,2014-09-15,33.77,33.79,32.56,32.66,135948,224292060.0,3.66,-2.88,-0.97,9.21
716,2014-09-16,32.66,32.96,31.28,31.46,110914,179632712.0,5.14,-3.67,-1.2,7.51
717,2014-09-17,31.57,31.73,29.89,30.39,106320,163853562.0,5.85,-3.4,-1.07,7.2
718,2014-09-18,30.39,31.12,29.54,31.04,80775,123568979.0,5.2,2.14,0.65,5.47
719,2014-09-19,30.88,32.25,30.49,31.81,73692,115912314.0,5.67,2.48,0.77,4.99
720,2014-09-22,31.63,31.85,30.21,30.35,90873,140660114.0,5.16,-4.59,-1.46,6.16
721,2014-09-23,30.41,30.82,30.09,30.58,59211,90586388.0,2.41,0.76,0.23,4.01
722,2014-09-24,30.49,31.16,30.21,31.04,48634,75226324.0,3.11,1.5,0.46,3.29
723,2014-09-25,30.98,31.4,30.31,30.54,82392,126651855.0,3.51,-1.61,-0.5,5.58
724,2014-09-26,30.66,30.8,30.15,30.66,51656,79021589.0,2.13,0.39,0.12,3.5
725,2014-09-29,30.68,31.48,30.66,31.46,75158,117300209.0,2.67,2.61,0.8,5.09
726,2014-09-30,31.3,33.08,31.3,32.84,141843,230823437.0,5.66,4.39,1.38,9.61
727,2014-10-08,33.1,33.55,32.68,33.2,95551,159027258.0,2.65,1.1,0.36,6.47
728,2014-10-09,33.2,33.36,32.25,32.66,78202,128106827.0,3.34,-1.63,-0.54,5.3
729,2014-10-10,32.46,32.74,31.91,31.97,62539,101285736.0,2.54,-2.11,-0.69,4.24
730,2014-10-13,31.67,32.03,30.68,31.73,60973,95748849.0,4.22,-0.75,-0.24,4.13
731,2014-10-14,31.53,32.27,31.5,31.81,56005,89776999.0,2.43,0.25,0.08,3.79
732,2014-10-15,31.67,31.81,30.66,31.06,56799,88345227.0,3.62,-2.36,-0.75,3.85
733,2014-10-16,30.94,31.65,30.7,30.76,38482,60207174.0,3.06,-0.97,-0.3,2.61
734,2014-10-17,30.84,30.88,29.54,29.87,36584,55224253.0,4.36,-2.89,-0.89,2.48
735,2014-10-20,29.97,30.58,29.89,30.37,29159,44268143.0,2.31,1.67,0.5,1.98
736,2014-10-21,30.39,30.72,30.15,30.23,30294,46160222.0,1.88,-0.46,-0.14,2.05
737,2014-10-22,30.31,31.38,30.13,30.84,49182,76227984.0,4.13,2.02,0.61,3.33
738,2014-10-23,30.45,30.82,29.65,29.83,27047,40908606.0,3.79,-3.27,-1.01,1.83
739,2014-10-24,30.01,30.49,29.83,30.17,16389,24859357.0,2.21,1.14,0.34,1.11
740,2014-10-27,30.23,30.23,28.47,28.55,56093,81539321.0,5.83,-5.37,-1.62,3.8
741,2014-10-28,28.64,29.38,28.51,29.28,56845,82726242.0,3.05,2.56,0.73,3.85
742,2014-10-29,29.28,29.95,29.28,29.46,41785,62030125.0,2.29,0.61,0.18,2.83
743,2014-10-30,29.63,30.03,29.4,29.79,35103,52456107.0,2.14,1.12,0.33,2.38
744,2014-10-31,29.79,29.89,29.1,29.42,22711,33490857.0,2.65,-1.24,-0.37,1.54
745,2014-11-03,29.57,30.33,29.2,30.15,49042,73629941.0,3.84,2.48,0.73,3.32
746,2014-11-04,30.11,30.51,29.89,30.17,36241,54963067.0,2.06,0.07,0.02,2.46
747,2014-11-05,30.21,30.21,29.4,29.93,23222,34677662.0,2.68,-0.8,-0.24,1.57
748,2014-11-06,29.65,30.19,29.52,29.99,26545,39824660.0,2.24,0.2,0.06,1.8
749,2014-11-07,30.01,30.07,29.34,29.48,32413,48342301.0,2.43,-1.7,-0.51,2.2
750,2014-11-10,29.5,29.5,28.51,29.46,36215,52785268.0,3.36,-0.07,-0.02,2.45
751,2014-11-11,29.5,29.5,28.43,28.78,27108,39119049.0,3.63,-2.31,-0.68,1.84
752,2014-11-12,28.7,28.94,28.51,28.78,15373,22160523.0,1.49,0.0,0.0,1.04
753,2014-11-13,28.66,28.92,27.62,27.83,27392,38416798.0,4.52,-3.3,-0.95,1.86
754,2014-11-14,27.77,28.03,27.42,27.48,17971,24930272.0,2.19,-1.26,-0.35,1.22
755,2014-11-17,27.52,28.27,27.46,28.09,19038,26691431.0,2.95,2.22,0.61,1.29
756,2014-11-18,28.09,28.39,28.01,28.13,12516,17672731.0,1.35,0.14,0.04,0.85
757,2014-11-19,28.25,29.0,27.97,28.78,26944,38628634.0,3.66,2.31,0.65,1.83
758,2014-11-20,28.59,29.5,28.43,29.32,23986,34689942.0,3.72,1.88,0.54,1.62
759,2014-11-21,29.18,29.54,28.7,29.28,40385,59026825.0,2.86,-0.14,-0.04,2.74
760,2014-11-24,29.18,29.32,28.72,29.18,43914,63877960.0,2.05,-0.34,-0.1,2.97
761,2014-11-25,29.18,29.63,28.94,29.36,41472,60984464.0,2.36,0.62,0.18,2.81
762,2014-11-26,29.34,29.61,29.14,29.36,30749,45337725.0,1.6,0.0,0.0,2.08
763,2014-11-27,29.38,29.48,28.64,28.92,60353,87497838.0,2.86,-1.5,-0.44,4.09
764,2014-11-28,28.8,28.92,28.51,28.62,37682,54218270.0,1.42,-1.04,-0.3,2.55
765,2014-12-01,28.6,28.62,27.52,27.63,46294,64768622.0,3.84,-3.46,-0.99,3.14
766,2014-12-02,27.65,29.2,27.65,28.7,43244,61001088.0,5.61,3.87,1.07,2.93
767,2014-12-03,28.45,28.49,27.62,28.27,68966,96672297.0,3.03,-1.5,-0.43,4.67
768,2014-12-04,28.31,29.4,28.07,29.3,104808,152072771.0,4.7,3.64,1.03,7.1
769,2014-12-05,29.26,29.26,27.81,27.99,52038,74040336.0,4.95,-4.47,-1.31,3.53
770,2014-12-08,27.99,28.17,27.34,27.62,42647,59190353.0,2.97,-1.32,-0.37,2.89
771,2014-12-09,27.28,27.52,24.94,25.42,58701,77772928.0,9.34,-7.97,-2.2,3.98
772,2014-12-10,25.4,26.51,25.1,26.15,37735,48650567.0,5.55,2.87,0.73,2.56
773,2014-12-11,26.09,26.49,25.85,26.33,33314,43698697.0,2.45,0.69,0.18,2.26
774,2014-12-12,26.29,28.31,26.25,28.23,79915,108924685.0,7.82,7.22,1.9,5.41
775,2014-12-15,28.23,28.23,27.08,27.73,58651,80856873.0,4.07,-1.77,-0.5,3.97
776,2014-12-16,27.63,28.11,27.34,27.67,36570,50726803.0,2.78,-0.22,-0.06,2.48
777,2014-12-17,27.71,27.95,26.7,26.74,42407,57608076.0,4.52,-3.36,-0.93,2.87
778,2014-12-18,26.72,27.16,26.25,26.82,19105,25746035.0,3.4,0.3,0.08,1.29
779,2014-12-19,26.8,26.82,25.28,25.7,46976,60627744.0,5.74,-4.18,-1.12,3.18
780,2014-12-22,25.56,25.56,23.14,23.38,48259,57272354.0,9.42,-9.03,-2.32,3.26
781,2014-12-23,23.4,23.91,21.97,22.41,58626,67366577.0,8.3,-4.15,-0.97,3.93
782,2014-12-24,22.57,22.98,22.41,22.96,54150,61393048.0,2.54,2.45,0.55,3.63
783,2014-12-25,23.08,23.22,22.67,22.92,52349,60063118.0,2.4,-0.17,-0.04,3.51
784,2014-12-26,22.88,22.94,22.37,22.65,52135,59077125.0,2.49,-1.18,-0.27,3.5
785,2014-12-29,22.57,22.57,21.2,21.5,75062,81532493.0,6.05,-5.08,-1.15,5.03
786,2014-12-30,21.54,21.68,20.49,20.83,82976,86984520.0,5.53,-3.12,-0.67,5.56
787,2014-12-31,20.88,21.66,20.86,21.24,72937,77449606.0,3.84,1.97,0.41,4.89
788,2015-01-05,21.32,21.62,20.63,21.46,50162,53025252.0,4.66,1.04,0.22,3.36
789,2015-01-06,21.22,22.63,21.12,22.49,86061,94988332.0,7.04,4.8,1.03,5.77
790,2015-01-07,22.37,22.57,21.87,22.15,46701,51801434.0,3.11,-1.51,-0.34,3.13
791,2015-01-08,22.29,22.75,22.07,22.33,57486,64480364.0,3.07,0.81,0.18,3.86
792,2015-01-09,22.25,22.9,22.11,22.21,56475,63776625.0,3.54,-0.54,-0.12,3.79
793,2015-01-12,21.87,22.17,21.18,21.56,58273,63246746.0,4.46,-2.93,-0.65,3.91
794,2015-01-13,21.38,23.12,21.36,22.88,95278,107222033.0,8.16,6.12,1.32,6.39
795,2015-01-14,22.65,22.94,22.23,22.47,66451,74913247.0,3.1,-1.79,-0.41,4.46
796,2015-01-15,21.87,22.15,21.5,21.99,62557,68563902.0,2.89,-2.14,-0.48,4.2
797,2015-01-16,22.11,22.75,22.05,22.49,59496,66867524.0,3.18,2.27,0.5,3.99
798,2015-01-19,22.31,23.28,21.6,22.57,106339,120570952.0,7.47,0.36,0.08,7.13
799,2015-01-20,22.57,23.54,22.57,23.52,110665,128000904.0,4.3,4.21,0.95,7.42
800,2015-01-21,23.64,24.25,23.4,23.93,109205,130258668.0,3.61,1.74,0.41,7.33
801,2015-01-22,23.85,24.35,23.64,24.27,79087,94849690.0,2.97,1.42,0.34,5.3
802,2015-01-23,24.27,24.29,23.36,23.52,74691,89059400.0,3.83,-3.09,-0.75,5.01
803,2015-01-26,23.52,23.99,23.46,23.99,41707,49797857.0,2.25,2.0,0.47,2.8
804,2015-01-27,24.01,24.19,23.4,23.87,56846,67638515.0,3.29,-0.5,-0.12,3.81
805,2015-01-28,23.72,25.5,23.48,24.73,147513,181193937.0,8.46,3.6,0.86,9.89
806,2015-01-29,24.27,24.71,24.15,24.25,59988,73257232.0,2.26,-1.94,-0.48,4.02
807,2015-01-30,24.27,24.49,23.36,23.36,53754,64196666.0,4.66,-3.67,-0.89,3.61
808,2015-02-02,23.12,23.52,22.86,23.24,35532,41340159.0,2.83,-0.51,-0.12,2.38
809,2015-02-03,23.36,24.37,23.3,24.15,116053,139121309.0,4.6,3.92,0.91,7.78
810,2015-02-04,24.11,25.18,23.79,24.8,135801,167338547.0,5.76,2.69,0.65,9.11
811,2015-02-05,24.8,25.3,24.41,24.55,96606,120620218.0,3.59,-1.01,-0.25,6.48
812,2015-02-06,24.53,24.9,24.07,24.33,79404,97231349.0,3.38,-0.9,-0.22,5.33
813,2015-02-09,24.19,24.39,23.56,23.72,50297,60297225.0,3.41,-2.51,-0.61,3.37
814,2015-02-10,23.85,24.47,23.58,24.41,37791,45531803.0,3.75,2.91,0.69,2.53
815,2015-02-11,24.41,24.53,24.01,24.09,40757,49457385.0,2.13,-1.31,-0.32,2.73
816,2015-02-12,24.15,24.43,23.91,24.25,47730,57871894.0,2.16,0.66,0.16,3.2
817,2015-02-13,24.33,24.96,24.31,24.55,60832,75149248.0,2.68,1.24,0.3,4.08
818,2015-02-16,24.74,25.4,24.35,25.36,90844,113582978.0,4.28,3.3,0.81,6.09
819,2015-02-17,25.5,25.5,24.84,25.1,62048,78089546.0,2.6,-1.03,-0.26,4.16
820,2015-02-25,25.1,25.81,24.9,25.56,76546,97613456.0,3.63,1.83,0.46,5.13
821,2015-02-26,25.36,26.03,25.28,25.79,81735,105502058.0,2.93,0.9,0.23,5.48
822,2015-02-27,25.79,26.35,25.54,26.11,66718,87075817.0,3.14,1.24,0.32,4.48
823,2015-03-02,26.19,26.55,25.81,26.45,87422,114908773.0,2.83,1.3,0.34,5.86
824,2015-03-03,26.25,26.35,25.44,25.58,88124,114729530.0,3.44,-3.29,-0.87,5.91
825,2015-03-04,25.4,26.8,25.4,26.78,112032,147659038.0,5.47,4.69,1.2,7.51
826,2015-03-05,26.68,27.0,26.17,26.47,74172,98346593.0,3.1,-1.16,-0.31,4.98
827,2015-03-06,26.47,26.65,25.62,25.73,73012,95179794.0,3.89,-2.8,-0.74,4.9
828,2015-03-09,25.91,26.72,25.48,26.65,85236,112065416.0,4.82,3.58,0.92,5.72
829,2015-03-10,26.51,26.96,26.29,26.84,94350,126474229.0,2.51,0.71,0.19,6.33
830,2015-03-11,26.84,26.84,26.21,26.43,78337,103735966.0,2.35,-1.53,-0.41,5.25
831,2015-03-12,26.53,26.7,25.89,26.17,62904,82753326.0,3.06,-0.98,-0.26,4.22
832,2015-03-13,26.19,27.83,26.19,27.4,144398,195082628.0,6.27,4.7,1.23,9.69
833,2015-06-15,30.09,30.09,30.09,30.09,2052,3077655.0,0.0,9.82,2.69,0.13
834,2015-06-16,33.06,33.06,33.06,33.06,327,539632.0,0.0,9.87,2.97,0.02
835,2015-06-17,36.33,36.33,36.33,36.33,1864,3383287.0,0.0,9.89,3.27,0.12
836,2015-06-18,39.93,39.93,39.93,39.93,2988,5967295.0,0.0,9.91,3.6,0.19
837,2015-06-19,39.99,43.73,37.24,40.98,433812,881626816.0,16.25,2.63,1.05,27.16
838,2015-06-23,39.99,41.71,36.92,38.05,291720,567286752.0,11.69,-7.15,-2.93,18.26
839,2015-06-24,38.8,41.81,38.21,41.81,331843,680021600.0,9.46,9.88,3.76,20.77
840,2015-06-25,41.95,41.95,38.03,38.21,264861,533950512.0,9.38,-8.61,-3.6,16.58
841,2015-06-26,35.04,36.46,34.42,34.42,126991,221602710.0,5.34,-9.92,-3.79,7.95
842,2015-06-29,33.65,34.25,31.02,31.02,215607,342709968.0,9.38,-9.88,-3.4,13.5
843,2015-06-30,30.09,34.09,28.31,33.51,200261,310263536.0,18.63,8.03,2.49,12.48
844,2015-07-01,32.66,34.92,30.64,30.96,193125,321488624.0,12.77,-7.61,-2.55,12.04
845,2015-07-02,30.58,31.28,27.91,27.91,141380,206399557.0,10.89,-9.85,-3.05,8.81
846,2015-07-03,26.96,28.49,25.16,25.2,149164,193704008.0,11.93,-9.71,-2.71,9.3
847,2015-07-06,27.67,27.67,22.79,23.08,153546,191339977.0,19.37,-8.41,-2.12,9.57
848,2015-07-07,21.93,22.17,20.81,20.81,62378,65149456.0,5.89,-9.84,-2.27,3.89
849,2015-07-08,18.77,20.45,18.77,19.6,211991,201142896.0,8.07,-5.81,-1.21,13.21
850,2015-07-09,18.83,21.52,18.83,21.52,128257,132653187.0,13.72,9.8,1.92,7.99
851,2015-07-10,23.16,23.64,22.17,23.64,40878,47171592.0,6.83,9.85,2.12,2.55
852,2015-07-13,25.91,25.95,24.55,25.95,140940,180518244.0,5.92,9.77,2.31,8.78
853,2015-07-14,25.95,28.37,25.54,27.71,228007,310344176.0,10.91,6.78,1.76,14.21
854,2015-07-15,26.92,27.69,24.98,24.98,98758,126397982.0,9.78,-9.85,-2.73,6.15
855,2015-07-16,24.98,26.49,22.53,24.51,170405,208381890.0,15.85,-1.88,-0.47,10.62
856,2015-07-17,24.63,26.92,24.63,26.59,108935,139699350.0,9.34,8.49,2.08,6.79
857,2015-07-20,26.92,27.71,25.97,26.72,135951,181436934.0,6.54,0.49,0.13,8.47
858,2015-07-21,26.13,27.62,25.75,27.16,113736,152425644.0,7.0,1.65,0.44,7.09
859,2015-07-22,27.12,27.87,26.39,27.62,105110,142797796.0,5.45,1.69,0.46,6.55
860,2015-07-23,27.52,30.01,27.44,29.4,135319,192754167.0,9.3,6.44,1.78,8.43
861,2015-07-24,29.18,30.39,28.31,28.6,141099,208883828.0,7.07,-2.72,-0.8,8.79
862,2015-07-27,27.77,29.06,25.79,25.79,105508,144656048.0,11.43,-9.83,-2.81,6.58
863,2015-07-28,23.66,25.64,23.26,23.38,112645,133598908.0,9.23,-9.34,-2.41,7.02
864,2015-07-29,24.15,25.1,22.41,25.0,102960,121953714.0,11.51,6.93,1.62,6.42
865,2015-07-30,24.59,25.58,24.05,24.13,90353,111709120.0,6.12,-3.48,-0.87,5.63
866,2015-07-31,23.58,24.65,23.34,24.19,59848,71450461.0,5.43,0.25,0.06,3.73
867,2015-08-03,23.58,24.05,22.75,22.96,69825,80434642.0,5.37,-5.08,-1.23,4.35
868,2015-08-04,23.14,25.22,23.12,25.22,98737,120401158.0,9.15,9.84,2.26,6.15
869,2015-08-05,25.3,26.35,24.74,24.96,92854,118099351.0,6.38,-1.03,-0.26,5.79
870,2015-08-06,24.53,26.76,24.15,26.35,107722,136601581.0,10.46,5.57,1.39,6.71
871,2015-08-07,26.49,27.58,26.13,27.56,103538,138820493.0,5.5,4.59,1.21,6.45
872,2015-08-10,27.81,29.81,27.26,29.3,123517,175179367.0,9.25,6.31,1.74,7.7
873,2015-08-11,29.12,30.13,28.19,29.32,122960,178678559.0,6.62,0.07,0.02,7.66
874,2015-08-12,28.82,29.95,28.31,29.1,83561,121442563.0,5.59,-0.75,-0.22,5.21
875,2015-08-13,28.7,29.97,28.55,29.77,80693,118167861.0,4.88,2.3,0.67,5.03
876,2015-08-14,30.05,31.22,29.48,30.66,109439,166010213.0,5.84,2.99,0.89,6.82
877,2015-08-17,30.13,32.23,30.13,30.47,94744,145657843.0,6.85,-0.62,-0.19,5.9
878,2015-08-18,30.33,30.58,27.46,27.46,109274,158237044.0,10.24,-9.88,-3.01,6.81
879,2015-08-19,26.13,28.51,25.04,28.47,105803,139145780.0,12.64,3.68,1.01,6.59
880,2015-08-20,27.91,28.45,26.72,27.32,60942,83902512.0,6.08,-4.04,-1.15,3.8
881,2015-08-21,26.23,26.98,24.63,24.63,71919,91407084.0,8.6,-9.85,-2.69,4.48
882,2015-08-24,23.44,23.44,22.21,22.21,41168,45873687.0,4.99,-9.83,-2.42,2.57
883,2015-08-25,20.09,20.98,20.03,20.03,48472,48500308.0,4.28,-9.82,-2.18,3.02
884,2015-08-26,20.19,21.26,18.85,19.86,86576,87143792.0,12.03,-0.85,-0.17,5.4
885,2015-08-27,20.25,21.02,19.76,20.96,50378,51071505.0,6.34,5.54,1.1,3.14
886,2015-08-28,21.28,22.53,21.04,22.45,53793,57770189.0,7.11,7.11,1.49,3.35
887,2015-08-31,22.19,22.25,20.98,21.08,43937,46969678.0,5.66,-6.1,-1.37,2.74
888,2015-09-01,20.81,20.85,19.02,19.02,52957,51383231.0,8.68,-9.77,-2.06,3.3
889,2015-09-02,17.84,19.64,17.84,17.9,81733,74147888.0,9.46,-5.89,-1.12,5.09
890,2015-09-07,18.51,19.4,18.23,18.79,50867,47443820.0,6.54,4.97,0.89,3.17
891,2015-09-08,18.43,20.21,18.41,20.17,42000,39831319.0,9.58,7.34,1.38,2.62
892,2015-09-09,20.17,21.44,20.15,20.96,65043,67293328.0,6.4,3.92,0.79,4.05
893,2015-09-10,20.69,20.94,20.21,20.35,36818,37679566.0,3.48,-2.91,-0.61,2.29
894,2015-09-11,20.55,20.92,20.31,20.79,29721,30408165.0,3.0,2.16,0.44,1.85
895,2015-09-14,20.88,21.14,18.75,18.75,54771,53332175.0,11.5,-9.81,-2.04,3.41
896,2015-09-15,18.23,18.92,18.17,18.51,37915,34766523.0,4.0,-1.28,-0.24,2.36
897,2015-09-16,18.61,20.33,18.61,20.33,57544,55498208.0,9.29,9.83,1.82,3.59
898,2015-09-17,20.75,21.74,20.33,20.43,90941,94848590.0,6.94,0.49,0.1,5.67
899,2015-09-18,20.61,21.14,20.33,21.06,52454,54036995.0,3.96,3.08,0.63,3.27
900,2015-09-21,20.77,22.17,20.37,21.8,64326,67935311.0,8.55,3.51,0.74,4.01
901,2015-09-22,21.8,21.95,20.92,21.36,58809,62678056.0,4.72,-2.02,-0.44,3.66
902,2015-09-23,20.83,21.48,20.71,21.08,35577,37099889.0,3.6,-1.31,-0.28,2.22
903,2015-09-24,21.04,21.58,21.04,21.38,31013,32846070.0,2.56,1.42,0.3,1.93
904,2015-09-25,21.26,21.8,20.33,20.59,41384,43411974.0,6.88,-3.7,-0.79,2.58
905,2015-09-28,21.28,21.76,21.04,21.56,51253,54386641.0,3.5,4.71,0.97,3.19
906,2015-09-29,20.98,21.46,20.81,21.0,31807,33218774.0,3.01,-2.6,-0.56,1.98
907,2015-09-30,21.18,21.42,20.83,21.1,21367,22432441.0,2.81,0.48,0.1,1.33
908,2015-10-08,21.97,22.29,21.58,22.03,39210,42811826.0,3.36,4.41,0.93,2.44
909,2015-10-09,22.05,22.57,21.82,22.41,44357,48849897.0,3.4,1.72,0.38,2.76
910,2015-10-12,22.45,24.11,22.45,23.64,54525,63197263.0,7.41,5.49,1.23,3.4
911,2015-10-13,23.54,23.89,23.18,23.85,41492,48657656.0,3.0,0.89,0.21,2.59
912,2015-10-14,23.83,24.09,23.32,23.36,52160,61393288.0,3.23,-2.05,-0.49,3.25
913,2015-10-15,22.92,24.09,22.77,24.07,87839,102994051.0,5.65,3.04,0.71,5.47
914,2015-10-16,24.13,24.71,23.81,24.59,86572,104712102.0,3.74,2.16,0.52,5.4
915,2015-10-19,25.2,26.39,24.9,25.48,126412,160732916.0,6.06,3.62,0.89,7.88
916,2015-10-20,25.46,27.91,24.96,27.26,117066,154153763.0,11.58,6.99,1.78,7.3
917,2015-10-21,26.84,29.87,25.66,26.13,176491,241112393.0,15.44,-4.15,-1.13,11.0
918,2015-10-22,25.77,27.1,24.9,26.7,137853,180770222.0,8.42,2.18,0.57,8.59
919,2015-10-23,26.92,27.42,26.01,27.42,135365,180543258.0,5.28,2.7,0.72,8.44
920,2015-10-26,27.85,28.76,27.44,27.93,121907,170236157.0,4.81,1.86,0.51,7.6
921,2015-10-27,27.73,27.77,25.81,27.6,71234,95510078.0,7.02,-1.18,-0.33,4.44
922,2015-10-28,27.06,27.67,26.15,26.33,61353,81905767.0,5.51,-4.6,-1.27,3.82
923,2015-10-29,27.12,27.12,26.31,26.63,48089,63965367.0,3.08,1.14,0.3,3.0
924,2015-10-30,26.53,27.22,25.81,26.45,67799,89460161.0,5.29,-0.68,-0.18,4.23
925,2015-11-02,25.69,26.57,25.22,25.34,51240,66157481.0,5.1,-4.2,-1.11,3.19
926,2015-11-03,25.6,25.93,24.98,25.26,45831,57953435.0,3.75,-0.32,-0.08,2.86
927,2015-11-04,25.52,27.04,25.46,27.0,71622,93994324.0,6.25,6.89,1.74,4.46
928,2015-11-05,27.28,27.91,26.57,26.82,83550,113030083.0,4.96,-0.67,-0.18,5.21
929,2015-11-06,27.08,28.19,27.08,27.89,99580,138458045.0,4.14,3.99,1.07,6.21
930,2015-11-09,27.32,29.26,27.02,28.9,152122,213536441.0,8.03,3.62,1.01,9.48
931,2015-11-10,28.53,28.88,28.13,28.66,78370,111205901.0,2.6,-0.83,-0.24,4.88
932,2015-11-11,28.72,29.69,28.41,29.32,82726,120021896.0,4.47,2.3,0.66,5.16
933,2015-11-12,30.09,31.02,28.72,29.3,83284,121377828.0,7.84,-0.07,-0.02,5.19
934,2015-11-13,29.14,29.14,27.73,28.41,87521,123852820.0,4.81,-3.04,-0.89,5.45
935,2015-11-16,28.09,29.67,27.52,29.63,85002,123206321.0,7.57,4.29,1.22,5.3
936,2015-11-17,29.79,31.04,28.72,28.92,108467,160995510.0,7.83,-2.4,-0.71,6.76
937,2015-11-18,29.14,29.3,28.27,28.51,46189,66396622.0,3.56,-1.42,-0.41,2.88
938,2015-11-19,28.6,30.07,28.6,30.01,59014,86357112.0,5.16,5.26,1.5,3.68
939,2015-11-20,30.01,31.46,29.71,31.1,103498,158632347.0,5.83,3.63,1.09,6.45
940,2015-11-23,30.98,32.37,30.49,31.02,89075,139775710.0,6.05,-0.26,-0.08,5.55
941,2015-11-24,30.98,32.37,30.19,32.17,71196,111255905.0,7.03,3.71,1.15,4.44
942,2015-11-25,32.64,33.97,32.07,33.55,103965,173597676.0,5.91,4.29,1.38,6.48
943,2015-11-26,33.26,34.03,32.66,33.38,77339,128330460.0,4.08,-0.51,-0.17,4.82
944,2015-11-27,33.02,33.83,30.09,30.92,78430,125999643.0,11.2,-7.37,-2.46,4.89
945,2015-11-30,31.55,32.05,29.83,31.91,82215,128034781.0,7.18,3.2,0.99,5.12
946,2015-12-01,32.25,33.02,31.67,32.54,49968,80265062.0,4.23,1.97,0.63,3.11
947,2015-12-02,32.47,32.52,29.34,30.68,84845,129445516.0,9.77,-5.72,-1.86,5.29
948,2015-12-10,31.48,32.43,29.91,29.95,79841,125212231.0,8.21,-2.38,-0.73,4.98
949,2015-12-11,29.4,30.05,29.1,29.67,41486,60789234.0,3.17,-0.93,-0.28,2.59
950,2015-12-14,29.12,31.18,29.1,30.94,43884,66194578.0,7.01,4.28,1.27,2.73
951,2015-12-15,30.96,32.27,30.54,31.83,64156,100749510.0,5.59,2.88,0.89,4.0
952,2015-12-16,32.03,32.68,31.57,32.31,65872,105709998.0,3.49,1.51,0.48,4.11
953,2015-12-17,32.32,33.04,32.07,32.8,64151,104287745.0,3.0,1.52,0.49,4.0
954,2015-12-18,32.56,33.59,32.21,33.3,70867,116458010.0,4.21,1.52,0.5,4.42
955,2015-12-21,32.86,35.77,32.76,34.94,113106,195314779.0,9.04,4.92,1.64,7.05
956,2015-12-22,34.84,36.9,34.58,36.03,109613,197780155.0,6.64,3.12,1.09,6.83
957,2015-12-23,35.55,36.62,34.94,35.2,54645,97790983.0,4.66,-2.3,-0.83,3.41
958,2015-12-24,35.08,36.33,34.84,35.51,49214,87530805.0,4.23,0.88,0.31,3.07
959,2015-12-25,35.63,37.22,35.47,37.22,54819,100026272.0,4.93,4.82,1.71,3.42
960,2015-12-28,37.14,37.77,36.09,36.35,63046,116234060.0,4.51,-2.34,-0.87,3.93
961,2015-12-29,35.87,36.62,35.02,36.6,44477,79661901.0,4.4,0.69,0.25,2.77
962,2015-12-30,36.7,37.37,36.4,37.1,35992,66680958.0,2.65,1.37,0.5,2.24
963,2015-12-31,37.02,38.07,35.79,36.03,43673,80422549.0,6.15,-2.88,-1.07,2.66
964,2016-01-04,35.79,36.4,32.47,32.47,29312,49773810.0,10.91,-9.88,-3.56,1.78
965,2016-01-05,29.42,33.55,29.42,32.66,66875,105302646.0,12.72,0.59,0.19,4.07
966,2016-01-06,32.5,33.61,32.01,33.26,47708,78218074.0,4.9,1.84,0.6,2.9
967,2016-01-07,32.68,32.68,29.97,29.97,9376,14655530.0,8.15,-9.89,-3.29,0.57
968,2016-01-08,32.9,32.9,27.02,31.22,82363,124509304.0,19.62,4.17,1.25,5.01
969,2016-01-11,30.09,30.43,28.13,28.13,44692,64878435.0,7.37,-9.9,-3.09,2.72
970,2016-01-12,26.86,28.55,25.73,27.69,88259,118200132.0,10.02,-1.56,-0.44,5.37
971,2016-01-13,27.6,28.45,24.96,24.96,79082,104897439.0,12.6,-9.86,-2.73,4.81
972,2016-01-14,22.51,27.12,22.51,25.93,152823,177054821.0,18.47,3.89,0.97,9.3
973,2016-01-15,24.35,25.89,23.38,23.56,105979,129099651.0,9.68,-9.14,-2.37,6.45
974,2016-01-18,22.92,24.82,22.77,23.89,74448,88794498.0,8.7,1.4,0.33,4.53
975,2016-01-19,23.97,25.1,23.87,24.84,76800,93882397.0,5.15,3.98,0.95,4.67
976,2016-01-20,24.9,25.52,24.21,24.59,71090,87474721.0,5.27,-1.01,-0.25,4.32
977,2016-01-21,24.07,25.44,23.85,23.87,68348,83811064.0,6.47,-2.93,-0.72,4.16
978,2016-01-22,24.65,24.65,23.18,24.37,51704,61636486.0,6.16,2.09,0.5,3.15
979,2016-01-25,24.74,25.89,24.21,25.6,74952,94016505.0,6.89,5.05,1.23,4.56
980,2016-01-26,25.14,25.34,23.08,23.08,60441,72132271.0,8.83,-9.84,-2.52,3.68
981,2016-01-27,23.24,23.62,21.18,22.92,44658,49871644.0,10.57,-0.69,-0.16,2.72
982,2016-01-28,22.57,22.71,21.22,21.42,31813,35091829.0,6.5,-6.54,-1.5,1.94
983,2016-01-29,21.48,22.82,21.18,22.47,41425,45486663.0,7.66,4.9,1.05,2.53
984,2016-02-01,22.39,23.32,22.17,22.51,49874,56347837.0,5.12,0.18,0.04,3.05
985,2016-02-02,22.75,24.59,22.57,23.89,54196,63780398.0,8.97,6.13,1.38,3.31
986,2016-02-03,23.38,24.49,23.36,24.39,54343,64787540.0,4.73,2.09,0.5,3.32
987,2016-02-04,24.37,25.26,24.29,24.82,48152,59456296.0,3.98,1.76,0.43,2.94
988,2016-02-05,25.32,25.42,23.91,24.01,38141,46893928.0,6.08,-3.26,-0.81,2.33
989,2016-02-15,22.96,24.67,22.41,24.55,45992,54118118.0,9.41,2.25,0.54,2.81
990,2016-02-16,24.69,26.03,24.43,25.73,52287,66024893.0,6.52,4.81,1.18,3.19
991,2016-02-17,25.54,26.13,24.92,25.56,66318,83589432.0,4.7,-0.66,-0.17,4.05
992,2016-02-18,25.64,25.91,25.34,25.38,56874,72317566.0,2.23,-0.7,-0.18,3.47
993,2016-02-19,25.24,25.75,24.94,25.5,41338,52305407.0,3.19,0.47,0.12,2.53
994,2016-02-22,25.85,25.99,25.44,25.93,56559,72403350.0,2.16,1.69,0.43,3.45
995,2016-02-23,26.17,26.43,25.56,26.05,63682,82316525.0,3.36,0.46,0.12,3.89
996,2016-02-24,25.93,26.25,25.12,25.89,53083,67824429.0,4.34,-0.61,-0.16,3.24
997,2016-02-25,25.83,25.83,23.34,23.34,66841,81124544.0,9.62,-9.85,-2.55,4.08
998,2016-02-26,23.4,23.76,22.49,22.77,53548,61564309.0,5.44,-2.44,-0.57,3.27
999,2016-02-29,22.79,22.94,20.53,20.53,65906,68240870.0,10.58,-9.84,-2.24,4.03
1000,2016-03-01,20.55,21.38,19.8,21.04,57680,59116707.0,7.7,2.48,0.51,3.52
1001,2016-03-02,21.06,22.13,20.98,21.95,64175,68725563.0,5.47,4.33,0.91,3.92
1002,2016-03-03,22.07,22.63,21.93,21.95,60591,66749159.0,3.19,0.0,0.0,3.7
1003,2016-03-04,21.78,22.07,20.45,20.83,52710,55705754.0,7.38,-5.1,-1.12,3.22
1004,2016-03-07,21.16,21.91,20.9,21.58,45180,48311264.0,4.85,3.6,0.75,2.76
1005,2016-03-08,21.48,22.01,20.49,21.99,47742,50286153.0,7.04,1.9,0.41,2.92
1006,2016-03-09,21.44,21.91,21.22,21.5,34285,36656175.0,3.14,-2.23,-0.49,2.09
1007,2016-03-10,21.38,21.78,21.0,21.1,26512,28179812.0,3.63,-1.86,-0.4,1.62
1008,2016-03-11,20.85,21.42,20.63,21.28,21658,22682876.0,3.74,0.85,0.18,1.32
1009,2016-03-14,21.5,22.55,21.5,22.25,47148,52101992.0,4.93,4.56,0.97,2.88
1010,2016-03-15,22.27,22.67,22.17,22.39,41522,46268452.0,2.25,0.63,0.14,2.54
1011,2016-03-16,22.8,23.76,22.49,22.94,64343,73669447.0,5.67,2.46,0.55,3.93
1012,2016-03-17,23.12,23.99,22.77,23.97,78280,91341655.0,5.32,4.49,1.03,4.78
1013,2016-03-18,23.97,25.58,23.91,25.06,83618,102773900.0,6.97,4.55,1.09,5.11
1014,2016-03-21,25.69,26.13,25.18,25.81,78995,100848954.0,3.79,2.99,0.75,4.83
1015,2016-03-22,25.64,26.05,25.22,25.64,66437,84428086.0,3.22,-0.66,-0.17,4.06
1016,2016-03-23,25.64,25.95,25.26,25.89,65956,84092873.0,2.69,0.98,0.25,4.03
1017,2016-03-24,25.46,27.62,25.38,26.84,107990,142424227.0,8.65,3.67,0.95,6.6
1018,2016-03-25,26.84,27.26,25.89,26.53,72797,96183081.0,5.1,-1.15,-0.31,4.45
1019,2016-03-28,26.98,28.6,26.65,27.81,107147,148152770.0,7.35,4.82,1.28,6.54
1020,2016-03-29,27.83,29.2,26.88,28.9,119428,167801484.0,8.34,3.92,1.09,7.3
1021,2016-03-30,28.66,30.72,28.59,30.64,90843,135667356.0,7.37,6.02,1.74,5.55
1022,2016-03-31,30.45,32.52,30.33,30.88,135644,211150251.0,7.15,0.78,0.24,8.29
1023,2016-04-01,30.31,31.02,29.81,31.02,90626,136872012.0,3.92,0.45,0.14,5.54
1024,2016-04-05,30.7,31.36,30.51,31.16,88976,137554492.0,2.74,0.45,0.14,5.43
1025,2016-04-06,30.94,31.34,29.5,29.54,115203,172658807.0,5.91,-5.2,-1.62,7.04
1026,2016-04-07,30.03,30.07,29.1,29.3,79419,117499977.0,3.28,-0.81,-0.24,4.85
1027,2016-04-08,29.38,29.48,28.47,28.9,55478,79853860.0,3.45,-1.37,-0.4,3.39
1028,2016-04-11,29.75,31.61,29.3,30.98,139470,211861573.0,7.99,7.2,2.08,8.52
1029,2016-04-12,30.92,31.18,30.21,31.04,80737,123835970.0,3.13,0.19,0.06,4.93
1030,2016-04-13,30.92,32.47,30.82,32.13,76447,121989183.0,5.32,3.51,1.09,4.67
1031,2016-04-14,32.15,32.31,31.85,31.93,39354,62898333.0,1.43,-0.62,-0.2,2.4
1032,2016-04-15,32.05,32.05,31.2,31.53,45378,71501884.0,2.66,-1.25,-0.4,2.77
1033,2016-04-18,31.36,33.95,31.2,33.26,131150,214502424.0,8.72,5.49,1.73,8.01
1034,2016-04-19,32.86,33.65,32.66,33.47,48668,80495494.0,2.98,0.63,0.21,2.97
1035,2016-04-20,33.47,33.67,30.17,32.66,100920,157400988.0,10.46,-2.42,-0.81,6.16
1036,2016-04-21,32.07,32.23,30.41,31.08,60824,95386889.0,5.57,-4.84,-1.58,3.72
1037,2016-04-22,30.8,31.71,30.21,31.16,32545,50194065.0,4.83,0.26,0.08,1.99
1038,2016-04-25,30.84,31.46,30.25,31.4,24362,37375552.0,3.88,0.77,0.24,1.49
1039,2016-04-26,31.32,31.93,30.7,31.42,24707,38367240.0,3.92,0.06,0.02,1.51
1040,2016-04-27,31.46,31.5,30.88,31.28,26462,41043105.0,1.97,-0.45,-0.14,1.62
1041,2016-04-28,31.08,31.42,30.31,30.96,29675,45422527.0,3.55,-1.02,-0.32,1.81
1042,2016-04-29,30.98,32.41,30.37,32.37,53484,84813635.0,6.59,4.55,1.41,3.27
1043,2016-05-03,32.47,33.44,31.97,33.22,49354,81258573.0,4.54,2.63,0.85,3.01
1044,2016-05-04,33.2,33.89,32.88,33.32,47828,79718746.0,3.04,0.3,0.1,2.92
1045,2016-05-05,33.22,33.65,32.76,33.1,28300,46875902.0,2.67,-0.66,-0.22,1.73
1046,2016-05-06,33.12,33.77,30.78,30.88,51562,82990288.0,9.03,-6.71,-2.22,3.15
1047,2016-05-09,30.13,30.82,28.74,29.71,53104,78423273.0,6.74,-3.79,-1.17,3.24
1048,2016-05-10,29.71,30.25,28.11,28.27,45060,65439024.0,7.2,-4.85,-1.44,2.75
1049,2016-05-11,28.51,28.86,27.12,27.12,76884,106750438.0,6.15,-4.07,-1.15,4.7
1050,2016-05-12,26.43,27.62,25.48,27.28,79760,104342826.0,7.89,0.59,0.16,4.87
1051,2016-05-13,26.72,27.71,25.75,26.51,65409,86778830.0,7.18,-2.82,-0.77,4.0
1052,2016-05-16,26.49,27.81,26.13,27.52,65981,88846680.0,6.34,3.81,1.01,4.03
1053,2016-05-17,27.73,28.41,27.12,28.11,66277,91872715.0,4.69,2.14,0.59,4.05
1054,2016-05-18,27.79,27.79,26.23,26.59,64240,85525350.0,5.55,-5.41,-1.52,3.92
1055,2016-05-19,26.61,27.14,26.23,26.33,49227,65688789.0,3.42,-0.98,-0.26,3.01
1056,2016-05-20,25.93,26.7,25.34,26.66,36777,48008195.0,5.17,1.25,0.33,2.25
1057,2016-05-23,26.82,28.82,26.76,28.31,87526,122238621.0,7.73,6.19,1.65,5.35
1058,2016-05-24,28.25,28.31,27.62,28.31,53421,74309889.0,2.44,0.0,0.0,3.26
1059,2016-05-25,29.26,29.3,27.75,27.89,59692,84439806.0,5.48,-1.48,-0.42,3.65
1060,2016-05-26,27.89,28.6,26.17,28.45,59054,81067080.0,8.71,2.01,0.56,3.61
1061,2016-05-27,28.45,29.28,28.27,28.94,66539,95479949.0,3.55,1.72,0.49,4.06
1062,2016-05-30,28.66,29.63,27.91,29.0,81748,117508619.0,5.94,0.21,0.06,4.99
1063,2016-05-31,28.84,30.41,28.72,30.41,73163,108916047.0,5.83,4.86,1.41,4.47
1064,2016-06-01,30.41,30.74,29.91,30.17,83228,125915068.0,2.73,-0.79,-0.24,5.08
1065,2016-06-02,30.05,30.45,29.69,30.39,73175,109545429.0,2.52,0.73,0.22,4.47
1066,2016-06-03,30.35,30.66,30.09,30.41,59708,90443872.0,1.88,0.07,0.02,3.65
1067,2016-06-06,30.53,31.16,30.41,30.7,53691,82316565.0,2.47,0.95,0.29,3.28
1068,2016-06-07,30.58,30.84,29.83,30.43,84693,127256927.0,3.29,-0.88,-0.27,5.17
1069,2016-06-08,30.13,30.76,29.89,30.23,60613,90935314.0,2.86,-0.66,-0.2,3.7
1070,2016-06-13,29.5,31.06,29.14,30.39,143300,216949886.0,6.35,0.53,0.16,8.75
1071,2016-06-14,29.99,31.83,28.7,31.42,140465,214231389.0,10.3,3.39,1.03,8.58
1072,2016-06-15,30.88,33.22,30.74,32.64,157807,253845665.0,7.89,3.88,1.22,9.64
1073,2016-06-16,32.52,33.4,31.87,32.96,140460,229047231.0,4.69,0.98,0.32,8.58
1074,2016-06-17,32.76,33.42,31.65,32.23,122352,198008461.0,5.37,-2.21,-0.73,7.47
1075,2016-06-20,32.07,32.23,31.1,32.13,108853,171836354.0,3.51,-0.31,-0.1,6.65
1076,2016-06-21,32.32,33.44,30.88,31.32,147977,238027004.0,7.97,-2.52,-0.81,9.04
1077,2016-06-22,31.41,32.02,30.64,31.87,75751,118141547.0,4.41,1.76,0.55,4.63
1078,2016-06-23,31.71,32.6,31.53,32.28,104156,166344481.0,3.36,1.29,0.41,6.36
1079,2016-06-24,32.24,32.56,30.5,31.51,103689,162855541.0,6.38,-2.39,-0.77,6.33
1080,2016-06-27,31.21,32.99,31.11,32.95,129506,208716617.0,5.97,4.57,1.44,7.91
1081,2016-06-28,33.09,33.49,32.38,33.17,127578,209440094.0,3.37,0.67,0.22,7.79
1082,2016-06-29,33.49,34.18,32.85,33.83,167175,279816880.0,4.01,1.99,0.66,10.21
1083,2016-06-30,33.89,34.04,33.05,33.11,98599,164830017.0,2.93,-2.13,-0.72,6.02
1084,2016-07-01,33.11,34.02,32.6,32.93,76221,126656447.0,4.29,-0.54,-0.18,4.66
1085,2016-07-04,32.52,33.73,32.5,33.73,58050,96422445.0,3.74,2.43,0.8,3.55
1086,2016-07-05,33.35,33.67,32.95,33.61,75532,125654378.0,2.13,-0.36,-0.12,4.61
1087,2016-07-06,33.45,34.6,33.37,34.12,74275,126557945.0,3.66,1.52,0.51,4.54
1088,2016-07-07,34.06,35.67,33.9,35.47,116479,202969407.0,5.19,3.96,1.35,7.11
1089,2016-07-08,35.37,35.96,35.07,35.47,54287,96370219.0,2.51,0.0,0.0,3.32
1090,2016-07-11,35.31,38.97,35.31,37.25,173932,328125776.0,10.32,5.02,1.78,10.62
1091,2016-07-12,37.25,38.58,36.26,38.06,142963,267305659.0,6.23,2.17,0.81,8.73
1092,2016-07-13,37.69,37.9,36.6,37.37,91611,169662307.0,3.42,-1.81,-0.69,5.6
1093,2016-07-14,36.89,37.17,36.06,36.64,62763,114329788.0,2.97,-1.95,-0.73,3.83
1094,2016-07-15,36.36,37.78,36.36,37.45,73394,136481493.0,3.88,2.21,0.81,4.48
1095,2016-07-18,37.25,37.71,36.64,37.25,38946,72062036.0,2.86,-0.53,-0.2,2.38
1096,2016-07-19,37.25,37.35,36.4,37.05,33003,60493972.0,2.55,-0.54,-0.2,2.02
1097,2016-07-20,36.85,37.39,36.66,36.81,43734,80769327.0,1.97,-0.65,-0.24,2.67
1098,2016-07-21,36.46,36.99,35.41,35.43,58151,105310252.0,4.29,-3.75,-1.38,3.55
1099,2016-07-22,35.03,36.04,34.87,35.03,46782,82767776.0,3.3,-1.13,-0.4,2.86
1100,2016-07-25,34.86,37.65,34.86,37.47,89984,164979381.0,7.96,6.97,2.44,5.5
1101,2016-07-26,37.33,38.18,37.05,37.77,72637,136617599.0,3.02,0.8,0.3,4.44
1102,2016-07-27,38.04,38.34,35.07,36.06,80452,147213193.0,8.66,-4.53,-1.71,4.91
1103,2016-07-28,36.06,37.13,35.11,36.95,59229,107750285.0,5.6,2.47,0.89,3.62
1104,2016-07-29,36.62,37.01,35.19,35.19,45925,83176237.0,4.93,-4.76,-1.76,2.81
1105,2016-08-01,34.44,34.44,32.5,32.85,59729,99072746.0,5.51,-6.65,-2.34,3.65
1106,2016-08-02,33.19,33.45,32.76,33.29,30927,51003552.0,2.1,1.34,0.44,1.89
1107,2016-08-03,33.31,33.61,32.68,33.05,29877,49252201.0,2.79,-0.72,-0.24,1.82
1108,2016-08-04,33.19,34.24,32.92,34.18,36869,61864981.0,3.99,3.42,1.13,2.25
1109,2016-08-05,34.26,35.17,33.87,34.34,38176,65886059.0,3.8,0.47,0.16,2.33
1110,2016-08-08,33.94,35.35,33.65,35.07,38161,65745549.0,4.95,2.13,0.73,2.33
1111,2016-08-09,34.89,36.06,34.54,35.73,38849,68893950.0,4.33,1.88,0.66,2.37
1112,2016-08-10,35.67,36.44,35.27,35.67,31123,55528350.0,3.27,-0.17,-0.06,1.9
1113,2016-08-11,35.33,35.96,34.46,34.46,17831,31120402.0,4.21,-3.39,-1.21,1.09
1114,2016-08-12,34.48,34.52,33.69,34.28,40143,68122728.0,2.41,-0.52,-0.18,2.45
1115,2016-08-15,34.44,35.59,33.87,35.03,29739,51724057.0,5.02,2.19,0.75,1.82
1116,2016-08-16,35.47,36.24,34.72,35.35,31936,56831010.0,4.34,0.91,0.32,1.95
1117,2016-08-17,35.73,36.26,35.15,35.63,24941,44331404.0,3.14,0.79,0.28,1.52
1118,2016-08-18,35.67,36.02,35.43,35.83,23659,42109051.0,1.66,0.56,0.2,1.45
1119,2016-08-19,35.75,36.95,35.49,36.66,29526,53360980.0,4.07,2.32,0.83,1.8
1120,2016-08-22,36.66,36.66,34.06,34.16,43697,77286155.0,7.09,-6.82,-2.5,2.67
1121,2016-08-23,34.38,34.99,34.06,34.66,25970,44805955.0,2.72,1.46,0.5,1.59
1122,2016-08-24,34.84,35.03,33.94,34.2,28152,48152546.0,3.14,-1.33,-0.46,1.72
1123,2016-08-25,34.2,34.28,32.8,33.47,26592,44457164.0,4.33,-2.13,-0.73,1.63
1124,2016-08-26,33.43,34.46,33.39,34.08,16936,28812708.0,3.2,1.82,0.61,1.04
1125,2016-08-29,34.26,34.68,33.89,34.08,23596,40265907.0,2.32,0.0,0.0,1.44
1126,2016-08-30,34.08,34.66,33.21,33.21,30427,51097306.0,4.25,-2.55,-0.87,1.86
1127,2016-08-31,33.29,33.31,31.59,33.25,62645,101138113.0,5.18,0.12,0.04,3.83
1128,2016-09-01,33.07,33.53,32.58,33.03,30483,50225272.0,2.86,-0.66,-0.22,1.86
1129,2016-09-02,33.03,33.03,32.18,32.7,31602,51266710.0,2.57,-1.0,-0.33,1.93
1130,2016-09-05,32.68,33.09,32.1,32.48,21892,35535438.0,3.03,-0.67,-0.22,1.34
1131,2016-09-06,32.46,34.18,32.18,34.14,81365,135849293.0,6.16,5.11,1.66,4.97
1132,2016-09-07,33.81,35.05,33.81,35.05,78881,136271125.0,3.63,2.67,0.91,4.82
1133,2016-09-08,34.34,35.25,34.34,34.95,39895,69393457.0,2.6,-0.29,-0.1,2.44
1134,2016-09-09,35.05,35.55,34.08,34.28,49144,85846571.0,4.21,-1.92,-0.67,3.0
1135,2016-09-12,34.04,34.04,30.9,32.56,36825,60961373.0,9.16,-5.02,-1.72,2.25
1136,2016-09-13,32.7,33.21,32.3,32.62,22721,37069840.0,2.79,0.18,0.06,1.39
1137,2016-09-14,32.36,33.31,32.02,32.97,20039,32736908.0,3.95,1.07,0.35,1.23
1138,2016-09-19,32.76,33.65,32.76,33.23,12839,21292354.0,2.7,0.79,0.26,0.78
1139,2016-09-20,33.23,33.43,32.44,32.97,16956,27793326.0,2.98,-0.78,-0.26,1.04
1140,2016-09-21,33.07,33.31,32.7,32.85,23095,38050158.0,1.85,-0.36,-0.12,1.41
1141,2016-09-22,33.19,33.43,32.74,32.9,17840,29369910.0,2.1,0.15,0.05,1.09
1142,2016-09-23,32.9,33.21,32.52,32.85,22445,36713453.0,2.1,-0.15,-0.05,1.37
1143,2016-09-26,32.85,32.92,31.81,31.87,21823,35036111.0,3.38,-2.98,-0.98,1.33
1144,2016-09-27,31.91,32.42,31.53,32.26,15732,24955893.0,2.79,1.22,0.39,0.96
1145,2016-09-28,31.81,32.76,31.81,32.3,13573,21796271.0,2.94,0.12,0.04,0.83
1146,2016-09-29,32.3,32.88,31.98,32.52,16907,27505290.0,2.79,0.68,0.22,1.03
1147,2016-09-30,32.8,32.97,32.32,32.5,10265,16655014.0,2.0,-0.06,-0.02,0.63
1148,2016-10-10,32.9,33.45,32.54,33.45,20292,33437300.0,2.8,2.92,0.95,1.24
1149,2016-10-11,33.47,33.69,33.19,33.45,24041,40039001.0,1.49,0.0,0.0,1.47
1150,2016-10-12,33.37,33.59,33.11,33.35,19830,32951015.0,1.43,-0.3,-0.1,1.21
1151,2016-10-13,33.43,33.92,33.21,33.47,17721,29636257.0,2.13,0.36,0.12,1.08
1152,2016-10-14,33.43,33.45,32.6,32.92,24683,40584942.0,2.54,-1.64,-0.55,1.51
1153,2016-10-17,33.25,34.26,33.25,33.65,50702,85650324.0,3.07,2.22,0.73,3.1
1154,2016-10-18,33.65,34.02,33.09,33.85,30844,51607799.0,2.76,0.59,0.2,1.89
1155,2016-10-19,33.69,34.02,33.39,33.67,19173,32210656.0,1.86,-0.53,-0.18,1.17
1156,2016-10-20,33.61,34.14,33.51,34.06,29557,49998608.0,1.87,1.16,0.39,1.81
1157,2016-10-21,34.02,34.36,33.39,33.59,22009,37087473.0,2.85,-1.38,-0.47,1.35
1158,2016-10-24,33.73,33.87,33.43,33.61,23212,38942308.0,1.31,0.06,0.02,1.42
1159,2016-10-25,33.73,34.0,33.61,33.79,19566,32975590.0,1.16,0.54,0.18,1.2
1160,2016-10-26,33.87,33.94,33.15,33.49,21137,35278670.0,2.34,-0.89,-0.3,1.29
1161,2016-10-27,33.49,35.96,33.37,35.39,70012,122154993.0,7.73,5.67,1.9,4.28
1162,2016-10-28,35.51,35.57,33.89,34.08,42384,73864307.0,4.75,-3.7,-1.31,2.59
1163,2016-10-31,34.18,35.05,33.85,34.2,38867,66760894.0,3.52,0.35,0.12,2.38
1164,2016-11-01,34.12,34.74,34.12,34.52,32306,55591069.0,1.81,0.94,0.32,1.97
1165,2016-11-02,34.52,35.35,34.36,34.78,36342,63236488.0,2.87,0.75,0.26,2.22
1166,2016-11-03,34.68,35.75,34.54,35.27,38437,67726861.0,3.48,1.41,0.49,2.35
1167,2016-11-04,35.27,35.69,35.03,35.63,38065,67163920.0,1.87,1.02,0.36,2.33
1168,2016-11-07,35.43,35.84,35.21,35.33,23119,40952718.0,1.77,-0.84,-0.3,1.41
1169,2016-11-08,35.31,35.43,34.7,35.03,16866,29583352.0,2.07,-0.85,-0.3,1.03
1170,2016-11-09,35.27,35.61,34.44,34.99,24289,42492592.0,3.34,-0.11,-0.04,1.48
1171,2016-11-10,35.13,35.65,34.8,35.45,27571,48612463.0,2.43,1.31,0.46,1.69
1172,2016-11-11,35.35,35.57,34.86,35.51,21561,37941532.0,2.0,0.17,0.06,1.32
1173,2016-11-14,35.47,36.24,35.07,35.31,37056,65935433.0,3.29,-0.56,-0.2,2.27
1174,2016-11-15,35.19,35.63,34.89,35.23,22132,38734450.0,2.1,-0.23,-0.08,1.35
1175,2016-11-16,35.41,35.94,35.29,35.84,32998,58843637.0,1.85,1.73,0.61,2.02
1176,2016-11-17,35.84,36.78,35.59,35.83,39453,71022802.0,3.32,-0.03,-0.01,2.41
1177,2016-11-18,35.61,36.06,35.29,35.73,18961,33819457.0,2.15,-0.28,-0.1,1.16
1178,2016-11-21,35.73,36.48,35.35,36.4,51207,92106556.0,3.16,1.88,0.67,3.13
1179,2016-11-22,36.28,36.62,36.04,36.6,31779,57722963.0,1.59,0.55,0.2,1.94
1180,2016-11-23,36.56,37.01,35.55,35.86,47640,86152715.0,3.99,-2.02,-0.74,2.91
1181,2016-11-24,35.69,36.0,35.01,35.01,33888,60150781.0,2.76,-2.37,-0.85,2.07
1182,2016-11-25,34.99,35.43,34.3,34.76,43987,76039990.0,3.23,-0.71,-0.25,2.69
1183,2016-11-28,34.86,36.68,34.68,36.32,71718,128675123.0,5.75,4.49,1.56,4.38
1184,2016-11-29,36.06,36.58,35.83,35.92,38941,70522323.0,2.06,-1.1,-0.4,2.38
1185,2016-11-30,35.83,38.64,35.77,37.45,89807,168070460.0,7.99,4.26,1.53,5.49
1186,2016-12-01,37.43,37.77,36.44,37.15,63207,116594921.0,3.55,-0.8,-0.3,3.86
1187,2016-12-02,36.81,37.05,34.7,34.78,64128,114298509.0,6.33,-6.38,-2.37,3.92
1188,2016-12-05,34.68,34.74,33.29,33.69,73897,125011462.0,4.17,-3.13,-1.09,4.52
1189,2016-12-06,33.79,34.24,33.49,33.96,31749,53867980.0,2.23,0.8,0.27,1.94
1190,2016-12-07,33.79,34.18,33.27,34.1,36701,61829320.0,2.68,0.41,0.14,2.24
1191,2016-12-08,34.08,34.74,33.79,34.38,43815,74602013.0,2.79,0.82,0.28,2.68
1192,2016-12-09,34.26,34.99,34.16,34.24,28614,49289825.0,2.41,-0.41,-0.14,1.75
1193,2016-12-12,34.08,34.56,31.77,32.08,43225,71470315.0,8.15,-6.31,-2.16,2.64
1194,2016-12-13,32.06,32.3,30.52,31.75,24893,38985548.0,5.55,-1.03,-0.33,1.52
1195,2016-12-14,31.87,32.48,31.57,31.93,20955,33531170.0,2.87,0.57,0.18,1.28
1196,2016-12-15,31.87,32.42,31.61,31.95,26112,41522546.0,2.54,0.06,0.02,1.6
1197,2016-12-16,31.95,32.36,31.71,32.26,33650,53688002.0,2.03,0.97,0.31,2.06
1198,2016-12-19,32.1,32.1,31.51,31.83,23029,36478302.0,1.83,-1.33,-0.43,1.41
1199,2016-12-20,31.91,32.06,31.15,31.51,32594,51183522.0,2.86,-1.01,-0.32,1.99
1200,2016-12-21,31.47,31.75,31.21,31.49,37391,58588743.0,1.71,-0.06,-0.02,2.29
1201,2016-12-22,31.41,31.59,30.52,30.86,38297,58985871.0,3.4,-2.0,-0.63,2.34
1202,2016-12-23,30.82,31.31,30.82,30.86,34187,52913762.0,1.59,0.0,0.0,2.09
1203,2016-12-26,30.56,31.01,29.89,30.64,28307,42646857.0,3.63,-0.71,-0.22,1.73
1204,2016-12-27,30.82,31.45,30.6,31.37,30284,46847571.0,2.77,2.38,0.73,1.85
1205,2016-12-28,31.37,31.37,30.74,30.88,29534,45564827.0,2.01,-1.56,-0.49,1.81
1206,2016-12-29,30.88,31.63,30.62,31.47,40190,62496001.0,3.27,1.91,0.59,2.46
1207,2016-12-30,31.69,32.5,31.37,32.36,46038,73158680.0,3.59,2.83,0.89,2.81
1208,2017-01-03,32.3,33.07,31.93,32.54,39457,63985741.0,3.52,0.56,0.18,2.41
1209,2017-01-04,32.6,33.25,32.24,33.17,56629,92572947.0,3.1,1.94,0.63,3.46
1210,2017-01-05,32.95,34.99,32.56,34.64,129834,219938454.0,7.33,4.43,1.47,7.94
1211,2017-01-06,34.12,36.04,33.89,34.62,101866,177432499.0,6.21,-0.06,-0.02,6.23
1212,2017-01-09,34.48,34.56,33.59,34.1,53390,90900842.0,2.8,-1.5,-0.52,3.27
1213,2017-01-10,34.36,34.64,33.85,34.44,58800,100097799.0,2.32,1.0,0.34,3.6
1214,2017-01-11,34.4,34.4,33.09,33.49,26100,43843886.0,3.8,-2.76,-0.95,1.6
1215,2017-01-12,33.15,33.39,32.6,32.6,25720,42212528.0,2.36,-2.66,-0.89,1.57
1216,2017-01-13,32.64,32.8,31.03,31.03,42767,67644507.0,5.43,-4.82,-1.57,2.62
1217,2017-01-16,31.07,31.21,27.97,28.07,79994,115518779.0,10.44,-9.54,-2.96,4.89
1218,2017-01-17,28.07,28.46,25.93,28.12,95460,127554964.0,9.01,0.18,0.05,5.84
1219,2017-01-18,27.57,27.73,26.76,27.0,39137,53100551.0,3.45,-3.98,-1.12,2.39
1220,2017-01-19,27.1,27.83,26.68,27.55,36466,49558135.0,4.26,2.04,0.55,2.23
1221,2017-01-20,27.65,28.4,27.27,28.07,24029,33518285.0,4.1,1.89,0.52,1.47
1222,2017-01-23,28.09,28.66,27.63,27.73,51775,72225385.0,3.67,-1.21,-0.34,3.17
1223,2017-01-24,27.93,28.14,27.65,27.89,29955,41576174.0,1.77,0.58,0.16,1.83
1224,2017-01-25,27.89,28.3,27.65,28.14,22967,31990005.0,2.33,0.9,0.25,1.4
1225,2017-01-26,27.97,28.52,27.97,28.5,15680,22138984.0,1.95,1.28,0.36,0.96
1226,2017-02-03,28.58,29.06,28.14,28.76,30603,43611115.0,3.23,0.91,0.26,1.87
1227,2017-02-06,28.78,29.06,28.34,29.06,34909,50000836.0,2.5,1.04,0.3,2.14
1228,2017-02-07,28.86,28.98,28.34,28.6,37878,53891795.0,2.2,-1.58,-0.46,2.32
1229,2017-02-08,28.56,29.0,28.46,28.84,33376,47590444.0,1.89,0.84,0.24,2.04
1230,2017-02-09,28.76,29.57,28.76,29.29,29944,43740734.0,2.81,1.56,0.45,1.83
1231,2017-02-10,29.43,29.61,28.84,29.02,35999,52261227.0,2.63,-0.92,-0.27,2.2
1232,2017-02-13,29.17,29.59,28.8,29.59,28162,41101026.0,2.72,1.96,0.57,1.72
1233,2017-02-14,29.59,29.81,29.37,29.63,21779,32095193.0,1.49,0.14,0.04,1.33
1234,2017-02-15,29.69,30.04,29.06,29.15,17619,25999218.0,3.31,-1.62,-0.48,1.08
1235,2017-02-16,29.09,29.55,29.02,29.15,15593,22733070.0,1.82,0.0,0.0,0.95
1236,2017-02-17,29.13,29.53,28.24,28.34,25430,36485247.0,4.43,-2.78,-0.81,1.56
1237,2017-02-20,28.54,29.23,28.14,29.23,31311,44794429.0,3.85,3.14,0.89,1.92
1238,2017-02-21,29.27,30.68,29.27,29.89,36592,54684812.0,4.82,2.26,0.66,2.24
1239,2017-02-22,29.87,30.04,29.0,29.31,42868,62653278.0,3.48,-1.94,-0.58,2.62
1240,2017-02-23,29.31,29.41,29.02,29.25,26824,38991527.0,1.33,-0.2,-0.06,1.64
1241,2017-02-24,29.07,30.01,29.07,29.87,39550,58383630.0,3.21,2.12,0.62,2.42
1242,2017-02-27,29.89,29.97,29.37,29.51,38095,56175536.0,2.01,-1.21,-0.36,2.33
1243,2017-02-28,29.71,29.83,29.43,29.77,34297,50548528.0,1.36,0.88,0.26,2.1
1244,2017-03-01,29.77,30.14,29.61,29.83,45401,67707503.0,1.78,0.2,0.06,2.78
1245,2017-03-02,29.77,29.93,29.35,29.37,27861,41006338.0,1.94,-1.54,-0.46,1.7
1246,2017-03-03,29.37,29.67,29.06,29.55,31102,45560980.0,2.08,0.61,0.18,1.9
1247,2017-03-06,29.57,30.46,29.35,30.34,55544,83553118.0,3.76,2.67,0.79,3.4
1248,2017-03-07,30.28,30.62,30.16,30.44,31333,47426270.0,1.52,0.33,0.1,1.89
1249,2017-03-08,30.42,30.78,29.97,29.97,36572,55068202.0,2.66,-1.54,-0.47,2.21
1250,2017-03-09,29.97,30.46,29.35,30.16,40137,60330693.0,3.7,0.63,0.19,2.43
1251,2017-03-10,30.16,30.46,29.61,29.79,33717,50383204.0,2.82,-1.23,-0.37,2.0
1252,2017-03-13,29.61,30.03,29.13,29.93,46606,69121394.0,3.02,0.47,0.14,2.77
1253,2017-03-14,29.93,30.46,29.83,30.03,27138,40683240.0,2.1,0.33,0.1,1.61
1254,2017-03-15,30.12,30.32,29.75,29.95,21761,32540562.0,1.9,-0.27,-0.08,1.29
1255,2017-03-16,29.75,30.2,29.75,30.18,29783,44586705.0,1.5,0.77,0.23,1.77
1256,2017-03-17,30.16,30.82,30.04,30.24,39221,59577140.0,2.58,0.2,0.06,2.33
1257,2017-03-20,30.16,30.88,30.16,30.76,32831,49861662.0,2.38,1.72,0.52,1.95
1258,2017-03-21,30.84,31.07,30.34,30.56,29363,44694101.0,2.37,-0.65,-0.2,1.74
1259,2017-03-22,30.4,30.4,29.63,29.85,34734,51715943.0,2.52,-2.32,-0.71,2.06
1260,2017-03-23,29.79,30.3,29.53,30.22,28466,42580940.0,2.58,1.24,0.37,1.69
1261,2017-03-24,30.12,30.32,29.85,30.08,29326,43865089.0,1.56,-0.46,-0.14,1.74
1262,2017-03-27,30.03,30.26,29.81,29.99,25840,38632857.0,1.5,-0.3,-0.09,1.53
1263,2017-03-28,29.85,30.08,29.75,29.79,21224,31593032.0,1.1,-0.67,-0.2,1.26
1264,2017-03-29,29.59,29.59,27.71,27.81,56369,80030312.0,6.31,-6.65,-1.98,3.35
1265,2017-03-30,27.51,28.05,27.51,27.81,39525,54759699.0,1.94,0.0,0.0,2.35
1266,2017-03-31,27.93,28.09,26.46,27.0,35484,48296389.0,5.86,-2.91,-0.81,2.11
1267,2017-04-05,27.23,27.83,26.9,27.71,37721,51418301.0,3.44,2.63,0.71,2.24
1268,2017-04-06,27.75,27.95,27.55,27.87,32465,44769281.0,1.44,0.58,0.16,1.93
1269,2017-04-07,27.81,27.95,27.27,27.33,38452,52557544.0,2.44,-1.94,-0.54,2.28
1270,2017-04-10,27.29,27.83,27.17,27.23,31243,42655056.0,2.41,-0.37,-0.1,1.86
1271,2017-04-11,27.35,27.79,27.13,27.77,30225,41238470.0,2.42,1.98,0.54,1.8
1272,2017-04-12,27.73,27.73,26.88,27.06,25412,34586798.0,3.06,-2.56,-0.71,1.51
1273,2017-04-13,26.9,27.35,26.9,27.08,20382,27488421.0,1.66,0.07,0.02,1.21
1274,2017-04-14,27.0,27.08,26.16,26.28,23742,31194798.0,3.4,-2.95,-0.8,1.41
1275,2017-04-17,26.18,26.2,24.82,25.06,35129,44197652.0,5.25,-4.64,-1.22,2.09
1276,2017-04-18,25.08,25.55,24.28,24.46,38661,47686158.0,5.07,-2.39,-0.6,2.3
1277,2017-04-19,24.46,24.68,23.81,24.66,34573,41483065.0,3.56,0.82,0.2,2.05
1278,2017-04-20,24.42,24.56,23.59,23.89,33503,39929949.0,3.93,-3.12,-0.77,1.99
1279,2017-04-21,23.99,24.32,23.75,23.91,19643,23393999.0,2.39,0.08,0.02,1.17
1280,2017-04-24,23.91,24.5,23.35,24.07,39213,46653505.0,4.81,0.67,0.16,2.33
1281,2017-04-25,24.07,24.36,23.79,23.79,18960,22665957.0,2.37,-1.16,-0.28,1.13
1282,2017-04-26,23.99,24.3,23.81,24.3,17641,21126321.0,2.06,2.14,0.51,1.05
1283,2017-04-27,24.19,25.25,23.81,25.02,36515,44470121.0,5.93,2.96,0.72,2.17
1284,2017-04-28,24.94,25.53,24.64,25.18,44421,55148635.0,3.56,0.64,0.16,2.64
1285,2017-05-02,24.98,25.29,24.74,24.88,26737,33272179.0,2.18,-1.19,-0.3,1.59
1286,2017-05-03,24.9,25.19,24.66,24.98,18574,23060770.0,2.13,0.4,0.1,1.1
1287,2017-05-04,24.98,25.21,24.78,25.02,22021,27316324.0,1.72,0.16,0.04,1.31
1288,2017-05-05,25.02,25.02,24.15,24.3,16947,20806769.0,3.48,-2.88,-0.72,1.01
1289,2017-05-08,24.36,24.66,23.89,24.19,29945,36221060.0,3.17,-0.45,-0.11,1.78
1290,2017-05-09,24.19,24.66,23.97,24.64,20870,25211459.0,2.85,1.86,0.45,1.24
1291,2017-05-10,24.64,25.08,24.28,24.68,29562,36258407.0,3.25,0.16,0.04,1.76
1292,2017-05-11,24.24,24.72,23.55,24.64,27659,33208497.0,4.74,-0.16,-0.04,1.64
1293,2017-05-12,24.48,24.88,23.99,24.4,26674,32333308.0,3.61,-0.97,-0.24,1.58
1294,2017-05-15,24.44,24.68,24.3,24.44,15352,18676063.0,1.56,0.16,0.04,0.91
1295,2017-05-16,24.54,25.23,24.17,25.21,33902,41783950.0,4.34,3.15,0.77,2.01
1296,2017-05-17,25.18,25.43,25.04,25.12,32522,40722988.0,1.55,-0.36,-0.09,1.93
1297,2017-05-18,24.56,25.06,24.56,24.68,33329,40971683.0,1.99,-1.75,-0.44,1.98
1298,2017-05-19,24.7,24.8,24.38,24.64,17637,21581043.0,1.7,-0.16,-0.04,1.05
1299,2017-05-22,24.64,24.78,24.11,24.4,23525,28497090.0,2.72,-0.97,-0.24,1.4
1300,2017-05-23,24.21,24.28,22.21,22.3,43231,49742377.0,8.48,-8.61,-2.1,2.57
1301,2017-05-24,22.19,22.52,21.53,22.17,31756,34634850.0,4.44,-0.58,-0.13,1.89
1302,2017-05-25,22.25,22.48,21.57,22.4,30847,33627239.0,4.1,1.04,0.23,1.83
1303,2017-05-26,22.36,22.74,22.25,22.62,19764,21948204.0,2.19,0.98,0.22,1.17
1304,2017-05-31,23.0,23.49,22.76,22.76,23202,26560576.0,3.23,0.62,0.14,1.38
1305,2017-06-01,22.58,22.88,22.07,22.21,18431,20531854.0,3.56,-2.42,-0.55,1.09
1306,2017-06-02,22.17,22.88,21.87,22.66,19432,21518930.0,4.55,2.03,0.45,1.15
1307,2017-06-05,22.74,23.18,22.56,22.98,15597,17699878.0,2.74,1.41,0.32,0.93
1308,2017-06-06,23.02,23.16,22.82,23.06,11634,13205015.0,1.48,0.35,0.08,0.69
1309,2017-06-07,23.06,23.83,23.06,23.65,30450,35397856.0,3.34,2.56,0.59,1.81
1310,2017-06-08,23.63,23.77,23.49,23.63,17473,20463909.0,1.18,-0.08,-0.02,1.04
1311,2017-06-09,23.63,23.99,23.27,23.99,17711,20700944.0,3.05,1.52,0.36,1.05
1312,2017-06-12,23.83,23.85,23.14,23.31,17103,19916139.0,2.96,-2.83,-0.68,1.02
1313,2017-06-13,23.43,23.85,23.24,23.69,13479,15800830.0,2.62,1.63,0.38,0.8
1314,2017-06-14,23.59,23.89,23.49,23.83,13527,15878649.0,1.69,0.59,0.14,0.8
1315,2017-06-15,23.83,24.5,23.75,24.03,28133,33726036.0,3.15,0.84,0.2,1.67
1316,2017-06-16,24.07,24.3,23.91,24.22,17956,21412152.0,1.62,0.79,0.19,1.07
1317,2017-06-19,24.15,24.46,24.03,24.34,18819,22582176.0,1.78,0.5,0.12,1.12
1318,2017-06-20,24.38,24.66,24.21,24.26,28450,34496819.0,1.85,-0.33,-0.08,1.69
1319,2017-06-21,24.09,24.36,23.77,24.07,27021,32143482.0,2.43,-0.78,-0.19,1.61
1320,2017-06-22,24.11,24.19,23.65,23.81,26295,31217308.0,2.24,-1.08,-0.26,1.56
1321,2017-06-23,24.11,24.11,22.9,23.67,24241,28152045.0,5.08,-0.59,-0.14,1.44
1322,2017-06-26,23.63,24.17,23.53,24.13,17965,21225880.0,2.7,1.94,0.46,1.07
1323,2017-06-27,24.24,24.7,24.09,24.56,28662,34635863.0,2.53,1.78,0.43,1.7
1324,2017-06-28,24.52,26.01,24.4,25.25,80629,101433818.0,6.56,2.81,0.69,4.79
1325,2017-06-29,25.19,25.39,24.92,25.23,24847,30976018.0,1.86,-0.08,-0.02,1.48
1326,2017-06-30,25.23,25.91,24.92,25.77,45677,57612057.0,3.92,2.14,0.54,2.7
1327,2017-07-03,25.79,25.97,25.35,25.79,38860,49356520.0,2.41,0.08,0.02,2.3
1328,2017-07-04,25.71,25.95,25.51,25.79,23039,29386263.0,1.71,0.0,0.0,1.36
1329,2017-07-05,25.77,25.81,25.37,25.65,17605,22346850.0,1.71,-0.54,-0.14,1.04
1330,2017-07-06,25.75,26.05,25.04,25.65,32628,41553630.0,3.94,0.0,0.0,1.93
1331,2017-07-07,25.73,25.97,25.55,25.69,21877,27943136.0,1.64,0.16,0.04,1.29
1332,2017-07-10,25.75,26.44,25.69,26.07,45771,59349572.0,2.92,1.48,0.38,2.71
1333,2017-07-11,25.89,26.07,25.21,25.71,54261,68912082.0,3.3,-1.38,-0.36,3.21
1334,2017-07-12,25.63,25.67,25.21,25.55,38304,48259447.0,1.79,-0.62,-0.16,2.27
1335,2017-07-13,25.23,26.48,25.23,26.01,45665,59152486.0,4.89,1.8,0.46,2.7
1336,2017-07-14,26.2,26.26,25.57,25.65,31424,40320032.0,2.65,-1.38,-0.36,1.86
1337,2017-07-17,25.43,25.57,23.87,24.05,39022,47323849.0,6.63,-6.24,-1.6,2.31
1338,2017-07-18,23.93,24.8,23.93,24.54,21627,26134778.0,3.62,2.04,0.49,1.28
1339,2017-07-19,24.42,24.76,24.28,24.68,18468,22450580.0,1.96,0.57,0.14,1.09
1340,2017-07-20,24.7,25.53,24.52,25.04,38335,47467173.0,4.09,1.46,0.36,2.27
1341,2017-07-21,24.94,25.31,24.82,25.21,22054,27399286.0,1.96,0.68,0.17,1.3
1342,2017-07-24,25.06,25.49,24.92,25.47,21550,27091933.0,2.26,1.03,0.26,1.27
1343,2017-07-25,25.39,25.59,25.16,25.57,29043,36550958.0,1.69,0.39,0.1,1.72
1344,2017-07-26,25.61,26.05,25.35,25.77,61185,77927679.0,2.74,0.78,0.2,3.62
1345,2017-07-27,25.83,26.66,25.49,26.3,94787,122673469.0,4.54,2.06,0.53,5.61
1346,2017-07-28,26.22,26.28,25.83,25.85,41630,53659876.0,1.71,-1.71,-0.45,2.46
1347,2017-07-31,25.77,26.01,25.57,25.65,54400,69415755.0,1.7,-0.77,-0.2,3.22
1348,2017-08-01,25.65,25.81,25.35,25.55,30148,38245844.0,1.79,-0.39,-0.1,1.78
1349,2017-08-02,25.69,25.89,25.37,25.65,28256,35880141.0,2.04,0.39,0.1,1.67
1350,2017-08-03,25.57,25.89,25.53,25.67,24125,30823492.0,1.4,0.08,0.02,1.43
1351,2017-08-04,25.55,25.67,24.96,24.98,33099,41458470.0,2.77,-2.69,-0.69,1.96
1352,2017-08-07,24.94,25.41,24.94,25.16,14304,17840514.0,1.88,0.72,0.18,0.85
1353,2017-08-08,25.18,25.37,24.88,25.29,16446,20542664.0,1.95,0.52,0.13,0.97
1354,2017-08-09,25.27,25.45,25.12,25.33,16311,20452611.0,1.3,0.16,0.04,0.96
1355,2017-08-10,25.39,25.39,24.72,25.29,21170,26365924.0,2.65,-0.16,-0.04,1.25
1356,2017-08-11,25.16,25.19,24.34,24.4,19345,23924804.0,3.36,-3.52,-0.89,1.14
1357,2017-08-14,24.64,25.51,24.52,25.51,25224,31512162.0,4.06,4.55,1.11,1.49
1358,2017-08-15,25.55,25.89,25.45,25.85,18645,23758806.0,1.72,1.33,0.34,1.1
1359,2017-08-16,25.85,26.01,25.53,25.87,24740,31728744.0,1.86,0.08,0.02,1.46
1360,2017-08-17,25.77,26.2,25.71,26.2,25872,33431525.0,1.89,1.28,0.33,1.53
1361,2017-08-18,26.11,26.38,25.65,25.81,24585,31743848.0,2.79,-1.49,-0.39,1.45
1362,2017-08-21,25.93,26.05,25.61,25.79,22797,29137029.0,1.7,-0.08,-0.02,1.35
1363,2017-08-22,25.87,26.16,25.63,26.16,29827,38403556.0,2.06,1.43,0.37,1.76
1364,2017-08-23,26.26,26.32,25.57,25.71,26815,34392942.0,2.87,-1.72,-0.45,1.59
1365,2017-08-24,25.63,25.69,25.14,25.29,27714,34874044.0,2.14,-1.63,-0.42,1.64
1366,2017-08-25,25.25,25.55,25.08,25.43,18671,23525863.0,1.86,0.55,0.14,1.1
1367,2017-08-28,25.41,26.05,25.39,26.01,33646,43013181.0,2.6,2.28,0.58,1.9
1368,2017-08-29,26.01,26.15,25.69,25.69,21691,27805617.0,1.77,-1.23,-0.32,1.22
1369,2017-08-30,25.79,26.09,25.57,25.81,19153,24510166.0,2.02,0.47,0.12,1.08
1370,2017-08-31,25.95,25.95,25.61,25.87,14205,18121468.0,1.32,0.23,0.06,0.8
1371,2017-09-01,25.87,26.8,25.67,26.8,65327,85182960.0,4.37,3.59,0.93,3.69
1372,2017-09-04,26.76,26.88,26.38,26.86,40583,53639866.0,1.87,0.22,0.06,2.29
1373,2017-09-05,26.86,27.1,26.42,27.0,39768,52964076.0,2.53,0.52,0.14,2.24
1374,2017-09-06,26.96,26.96,26.44,26.84,29166,38600291.0,1.93,-0.59,-0.16,1.65
1375,2017-09-07,26.96,27.23,26.5,26.5,33493,44579163.0,2.72,-1.27,-0.34,1.89
1376,2017-09-08,26.46,26.86,26.4,26.68,23081,30489102.0,1.74,0.68,0.18,1.3
1377,2017-09-11,26.62,27.67,26.6,27.04,43771,58981043.0,4.01,1.35,0.36,2.47
1378,2017-09-12,26.98,27.33,26.64,26.68,31359,41879032.0,2.55,-1.33,-0.36,1.77
1379,2017-09-13,26.58,26.78,26.16,26.54,25846,33917196.0,2.32,-0.52,-0.14,1.46
1380,2017-09-14,26.42,27.13,26.42,26.8,26380,35143731.0,2.68,0.98,0.26,1.49
1381,2017-09-15,26.8,26.88,26.3,26.72,23724,31325966.0,2.16,-0.3,-0.08,1.34
1382,2017-09-18,26.8,27.49,26.66,27.23,27151,36405163.0,3.11,1.91,0.51,1.53
1383,2017-09-19,27.21,27.65,27.08,27.53,34539,47004108.0,2.09,1.1,0.3,1.95
1384,2017-09-20,27.53,28.09,27.21,27.61,34655,47703503.0,3.2,0.29,0.08,1.96
1385,2017-09-21,27.45,27.91,27.29,27.33,22341,30560957.0,2.25,-1.01,-0.28,1.26
1386,2017-09-22,27.25,27.33,26.8,26.9,20247,27128255.0,1.94,-1.57,-0.43,1.14
1387,2017-09-25,26.82,27.04,26.68,27.02,25142,33582056.0,1.34,0.45,0.12,1.42
1388,2017-09-26,27.1,27.31,26.54,27.19,29356,39258668.0,2.85,0.63,0.17,1.66
1389,2017-09-27,27.33,27.39,26.92,27.23,20754,28008780.0,1.73,0.15,0.04,1.17
1390,2017-09-28,27.47,27.99,26.7,27.59,71034,96536229.0,4.74,1.32,0.36,4.01
1391,2017-09-29,27.87,27.87,27.33,27.79,32263,44180301.0,1.96,0.72,0.2,1.82
1392,2017-10-09,27.97,28.52,27.59,28.5,38588,53859583.0,3.35,2.55,0.71,2.18
1393,2017-10-10,28.32,28.38,28.1,28.36,27217,38224444.0,0.98,-0.49,-0.14,1.54
1394,2017-10-11,28.22,28.34,27.63,27.79,36821,51120838.0,2.5,-2.01,-0.57,2.08
1395,2017-10-12,27.71,28.48,27.65,28.01,18102,25074135.0,2.99,0.79,0.22,1.02
1396,2017-10-13,27.99,28.28,27.81,28.26,16176,22574804.0,1.68,0.89,0.25,0.91
1397,2017-10-16,28.4,28.74,27.73,27.79,30259,42395753.0,3.57,-1.66,-0.47,1.71
1398,2017-10-17,27.79,28.36,27.79,27.93,23767,33166069.0,2.05,0.5,0.14,1.34
1399,2017-10-18,27.99,28.1,27.59,27.73,18857,26045321.0,1.83,-0.72,-0.2,1.06
1400,2017-10-19,27.73,28.14,27.19,27.27,26762,36521098.0,3.43,-1.66,-0.46,1.51
1401,2017-10-20,27.27,27.95,26.88,27.59,21457,29204323.0,3.92,1.17,0.32,1.21
1402,2017-10-23,28.01,28.01,27.43,27.85,22732,31239337.0,2.1,0.94,0.26,1.28
1403,2017-10-24,27.87,27.87,27.31,27.47,21190,28903393.0,2.01,-1.36,-0.38,1.2
1404,2017-10-25,27.67,27.93,27.41,27.79,26395,36304004.0,1.89,1.16,0.32,1.49
1405,2017-10-26,27.79,28.34,27.39,28.05,34081,47355838.0,3.42,0.94,0.26,1.92
1406,2017-10-27,28.16,28.16,27.75,27.93,33406,46301522.0,1.46,-0.43,-0.12,1.89
1407,2017-10-30,27.89,27.93,26.76,26.96,45198,60962277.0,4.19,-3.47,-0.97,2.55
1408,2017-10-31,26.88,27.41,26.72,27.21,20919,28103724.0,2.56,0.93,0.25,1.18
1409,2017-11-01,27.21,27.53,27.04,27.35,23773,32207736.0,1.8,0.51,0.14,1.34
1410,2017-11-02,27.19,27.47,27.02,27.1,26645,36052310.0,1.65,-0.91,-0.25,1.5
1411,2017-11-03,26.92,27.31,26.22,26.6,29009,38452393.0,4.02,-1.85,-0.5,1.64
1412,2017-11-06,26.42,26.78,26.24,26.48,27536,36224692.0,2.03,-0.45,-0.12,1.55
1413,2017-11-07,26.56,26.66,26.38,26.64,14609,19233192.0,1.06,0.6,0.16,0.82
1414,2017-11-08,26.72,27.63,26.48,27.35,35838,48300050.0,4.32,2.67,0.71,2.02
1415,2017-11-09,27.63,27.79,27.29,27.73,20803,28436775.0,1.83,1.39,0.38,1.17
1416,2017-11-10,27.73,28.34,27.51,28.16,45686,63543888.0,2.99,1.55,0.43,2.58
1417,2017-11-13,28.4,28.52,27.97,28.18,26925,37727993.0,1.95,0.07,0.02,1.52
1418,2017-11-14,28.2,29.63,28.05,29.35,82870,120014694.0,5.61,4.15,1.17,4.68
1419,2017-11-15,29.09,29.89,29.0,29.11,40639,59144541.0,3.03,-0.82,-0.24,2.29
1420,2017-11-16,29.17,30.36,29.11,30.04,77175,114353714.0,4.29,3.19,0.93,4.35
1421,2017-11-17,30.12,30.2,28.54,28.88,69562,102164381.0,5.53,-3.86,-1.16,3.93
1422,2017-11-20,28.94,29.59,27.15,29.27,39663,56310962.0,8.45,1.35,0.39,2.24
1423,2017-11-21,29.23,30.86,28.98,30.56,84180,126472287.0,6.42,4.41,1.29,4.75
1424,2017-11-22,30.96,31.21,29.91,30.46,87286,132375253.0,4.25,-0.33,-0.1,4.93
1425,2017-11-23,30.12,31.01,29.93,30.44,68175,103470678.0,3.55,-0.07,-0.02,3.85
1426,2017-11-24,30.36,31.95,30.1,31.55,78793,122262304.0,6.08,3.65,1.11,4.45
1427,2017-11-27,31.59,31.73,30.78,31.29,56034,86963740.0,3.01,-0.82,-0.26,3.16
1428,2017-11-28,31.15,32.4,30.62,32.24,72311,113081451.0,5.69,3.04,0.95,4.08
1429,2017-11-29,32.3,33.31,31.83,32.93,49836,80735239.0,4.59,2.14,0.69,2.81
1430,2017-11-30,32.84,33.17,31.87,32.28,80264,129853562.0,3.95,-1.97,-0.65,4.53
1431,2017-12-01,32.14,32.95,31.71,32.32,56343,91167823.0,3.84,0.12,0.04,3.18
1432,2017-12-04,32.18,33.21,32.14,32.7,57557,93810822.0,3.31,1.18,0.38,3.25
1433,2017-12-05,32.8,32.8,30.88,31.11,87418,136937624.0,5.87,-4.86,-1.59,4.93
1434,2017-12-06,31.29,32.32,30.98,31.95,57967,90969787.0,4.31,2.7,0.84,3.27
1435,2017-12-07,32.18,33.13,31.35,31.75,53253,85494165.0,5.57,-0.63,-0.2,3.0
1436,2017-12-08,31.95,33.03,31.35,32.68,59580,96049010.0,5.29,2.93,0.93,3.36
1437,2017-12-11,32.68,34.4,32.68,33.81,126786,212736915.0,5.26,3.46,1.13,7.15
1438,2017-12-12,33.45,33.94,33.31,33.49,57802,96897377.0,1.86,-0.95,-0.32,3.26
1439,2017-12-13,33.49,33.96,33.07,33.63,56649,94579663.0,2.66,0.42,0.14,3.2
1440,2017-12-14,33.63,34.0,32.64,33.61,37901,62856246.0,4.04,-0.06,-0.02,2.14
1441,2017-12-15,33.61,33.73,32.38,32.88,41468,68059885.0,4.02,-2.17,-0.73,2.34
1442,2017-12-18,33.03,33.55,32.58,33.25,39786,65846163.0,2.95,1.13,0.37,2.25
1443,2017-12-19,33.13,34.68,33.07,34.58,111268,189487812.0,4.84,4.0,1.33,6.28
1444,2017-12-20,34.7,36.52,34.58,35.98,115916,206440423.0,5.61,4.05,1.4,6.54
1445,2017-12-21,35.55,36.4,35.51,36.34,54123,97133999.0,2.47,1.0,0.36,3.05
1446,2017-12-22,36.38,36.93,35.81,36.72,33342,60363599.0,3.08,1.05,0.38,1.88
1447,2017-12-25,36.42,36.93,35.07,35.86,55254,98549627.0,5.07,-2.34,-0.86,3.12
1448,2017-12-26,35.33,35.96,34.84,35.75,47939,84569516.0,3.12,-0.31,-0.11,2.71
1449,2017-12-27,36.26,37.98,35.37,36.8,108482,199343238.0,7.3,2.94,1.05,6.12
1450,2017-12-28,36.52,37.55,36.24,37.05,55371,102518902.0,3.56,0.68,0.25,3.12
1451,2017-12-29,37.07,37.27,35.9,36.34,32293,58557983.0,3.7,-1.92,-0.71,1.82
1452,2018-01-02,36.42,37.23,35.84,36.81,30313,55383643.0,3.82,1.29,0.47,1.73
1453,2018-01-03,36.85,36.87,35.73,36.0,34623,62188712.0,3.1,-2.2,-0.81,1.97
1454,2018-01-04,36.2,36.52,35.29,35.57,50702,90286779.0,3.42,-1.19,-0.43,2.89
1455,2018-01-05,35.75,36.06,35.17,35.51,32392,57347581.0,2.5,-0.17,-0.06,1.84
1456,2018-01-08,35.45,35.63,32.14,34.78,71226,121005181.0,9.83,-2.06,-0.73,4.06
1457,2018-01-09,34.2,35.39,34.14,35.21,48579,84250828.0,3.59,1.24,0.43,2.77
1458,2018-01-10,35.01,35.37,34.68,35.01,31418,54988585.0,1.96,-0.57,-0.2,1.79
1459,2018-01-11,35.29,35.41,33.75,34.99,25277,43906537.0,4.74,-0.06,-0.02,1.44
1460,2018-01-12,34.64,35.37,34.42,35.21,13527,23491555.0,2.72,0.63,0.22,0.77
1461,2018-01-15,35.11,35.63,34.76,35.19,24832,43447155.0,2.47,-0.06,-0.02,1.41
1462,2018-01-16,35.19,35.51,34.54,34.7,17077,29744079.0,2.76,-1.39,-0.49,0.97
1463,2018-01-17,34.58,35.33,33.13,34.7,36208,61905481.0,6.34,0.0,0.0,2.06
1464,2018-01-18,34.72,34.76,33.73,34.4,20030,34338695.0,2.97,-0.86,-0.3,1.14
1465,2018-01-19,33.96,34.4,33.45,33.75,28839,48680905.0,2.76,-1.89,-0.65,1.64
1466,2018-01-22,33.96,34.64,33.51,34.08,16124,27330543.0,3.35,0.98,0.33,0.92
1467,2018-01-23,34.12,34.32,33.65,34.22,35179,59438921.0,1.97,0.41,0.14,2.0
1468,2018-01-24,34.12,37.19,33.75,36.6,76471,138810656.0,10.05,6.95,2.38,4.35
1469,2018-01-25,36.56,37.09,36.38,36.72,31876,58417010.0,1.94,0.33,0.12,1.82
1470,2018-01-26,36.64,36.8,35.81,35.96,27643,50083662.0,2.7,-2.07,-0.76,1.57
1471,2018-01-29,35.81,36.14,34.12,34.93,33072,58053544.0,5.62,-2.86,-1.03,1.88
1472,2018-01-30,35.03,35.41,34.28,34.78,13468,23385554.0,3.24,-0.43,-0.15,0.77
1473,2018-01-31,34.58,34.97,33.89,34.66,11149,19120493.0,3.11,-0.35,-0.12,0.63
1474,2018-02-01,34.42,34.64,31.23,32.54,90447,143522500.0,9.84,-6.12,-2.12,5.15
1475,2018-02-02,31.77,33.35,31.27,32.58,17691,28657610.0,6.39,0.12,0.04,1.01
1476,2018-02-05,32.72,33.63,31.77,32.72,7271,11817004.0,5.71,0.43,0.14,0.41
1477,2018-02-06,32.64,32.68,30.92,31.89,21475,34245340.0,5.38,-2.54,-0.83,1.19
1478,2018-02-07,32.16,32.56,30.92,32.0,23157,36789996.0,5.14,0.34,0.11,1.28
1479,2018-02-08,32.0,34.16,31.95,33.92,25975,43427057.0,6.91,6.0,1.92,1.44
1480,2018-02-09,33.92,33.92,30.86,31.75,49315,78550914.0,9.02,-6.4,-2.17,2.69
1481,2018-02-12,31.98,33.05,31.73,32.7,21599,34811519.0,4.16,2.99,0.95,1.18
1482,2018-02-13,32.66,32.82,31.39,31.77,20078,32083703.0,4.37,-2.84,-0.93,1.1
1483,2018-02-14,31.89,31.89,30.12,31.09,24405,37330199.0,5.57,-2.14,-0.68,1.33
1484,2018-02-22,31.93,31.93,31.13,31.37,16587,25945031.0,2.57,0.9,0.28,0.91
1485,2018-02-23,31.51,32.26,31.19,32.18,22146,34959560.0,3.41,2.58,0.81,1.21
1486,2018-02-26,32.58,32.78,31.59,32.48,31141,50139585.0,3.7,0.93,0.3,1.7
1487,2018-02-27,32.48,33.79,32.48,32.82,28122,46394781.0,4.03,1.05,0.34,1.54
1488,2018-02-28,32.56,33.49,32.3,33.05,20248,33366863.0,3.63,0.7,0.23,1.11
1489,2018-03-01,32.72,33.96,32.56,33.92,24681,41151713.0,4.24,2.63,0.87,1.35
1490,2018-03-02,33.41,35.61,33.41,34.74,57871,100614241.0,6.49,2.42,0.82,3.16
1491,2018-03-05,34.74,35.63,34.48,34.78,34711,60418291.0,3.31,0.12,0.04,1.89
1492,2018-03-06,34.86,35.37,34.64,35.07,23390,40885385.0,2.1,0.83,0.29,1.28
1493,2018-03-07,35.09,36.04,34.84,34.97,28625,50448213.0,3.42,-0.29,-0.1,1.56
1494,2018-03-08,35.01,35.47,34.18,34.68,29493,51170983.0,3.69,-0.83,-0.29,1.61
1495,2018-03-09,34.76,36.0,34.74,35.69,59898,105616130.0,3.63,2.91,1.01,3.27
1496,2018-03-12,35.81,37.69,35.81,37.03,95124,175634139.0,5.27,3.75,1.34,5.19
1497,2018-03-13,37.03,37.67,36.46,37.67,67738,125532727.0,3.27,1.73,0.64,3.7
1498,2018-03-14,37.05,37.39,36.1,36.12,45324,83157743.0,3.42,-4.11,-1.55,2.47
1499,2018-03-15,36.02,36.32,34.72,35.49,50816,89823995.0,4.43,-1.74,-0.63,2.77
1500,2018-03-16,35.49,35.71,34.52,34.89,32259,56651561.0,3.35,-1.69,-0.6,1.76
1501,2018-03-19,34.99,35.39,34.6,34.99,36521,63905570.0,2.26,0.29,0.1,1.99
1502,2018-03-20,34.72,35.23,33.85,35.09,43172,74612802.0,3.94,0.29,0.1,2.36
1503,2018-03-21,34.91,36.1,34.74,34.91,46601,82335456.0,3.88,-0.51,-0.18,2.54
1504,2018-03-22,34.62,35.41,33.83,34.04,46612,79906730.0,4.53,-2.49,-0.87,2.54
1505,2018-03-23,32.74,33.51,30.68,31.03,48660,77250549.0,8.31,-8.84,-3.01,2.66
1506,2018-03-26,30.56,31.49,30.16,31.49,28873,44449286.0,4.29,1.48,0.46,1.58
1507,2018-03-27,31.87,32.66,31.87,32.48,39129,62752849.0,2.51,3.14,0.99,2.14
1508,2018-03-28,32.04,32.4,31.79,31.87,23461,37374840.0,1.88,-1.88,-0.61,1.28
1509,2018-03-29,32.04,32.54,31.61,32.2,23559,37636562.0,2.92,1.04,0.33,1.29
1510,2018-03-30,32.34,33.25,32.22,33.15,30423,49888467.0,3.2,2.95,0.95,1.66
1511,2018-04-02,33.21,34.52,32.75,33.96,45152,76239663.0,5.34,2.44,0.81,2.46
1512,2018-04-03,33.29,34.04,32.99,33.39,33653,56117694.0,3.09,-1.68,-0.57,1.84
1513,2018-04-04,33.39,34.7,33.39,33.67,47069,79696283.0,3.92,0.84,0.28,2.57
1514,2018-04-09,33.23,35.05,33.15,35.03,52168,89527475.0,5.64,4.04,1.36,2.85
1515,2018-04-10,34.44,35.81,34.34,35.47,61827,108359442.0,4.2,1.26,0.44,3.38
1516,2018-04-11,35.69,36.2,35.17,35.83,37761,67276260.0,2.9,1.01,0.36,2.06
1517,2018-04-12,35.71,36.3,35.35,35.65,31718,56728776.0,2.65,-0.5,-0.18,1.73
1518,2018-04-13,36.0,36.48,35.63,36.0,31523,56632026.0,2.38,0.98,0.35,1.72
1519,2018-04-16,35.96,36.58,35.41,35.81,28135,50503492.0,3.25,-0.53,-0.19,1.54
1520,2018-04-17,35.86,36.28,34.72,35.23,36199,64366585.0,4.36,-1.62,-0.58,1.98
1521,2018-04-18,35.41,36.66,35.17,36.34,63729,114487277.0,4.23,3.15,1.11,3.48
1522,2018-04-19,36.34,36.7,35.59,35.77,44352,79909812.0,3.05,-1.57,-0.57,2.42
1523,2018-04-20,35.41,35.88,33.73,34.06,52735,91405133.0,6.01,-4.78,-1.71,2.88
1524,2018-04-23,34.28,35.19,33.87,34.52,48734,83802918.0,3.88,1.35,0.46,2.66
1525,2018-04-24,34.86,35.43,34.16,35.33,37068,64628492.0,3.68,2.35,0.81,2.02
1526,2018-04-25,35.55,36.46,35.19,36.18,62324,112021016.0,3.59,2.41,0.85,3.4
1527,2018-04-26,35.79,36.46,34.52,34.72,46984,83164452.0,5.36,-4.04,-1.46,2.57
1528,2018-04-27,34.62,35.11,32.36,33.13,75302,124633594.0,7.92,-4.58,-1.59,4.11
1529,2018-05-02,32.97,33.53,32.24,32.93,26453,43325059.0,3.89,-0.6,-0.2,1.44
1530,2018-05-03,32.5,33.07,31.45,32.93,39340,63018344.0,4.92,0.0,0.0,2.15
1531,2018-05-04,32.6,33.25,32.32,32.89,25036,41102259.0,2.82,-0.12,-0.04,1.37
1532,2018-05-07,32.92,34.62,32.8,34.32,41576,70511887.0,5.53,4.35,1.43,2.27
1533,2018-05-08,34.36,35.01,33.92,34.66,25062,43127276.0,3.18,0.99,0.34,1.37
1534,2018-05-09,35.07,36.3,35.07,35.98,60469,107829080.0,3.55,3.81,1.32,3.3
1535,2018-05-10,35.9,36.26,35.23,36.1,67792,121073672.0,2.86,0.33,0.12,3.7
1536,2018-05-11,36.08,36.36,35.35,35.55,35418,63186309.0,2.8,-1.52,-0.55,1.93
1537,2018-05-14,35.79,35.92,33.89,34.52,83969,145764712.0,5.71,-2.9,-1.03,4.59
1538,2018-05-15,34.41,37.93,34.25,36.82,260440,236338039.0,10.66,6.66,2.3,7.11
1539,2018-05-16,36.43,37.34,35.4,35.67,187976,170117989.0,5.27,-3.12,-1.15,5.13
1540,2018-05-17,36.03,38.8,36.03,36.7,250863,231661046.0,7.77,2.89,1.03,6.85
1541,2018-05-18,37.42,38.01,35.32,35.63,151537,136769214.0,7.33,-2.92,-1.07,4.13
1542,2018-05-21,36.19,36.47,35.0,35.59,97259,86027283.0,4.13,-0.11,-0.04,2.65
1543,2018-05-22,35.83,35.83,34.56,35.48,132356,115260517.0,3.57,-0.31,-0.11,3.61
1544,2018-05-23,35.24,36.15,34.68,35.75,105691,93702079.0,4.14,0.76,0.27,2.88
1545,2018-05-24,35.48,35.95,33.69,34.45,140020,120272194.0,6.32,-3.64,-1.3,3.82
1546,2018-05-25,34.41,35.32,33.89,34.41,61872,53091317.0,4.15,-0.12,-0.04,1.69
1547,2018-05-28,34.37,34.37,31.39,32.23,103237,83344004.0,8.66,-6.34,-2.18,2.82
1548,2018-05-29,32.5,33.06,32.07,32.46,48070,38798252.0,3.07,0.71,0.23,1.31
1549,2018-05-30,32.27,32.27,30.29,30.32,145426,112034932.0,6.1,-6.59,-2.14,3.97
1550,2018-05-31,30.44,30.84,29.61,30.64,60028,44858530.0,4.06,1.06,0.32,1.64
1551,2018-06-01,30.29,30.29,28.66,28.78,86461,62921658.0,5.32,-6.07,-1.86,2.36
1552,2018-06-04,28.9,29.18,27.12,28.22,73842,51405056.0,7.16,-1.95,-0.56,2.01
1553,2018-06-05,28.03,29.06,28.03,28.82,62645,44399691.0,3.65,2.13,0.6,1.71
1554,2018-06-06,29.1,29.22,27.27,27.63,103951,71739298.0,6.77,-4.13,-1.19,2.84
1555,2018-06-07,27.87,30.32,27.79,30.09,176785,128269739.0,9.16,8.9,2.46,4.82
1556,2018-06-08,29.85,29.85,27.95,28.62,153322,108825122.0,6.31,-4.89,-1.47,4.18
1557,2018-06-11,28.38,28.78,27.23,27.63,73832,50975840.0,5.42,-3.46,-0.99,2.01
1558,2018-06-12,27.75,29.1,26.96,28.3,93308,64888804.0,7.75,2.42,0.67,2.55
1559,2018-06-13,27.83,28.3,27.51,27.51,44932,30879420.0,2.79,-2.79,-0.79,1.23
1560,2018-06-14,27.35,27.87,27.27,27.67,25487,17333547.0,2.18,0.58,0.16,0.7
1561,2018-06-15,27.63,27.67,24.98,25.13,141373,89324854.0,9.72,-9.18,-2.54,3.86
1562,2018-06-19,24.66,24.94,22.68,22.68,108563,63043152.0,8.99,-9.75,-2.45,2.96
1563,2018-06-20,22.68,23.75,22.48,23.59,86496,49357296.0,5.6,4.01,0.91,2.36
1564,2018-06-21,23.55,23.79,21.96,22.32,80271,45274341.0,7.76,-5.38,-1.27,2.19
1565,2018-06-22,22.52,24.26,22.52,23.91,94834,55265628.0,7.8,7.12,1.59,2.59
1566,2018-06-25,24.38,24.66,23.51,23.83,97539,57577410.0,4.81,-0.33,-0.08,2.66
1567,2018-06-26,23.47,24.58,22.96,24.18,68400,40696969.0,6.8,1.47,0.35,1.87
1568,2018-06-27,24.34,24.9,24.14,24.34,63504,38240939.0,3.14,0.66,0.16,1.73
1569,2018-06-28,24.18,24.62,23.99,24.1,35777,21453071.0,2.59,-0.99,-0.24,0.98
1570,2018-06-29,24.34,24.98,24.1,24.82,52232,31748217.0,3.65,2.99,0.72,1.43
1571,2018-07-02,24.94,25.65,24.03,24.7,107224,66060628.0,6.53,-0.48,-0.12,2.93
1572,2018-07-03,24.9,25.13,24.3,24.98,93520,56925766.0,3.36,1.13,0.28,2.55
1573,2018-07-04,24.86,25.65,24.82,25.57,77748,48406267.0,3.32,2.36,0.59,2.12
1574,2018-07-05,25.33,25.65,24.94,25.13,69517,43184307.0,2.78,-1.72,-0.44,1.9
1575,2018-07-06,24.94,25.49,24.42,24.86,87096,53370538.0,4.26,-1.07,-0.27,2.38
1576,2018-07-09,25.02,25.29,24.78,25.13,64869,39898902.0,2.05,1.09,0.27,1.77
1577,2018-07-10,25.06,25.21,24.62,24.94,72993,44963559.0,2.35,-0.76,-0.19,1.99
1578,2018-07-11,24.38,24.82,23.79,24.3,63114,37839285.0,4.13,-2.57,-0.64,1.72
1579,2018-07-12,24.14,25.41,24.14,25.25,72677,44836183.0,5.23,3.91,0.95,1.98
1580,2018-07-13,25.49,25.49,24.38,24.54,89337,54536974.0,4.4,-2.81,-0.71,2.44
1581,2018-07-16,24.86,24.86,24.34,24.7,75978,46017330.0,2.12,0.65,0.16,2.07
1582,2018-07-17,24.74,24.86,24.42,24.82,44609,27098584.0,1.78,0.49,0.12,1.22
1583,2018-07-18,24.82,25.09,24.54,24.66,47020,28729378.0,2.22,-0.64,-0.16,1.28
1584,2018-07-19,24.5,24.74,24.18,24.38,45367,27327219.0,2.27,-1.14,-0.28,1.24
1585,2018-07-20,24.22,24.5,23.75,24.14,88331,52421720.0,3.08,-0.98,-0.24,2.41
1586,2018-07-23,24.22,24.46,23.55,24.14,68850,40772071.0,3.77,0.0,0.0,1.88
1587,2018-07-24,24.14,24.62,23.95,24.42,89037,53271425.0,2.78,1.16,0.28,2.43
1588,2018-07-25,24.42,24.82,24.1,24.34,72911,43901840.0,2.95,-0.33,-0.08,1.99
1589,2018-07-26,24.34,24.82,24.14,24.78,94403,56918597.0,2.79,1.81,0.44,2.58
1590,2018-07-27,24.66,24.9,24.18,24.54,91398,55094552.0,2.91,-0.97,-0.24,2.49
1591,2018-07-30,24.26,24.42,23.23,23.67,118498,69240762.0,4.85,-3.55,-0.87,3.23
1592,2018-07-31,23.55,23.79,23.35,23.55,36852,21375322.0,1.86,-0.51,-0.12,1.01
1593,2018-08-01,23.59,23.79,23.07,23.15,46059,26685761.0,3.06,-1.7,-0.4,1.26
1594,2018-08-02,23.11,23.11,21.17,22.12,84560,46000196.0,8.38,-4.45,-1.03,2.31
1595,2018-08-03,21.96,22.12,21.09,21.45,68401,36332952.0,4.66,-3.03,-0.67,1.87
1596,2018-08-06,21.53,21.65,20.7,21.13,60442,31392812.0,4.43,-1.49,-0.32,1.65
1597,2018-08-07,21.17,21.61,20.78,21.53,88021,45924077.0,3.93,1.89,0.4,2.4
1598,2018-08-08,21.49,21.69,20.7,20.82,68558,35767648.0,4.6,-3.3,-0.71,1.87
1599,2018-08-09,21.09,21.77,20.97,21.33,125234,65749138.0,3.84,2.45,0.51,3.42
1600,2018-08-10,21.21,23.39,21.17,23.31,178235,98284304.0,10.41,9.28,1.98,4.86
1601,2018-08-13,22.56,24.62,22.4,24.26,193474,112863538.0,9.52,4.08,0.95,5.28
1602,2018-08-14,23.99,24.22,23.59,24.14,87750,51736086.0,2.6,-0.49,-0.12,2.39
1603,2018-08-15,23.99,25.33,23.91,24.5,166723,101926580.0,5.88,1.49,0.36,4.55
1604,2018-08-16,24.14,25.02,23.79,24.3,98335,59287234.0,5.02,-0.82,-0.2,2.68
1605,2018-08-17,24.34,24.86,23.55,23.79,96981,57548696.0,5.39,-2.1,-0.51,2.65
1606,2018-08-20,23.79,24.26,22.8,24.06,98162,57284273.0,6.14,1.13,0.27,2.68
1607,2018-08-21,24.14,24.38,23.91,24.14,75037,44624539.0,1.95,0.33,0.08,2.05
1608,2018-08-22,24.14,24.22,23.27,23.67,63764,37103378.0,3.94,-1.95,-0.47,1.74
1609,2018-08-23,23.87,24.18,23.63,23.95,54537,32177637.0,2.32,1.18,0.28,1.49
1610,2018-08-24,23.95,24.62,23.71,24.34,75867,45546161.0,3.8,1.63,0.39,2.07
1611,2018-08-27,24.54,26.72,24.54,26.72,172409,111054446.0,8.96,9.78,2.38,4.51
1612,2018-08-28,27.43,28.5,27.08,27.19,253323,173197476.0,5.31,1.76,0.47,6.63
1613,2018-08-29,27.95,28.22,27.04,27.51,148532,101519009.0,4.34,1.18,0.32,3.89
1614,2018-08-30,27.39,28.26,26.2,26.44,159632,105857497.0,7.49,-3.89,-1.07,4.18
1615,2018-08-31,27.12,27.27,26.44,26.48,110178,72978298.0,3.14,0.15,0.04,2.88
1616,2018-09-03,26.6,27.0,26.01,26.6,84244,55319118.0,3.74,0.45,0.12,2.2
1617,2018-09-04,26.68,28.42,26.48,27.71,136267,93406334.0,7.29,4.17,1.11,3.56
1618,2018-09-05,27.43,28.5,27.31,27.75,103058,71164467.0,4.29,0.14,0.04,2.7
1619,2018-09-06,27.71,29.97,27.23,29.14,193726,138142104.0,9.87,5.01,1.39,5.07
1620,2018-09-07,28.86,30.01,28.7,29.26,140283,101775388.0,4.5,0.41,0.12,3.67
1621,2018-09-10,28.94,29.69,28.3,29.06,137607,98763324.0,4.75,-0.68,-0.2,3.6
1622,2018-09-11,28.82,29.45,27.91,28.42,115065,80906916.0,5.3,-2.2,-0.64,3.01
1623,2018-09-12,28.3,28.5,27.47,27.83,87922,60769117.0,3.62,-2.08,-0.59,2.3
1624,2018-09-13,27.99,28.46,27.31,27.99,73419,50792063.0,4.13,0.57,0.16,1.92
1625,2018-09-14,28.19,28.5,25.25,25.25,133010,88288911.0,11.61,-9.79,-2.74,3.48
1626,2018-09-17,23.55,25.65,23.55,24.74,144066,87542969.0,8.32,-2.02,-0.51,3.77
1627,2018-09-18,26.44,26.52,24.54,24.74,107645,66963148.0,8.0,0.0,0.0,2.82
1628,2018-09-19,25.06,25.85,24.78,24.98,140613,87718402.0,4.32,0.97,0.24,3.68
1629,2018-09-20,25.21,25.45,24.22,24.74,86043,52682678.0,4.92,-0.96,-0.24,2.25
1630,2018-09-21,24.9,25.41,24.58,25.06,69085,42535945.0,3.35,1.29,0.32,1.81
1631,2018-09-25,25.13,25.13,23.79,24.14,111017,66474691.0,5.35,-3.67,-0.92,2.9
1632,2018-09-26,24.3,24.78,24.14,24.5,94645,57016307.0,2.65,1.49,0.36,2.48
1633,2018-09-27,24.5,24.54,23.19,23.27,104447,60982666.0,5.51,-5.02,-1.23,2.73
1634,2018-09-28,23.59,23.75,22.88,23.75,87175,50102037.0,3.74,2.06,0.48,2.28
1635,2018-10-08,23.15,23.79,22.4,23.55,106795,61172964.0,5.85,-0.84,-0.2,2.79
1636,2018-10-09,23.35,23.39,22.44,22.99,69046,38896156.0,4.03,-2.38,-0.56,1.81
1637,2018-10-10,22.92,23.15,22.32,22.76,72106,40382077.0,3.61,-1.0,-0.23,1.89
1638,2018-10-11,21.89,22.28,20.54,20.54,134540,69592939.0,7.64,-9.75,-2.22,3.52
1639,2018-10-12,20.1,20.54,18.56,18.56,262920,122356468.0,9.64,-9.64,-1.98,6.88
1640,2018-10-15,18.76,20.34,18.56,20.06,280711,138623476.0,9.59,8.08,1.5,7.34
1641,2018-10-16,19.55,20.18,18.91,19.15,195497,93549704.0,6.33,-4.54,-0.91,5.11
1642,2018-10-17,19.27,20.34,18.64,19.19,156704,74909032.0,8.88,0.21,0.04,4.1
1643,2018-10-18,18.99,19.39,18.2,18.64,106813,49279747.0,6.2,-2.87,-0.55,2.79
1644,2018-10-19,18.52,19.27,18.32,19.15,105622,49074058.0,5.1,2.74,0.51,2.76
1645,2018-10-22,19.31,20.42,19.27,19.94,139822,68243132.0,6.01,4.13,0.79,3.66
1646,2018-10-23,20.06,20.97,19.63,19.9,128365,63542914.0,6.72,-0.2,-0.04,3.36
1647,2018-10-24,19.79,20.14,19.59,19.79,92370,44985125.0,2.76,-0.55,-0.11,2.42
1648,2018-10-25,19.19,19.86,18.95,19.79,86842,41104149.0,4.6,0.0,0.0,2.27
1649,2018-10-26,20.14,20.22,19.31,19.75,70162,33949138.0,4.6,-0.2,-0.04,1.84
1650,2018-10-29,19.75,19.83,19.27,19.75,47264,22659561.0,2.84,0.0,0.0,1.24
1651,2018-10-30,19.67,20.26,19.27,19.9,88575,43009503.0,5.01,0.76,0.15,2.34
1652,2018-10-31,20.02,21.37,19.71,20.7,125454,63871787.0,8.34,4.02,0.8,3.31
1653,2018-11-01,20.82,21.25,20.66,20.74,72271,37122046.0,2.85,0.19,0.04,1.91
1654,2018-11-02,20.86,22.2,20.86,21.81,121356,64187543.0,6.46,5.16,1.07,3.2
1655,2018-11-05,21.81,22.2,21.41,22.0,93652,50156222.0,3.62,0.87,0.19,2.47
1656,2018-11-06,22.0,22.36,21.45,22.12,60894,32715118.0,4.14,0.55,0.12,1.61
1657,2018-11-07,22.12,22.2,21.77,21.96,53764,29073037.0,1.94,-0.72,-0.16,1.42
1658,2018-11-08,22.24,22.36,21.89,21.96,44579,24171301.0,2.14,0.0,0.0,1.18
1659,2018-11-09,21.89,22.08,21.45,21.77,58500,31259863.0,2.87,-0.87,-0.19,1.54
1660,2018-11-12,21.77,22.72,21.73,22.36,80529,44126339.0,4.55,2.71,0.59,2.13
1661,2018-11-13,22.2,23.23,22.08,23.07,71479,40186877.0,5.14,3.18,0.71,1.89
1662,2018-11-14,23.19,23.31,22.6,22.8,70426,39653131.0,3.08,-1.17,-0.27,1.86
1663,2018-11-15,22.76,23.07,22.56,22.92,63670,35813516.0,2.24,0.53,0.12,1.68
1664,2018-11-16,22.92,23.91,22.92,23.47,81908,47139758.0,4.32,2.4,0.55,2.16
1665,2018-11-19,23.27,23.87,23.23,23.47,56145,32539252.0,2.73,0.0,0.0,1.48
1666,2018-11-20,23.35,23.79,22.76,22.8,62150,35383647.0,4.39,-2.85,-0.67,1.64
1667,2018-11-21,22.64,22.8,21.77,22.24,103639,56523478.0,4.52,-2.46,-0.56,2.74
1668,2018-11-22,22.52,23.39,22.24,22.92,115090,64262003.0,5.17,3.06,0.68,3.04
1669,2018-11-23,22.68,22.92,21.09,21.13,120858,64480569.0,7.98,-7.81,-1.79,3.19
1670,2018-11-26,20.97,21.49,20.7,20.97,90541,46852645.0,3.74,-0.76,-0.16,2.39
1671,2018-11-27,21.09,21.37,20.66,21.37,118030,60879732.0,3.39,1.91,0.4,3.12
1672,2018-11-28,21.29,21.37,20.46,20.89,140413,72072151.0,4.26,-2.25,-0.48,3.71
1673,2018-11-29,20.93,21.21,19.75,20.18,178229,89054341.0,6.99,-3.4,-0.71,4.71
1674,2018-11-30,19.9,20.14,19.27,19.9,85524,41491851.0,4.31,-1.39,-0.28,2.26
1675,2018-12-03,20.74,21.61,20.38,21.09,201864,104003863.0,6.18,5.98,1.19,5.33
1676,2018-12-04,21.33,21.49,20.86,21.17,64551,33504696.0,2.99,0.38,0.08,1.7
1677,2018-12-05,20.78,20.97,20.62,20.74,65063,33195105.0,1.65,-2.03,-0.43,1.72
1678,2018-12-06,20.66,20.66,19.75,19.94,97933,48437746.0,4.39,-3.86,-0.8,2.59
1679,2018-12-07,20.02,20.22,19.83,20.06,54067,26532456.0,1.96,0.6,0.12,1.43
1680,2018-12-10,19.98,20.1,19.55,19.86,68541,33377059.0,2.74,-1.0,-0.2,1.81
1681,2018-12-11,19.98,20.34,19.86,20.18,58758,28987025.0,2.42,1.61,0.32,1.55
1682,2018-12-12,20.46,20.78,19.98,20.58,95970,47839891.0,3.96,1.98,0.4,2.53
1683,2018-12-13,20.46,20.74,20.02,20.42,106556,53336750.0,3.5,-0.78,-0.16,2.81
1684,2018-12-14,20.38,20.38,19.94,20.1,69820,34435545.0,2.15,-1.57,-0.32,1.84
1685,2018-12-17,19.94,20.14,19.51,19.98,41915,20370308.0,3.13,-0.6,-0.12,1.11
1686,2018-12-18,19.83,20.02,19.55,20.02,50603,24635964.0,2.35,0.2,0.04,1.34
1687,2018-12-19,20.1,20.1,19.19,19.94,55892,26943816.0,4.55,-0.4,-0.08,1.48
1688,2018-12-20,19.59,19.9,19.39,19.75,36047,17414542.0,2.56,-0.95,-0.19,0.95
1689,2018-12-21,19.63,19.79,19.39,19.59,25123,12062569.0,2.03,-0.81,-0.16,0.66
1690,2018-12-24,19.67,19.94,19.39,19.9,74749,36007831.0,2.81,1.58,0.31,1.97
1691,2018-12-25,19.67,19.9,18.83,19.79,60940,29061245.0,5.38,-0.55,-0.11,1.61
1692,2018-12-26,19.9,20.02,19.51,19.71,39457,19063638.0,2.58,-0.4,-0.08,1.04
1693,2018-12-27,19.9,19.98,19.23,19.43,42018,20195434.0,3.81,-1.42,-0.28,1.11
1694,2018-12-28,19.27,19.43,18.4,18.87,87736,40473653.0,5.3,-2.88,-0.56,2.32
1695,2019-01-02,18.87,18.95,18.4,18.87,40698,18655961.0,2.91,0.0,0.0,1.07
1696,2019-01-03,18.79,19.19,18.76,18.79,36338,16855443.0,2.28,-0.42,-0.08,0.96
1697,2019-01-04,18.56,19.23,18.44,19.07,58107,26978168.0,4.2,1.49,0.28,1.53
1698,2019-01-07,19.23,19.43,19.07,19.31,68269,32180419.0,1.89,1.26,0.24,1.8
1699,2019-01-08,19.11,19.31,19.11,19.27,37092,17460472.0,1.04,-0.21,-0.04,0.98
1700,2019-01-09,19.31,20.02,19.23,19.79,85960,41396564.0,4.1,2.7,0.52,2.27
1701,2019-01-10,19.83,21.37,19.75,21.01,205178,103608208.0,8.19,6.16,1.22,5.42
1702,2019-01-11,20.78,21.61,20.5,21.49,186622,96833170.0,5.28,2.28,0.48,4.93
1703,2019-01-14,21.29,21.29,20.14,20.38,138944,70293926.0,5.35,-5.17,-1.11,3.67
1704,2019-01-15,20.42,20.5,20.06,20.46,103428,51575896.0,2.16,0.39,0.08,2.73
1705,2019-01-16,20.5,20.62,19.83,19.9,110827,54546483.0,3.86,-2.74,-0.56,2.93
1706,2019-01-17,19.9,19.94,19.27,19.27,70445,33798502.0,3.37,-3.17,-0.63,1.86
1707,2019-01-18,19.27,19.43,18.83,19.11,102614,47982879.0,3.11,-0.83,-0.16,2.71
1708,2019-01-21,19.19,19.35,18.76,19.11,108463,50718137.0,3.09,0.0,0.0,2.86
1709,2019-01-22,19.15,19.27,18.87,19.11,63276,29533790.0,2.09,0.0,0.0,1.67
1710,2019-01-23,19.03,19.23,18.79,18.87,54587,25378191.0,2.3,-1.26,-0.24,1.44
1711,2019-01-24,18.87,19.15,18.76,19.03,64640,30071794.0,2.07,0.85,0.16,1.71
1712,2019-01-25,18.99,19.59,18.87,19.15,115621,54322307.0,3.78,0.63,0.12,3.05
1713,2019-01-28,19.15,19.23,17.41,18.2,178036,80420559.0,9.5,-4.96,-0.95,4.7
1714,2019-01-29,17.96,18.08,16.81,18.08,94537,40644748.0,6.98,-0.66,-0.12,2.5
1715,2019-01-30,17.73,18.04,17.53,17.61,50361,21897856.0,2.82,-2.6,-0.47,1.33
1716,2019-01-31,17.25,17.76,16.77,16.85,106927,44658698.0,5.62,-4.32,-0.76,2.82
1717,2019-02-01,17.05,17.33,16.89,17.13,71512,29900565.0,2.61,1.66,0.28,1.89
1718,2019-02-11,17.13,17.73,17.13,17.65,105991,45131363.0,3.5,3.04,0.52,2.8
1719,2019-02-12,17.69,18.36,17.57,18.2,107535,47661196.0,4.48,3.12,0.55,2.84
1720,2019-02-13,18.32,19.35,18.2,18.79,207307,95220287.0,6.32,3.24,0.59,5.47
1721,2019-02-14,18.99,18.99,18.52,18.64,109035,49953322.0,2.5,-0.8,-0.15,2.88
1722,2019-02-15,18.6,19.27,18.52,18.87,179812,83611387.0,4.02,1.23,0.23,4.75
1723,2019-02-18,18.79,20.14,18.76,19.9,326675,156505999.0,7.31,5.46,1.03,8.63
1724,2019-02-19,20.58,21.85,20.18,20.46,585705,302114192.0,8.39,2.81,0.56,15.47
1725,2019-02-20,20.46,20.74,19.9,20.18,250402,124554603.0,4.11,-1.37,-0.28,5.92
1726,2019-02-21,20.14,21.49,19.94,20.42,316921,161799256.0,7.68,1.19,0.24,7.5
1727,2019-02-22,21.37,22.4,20.62,22.4,638920,346505552.0,8.72,9.7,1.98,15.11
1728,2019-02-25,21.96,23.71,21.85,23.19,738231,415256896.0,8.3,3.53,0.79,17.46
1729,2019-02-26,22.88,23.31,22.0,22.44,446491,247466526.0,5.65,-3.23,-0.75,10.56
1730,2019-02-27,22.32,22.72,21.69,21.93,266189,146106538.0,4.59,-2.27,-0.51,6.3
1731,2019-02-28,21.93,22.32,21.53,21.93,212752,114363904.0,3.6,0.0,0.0,5.03
1732,2019-03-01,21.77,21.93,21.29,21.61,197585,104408476.0,2.92,-1.46,-0.32,4.67
1733,2019-03-04,21.69,22.52,21.69,21.93,274678,149771111.0,3.84,1.48,0.32,6.5
1734,2019-03-05,21.93,23.27,21.93,23.15,312804,174040229.0,6.11,5.56,1.22,7.4
1735,2019-03-06,23.51,23.67,22.4,22.99,336739,189851231.0,5.49,-0.69,-0.16,7.97
1736,2019-03-07,22.88,24.94,22.72,23.95,437577,254130517.0,9.66,4.18,0.96,10.35
1737,2019-03-08,23.19,25.25,22.8,23.63,490079,292499584.0,10.23,-1.34,-0.32,11.59
1738,2019-03-11,24.18,25.73,24.14,25.09,400357,245540814.0,6.73,6.18,1.46,9.47
1739,2019-03-12,25.65,26.4,24.78,25.49,383334,240728194.0,6.46,1.59,0.4,9.07
1740,2019-03-13,25.49,25.77,24.74,24.9,207230,128995776.0,4.04,-2.31,-0.59,4.9
1741,2019-03-14,24.74,24.9,22.76,23.79,186854,109305940.0,8.59,-4.46,-1.11,4.42
1742,2019-03-15,23.95,24.94,23.55,24.38,219565,130886181.0,5.84,2.48,0.59,5.19
1743,2019-03-18,24.42,25.33,24.06,24.9,176631,107834206.0,5.21,2.13,0.52,4.18
1744,2019-03-19,24.78,25.09,24.22,24.46,134346,81740185.0,3.49,-1.77,-0.44,3.18
1745,2019-03-20,24.34,24.94,23.31,24.74,199059,118950217.0,6.66,1.14,0.28,4.71
1746,2019-03-21,24.5,26.24,24.38,25.93,358905,222992334.0,7.52,4.81,1.19,8.49
1747,2019-03-22,28.46,28.46,28.46,28.46,135737,95558862.0,0.0,9.76,2.53,3.21
1748,2019-03-25,31.24,31.24,31.24,31.24,43949,34016796.0,0.0,9.77,2.78,1.04
1749,2019-03-26,32.98,32.98,28.19,28.5,955982,713750640.0,15.33,-8.77,-2.74,22.61
1750,2019-03-27,29.29,30.68,28.22,29.53,827331,600579168.0,8.63,3.61,1.03,19.57
1751,2019-03-28,28.74,29.53,27.16,27.63,587188,411504864.0,8.03,-6.43,-1.9,13.89
1752,2019-03-29,27.08,28.42,27.08,27.87,331625,227923144.0,4.85,0.87,0.24,7.84
1753,2019-04-01,28.22,29.89,27.87,29.29,515421,371153024.0,7.25,5.1,1.42,12.19
1754,2019-04-02,29.22,30.64,29.1,29.49,432316,319130800.0,5.26,0.68,0.2,10.23
1755,2019-04-03,29.33,32.07,29.1,31.47,410070,309478080.0,10.07,6.71,1.98,9.7
1756,2019-04-04,31.47,32.66,30.68,31.08,287158,223398550.0,6.29,-1.24,-0.39,6.79
1757,2019-04-08,31.08,31.36,28.9,29.41,320175,236724782.0,7.92,-5.37,-1.67,7.57
1758,2019-04-09,29.18,30.13,28.78,29.85,181299,132500703.0,4.59,1.5,0.44,4.29
1759,2019-04-10,29.61,30.09,28.74,29.02,156111,113335896.0,4.52,-2.78,-0.83,3.69
1760,2019-04-11,29.41,29.89,28.78,29.1,131358,95046102.0,3.82,0.28,0.08,3.11
1761,2019-04-12,29.1,29.73,28.42,28.66,109126,78696731.0,4.5,-1.51,-0.44,2.58
1762,2019-04-15,29.14,29.57,28.86,28.94,81704,58980368.0,2.48,0.98,0.28,1.93
1763,2019-04-16,28.82,29.69,28.3,29.49,88296,63604707.0,4.8,1.9,0.55,2.09
1764,2019-04-17,29.45,32.38,29.14,31.91,427502,338186336.0,10.99,8.21,2.42,10.11
1765,2019-04-18,31.0,31.67,30.29,31.04,289332,221290433.0,4.32,-2.73,-0.87,6.84
1766,2019-04-19,30.8,33.61,30.52,32.98,339259,272980528.0,9.95,6.25,1.94,8.02
1767,2019-04-22,33.14,34.17,31.91,32.35,206864,169259509.0,6.85,-1.91,-0.63,4.89
1768,2019-04-23,32.11,32.66,31.28,32.35,150397,119153998.0,4.27,0.0,0.0,3.56
1769,2019-04-24,32.46,34.45,32.03,34.25,189486,157569141.0,7.48,5.87,1.9,4.48
1770,2019-04-25,34.45,34.96,32.5,33.22,180928,151883746.0,7.18,-3.01,-1.03,4.28
1771,2019-04-26,32.9,32.9,29.97,30.76,228035,177081161.0,8.82,-7.41,-2.46,5.51
1772,2019-04-29,31.28,32.46,29.89,30.64,150420,116664591.0,8.36,-0.39,-0.12,3.64
1773,2019-04-30,31.12,32.19,30.29,31.59,91799,71745539.0,6.2,3.1,0.95,2.22
1774,2019-05-06,30.09,30.09,28.5,28.5,153277,108966362.0,5.03,-9.78,-3.09,3.71
1775,2019-05-07,27.23,28.62,25.73,26.72,202372,135651333.0,10.14,-6.25,-1.78,4.89
1776,2019-05-08,26.36,27.99,25.77,26.76,136985,91046938.0,8.31,0.15,0.04,3.31
1777,2019-05-09,26.64,26.96,25.53,25.53,160467,103359616.0,5.34,-4.6,-1.23,3.88
1778,2019-05-10,26.13,28.03,25.65,27.99,204166,136617693.0,9.32,9.64,2.46,4.94
1779,2019-05-13,27.31,27.95,27.0,27.27,111015,75324028.0,3.39,-2.57,-0.72,2.68
1780,2019-05-14,27.47,27.95,26.88,27.12,90459,61287873.0,3.92,-0.55,-0.15,2.19
1781,2019-05-15,27.31,28.5,27.23,28.03,115484,79418040.0,4.68,3.36,0.91,2.79
1782,2019-05-16,28.07,28.54,27.47,28.03,130571,90337776.0,3.82,0.0,0.0,3.16
1783,2019-05-17,28.15,28.9,25.81,26.09,129126,86771849.0,11.02,-6.92,-1.94,3.12
1784,2019-05-20,27.31,28.62,27.16,27.51,468523,326916800.0,5.6,5.44,1.42,11.33
1785,2019-05-21,26.13,26.13,24.82,25.37,446251,276056464.0,4.76,-7.78,-2.14,10.79
1786,2019-05-22,24.78,25.69,24.74,25.21,185847,115554290.0,3.74,-0.63,-0.16,4.49
1787,2019-05-23,25.13,25.65,24.42,24.46,120019,74066516.0,4.88,-2.98,-0.75,2.9
1788,2019-05-24,24.38,24.94,22.99,23.95,164199,96776113.0,7.97,-2.09,-0.51,3.97
1789,2019-05-27,23.99,25.37,23.71,25.25,144594,88290700.0,6.93,5.43,1.3,3.5
1790,2019-05-28,25.65,26.24,24.82,25.06,152823,96217521.0,5.62,-0.75,-0.19,3.69
1791,2019-05-29,24.94,26.05,24.94,25.37,123765,77785043.0,4.43,1.24,0.31,2.99
1792,2019-05-30,25.69,26.72,24.94,26.32,274303,174464503.0,7.02,3.74,0.95,6.63
1793,2019-05-31,26.52,26.52,25.33,25.53,208988,133511609.0,4.52,-3.0,-0.79,5.05
1794,2019-06-03,25.21,25.77,24.38,24.7,145109,89164438.0,5.44,-3.25,-0.83,3.51
1795,2019-06-04,24.74,24.82,24.06,24.34,72894,44046616.0,3.08,-1.46,-0.36,1.76
1796,2019-06-05,24.62,24.7,23.91,24.3,73250,44061748.0,3.25,-0.16,-0.04,1.77
1797,2019-06-06,24.3,24.34,23.23,23.43,94270,55050855.0,4.57,-3.58,-0.87,2.28
1798,2019-06-10,23.59,24.1,23.03,23.67,60508,35281483.0,4.57,1.02,0.24,1.46
1799,2019-06-11,23.71,24.78,23.59,24.66,129816,77846519.0,5.03,4.18,0.99,3.14
1800,2019-06-12,25.53,26.16,24.86,24.9,235098,147319363.0,5.27,0.97,0.24,5.68
1801,2019-06-13,25.13,26.64,24.34,25.33,362499,228599984.0,9.24,1.73,0.43,8.76
1802,2019-06-14,25.17,25.61,24.5,24.54,178997,110731856.0,4.38,-3.12,-0.79,4.33
1803,2019-06-17,24.34,24.66,23.95,24.03,119535,71482201.0,2.89,-2.08,-0.51,2.89
1804,2019-06-18,24.14,24.26,23.59,23.67,81115,47730622.0,2.79,-1.5,-0.36,1.94
1805,2019-06-19,24.34,24.86,24.3,24.42,121324,73337644.0,2.37,3.17,0.75,2.91
1806,2019-06-20,24.34,25.09,24.14,24.9,123099,75158286.0,3.89,1.97,0.48,2.95
1807,2019-06-21,25.29,25.81,25.06,25.33,145289,90982216.0,3.01,1.73,0.43,3.48
1808,2019-06-24,25.13,25.45,24.5,24.86,157591,96970468.0,3.75,-1.86,-0.47,3.78
1809,2019-06-25,24.98,25.06,24.06,24.34,123210,74109850.0,4.02,-2.09,-0.52,2.95
1810,2019-06-26,24.22,24.5,23.87,23.99,84323,50133597.0,2.59,-1.44,-0.35,2.02
1811,2019-06-27,24.14,25.17,24.1,24.9,143867,87268624.0,4.46,3.79,0.91,3.45
1812,2019-06-28,24.78,24.82,23.99,24.14,107505,64121144.0,3.33,-3.05,-0.76,2.58
1813,2019-07-01,24.78,25.69,24.42,25.37,253141,156974052.0,5.26,5.1,1.23,6.06
1814,2019-07-02,25.25,25.97,24.86,25.17,157416,98005199.0,4.38,-0.79,-0.2,3.77
1815,2019-07-03,24.98,24.98,24.46,24.66,92347,56082742.0,2.07,-2.03,-0.51,2.21
1816,2019-07-04,24.78,24.86,24.3,24.5,73251,44151641.0,2.27,-0.65,-0.16,1.75
1817,2019-07-05,24.54,24.98,24.42,24.78,84642,51574053.0,2.29,1.14,0.28,2.03
1818,2019-07-08,24.7,24.74,23.43,23.71,128274,75470122.0,5.29,-4.32,-1.07,3.07
1819,2019-07-09,23.95,23.95,23.47,23.67,67237,38993346.0,2.02,-0.17,-0.04,1.61
1820,2019-07-10,23.75,24.58,23.31,24.26,151981,89905406.0,5.37,2.49,0.59,3.64
1821,2019-07-11,24.82,25.37,24.58,24.74,250862,153861786.0,3.26,1.98,0.48,6.01
1822,2019-07-12,24.38,25.97,24.26,25.57,342189,214266784.0,6.91,3.35,0.83,8.2
1823,2019-07-15,25.06,26.16,24.82,25.97,326767,206030440.0,5.24,1.56,0.4,7.83
1824,2019-07-16,25.29,25.61,24.78,25.37,301351,186394662.0,3.2,-2.31,-0.6,7.22
1825,2019-07-17,25.21,26.76,24.94,25.97,385376,246597384.0,7.17,2.36,0.6,9.23
1826,2019-07-18,25.57,25.89,25.09,25.49,153862,96448302.0,3.08,-1.85,-0.48,3.69
1827,2019-07-19,25.29,25.85,25.21,25.33,104182,65330390.0,2.51,-0.63,-0.16,2.5
1828,2019-07-22,25.49,25.65,24.22,24.38,107401,65324378.0,5.65,-3.75,-0.95,2.57
1829,2019-07-23,24.22,26.76,24.22,25.69,304589,194632069.0,10.42,5.37,1.31,7.3
1830,2019-07-24,25.69,27.12,25.69,26.84,345543,225423568.0,5.57,4.48,1.15,8.28
1831,2019-07-25,26.8,27.16,26.44,26.68,226509,149567257.0,2.68,-0.6,-0.16,5.43
1832,2019-07-26,26.84,27.95,26.8,26.88,258051,173272349.0,4.31,0.75,0.2,6.18
1833,2019-07-29,27.19,29.49,27.19,29.37,639375,462428128.0,8.56,9.26,2.49,15.32
1834,2019-07-30,28.58,30.17,28.58,29.1,497266,360810112.0,5.41,-0.92,-0.27,11.91
1835,2019-07-31,29.37,31.04,28.86,29.14,329640,242176856.0,7.49,0.14,0.04,7.9
1836,2019-08-01,29.73,30.52,28.98,29.77,285175,209119196.0,5.28,2.16,0.63,6.83
1837,2019-08-02,28.82,29.57,28.15,29.02,319536,228068941.0,4.77,-2.52,-0.75,7.65
1838,2019-08-05,29.37,31.87,29.18,29.89,515647,387965408.0,9.27,3.0,0.87,12.35
1839,2019-08-06,29.41,31.95,27.67,30.92,486145,359176768.0,14.32,3.45,1.03,11.65
1840,2019-08-07,31.71,33.42,30.84,31.12,452197,357318400.0,8.34,0.65,0.2,10.83
1841,2019-08-08,30.17,31.51,29.85,30.96,304969,231412536.0,5.33,-0.51,-0.16,7.31
1842,2019-08-09,30.8,31.43,28.42,28.62,324573,238261655.0,9.72,-7.56,-2.34,7.78
1843,2019-08-12,28.94,31.43,28.23,31.43,369293,276469840.0,11.18,9.82,2.81,8.85
1844,2019-08-13,32.19,32.62,30.96,32.07,441911,349676496.0,5.28,2.04,0.64,10.59
1845,2019-08-14,32.54,33.3,30.96,31.51,384758,307450480.0,7.3,-1.75,-0.56,9.22
1846,2019-08-15,30.68,34.6,30.25,34.6,511156,413095392.0,13.81,9.81,3.09,12.25
1847,2019-08-16,36.11,36.11,33.3,33.53,538537,458957936.0,8.12,-3.09,-1.07,12.9
1848,2019-08-19,34.09,35.48,33.1,34.49,488672,415577056.0,7.1,2.86,0.96,11.71
1849,2019-08-20,33.61,34.21,32.54,33.1,635423,525104032.0,4.84,-4.03,-1.39,15.22
1850,2019-08-21,32.78,32.78,31.36,31.55,570661,450168960.0,4.29,-4.68,-1.55,13.67
1851,2019-08-22,31.55,31.99,30.84,31.39,357323,276525792.0,3.65,-0.51,-0.16,8.56
1852,2019-08-23,31.08,31.16,28.3,28.3,679381,489745200.0,9.11,-9.84,-3.09,16.28
1853,2019-08-26,27.23,27.67,27.0,27.39,315618,212856250.0,2.37,-3.22,-0.91,7.56
1854,2019-08-27,27.55,28.11,27.19,27.31,289105,196754695.0,3.36,-0.29,-0.08,6.93
1855,2019-08-28,27.19,28.07,27.08,27.83,223760,152161719.0,3.63,1.9,0.52,5.36
1856,2019-08-29,27.87,28.23,26.96,27.08,252534,171433131.0,4.56,-2.69,-0.75,6.05
1857,2019-08-30,27.12,27.87,25.65,26.16,368914,241314318.0,8.2,-3.4,-0.92,8.84
1858,2019-09-02,25.97,27.63,25.57,27.51,313499,206552452.0,7.87,5.16,1.35,7.51
1859,2019-09-03,27.35,28.11,27.08,27.39,329829,223984050.0,3.74,-0.44,-0.12,7.9
1860,2019-09-04,27.35,28.86,27.16,28.62,389353,270515936.0,6.21,4.49,1.23,9.33
1861,2019-09-05,28.5,28.98,28.26,28.66,311669,220694144.0,2.52,0.14,0.04,7.47
1862,2019-09-06,28.58,29.29,27.79,28.34,279622,197302170.0,5.23,-1.12,-0.32,6.7
1863,2019-09-09,28.78,30.17,28.58,29.69,464707,337213440.0,5.61,4.76,1.35,11.13
1864,2019-09-10,29.29,29.65,28.94,29.26,261244,188712909.0,2.39,-1.45,-0.43,6.26
1865,2019-09-11,29.33,29.77,28.38,28.46,282387,201373883.0,4.75,-2.73,-0.8,6.77
1866,2019-09-12,28.66,29.18,28.38,29.02,207561,147734939.0,2.81,1.97,0.56,4.97
1867,2019-09-16,28.94,29.18,28.74,28.94,166427,118931860.0,1.52,-0.28,-0.08,3.99
1868,2019-09-17,28.94,28.94,27.43,27.87,203845,141003967.0,5.22,-3.7,-1.07,4.88
1869,2019-09-18,28.03,28.42,27.67,27.79,132540,91498835.0,2.69,-0.29,-0.08,3.18
1870,2019-09-19,27.83,28.54,27.47,28.54,194308,135294097.0,3.85,2.7,0.75,4.66
1871,2019-09-20,28.15,28.5,27.39,27.39,260797,179189326.0,3.89,-4.03,-1.15,6.25
1872,2019-09-23,26.76,26.88,25.93,26.64,223825,145672604.0,3.47,-2.74,-0.75,5.36
1873,2019-09-24,26.52,27.12,26.4,26.52,132844,87577302.0,2.7,-0.45,-0.12,3.18
1874,2019-09-25,26.76,26.8,25.41,25.61,182414,116421696.0,5.24,-3.43,-0.91,4.37
1875,2019-09-26,25.57,25.89,23.95,24.1,276782,167476907.0,7.58,-5.9,-1.51,6.63
1876,2019-09-27,24.38,25.17,24.1,24.94,231617,141261656.0,4.44,3.49,0.84,5.55
1877,2019-09-30,24.94,24.98,23.83,24.1,203385,121776638.0,4.61,-3.37,-0.84,4.87
1878,2019-10-08,24.26,24.66,23.59,23.63,168093,99157010.0,4.44,-1.95,-0.47,4.03
1879,2019-10-09,23.67,23.87,23.27,23.75,133821,77644561.0,2.54,0.51,0.12,3.21
1880,2019-10-10,23.91,23.99,23.63,23.91,135808,79624077.0,1.52,0.67,0.16,3.25
1881,2019-10-11,24.03,24.5,23.63,24.3,186375,110302551.0,3.64,1.63,0.39,4.47
1882,2019-10-14,24.46,24.86,24.38,24.66,156324,94766071.0,1.98,1.48,0.36,3.75
1883,2019-10-15,24.42,24.46,23.83,24.14,141375,83596988.0,2.55,-2.11,-0.52,3.39
1884,2019-10-16,24.14,24.22,23.39,23.51,125443,73168748.0,3.44,-2.61,-0.63,3.01
1885,2019-10-17,23.39,23.67,23.11,23.27,92126,53061872.0,2.38,-1.02,-0.24,2.21
1886,2019-10-18,23.31,23.67,22.8,22.96,107107,61197773.0,3.74,-1.33,-0.31,2.57
1887,2019-10-21,22.92,22.99,22.16,22.76,98270,54236084.0,3.61,-0.87,-0.2,2.35
1888,2019-10-22,22.72,22.99,22.2,22.64,132202,73414984.0,3.47,-0.53,-0.12,3.17
1889,2019-10-23,22.68,22.99,22.52,22.8,94370,52826466.0,2.08,0.71,0.16,2.26
1890,2019-10-24,22.8,22.92,22.24,22.48,77062,42604217.0,2.98,-1.4,-0.32,1.85
1891,2019-10-25,22.6,23.19,22.24,22.99,138210,77304854.0,4.23,2.27,0.51,3.31
1892,2019-10-28,23.03,23.51,22.96,23.43,107065,61401800.0,2.39,1.91,0.44,2.56
1893,2019-10-29,23.43,23.55,22.6,22.64,123974,69691537.0,4.05,-3.37,-0.79,2.97
1894,2019-10-30,22.4,22.56,22.04,22.04,105224,57536697.0,2.3,-2.65,-0.6,2.52
1895,2019-10-31,22.12,22.2,21.25,21.33,109438,58153579.0,4.31,-3.22,-0.71,2.62
1896,2019-11-01,21.29,22.2,21.21,22.12,113567,61004217.0,4.64,3.7,0.79,2.72
1897,2019-11-04,22.44,23.59,22.08,22.8,217507,123101135.0,6.83,3.07,0.68,5.21
1898,2019-11-05,22.92,23.79,22.72,23.75,218788,126403146.0,4.69,4.17,0.95,5.24
1899,2019-11-06,23.79,23.79,23.11,23.43,114214,65616728.0,2.86,-1.35,-0.32,2.74
1900,2019-11-07,23.31,23.55,23.15,23.35,82170,47098659.0,1.71,-0.34,-0.08,1.97
1901,2019-11-08,23.63,23.63,22.88,22.92,110878,63148684.0,3.21,-1.84,-0.43,2.66
1902,2019-11-11,23.03,23.03,22.08,22.32,91484,50620721.0,4.14,-2.62,-0.6,2.19
1903,2019-11-12,22.52,22.56,21.61,22.12,79331,42829442.0,4.26,-0.9,-0.2,1.9
1904,2019-11-13,22.12,23.79,21.89,23.67,286086,162673910.0,8.59,7.01,1.55,6.85
1905,2019-11-14,23.39,24.54,23.23,24.18,266822,157151545.0,5.53,2.15,0.51,6.39
1906,2019-11-15,24.06,24.14,23.23,23.27,157056,91170159.0,3.76,-3.76,-0.91,3.76
1907,2019-11-18,23.43,23.55,22.96,23.15,109575,62404966.0,2.54,-0.52,-0.12,2.63
1908,2019-11-19,23.15,23.79,22.99,23.71,126111,72922786.0,3.46,2.42,0.56,3.02
1909,2019-11-20,23.67,23.71,22.96,23.11,107844,61670374.0,3.16,-2.53,-0.6,2.58
1910,2019-11-21,22.99,23.39,22.84,22.99,111982,63606015.0,2.38,-0.52,-0.12,2.68
1911,2019-11-22,22.96,23.51,22.48,23.03,130319,73791706.0,4.48,0.17,0.04,3.12
1912,2019-11-25,22.92,23.07,22.2,22.44,94084,51875521.0,3.78,-2.56,-0.59,2.25
1913,2019-11-26,22.44,22.68,22.2,22.36,51150,28088615.0,2.14,-0.36,-0.08,1.23
1914,2019-11-27,22.24,22.52,22.08,22.44,58214,31964953.0,1.97,0.36,0.08,1.39
1915,2019-11-28,22.28,22.92,22.28,22.6,62686,34882193.0,2.85,0.71,0.16,1.5
1916,2019-11-29,22.72,23.79,22.56,23.55,169168,97193606.0,5.44,4.2,0.95,4.05
1917,2019-12-02,23.67,24.26,23.27,23.99,169545,99717033.0,4.2,1.87,0.44,4.06
1918,2019-12-03,23.99,26.32,23.75,26.32,620175,392998448.0,10.71,9.71,2.33,14.86
1919,2019-12-04,26.36,27.27,26.01,26.72,661047,434508064.0,4.79,1.52,0.4,15.84
1920,2019-12-05,26.68,27.23,26.4,27.23,448676,297075632.0,3.11,1.91,0.51,10.75
1921,2019-12-06,26.96,27.19,26.48,26.92,316635,209740642.0,2.61,-1.14,-0.31,7.59
1922,2019-12-09,27.0,27.75,26.6,27.47,406265,271980672.0,4.27,2.04,0.55,9.73
1923,2019-12-10,27.43,28.66,26.8,27.99,466856,318593680.0,6.77,1.89,0.52,11.18
1924,2019-12-11,27.63,29.22,27.55,27.59,417810,290907552.0,5.97,-1.43,-0.4,10.01
1925,2019-12-12,27.83,28.94,26.96,27.75,386939,267974053.0,7.18,0.58,0.16,9.27
1926,2019-12-13,28.03,28.54,27.39,27.83,261125,179754530.0,4.14,0.29,0.08,6.26
1927,2019-12-16,28.19,30.56,27.99,30.56,673914,499328848.0,9.23,9.81,2.73,16.15
1928,2019-12-17,33.1,33.14,30.96,31.47,969630,768480400.0,7.13,2.98,0.91,23.23
1929,2019-12-18,31.63,33.34,31.16,31.99,766752,607844064.0,6.93,1.65,0.52,18.37
1930,2019-12-19,30.92,31.28,29.29,29.29,719472,536555952.0,6.22,-8.44,-2.7,17.24
1931,2019-12-20,29.93,30.68,29.33,29.37,512142,379877040.0,4.61,0.27,0.08,12.27
1932,2019-12-23,28.3,28.54,26.84,27.12,435345,297934832.0,5.79,-7.66,-2.25,10.43
1933,2019-12-24,27.47,27.51,26.56,27.27,302390,201674021.0,3.5,0.55,0.15,7.24
1934,2019-12-25,27.08,27.99,26.88,27.63,337266,229130284.0,4.07,1.32,0.36,8.08
1935,2019-12-26,27.55,28.26,27.43,27.83,275315,189151809.0,3.0,0.72,0.2,6.6
1936,2019-12-27,28.23,28.58,26.88,27.0,326528,224187930.0,6.11,-2.98,-0.83,7.82
1937,2019-12-30,26.6,27.04,25.89,26.88,242690,159081635.0,4.26,-0.44,-0.12,5.81
1938,2019-12-31,27.04,27.35,26.56,26.96,159703,106018772.0,2.94,0.3,0.08,3.82
1939,2020-01-02,27.12,28.07,26.92,27.83,277066,189407301.0,4.27,3.23,0.87,6.63
1940,2020-01-03,28.03,29.1,27.99,28.58,358417,253041784.0,3.99,2.69,0.75,8.58
1941,2020-01-06,27.99,29.49,27.75,29.06,352710,251117612.0,6.09,1.68,0.48,8.44
1942,2020-01-07,29.33,29.33,28.34,28.78,291335,206530115.0,3.41,-0.96,-0.28,6.97
1943,2020-01-08,28.34,29.41,27.79,28.11,403714,283033920.0,5.63,-2.33,-0.67,9.66
1944,2020-01-09,28.34,28.74,27.83,28.42,300964,210197114.0,3.24,1.1,0.31,7.2
1945,2020-01-10,28.23,28.42,26.92,27.47,334129,227429671.0,5.28,-3.34,-0.95,7.99
1946,2020-01-13,27.55,28.03,27.08,27.87,206824,141457320.0,3.46,1.46,0.4,4.95
1947,2020-01-14,27.91,28.11,27.27,27.35,180258,122761830.0,3.01,-1.87,-0.52,4.31
1948,2020-01-15,27.27,27.43,26.68,27.19,192072,128120089.0,2.74,-0.59,-0.16,4.6
1949,2020-01-16,27.27,27.47,26.88,26.92,141008,94416702.0,2.17,-0.99,-0.27,3.37
1950,2020-01-17,27.04,27.08,26.13,26.4,159695,104739416.0,3.53,-1.93,-0.52,3.82
1951,2020-01-20,26.36,27.27,26.05,27.04,173892,114769512.0,4.62,2.42,0.64,4.16
1952,2020-01-21,27.0,27.04,26.32,26.32,137282,90125135.0,2.66,-2.66,-0.72,3.28
1953,2020-01-22,26.16,26.96,25.57,26.92,173838,112767323.0,5.28,2.28,0.6,4.16
1954,2020-01-23,25.97,27.04,25.49,25.85,257880,165988417.0,5.76,-3.97,-1.07,6.17
1955,2020-02-03,23.31,23.31,23.31,23.31,8412,4820076.0,0.0,-9.83,-2.54,0.2
1956,2020-02-04,21.05,23.55,21.05,22.48,246822,135702026.0,10.73,-3.56,-0.83,5.89
1957,2020-02-05,22.6,23.39,22.52,22.64,169791,95781337.0,3.87,0.71,0.16,4.05
1958,2020-02-06,22.72,23.39,22.24,23.39,181494,102912529.0,5.08,3.31,0.75,4.27
1959,2020-02-07,23.43,23.59,22.72,23.43,197978,112738313.0,3.72,0.17,0.04,4.66
1960,2020-02-10,23.39,23.99,22.92,23.63,133423,77255549.0,4.57,0.85,0.2,3.14
1961,2020-02-11,23.59,24.58,23.31,24.5,218610,128832676.0,5.37,3.68,0.87,5.15
1962,2020-02-12,24.62,24.94,23.91,24.86,255314,153308724.0,4.2,1.47,0.36,6.01
1963,2020-02-13,24.54,25.53,24.54,24.78,199962,123034738.0,3.98,-0.32,-0.08,4.71
1964,2020-02-14,24.54,25.69,24.54,25.53,230343,143373966.0,4.64,3.03,0.75,5.42
1965,2020-02-17,25.65,27.08,25.57,26.8,347711,225826214.0,5.91,4.97,1.27,8.19
1966,2020-02-18,26.76,28.15,26.4,27.87,553158,371604752.0,6.53,3.99,1.07,13.03
1967,2020-02-19,27.75,27.95,26.88,26.92,388564,261500216.0,3.84,-3.41,-0.95,9.15
1968,2020-02-20,26.68,29.53,26.4,29.53,479676,333785184.0,11.63,9.7,2.61,11.3
1969,2020-02-21,30.01,30.01,28.42,28.9,730871,525760288.0,5.38,-2.13,-0.63,17.21
1970,2020-02-24,27.87,29.65,27.79,28.62,535743,378980368.0,6.44,-0.97,-0.28,12.62
1971,2020-02-25,27.87,28.3,26.16,27.67,471403,321295792.0,7.48,-3.32,-0.95,11.1
1972,2020-02-26,27.39,29.33,26.92,27.67,490145,343134624.0,8.71,0.0,0.0,11.54
1973,2020-02-27,27.19,27.83,26.56,27.0,278542,186866982.0,4.59,-2.42,-0.67,6.56
1974,2020-02-28,25.65,26.13,24.34,24.34,375176,230808649.0,6.63,-9.85,-2.66,8.83
1975,2020-03-02,24.38,25.21,23.99,25.02,219566,133603051.0,5.01,2.79,0.68,5.17
1976,2020-03-03,25.37,25.77,24.58,25.06,211029,131738851.0,4.76,0.16,0.04,4.97
1977,2020-03-04,24.58,25.41,24.58,25.13,139978,86056240.0,3.31,0.28,0.07,3.3
1978,2020-03-05,25.53,26.05,25.17,25.77,202735,127925320.0,3.5,2.55,0.64,4.77
1979,2020-03-06,25.41,27.35,25.17,26.56,306324,198618198.0,8.46,3.07,0.79,7.21
1980,2020-03-09,25.89,27.27,25.89,26.32,268963,177222768.0,5.2,-0.9,-0.24,6.33
1981,2020-03-10,25.89,27.35,25.02,27.19,288666,187528742.0,8.85,3.31,0.87,6.8
1982,2020-03-11,27.19,28.11,26.92,27.0,323721,219668484.0,4.38,-0.7,-0.19,7.62
1983,2020-03-12,26.6,27.95,26.05,27.47,309391,208869784.0,7.04,1.74,0.47,7.29
1984,2020-03-13,25.93,28.11,25.37,27.75,338211,225744202.0,9.97,1.02,0.28,7.96
1985,2020-03-16,27.99,27.99,25.17,25.53,338839,223244558.0,10.16,-8.0,-2.22,7.98
1986,2020-03-17,26.01,26.2,23.67,24.7,247681,151858631.0,9.91,-3.25,-0.83,5.83
1987,2020-03-18,25.02,25.09,23.27,23.27,229032,138031630.0,7.37,-5.79,-1.43,5.39
1988,2020-03-19,23.31,23.87,22.88,23.79,172253,99206790.0,4.25,2.23,0.52,4.06
1989,2020-03-20,24.1,24.46,23.35,24.06,140530,82740383.0,4.67,1.13,0.27,3.31
1990,2020-03-23,23.51,23.75,21.89,22.28,161949,90990243.0,7.73,-7.4,-1.78,3.81
1991,2020-03-24,22.64,22.96,21.77,22.72,120061,66119664.0,5.34,1.97,0.44,2.83
1992,2020-03-25,23.19,23.47,22.84,23.07,102397,58156445.0,2.77,1.54,0.35,2.41
1993,2020-03-26,22.84,23.15,22.64,22.76,95107,53467889.0,2.21,-1.34,-0.31,2.24
1994,2020-03-27,23.03,23.11,22.32,22.36,79833,44386518.0,3.47,-1.76,-0.4,1.88
1995,2020-03-30,22.16,22.16,21.13,21.53,91881,48471016.0,4.61,-3.71,-0.83,2.16
1996,2020-03-31,21.81,21.81,20.97,21.01,91128,47654798.0,3.9,-2.42,-0.52,2.15
1997,2020-04-01,20.9,21.53,20.9,21.05,89565,46605054.0,3.0,0.19,0.04,2.11
1998,2020-04-02,20.9,22.12,20.7,21.89,140077,74065946.0,6.75,3.99,0.84,3.3
1999,2020-04-03,21.73,22.8,21.65,22.2,152042,82609080.0,5.25,1.42,0.31,3.58
2000,2020-04-07,22.56,23.07,22.2,22.8,154351,85805793.0,3.92,2.7,0.6,3.63
2001,2020-04-08,22.8,22.96,22.56,22.76,94381,52721137.0,1.75,-0.18,-0.04,2.22
2002,2020-04-09,22.8,23.19,22.6,22.72,125357,70280373.0,2.59,-0.18,-0.04,2.95
2003,2020-04-10,22.76,22.96,22.12,22.28,116357,64356114.0,3.7,-1.94,-0.44,2.74
2004,2020-04-13,22.16,22.24,21.73,21.81,62065,33314973.0,2.29,-2.11,-0.47,1.46
2005,2020-04-14,22.04,22.36,21.81,22.32,49303,26717166.0,2.52,2.34,0.51,1.16
2006,2020-04-15,22.4,22.44,22.0,22.12,55358,30197526.0,1.97,-0.9,-0.2,1.3
2007,2020-04-16,21.96,22.08,21.61,21.93,76718,41163552.0,2.12,-0.86,-0.19,1.81
2008,2020-04-17,22.08,22.4,21.81,21.81,77951,42320898.0,2.69,-0.55,-0.12,1.84
2009,2020-04-20,21.77,22.36,21.73,22.32,82712,44953142.0,2.89,2.34,0.51,1.95
2010,2020-04-21,22.24,22.72,22.08,22.56,92446,50883656.0,2.87,1.08,0.24,2.18
2011,2020-04-22,22.48,23.35,22.28,23.31,134191,75542372.0,4.74,3.32,0.75,3.16
2012,2020-04-23,23.15,23.23,22.8,22.88,87880,49653911.0,1.84,-1.84,-0.43,2.07
2013,2020-04-24,23.03,23.07,21.93,22.2,101845,55955387.0,4.98,-2.97,-0.68,2.4
2014,2020-04-27,22.16,22.24,21.57,21.57,93937,50374188.0,3.02,-2.84,-0.63,2.21
2015,2020-04-28,21.25,21.57,20.22,21.37,112456,58009557.0,6.26,-0.93,-0.2,2.65
2016,2020-04-29,21.29,21.53,20.66,20.97,68332,35328001.0,4.07,-1.87,-0.4,1.61
2017,2020-04-30,21.29,22.56,21.21,21.93,127298,68236535.0,6.44,4.58,0.96,3.0
2018,2020-05-06,21.96,22.96,21.73,22.92,116247,64173562.0,5.61,4.51,0.99,2.74
2019,2020-05-07,22.84,23.19,22.6,22.68,85670,48113264.0,2.57,-1.05,-0.24,2.02
2020,2020-05-08,22.84,23.19,22.8,22.96,115377,65177417.0,1.72,1.23,0.28,2.72
2021,2020-05-11,23.75,24.34,22.8,23.19,181235,104321935.0,6.71,1.0,0.23,4.27
2022,2020-05-12,23.03,24.46,22.8,24.18,219062,126908797.0,7.16,4.27,0.99,5.16
2023,2020-05-13,23.83,24.1,23.27,23.91,179317,104487292.0,3.43,-1.12,-0.27,4.22
2024,2020-05-14,24.06,24.94,23.87,24.22,236812,142332648.0,4.48,1.3,0.31,5.58
2025,2020-05-15,24.46,25.45,24.42,25.21,254584,157178614.0,4.25,4.09,0.99,6.0
2026,2020-05-18,25.33,25.45,23.27,23.59,281824,168737066.0,8.65,-6.43,-1.62,6.64
2027,2020-05-19,23.79,24.34,23.59,23.95,144548,84898284.0,3.18,1.53,0.36,3.4
2028,2020-05-20,23.79,23.79,23.07,23.27,139716,80125777.0,3.01,-2.84,-0.68,3.29
2029,2020-05-21,23.43,23.55,22.68,22.88,103408,58501243.0,3.74,-1.68,-0.39,2.44
2030,2020-05-22,22.88,22.96,21.93,22.0,112913,61908747.0,4.5,-3.85,-0.88,2.66
2031,2020-05-25,21.93,22.2,21.53,21.81,65223,34917869.0,3.05,-0.86,-0.19,1.54
2032,2020-05-26,21.81,22.28,21.81,22.28,121879,65992068.0,2.15,2.15,0.47,2.87
2033,2020-05-27,22.32,22.4,21.53,21.57,104248,55844809.0,3.9,-3.19,-0.71,2.45
2034,2020-05-28,21.61,21.73,21.01,21.45,80332,42112846.0,3.34,-0.56,-0.12,1.89
2035,2020-05-29,21.33,21.73,21.25,21.69,74310,39406338.0,2.24,1.12,0.24,1.75
2036,2020-06-01,21.77,22.64,21.77,22.56,143315,78324085.0,4.01,4.01,0.87,3.37
2037,2020-06-02,22.92,23.99,22.88,23.43,266951,153386242.0,4.92,3.86,0.87,6.29
2038,2020-06-03,23.59,24.06,23.35,23.55,254116,148125878.0,3.03,0.51,0.12,5.98
2039,2020-06-04,23.75,23.91,23.35,23.39,103892,60220878.0,2.38,-0.68,-0.16,2.45
2040,2020-06-05,23.51,23.83,23.07,23.31,110465,63574506.0,3.25,-0.34,-0.08,2.6
2041,2020-06-08,23.47,24.3,23.39,23.59,177038,103810624.0,3.9,1.2,0.28,4.17
2042,2020-06-09,23.91,23.91,23.07,23.31,108899,62807348.0,3.56,-1.19,-0.28,2.56
2043,2020-06-10,23.51,24.3,23.43,23.47,185599,108307156.0,3.73,0.69,0.16,4.37
2044,2020-06-11,23.23,24.1,23.23,23.39,147731,85791055.0,3.71,-0.34,-0.08,3.48
2045,2020-06-12,22.92,23.51,22.72,23.27,116172,65825039.0,3.38,-0.51,-0.12,2.74
2046,2020-06-15,23.15,23.47,22.72,22.76,111780,63452459.0,3.22,-2.19,-0.51,2.63
2047,2020-06-16,22.92,23.31,22.88,22.99,111798,63381865.0,1.89,1.01,0.23,2.62
2048,2020-06-17,22.99,23.15,22.52,22.76,99362,55573190.0,2.74,-1.0,-0.23,2.33
2049,2020-06-18,22.68,22.96,22.6,22.8,70717,39592943.0,1.58,0.18,0.04,1.66
2050,2020-06-19,23.03,23.47,22.92,23.19,136942,77805129.0,2.41,1.71,0.39,3.21
2051,2020-06-22,23.15,23.99,23.15,23.75,170821,99169557.0,3.62,2.41,0.56,4.01
2052,2020-06-23,24.42,24.7,23.51,23.79,162617,95459203.0,5.01,0.17,0.04,3.82
2053,2020-06-24,23.79,24.22,23.39,23.51,99253,57658930.0,3.49,-1.18,-0.28,2.33
2054,2020-06-29,23.31,23.71,22.92,23.27,85174,48806308.0,3.36,-1.02,-0.24,2.0
2055,2020-06-30,23.35,23.83,23.31,23.55,105494,61091781.0,2.23,1.2,0.28,2.48
2056,2020-07-01,23.63,23.91,22.99,23.15,127873,73523349.0,3.91,-1.7,-0.4,3.0
2057,2020-07-02,22.99,23.91,22.96,23.91,167435,97344897.0,4.1,3.28,0.76,3.93
2058,2020-07-03,23.87,24.3,23.59,24.1,178428,105270650.0,2.97,0.79,0.19,4.19
2059,2020-07-06,24.3,26.44,24.1,26.44,196352,124248021.0,9.71,9.71,2.34,4.61
2060,2020-07-07,25.57,29.02,25.57,28.46,866566,600712592.0,13.05,7.64,2.02,20.34
2061,2020-07-08,27.43,29.49,27.19,29.02,598907,419227712.0,8.08,1.97,0.56,14.06
2062,2020-07-09,28.66,29.65,28.26,28.9,460390,328440896.0,4.79,-0.41,-0.12,10.81
2063,2020-07-10,28.54,28.9,28.07,28.19,287518,201933989.0,2.87,-2.46,-0.71,6.75
2064,2020-07-13,28.26,30.96,27.75,30.96,734021,538849680.0,11.39,9.83,2.77,17.23
2065,2020-07-14,30.96,32.62,29.89,31.63,606626,470607536.0,8.82,2.16,0.67,14.24
2066,2020-07-15,31.28,32.31,30.48,31.28,374243,290413264.0,5.79,-1.11,-0.35,8.79
2067,2020-07-16,31.32,33.57,30.13,31.28,432732,342692400.0,11.0,0.0,0.0,10.16
2068,2020-07-17,31.87,34.21,30.36,33.46,536646,436536048.0,12.31,6.97,2.18,12.6
2069,2020-07-20,33.46,34.09,32.11,33.85,357106,292065568.0,5.92,1.17,0.39,8.38
2070,2020-07-21,33.42,37.18,33.18,37.18,542889,483788224.0,11.82,9.84,3.33,12.74
2071,2020-07-22,36.66,38.25,35.79,35.95,382277,347307088.0,6.62,-3.31,-1.23,8.97
2072,2020-07-23,35.16,37.38,34.13,37.06,416035,371043632.0,9.04,3.09,1.11,9.77
2073,2020-07-24,36.74,38.96,35.08,35.63,358363,328642528.0,10.47,-3.86,-1.43,8.41
2074,2020-07-27,36.19,37.26,34.25,34.8,231530,205264842.0,8.45,-2.33,-0.83,5.44
2075,2020-07-28,35.48,36.07,33.49,35.52,268439,231519598.0,7.41,2.07,0.72,6.3
2076,2020-07-29,35.52,39.0,34.6,39.0,513249,484738112.0,12.39,9.8,3.48,12.05
2077,2020-07-30,39.68,39.68,37.06,37.5,510187,487753760.0,6.72,-3.85,-1.5,11.98
2078,2020-07-31,37.89,40.43,37.06,39.64,496867,479456224.0,8.99,5.71,2.14,11.66
2079,2020-08-03,39.68,40.9,37.42,37.85,610027,590595472.0,8.78,-4.52,-1.79,14.32
2080,2020-08-04,37.06,37.06,34.13,34.13,657479,565448432.0,7.74,-9.83,-3.72,15.43
2081,2020-08-05,33.42,34.52,32.78,34.05,481137,402600912.0,5.1,-0.23,-0.08,11.29
2082,2020-08-06,33.57,34.01,33.22,33.53,228010,189698274.0,2.32,-1.53,-0.52,5.35
2083,2020-08-07,33.18,33.46,31.79,32.31,336020,269488208.0,4.98,-3.64,-1.22,7.89
2084,2020-08-10,32.15,35.2,31.95,34.49,390032,328981824.0,10.06,6.75,2.18,9.16
2085,2020-08-11,34.21,34.76,33.61,33.97,215245,181666114.0,3.33,-1.51,-0.52,5.05
2086,2020-08-12,34.13,36.23,33.1,36.03,384126,330254560.0,9.21,6.06,2.06,9.02
2087,2020-08-13,35.44,37.26,34.8,35.75,296721,264604971.0,6.83,-0.78,-0.28,6.97
2088,2020-08-14,35.08,35.95,33.89,34.68,197232,170036268.0,5.76,-2.99,-1.07,4.63
2089,2020-08-17,34.72,37.5,34.52,36.74,364661,332330352.0,8.59,5.94,2.06,8.56
2090,2020-08-18,37.1,37.22,35.83,36.23,337542,305268736.0,3.78,-1.39,-0.51,7.92
2091,2020-08-19,36.07,36.19,33.18,33.26,359370,306430352.0,8.31,-8.2,-2.97,8.44
2092,2020-08-20,32.98,33.85,32.78,33.18,166028,137047378.0,3.22,-0.24,-0.08,3.9
2093,2020-08-21,33.49,33.97,32.58,32.74,155220,127208559.0,4.19,-1.33,-0.44,3.64
2094,2020-08-24,32.7,33.89,31.87,33.34,159086,130180846.0,6.17,1.83,0.6,3.73
2095,2020-08-25,33.49,34.05,32.7,33.38,168674,139633679.0,4.05,0.12,0.04,3.96
2096,2020-08-26,33.1,33.18,31.67,32.19,141312,113536282.0,4.52,-3.57,-1.19,3.32
2097,2020-08-27,32.35,33.49,31.79,33.14,144839,118013671.0,5.28,2.95,0.95,3.4
2098,2020-08-28,33.06,35.59,32.7,34.33,291333,247557561.0,8.72,3.59,1.19,6.84
2099,2020-08-31,34.05,35.28,33.61,33.77,179327,153046723.0,4.86,-1.63,-0.56,4.21
2100,2020-09-01,33.49,33.89,32.86,33.61,149033,122729387.0,3.05,-0.47,-0.16,3.5
2101,2020-09-02,33.89,35.4,33.14,34.52,344469,294936640.0,6.72,2.71,0.91,8.09
2102,2020-09-03,34.05,35.24,33.14,34.37,334146,282204624.0,6.08,-0.43,-0.15,7.84
2103,2020-09-04,34.88,37.77,34.41,36.66,695678,631163792.0,9.78,6.66,2.29,16.33
2104,2020-09-07,36.82,38.61,35.44,35.91,784277,724209268.0,8.65,-2.05,-0.75,18.41
2105,2020-09-08,35.28,37.38,34.41,37.34,616442,544606906.0,8.27,3.98,1.43,14.47
2106,2020-09-09,36.35,38.05,35.36,35.71,588553,534603916.0,7.2,-4.37,-1.63,13.82
2107,2020-09-10,35.16,35.56,29.18,29.73,513658,411445534.0,17.87,-16.75,-5.98,12.06
2108,2020-09-11,29.85,30.68,29.33,30.17,216067,160721685.0,4.54,1.48,0.44,5.07
2109,2020-09-14,30.52,32.78,29.97,31.91,245905,192883986.0,9.31,5.77,1.74,5.77
2110,2020-09-15,31.59,32.11,30.88,31.43,161124,125324917.0,3.85,-1.5,-0.48,3.78
2111,2020-09-16,31.75,31.91,30.44,30.84,147126,113385469.0,4.68,-1.88,-0.59,3.45
2112,2020-09-17,30.52,31.67,30.25,30.96,110209,84247960.0,4.6,0.39,0.12,2.59
2113,2020-09-18,30.92,31.36,30.64,31.24,105350,80964813.0,2.33,0.9,0.28,2.47
2114,2020-09-21,31.32,31.51,30.68,30.76,97453,74824197.0,2.66,-1.54,-0.48,2.29
2115,2020-09-22,30.17,30.84,29.81,30.05,97693,72987025.0,3.35,-2.31,-0.71,2.29
2116,2020-09-23,30.09,30.33,29.45,29.81,94767,69914798.0,2.93,-0.8,-0.24,2.22
2117,2020-09-24,29.53,29.73,28.42,28.42,125179,89426432.0,4.39,-4.66,-1.39,2.94
2118,2020-09-25,28.82,29.02,28.15,28.78,87837,62078260.0,3.06,1.27,0.36,2.06
2119,2020-09-28,28.82,28.9,27.83,28.23,76561,53578993.0,3.72,-1.91,-0.55,1.8
2120,2020-09-29,28.54,29.41,28.3,29.02,80449,57686165.0,3.93,2.8,0.79,1.89
2121,2020-09-30,29.1,29.41,28.78,29.22,66874,48118934.0,2.17,0.69,0.2,1.57
2122,2020-10-09,29.69,30.29,29.61,29.85,84804,62678670.0,2.33,2.16,0.63,1.99
2123,2020-10-12,30.25,31.59,30.09,31.51,162775,125416008.0,5.03,5.56,1.66,3.82
2124,2020-10-13,31.51,31.95,31.0,31.59,123237,96248549.0,3.01,0.25,0.08,2.89
2125,2020-10-14,31.67,31.67,30.88,31.04,90562,69935154.0,2.5,-1.74,-0.55,2.13
2126,2020-10-15,30.96,31.39,30.36,30.48,62094,47320417.0,3.32,-1.8,-0.56,1.46
2127,2020-10-16,30.44,30.84,30.13,30.33,60084,45145001.0,2.33,-0.49,-0.15,1.41
2128,2020-10-19,30.68,30.72,29.61,29.73,64277,47858858.0,3.66,-1.98,-0.6,1.51
2129,2020-10-20,29.57,30.56,29.57,30.44,67811,50635429.0,3.33,2.39,0.71,1.59
2130,2020-10-21,30.29,30.52,29.02,29.33,98756,72059759.0,4.93,-3.65,-1.11,2.32
2131,2020-10-22,29.06,30.52,28.78,30.05,99056,73180362.0,5.93,2.45,0.72,2.33
2132,2020-10-23,29.85,30.44,29.33,29.45,76381,56389844.0,3.69,-2.0,-0.6,1.79
2133,2020-10-26,29.49,30.09,29.02,29.77,69402,50884701.0,3.63,1.09,0.32,1.63
2134,2020-10-27,29.89,29.89,29.18,29.41,56705,41218413.0,2.38,-1.21,-0.36,1.33
2135,2020-10-28,29.41,29.49,28.46,29.18,75695,54242751.0,3.5,-0.78,-0.23,1.78
2136,2020-10-29,28.78,29.93,28.62,29.22,73168,53322383.0,4.49,0.14,0.04,1.72
2137,2020-10-30,29.53,30.05,28.66,28.74,84568,61205252.0,4.76,-1.64,-0.48,1.99
2138,2020-11-02,29.1,29.45,28.58,29.37,77471,55552270.0,3.03,2.19,0.63,1.82
2139,2020-11-03,29.53,31.08,29.22,30.36,163187,122314750.0,6.33,3.37,0.99,3.83
2140,2020-11-04,30.29,30.52,29.81,30.44,104422,78070193.0,2.34,0.26,0.08,2.45
2141,2020-11-05,30.56,31.04,30.21,31.0,141576,107392580.0,2.73,1.84,0.56,3.32
2142,2020-11-06,31.24,31.51,30.05,30.36,134117,101472913.0,4.71,-2.06,-0.64,3.15
2143,2020-11-09,30.72,31.71,30.4,31.36,176579,136933285.0,4.31,3.29,1.0,4.15
2144,2020-11-10,31.36,31.67,30.64,31.24,142306,109568421.0,3.28,-0.38,-0.12,3.34
2145,2020-11-11,31.04,31.99,30.72,31.12,165450,128855681.0,4.07,-0.38,-0.12,3.88
2146,2020-11-12,30.88,32.15,30.52,31.79,176006,137083493.0,5.24,2.15,0.67,4.13
2147,2020-11-13,31.59,31.59,30.56,31.12,130902,100642492.0,3.24,-2.11,-0.67,3.07
2148,2020-11-16,30.76,31.16,30.21,30.36,93215,70279710.0,3.05,-2.44,-0.76,2.19
2149,2020-11-17,30.01,33.38,29.41,33.02,438909,348921936.0,13.08,8.76,2.66,10.3
2150,2020-11-18,32.66,33.46,32.39,33.38,340221,278122064.0,3.24,1.09,0.36,7.99
2151,2020-11-19,33.14,33.93,32.27,32.46,277710,225905174.0,4.97,-2.76,-0.92,6.52
2152,2020-11-20,32.5,32.94,31.79,32.03,177852,141305544.0,3.54,-1.32,-0.43,4.18
2153,2020-11-23,31.91,32.27,31.39,31.63,155467,122167470.0,2.75,-1.25,-0.4,3.65
2154,2020-11-24,31.91,32.54,31.67,32.15,144512,114681778.0,2.75,1.64,0.52,3.39
2155,2020-11-25,31.79,32.11,31.2,31.36,124568,97642062.0,2.83,-2.46,-0.79,2.92
2156,2020-11-26,31.32,31.63,29.89,30.05,138296,104898716.0,5.55,-4.18,-1.31,3.25
2157,2020-11-27,30.09,30.09,28.86,29.02,140798,102046328.0,4.09,-3.43,-1.03,3.31
2158,2020-11-30,28.98,29.49,28.7,28.9,97945,70477239.0,2.72,-0.41,-0.12,2.3
2159,2020-12-01,28.9,29.77,28.82,29.65,98726,71781774.0,3.29,2.6,0.75,2.32
2160,2020-12-02,29.57,34.33,29.49,33.06,541667,432445712.0,16.32,11.5,3.41,12.72
2161,2020-12-03,33.1,33.42,32.27,33.1,411716,335235760.0,3.48,0.12,0.04,9.67
2162,2020-12-04,32.9,33.42,32.66,32.94,259174,212025676.0,2.3,-0.48,-0.16,6.08
2163,2020-12-07,33.26,33.38,32.54,32.82,197268,160768169.0,2.55,-0.36,-0.12,4.63
2164,2020-12-08,33.34,33.65,32.54,33.26,262780,215917292.0,3.38,1.34,0.44,6.17
2165,2020-12-09,32.94,33.26,32.23,32.27,224904,182103363.0,3.1,-2.98,-0.99,5.28
2166,2020-12-10,32.35,32.78,32.03,32.07,130294,104334068.0,2.32,-0.62,-0.2,3.06
2167,2020-12-11,32.11,32.31,30.64,31.32,200764,154989751.0,5.21,-2.34,-0.75,4.71
2168,2020-12-14,31.36,32.9,30.88,32.78,190330,152122173.0,6.45,4.66,1.46,4.47
2169,2020-12-15,32.5,33.06,31.83,32.46,147337,118467261.0,3.75,-0.98,-0.32,3.46
2170,2020-12-16,32.58,32.62,30.64,30.72,148587,114999344.0,6.1,-5.36,-1.74,3.49
2171,2020-12-17,30.36,31.08,29.53,30.92,122792,91961912.0,5.05,0.65,0.2,2.88
2172,2020-12-18,31.0,33.49,31.0,32.11,319212,256024812.0,8.05,3.85,1.19,7.49
2173,2020-12-21,32.23,32.9,31.79,32.54,213881,171761290.0,3.46,1.34,0.43,5.02
2174,2020-12-22,32.31,32.5,31.12,31.12,155096,121856509.0,4.24,-4.36,-1.42,3.64
2175,2020-12-23,31.16,31.47,30.01,30.13,155144,117458751.0,4.69,-3.18,-0.99,3.64
2176,2020-12-24,30.09,30.25,28.42,28.54,217400,157137344.0,6.07,-5.28,-1.59,5.1
2177,2020-12-25,28.66,29.14,27.71,27.75,212723,148794429.0,5.01,-2.77,-0.79,4.99
2178,2020-12-28,28.03,28.03,25.89,26.13,204492,133507645.0,7.71,-5.84,-1.62,4.8
2179,2020-12-29,26.16,27.27,26.16,26.52,138536,91322188.0,4.25,1.49,0.39,3.25
2180,2020-12-30,26.16,26.92,25.85,25.93,137184,88982169.0,4.03,-2.22,-0.59,3.22
2181,2020-12-31,25.81,26.56,25.65,26.16,123476,79420051.0,3.51,0.89,0.23,2.9
2182,2021-01-04,25.97,26.68,25.97,26.28,128337,83338633.0,2.71,0.46,0.12,3.01
2183,2021-01-05,26.16,27.43,25.61,26.96,210828,137309982.0,6.93,2.59,0.68,4.95
2184,2021-01-06,26.96,26.96,25.65,25.77,159987,103183753.0,4.86,-4.41,-1.19,3.76
2185,2021-01-07,25.45,25.73,24.06,24.18,209920,127453619.0,6.48,-6.17,-1.59,4.93
2186,2021-01-08,24.3,25.33,24.06,24.66,125428,76297032.0,5.25,1.99,0.48,2.94
2187,2021-01-11,24.62,26.09,24.46,24.98,142877,88661303.0,6.61,1.3,0.32,3.35
2188,2021-01-12,24.74,25.33,24.62,24.86,97487,59980376.0,2.84,-0.48,-0.12,2.29
2189,2021-01-13,24.86,25.09,24.54,24.78,95280,58123151.0,2.21,-0.32,-0.08,2.24
2190,2021-01-14,24.78,25.77,24.78,25.21,120461,75019068.0,4.0,1.74,0.43,2.83
2191,2021-01-15,25.09,25.49,24.94,25.45,85669,53260891.0,2.18,0.95,0.24,2.01
2192,2021-01-18,25.33,26.2,25.21,26.09,122259,77906579.0,3.89,2.51,0.64,2.87
2193,2021-01-19,26.16,26.2,25.21,25.45,126051,79821882.0,3.79,-2.45,-0.64,2.96
2194,2021-01-20,25.33,25.73,25.02,25.53,124776,78157663.0,2.79,0.31,0.08,2.93
2195,2021-01-21,25.53,25.85,25.13,25.41,106456,66797761.0,2.82,-0.47,-0.12,2.5
2196,2021-01-22,25.57,25.57,24.5,24.66,108692,66465382.0,4.21,-2.95,-0.75,2.55
2197,2021-01-25,24.42,25.21,24.18,24.5,91140,55298520.0,4.18,-0.65,-0.16,2.14
2198,2021-01-26,24.18,24.66,23.95,23.95,93296,55433177.0,2.9,-2.24,-0.55,2.19
2199,2021-01-27,23.99,24.06,23.07,23.27,102929,59291327.0,4.13,-2.84,-0.68,2.42
2200,2021-01-28,23.19,24.5,22.96,23.23,104691,61241612.0,6.62,-0.17,-0.04,2.46
2201,2021-01-29,23.23,23.47,22.4,22.64,105153,58691769.0,4.61,-2.54,-0.59,2.47
2202,2021-02-01,22.52,23.15,22.48,22.88,56053,31544880.0,2.96,1.06,0.24,1.32
2203,2021-02-02,23.39,24.03,23.27,23.39,101769,59027026.0,3.32,2.23,0.51,2.39
2204,2021-02-03,23.23,24.06,23.07,23.83,115193,66841740.0,4.23,1.88,0.44,2.7
2205,2021-02-04,23.39,23.63,22.52,23.39,113295,64029186.0,4.66,-1.85,-0.44,2.66
2206,2021-02-05,23.11,23.43,22.4,22.56,71915,40370015.0,4.4,-3.55,-0.83,1.69
2207,2021-02-08,22.92,22.92,21.89,22.12,60055,32751067.0,4.57,-1.95,-0.44,1.41
2208,2021-02-09,22.36,23.11,22.16,22.88,70831,39521235.0,4.29,3.44,0.76,1.66
2209,2021-02-10,23.27,23.71,23.07,23.39,66880,38333810.0,2.8,2.23,0.51,1.57
2210,2021-02-18,23.99,24.42,23.55,24.3,105103,62369670.0,3.72,3.89,0.91,2.47
2211,2021-02-19,24.62,25.37,24.3,25.25,123125,75553190.0,4.4,3.91,0.95,2.89
2212,2021-02-22,25.37,25.97,25.09,25.17,137906,86562318.0,3.49,-0.32,-0.08,3.24
2213,2021-02-23,25.45,25.49,24.74,24.9,75927,46818760.0,2.98,-1.07,-0.27,1.78
2214,2021-02-24,25.13,25.89,24.66,25.29,113554,70961367.0,4.94,1.57,0.39,2.67
2215,2021-02-25,25.41,25.53,24.9,25.02,70477,43591585.0,2.49,-1.07,-0.27,1.65
2216,2021-02-26,25.13,25.41,24.82,25.17,75205,46498622.0,2.36,0.6,0.15,1.77
2217,2021-03-01,25.17,25.69,25.17,25.57,74343,46601851.0,2.07,1.59,0.4,1.75
2218,2021-03-02,25.81,25.81,25.06,25.25,61983,38736433.0,2.93,-1.25,-0.32,1.46
2219,2021-03-03,25.49,25.49,25.06,25.37,56748,35275144.0,1.7,0.48,0.12,1.33
2220,2021-03-04,25.41,25.65,25.09,25.09,69595,43517986.0,2.21,-1.1,-0.28,1.63
2221,2021-03-05,25.33,25.89,24.86,25.89,120891,76024319.0,4.11,3.19,0.8,2.84
2222,2021-03-08,26.2,28.86,25.93,26.96,308018,207796476.0,11.32,4.13,1.07,7.23
2223,2021-03-09,27.39,27.63,26.16,26.52,207947,137329648.0,5.45,-1.63,-0.44,4.88
2224,2021-03-10,26.84,26.96,25.17,25.73,140313,89418585.0,6.75,-2.98,-0.79,3.29
2225,2021-03-11,25.81,26.88,24.9,26.09,172786,110144672.0,7.7,1.4,0.36,4.06
2226,2021-03-12,25.93,26.13,25.17,25.53,108704,68319625.0,3.68,-2.15,-0.56,2.55
2227,2021-03-15,25.37,25.69,25.02,25.21,74663,46484765.0,2.62,-1.25,-0.32,1.75
2228,2021-03-16,25.09,25.65,25.09,25.37,76441,47700350.0,2.22,0.63,0.16,1.79
2229,2021-03-17,25.29,26.13,25.09,25.77,102887,65168526.0,4.1,1.58,0.4,2.42
2230,2021-03-18,25.69,25.77,25.09,25.13,83426,52088686.0,2.64,-2.48,-0.64,1.96
2231,2021-03-19,25.13,25.29,24.9,24.98,62461,38533157.0,1.55,-0.6,-0.15,1.47
2232,2021-03-22,25.02,25.41,24.9,25.25,60175,37267612.0,2.04,1.08,0.27,1.41
2233,2021-03-23,25.13,25.29,24.54,24.62,67335,41171932.0,2.97,-2.5,-0.63,1.58
2234,2021-03-24,24.82,24.82,23.75,23.91,71861,42702757.0,4.35,-2.88,-0.71,1.69
2235,2021-03-25,23.91,24.26,23.79,23.91,37549,22151443.0,1.97,0.0,0.0,0.88
2236,2021-03-26,23.95,24.14,23.83,23.99,43634,25784642.0,1.3,0.33,0.08,1.02
2237,2021-03-29,23.99,24.42,23.95,24.1,49304,29353715.0,1.96,0.46,0.11,1.16
2238,2021-03-30,24.1,24.14,23.51,23.83,50571,29445369.0,2.61,-1.12,-0.27,1.19
2239,2021-03-31,24.18,24.18,23.67,24.1,37263,21907940.0,2.14,1.13,0.27,0.87
2240,2021-04-01,23.95,24.38,23.83,24.26,39888,23734676.0,2.28,0.66,0.16,0.94
2241,2021-04-02,24.3,25.13,24.3,24.94,85675,52280605.0,3.42,2.8,0.68,2.01
2242,2021-04-06,25.21,25.73,24.9,25.57,108174,67645820.0,3.33,2.53,0.63,2.54
2243,2021-04-07,25.69,25.81,25.33,25.69,77864,49114801.0,1.88,0.47,0.12,1.83
2244,2021-04-08,25.77,26.48,25.65,26.05,131325,84623300.0,3.23,1.4,0.36,3.08
2245,2021-04-09,25.97,26.24,25.57,25.81,86605,55290062.0,2.57,-0.92,-0.24,2.03
2246,2021-04-12,25.81,25.81,24.94,24.98,64471,40165496.0,3.37,-3.22,-0.83,1.51
2247,2021-04-13,25.37,25.45,24.34,24.42,73747,44857022.0,4.44,-2.24,-0.56,1.73
2248,2021-04-14,24.58,25.77,24.14,25.02,101740,62500576.0,6.67,2.46,0.6,2.39
2249,2021-04-15,24.78,26.16,24.7,25.85,178457,112229062.0,5.84,3.32,0.83,4.19
2250,2021-04-16,25.89,28.07,25.77,27.04,331665,219815205.0,8.9,4.6,1.19,7.79
2251,2021-04-19,27.35,28.78,26.96,28.78,468804,323051600.0,6.73,6.43,1.74,11.01
2252,2021-04-20,27.95,28.38,27.39,27.83,279517,192023896.0,3.44,-3.3,-0.95,6.56
2253,2021-04-21,27.55,27.55,26.05,26.4,252949,165815064.0,5.39,-5.14,-1.43,5.94
2254,2021-04-22,26.24,26.96,26.09,26.36,155924,101720250.0,3.3,-0.15,-0.04,3.66
2255,2021-04-23,25.89,26.32,25.57,26.28,120025,76624968.0,2.85,-0.3,-0.08,2.82
2256,2021-04-26,25.97,26.88,25.97,26.72,145431,95124207.0,3.46,1.67,0.44,3.41
2257,2021-04-27,26.6,26.6,25.17,25.45,106871,67531950.0,5.35,-4.75,-1.27,2.51
2258,2021-04-28,25.81,25.81,24.98,25.06,77584,48046085.0,3.26,-1.53,-0.39,1.82
2259,2021-04-29,24.9,25.57,24.86,25.13,61553,38326965.0,2.83,0.28,0.07,1.44
2260,2021-04-30,25.06,25.25,24.7,24.86,57614,35413292.0,2.19,-1.07,-0.27,1.35
2261,2021-05-06,25.13,25.81,24.7,25.57,84720,53063045.0,4.47,2.86,0.71,1.99
2262,2021-05-07,25.69,26.01,25.33,25.37,81400,51375975.0,2.66,-0.78,-0.2,1.91
2263,2021-05-10,25.37,25.85,24.98,25.77,79754,50379516.0,3.43,1.58,0.4,1.87
2264,2021-05-11,25.61,26.05,25.53,25.93,82971,52786938.0,2.02,0.62,0.16,1.95
2265,2021-05-12,25.97,26.32,25.65,26.24,93630,60090561.0,2.58,1.2,0.31,2.2
2266,2021-05-13,26.13,26.48,25.49,25.53,123988,79205272.0,3.77,-2.71,-0.71,2.91
2267,2021-05-14,25.73,26.64,25.53,26.6,128222,82891084.0,4.35,4.19,1.07,3.01
2268,2021-05-17,26.84,27.39,26.2,26.28,162612,107472891.0,4.47,-1.2,-0.32,3.82
2269,2021-05-18,25.97,26.01,25.45,25.53,106826,67467608.0,2.13,-2.85,-0.75,2.51
2270,2021-05-19,25.65,25.77,25.17,25.73,72808,45785301.0,2.35,0.78,0.2,1.71
2271,2021-05-20,25.57,25.69,25.17,25.49,57531,35997295.0,2.02,-0.93,-0.24,1.35
2272,2021-05-21,25.61,25.69,25.29,25.49,51710,32433070.0,1.57,0.0,0.0,1.21
2273,2021-05-24,25.65,25.65,25.37,25.49,52520,32993352.0,1.1,0.0,0.0,1.23
2274,2021-05-25,25.49,25.65,25.17,25.37,71046,44340523.0,1.88,-0.47,-0.12,1.67
2275,2021-05-26,25.21,25.45,24.86,24.98,92316,57306562.0,2.33,-1.54,-0.39,2.17
2276,2021-05-27,24.94,26.01,24.9,25.45,120449,75795499.0,4.44,1.88,0.47,2.83
2277,2021-05-28,25.37,25.53,24.9,25.06,94420,58440250.0,2.48,-1.53,-0.39,2.22
2278,2021-05-31,25.09,25.41,25.09,25.33,56094,34886762.0,1.28,1.08,0.27,1.32
2279,2021-06-01,25.33,25.93,25.13,25.89,91765,58170271.0,3.16,2.21,0.56,2.15
2280,2021-06-02,25.89,26.8,25.65,26.56,178390,115832302.0,4.44,2.59,0.67,4.19
2281,2021-06-03,26.56,26.56,25.77,25.81,128863,82785849.0,2.97,-2.82,-0.75,3.02
2282,2021-06-04,25.69,26.05,25.45,25.77,87404,55423942.0,2.32,-0.15,-0.04,2.05
2283,2021-06-07,26.05,26.36,25.81,26.13,115522,74455705.0,2.13,1.4,0.36,2.71
2284,2021-06-08,26.16,26.2,25.73,26.16,81248,51904104.0,1.8,0.11,0.03,1.91
2285,2021-06-09,26.16,26.64,25.85,26.09,91310,58965414.0,3.02,-0.27,-0.07,2.14
2286,2021-06-10,26.01,27.04,25.61,27.04,189665,124571545.0,5.48,3.64,0.95,4.45
2287,2021-06-11,27.08,27.47,26.84,26.88,164127,109992998.0,2.33,-0.59,-0.16,3.85
2288,2021-06-15,27.23,28.15,27.19,27.39,198376,135155973.0,3.57,1.9,0.51,4.66
2289,2021-06-16,27.23,28.54,27.16,27.55,203481,140215660.0,5.04,0.58,0.16,4.78
2290,2021-06-17,27.55,28.66,27.16,28.23,292922,202694892.0,5.44,2.47,0.68,6.87
2291,2021-06-18,28.15,28.54,27.55,28.03,184859,127604266.0,3.51,-0.71,-0.2,4.34
2292,2021-06-21,27.83,28.34,27.71,27.91,132749,91585449.0,2.25,-0.43,-0.12,3.11
2293,2021-06-22,28.03,28.15,27.43,27.59,158590,108382015.0,2.58,-1.15,-0.32,3.72
2294,2021-06-23,27.47,28.5,27.47,28.23,220064,152735131.0,3.73,2.32,0.64,5.16
2295,2021-06-24,28.46,29.53,28.19,28.46,228620,162138888.0,4.75,0.81,0.23,5.36
2296,2021-06-25,28.26,28.74,27.59,27.87,145314,100518649.0,4.04,-2.07,-0.59,3.41
2297,2021-06-28,27.87,28.62,27.71,28.42,133569,93128819.0,3.27,1.97,0.55,3.13
2298,2021-06-29,28.58,28.62,27.55,27.55,118532,81867083.0,3.76,-3.06,-0.87,2.78
2299,2021-06-30,27.55,30.64,27.51,29.81,362856,262445144.0,11.36,8.2,2.26,8.51
2300,2021-07-01,29.81,30.56,29.14,29.49,318490,235360064.0,4.76,-1.07,-0.32,7.47
2301,2021-07-02,29.18,29.93,28.86,29.29,188712,136981034.0,3.63,-0.68,-0.2,4.43
2302,2021-07-05,29.45,30.05,28.86,29.41,162622,117716981.0,4.06,0.41,0.12,3.81
2303,2021-07-06,29.49,30.44,29.1,30.36,261354,193247546.0,4.56,3.23,0.95,6.13
2304,2021-07-07,30.13,30.4,29.14,30.01,222106,163699287.0,4.15,-1.15,-0.35,5.21
2305,2021-07-08,29.97,31.99,29.81,31.0,304982,235511396.0,7.26,3.3,0.99,7.15
2306,2021-07-09,31.04,31.55,30.72,31.12,163644,125833313.0,2.68,0.39,0.12,3.84
2307,2021-07-12,31.16,33.49,31.16,32.7,361815,291362112.0,7.49,5.08,1.58,8.49
2308,2021-07-13,32.54,35.0,31.99,34.52,425689,354385264.0,9.2,5.57,1.82,9.98
2309,2021-07-14,34.45,36.03,33.61,33.85,405887,346682592.0,7.01,-1.94,-0.67,9.52
2310,2021-07-15,33.34,34.88,33.26,34.09,291091,246308164.0,4.79,0.71,0.24,6.83
2311,2021-07-16,34.09,37.26,34.09,35.48,495301,442726608.0,9.3,4.08,1.39,11.62
2312,2021-07-19,36.66,38.41,35.99,36.47,426387,390355120.0,6.82,2.79,0.99,10.0
2313,2021-07-20,36.27,37.69,35.28,37.46,489678,444847456.0,6.61,2.71,0.99,11.49
2314,2021-07-21,39.16,40.63,37.73,39.48,737378,717334608.0,7.74,5.39,2.02,17.3
2315,2021-07-22,39.91,47.24,39.04,47.24,961185,1028063232.0,20.77,19.66,7.76,22.54
2316,2021-07-23,52.12,54.14,46.13,47.76,1385555,1748912816.0,16.96,1.1,0.52,32.5
2317,2021-07-26,50.53,57.19,49.46,53.74,1799187,2373786768.0,16.19,12.52,5.98,42.2
2318,2021-07-27,52.55,54.97,47.4,51.32,1597899,2073421824.0,14.09,-4.5,-2.42,37.48
2319,2021-07-28,49.74,50.81,44.27,46.97,1005129,1203580624.0,12.74,-8.48,-4.35,23.58
2320,2021-07-29,48.59,53.54,47.32,51.76,1333007,1660420880.0,13.24,10.2,4.79,31.27
2321,2021-07-30,48.15,52.12,46.65,52.12,1271331,1565907680.0,10.57,0.7,0.36,29.82
2322,2021-08-02,52.99,55.88,48.19,48.99,1038572,1316486992.0,14.75,-6.01,-3.13,24.36
2323,2021-08-03,47.4,49.07,42.41,42.89,1085333,1224459968.0,13.59,-12.45,-6.1,25.46
2324,2021-08-04,43.24,44.75,42.37,44.15,726885,792099216.0,5.55,2.94,1.26,17.05
2325,2021-08-05,43.4,45.14,42.01,42.57,649713,700215376.0,7.09,-3.58,-1.58,15.24
2326,2021-08-06,42.13,43.28,40.07,40.86,795895,810331744.0,7.54,-4.02,-1.71,18.67
2327,2021-08-09,40.59,40.79,39.08,40.11,499779,495757952.0,4.19,-1.84,-0.75,11.72
2328,2021-08-10,40.23,40.98,39.4,40.27,543482,544764560.0,3.94,0.4,0.16,12.75
2329,2021-08-11,40.11,42.81,39.76,42.29,852472,874133760.0,7.57,5.02,2.02,19.99
2330,2021-08-12,41.74,42.77,40.47,40.86,602292,622066896.0,5.44,-3.38,-1.43,14.13
2331,2021-08-13,40.71,41.14,39.2,39.2,485403,483142592.0,4.75,-4.06,-1.66,11.39
2332,2021-08-16,38.84,40.35,38.61,39.6,362532,356670624.0,4.44,1.02,0.4,8.5
2333,2021-08-17,40.67,41.38,37.54,37.54,432489,424288656.0,9.7,-5.2,-2.06,10.14
2334,2021-08-18,37.54,38.92,36.78,37.58,391316,365772528.0,5.7,0.11,0.04,9.18
2335,2021-08-19,37.5,38.72,37.06,37.69,318892,300067248.0,4.42,0.29,0.11,7.48
2336,2021-08-20,37.66,40.07,36.98,39.08,508016,490552512.0,8.2,3.69,1.39,11.92
2337,2021-08-23,38.84,40.03,38.61,39.91,453554,445152512.0,3.63,2.12,0.83,10.64
2338,2021-08-24,40.39,41.02,38.61,39.44,518543,513910160.0,6.04,-1.18,-0.47,12.16
2339,2021-08-25,39.36,39.79,38.49,38.69,308304,298944336.0,3.3,-1.9,-0.75,7.23
2340,2021-08-26,39.16,39.44,37.18,37.18,341468,324246960.0,5.84,-3.9,-1.51,8.01
2341,2021-08-27,37.66,38.37,36.94,37.81,279765,260681414.0,3.85,1.69,0.63,6.56
2342,2021-08-30,37.85,38.72,36.39,36.55,363194,338690256.0,6.16,-3.33,-1.26,8.52
2343,2021-08-31,36.62,36.86,34.33,35.63,476199,419408256.0,6.92,-2.52,-0.92,11.17
2344,2021-09-01,35.71,35.83,33.1,34.05,429795,364362976.0,7.66,-4.43,-1.58,10.08
2345,2021-09-02,33.97,34.41,33.49,33.97,222418,186430009.0,2.7,-0.23,-0.08,5.22
2346,2021-09-03,33.73,35.16,33.49,34.45,296610,254424080.0,4.92,1.41,0.48,6.96
2347,2021-09-06,34.29,35.0,33.89,34.76,202070,173097250.0,3.22,0.9,0.31,4.59
2348,2021-09-07,34.68,35.04,34.17,34.41,219351,187237343.0,2.5,-1.01,-0.35,4.98
2349,2021-09-08,34.33,36.51,34.13,36.31,468007,411987392.0,6.92,5.52,1.9,10.63
2350,2021-09-09,35.71,35.75,34.05,34.21,411007,353513424.0,4.68,-5.78,-2.1,9.33
2351,2021-09-10,34.13,35.36,33.69,34.72,313609,268720112.0,4.88,1.49,0.51,7.12
2352,2021-09-13,34.25,34.49,33.49,33.73,239313,200297571.0,2.88,-2.85,-0.99,5.43
2353,2021-09-14,33.42,34.17,33.02,33.22,227947,189611810.0,3.41,-1.51,-0.51,5.18
2354,2021-09-15,33.38,33.53,32.66,33.1,191478,157241819.0,2.62,-0.36,-0.12,4.35
2355,2021-09-16,33.22,33.34,31.79,31.79,264982,213551136.0,4.68,-3.96,-1.31,6.02
2356,2021-09-17,32.19,32.39,30.92,32.03,213038,167136135.0,4.62,0.75,0.24,4.84
2357,2021-09-22,31.87,32.27,31.63,31.99,124751,98698233.0,2.0,-0.12,-0.04,2.83
2358,2021-09-23,32.31,32.94,32.23,32.5,226847,182858242.0,2.22,1.59,0.51,5.15
2359,2021-09-24,32.46,33.02,31.67,32.27,230293,183942348.0,4.15,-0.71,-0.23,5.23
2360,2021-09-27,32.5,32.62,30.25,30.72,194984,151281510.0,7.34,-4.8,-1.55,4.43
2361,2021-09-28,30.72,31.12,30.52,30.72,98666,75112065.0,1.95,0.0,0.0,2.24
2362,2021-09-29,30.44,30.76,29.37,29.45,150255,111682906.0,4.52,-4.13,-1.27,3.41
2363,2021-09-30,29.69,30.76,29.53,30.6,140056,105244512.0,4.18,3.9,1.15,3.18
2364,2021-10-08,31.16,33.3,31.08,32.15,299428,238994623.0,7.25,5.07,1.55,6.8
2365,2021-10-11,32.27,33.22,31.71,32.66,275478,222132542.0,4.7,1.59,0.51,6.26
2366,2021-10-12,32.62,33.02,31.99,32.9,224987,181610769.0,3.15,0.73,0.24,5.11
2367,2021-10-13,32.78,33.57,31.95,33.53,303354,248141560.0,4.92,1.91,0.63,6.89
2368,2021-10-14,33.3,33.49,32.9,33.3,196619,161763754.0,1.76,-0.69,-0.23,4.46
2369,2021-10-15,33.22,34.6,33.02,33.3,309652,259931287.0,4.74,0.0,0.0,7.03
2370,2021-10-18,32.98,33.61,32.66,32.98,198646,162423883.0,2.85,-0.96,-0.32,4.51
2371,2021-10-19,32.94,33.14,32.19,32.35,217273,175023334.0,2.88,-1.91,-0.63,4.93
2372,2021-10-20,32.58,32.58,31.55,31.59,168123,132573002.0,3.18,-2.35,-0.76,3.82
2373,2021-10-21,31.91,31.91,30.8,30.92,148732,114772124.0,3.51,-2.12,-0.67,3.38
2374,2021-10-22,31.39,31.51,30.6,31.04,144174,110908450.0,2.94,0.39,0.12,3.27
2375,2021-10-25,30.84,31.32,30.33,31.2,96559,73788504.0,3.19,0.52,0.16,2.19
2376,2021-10-26,31.12,31.99,31.08,31.71,199370,155859845.0,2.92,1.63,0.51,4.53
2377,2021-10-27,31.39,31.71,29.97,30.29,190827,144343104.0,5.49,-4.48,-1.42,4.33
2378,2021-10-28,29.61,30.64,28.62,28.82,173016,126095178.0,6.67,-4.85,-1.47,3.93
2379,2021-10-29,28.74,30.92,28.5,30.72,257039,191870593.0,8.4,6.59,1.9,5.84
2380,2021-11-01,30.6,30.84,30.05,30.17,168516,126522815.0,2.57,-1.79,-0.55,3.83
2381,2021-11-02,30.36,31.99,30.09,30.92,328881,254240814.0,6.3,2.49,0.75,7.47
2382,2021-11-03,31.04,31.71,30.36,30.72,185312,141412677.0,4.37,-0.65,-0.2,4.21
2383,2021-11-04,31.08,31.47,30.92,31.08,161417,124465163.0,1.79,1.17,0.36,3.67
2384,2021-11-05,31.32,32.19,30.92,31.47,222384,173924927.0,4.09,1.25,0.39,5.05
2385,2021-11-08,31.32,31.32,29.77,30.33,216114,161633464.0,4.93,-3.62,-1.14,4.91
2386,2021-11-09,30.33,31.39,30.21,31.36,205009,156959163.0,3.89,3.4,1.03,4.66
2387,2021-11-10,31.51,33.42,31.36,32.94,391293,316876448.0,6.57,5.04,1.58,8.89
2388,2021-11-11,32.9,33.06,32.11,32.5,269313,216936579.0,2.88,-1.34,-0.44,6.12
2389,2021-11-12,32.35,33.18,32.31,32.82,224212,181987560.0,2.68,0.98,0.32,5.09
2390,2021-11-15,33.06,34.13,32.66,33.02,230217,188636265.0,4.48,0.61,0.2,5.23
2391,2021-11-16,32.86,34.01,32.66,33.3,328411,272403424.0,4.09,0.85,0.28,7.46
2392,2021-11-17,32.82,33.14,32.31,32.86,293909,238308122.0,2.49,-1.32,-0.44,6.67
2393,2021-11-18,32.74,33.18,31.71,31.79,285748,229177239.0,4.47,-3.26,-1.07,6.49
2394,2021-11-19,31.83,32.54,31.32,32.03,335086,264223693.0,3.84,0.75,0.24,5.93
2395,2021-11-22,32.03,34.49,31.91,34.49,712832,593242912.0,8.05,7.68,2.46,12.61
2396,2021-11-23,34.49,34.6,33.81,34.09,400311,339000896.0,2.29,-1.16,-0.4,7.08
2397,2021-11-24,33.89,34.17,33.3,33.65,321129,267837549.0,2.55,-1.29,-0.44,5.68
2398,2021-11-25,34.52,35.71,34.17,35.12,721547,624359504.0,4.58,4.37,1.47,12.76
2399,2021-11-26,34.45,34.88,33.65,34.21,331473,280379984.0,3.5,-2.59,-0.91,5.86
2400,2021-11-29,33.49,36.62,33.14,35.4,521912,455512912.0,10.17,3.48,1.19,9.23
2401,2021-11-30,35.91,36.23,34.68,35.24,403351,353640240.0,4.38,-0.45,-0.16,7.14
2402,2021-12-01,35.04,35.79,34.88,35.4,253778,222473327.0,2.58,0.45,0.16,4.49
2403,2021-12-02,35.36,35.48,33.93,34.17,358963,306961168.0,4.38,-3.47,-1.23,6.35
2404,2021-12-03,34.21,34.68,33.81,34.41,229401,195207780.0,2.55,0.7,0.24,4.06
2405,2021-12-06,33.97,34.17,32.62,33.06,289491,238798977.0,4.5,-3.92,-1.35,5.12
2406,2021-12-07,33.06,33.26,31.67,32.07,224209,178585350.0,4.81,-2.99,-0.99,3.97
2407,2021-12-08,32.19,32.54,32.11,32.27,128398,102774556.0,1.34,0.62,0.2,2.27
2408,2021-12-09,32.35,36.59,32.35,34.49,746796,646522080.0,13.14,6.88,2.22,13.21
2409,2021-12-10,34.17,34.49,33.38,33.81,353863,296012848.0,3.22,-1.97,-0.68,6.26
2410,2021-12-13,33.93,35.04,33.61,34.84,351461,301453712.0,4.23,3.05,1.03,6.22
2411,2021-12-14,35.12,35.16,34.25,34.56,216881,185594848.0,2.61,-0.8,-0.28,3.84
2412,2021-12-15,34.41,35.44,33.85,34.13,329808,283204160.0,4.6,-1.24,-0.43,5.83
2413,2021-12-16,34.09,34.49,33.81,34.01,194404,163905750.0,1.99,-0.35,-0.12,3.44
2414,2021-12-17,34.09,34.09,33.1,33.1,192157,158764589.0,2.91,-2.68,-0.91,3.4
2415,2021-12-20,33.02,33.81,32.74,32.98,157212,129495820.0,3.23,-0.36,-0.12,2.78
2416,2021-12-21,33.22,33.46,32.7,33.38,129210,106192039.0,2.3,1.21,0.4,2.29
2417,2021-12-22,33.49,33.89,33.14,33.22,167333,139042023.0,2.25,-0.48,-0.16,2.96
2418,2021-12-23,32.98,33.1,32.54,32.74,151350,122989378.0,1.69,-1.44,-0.48,2.68
2419,2021-12-24,32.62,32.98,31.67,31.91,190087,151070074.0,4.0,-2.54,-0.83,3.36
2420,2021-12-27,31.91,32.11,31.32,31.51,106253,83145793.0,2.48,-1.25,-0.4,1.88
2421,2021-12-28,31.67,32.19,31.63,32.07,106331,83908619.0,1.78,1.78,0.56,1.88
2422,2021-12-29,32.23,32.42,31.79,32.19,95914,76398332.0,1.96,0.37,0.12,1.7
2423,2021-12-30,32.31,32.58,32.11,32.27,108901,87386104.0,1.46,0.25,0.08,1.93
2424,2021-12-31,32.31,32.42,31.99,32.15,92405,73657003.0,1.33,-0.37,-0.12,1.63
2425,2022-01-04,32.03,32.86,32.03,32.74,128889,103976924.0,2.58,1.84,0.59,2.28
2426,2022-01-05,32.94,33.14,32.03,32.46,134073,107994400.0,3.39,-0.86,-0.28,2.37
2427,2022-01-06,32.23,32.54,31.95,32.31,95011,75773945.0,1.82,-0.46,-0.15,1.68
2428,2022-01-07,32.42,32.7,31.39,31.43,135815,107300939.0,4.05,-2.72,-0.88,2.4
2429,2022-01-10,31.28,31.83,30.76,31.36,91071,70447799.0,3.4,-0.22,-0.07,1.61
2430,2022-01-11,31.36,31.67,31.04,31.51,99171,76981348.0,2.01,0.48,0.15,1.75
2431,2022-01-12,31.55,31.71,31.39,31.55,82506,64401899.0,1.02,0.13,0.04,1.46
2432,2022-01-13,31.55,31.55,30.84,30.88,101632,78465425.0,2.25,-2.12,-0.67,1.8
2433,2022-01-14,30.84,31.16,30.44,30.52,96577,73606641.0,2.33,-1.17,-0.36,1.71
2434,2022-01-17,30.72,31.71,30.64,31.59,137897,107133592.0,3.51,3.51,1.07,2.44
2435,2022-01-18,31.71,31.71,30.8,30.88,100655,77583455.0,2.88,-2.25,-0.71,1.78
2436,2022-01-19,30.88,31.12,30.48,30.72,71869,54665780.0,2.07,-0.52,-0.16,1.27
2437,2022-01-20,30.72,30.72,29.45,29.49,136007,100412513.0,4.13,-4.0,-1.23,2.41
2438,2022-01-21,29.45,29.73,29.29,29.37,63879,46569975.0,1.49,-0.41,-0.12,1.13
2439,2022-01-24,29.18,29.57,29.18,29.45,54741,39697101.0,1.33,0.27,0.08,0.97
2440,2022-01-25,29.41,29.41,27.55,27.63,138968,97156991.0,6.32,-6.18,-1.82,2.46
2441,2022-01-26,27.91,28.54,27.71,28.23,94338,65513362.0,3.0,2.17,0.6,1.67
2442,2022-01-27,28.03,28.23,27.0,27.04,108856,73790668.0,4.36,-4.22,-1.19,1.93
2443,2022-01-28,27.35,28.19,27.16,27.91,100591,68927688.0,3.81,3.22,0.87,1.78
2444,2022-02-07,28.38,28.62,28.03,28.11,60041,41943650.0,2.11,0.72,0.2,1.06
2445,2022-02-08,28.15,28.62,27.95,28.58,75117,52447612.0,2.38,1.67,0.47,1.33
2446,2022-02-09,28.54,29.02,28.38,28.98,81373,57889810.0,2.24,1.4,0.4,1.44
2447,2022-02-10,28.86,29.1,28.58,28.78,67750,48221301.0,1.79,-0.69,-0.2,1.2
2448,2022-02-11,28.82,28.82,28.03,28.07,73108,51158556.0,2.74,-2.47,-0.71,1.29
2449,2022-02-14,28.07,28.5,27.79,28.15,44147,30717242.0,2.53,0.29,0.08,0.78
2450,2022-02-15,28.07,28.46,28.07,28.26,46396,32378850.0,1.39,0.39,0.11,0.82
2451,2022-02-16,28.62,28.66,28.34,28.42,59753,42063672.0,1.13,0.57,0.16,1.06
2452,2022-02-17,28.38,28.62,28.15,28.19,73439,51404971.0,1.65,-0.81,-0.23,1.3
2453,2022-02-18,27.99,28.3,27.99,28.23,46324,32216127.0,1.1,0.14,0.04,0.82
2454,2022-02-21,28.23,28.98,28.15,28.98,110168,78104608.0,2.94,2.66,0.75,1.95
2455,2022-02-22,28.82,28.82,28.46,28.62,82115,58074894.0,1.24,-1.24,-0.36,1.45
2456,2022-02-23,28.94,29.53,28.66,29.41,132804,95713048.0,3.04,2.76,0.79,2.35
2457,2022-02-24,29.29,29.61,28.3,28.62,167080,119363434.0,4.45,-2.69,-0.79,2.96
2458,2022-02-25,28.98,29.29,28.74,28.86,76284,54608295.0,1.92,0.84,0.24,1.35
2459,2022-02-28,28.9,29.02,28.19,28.5,81619,57311651.0,2.88,-1.25,-0.36,1.44
2460,2022-03-01,28.74,28.82,28.42,28.82,62528,44189788.0,1.4,1.12,0.32,1.11
2461,2022-03-02,28.66,28.94,28.58,28.86,55472,39490319.0,1.25,0.14,0.04,0.98
2462,2022-03-03,29.06,29.14,28.54,28.66,79546,56537028.0,2.08,-0.69,-0.2,1.41
2463,2022-03-04,28.58,28.82,28.15,28.23,80116,56317475.0,2.34,-1.5,-0.43,1.42
2464,2022-03-07,28.15,28.15,27.19,27.35,86860,59134652.0,3.4,-3.12,-0.88,1.54
2465,2022-03-08,27.35,27.59,26.48,26.88,95486,63749377.0,4.06,-1.72,-0.47,1.69
2466,2022-03-09,26.96,27.35,25.25,26.56,109619,71580932.0,7.81,-1.19,-0.32,1.94
2467,2022-03-10,27.16,27.63,26.88,27.0,82849,55780938.0,2.82,1.66,0.44,1.47
2468,2022-03-11,26.68,27.35,26.13,27.27,77288,50925682.0,4.52,1.0,0.27,1.37
2469,2022-03-14,26.96,27.19,26.4,26.4,57794,38163819.0,2.9,-3.19,-0.87,1.02
2470,2022-03-15,26.32,26.52,24.86,24.94,99182,62911283.0,6.29,-5.53,-1.46,1.75
2471,2022-03-16,25.37,26.16,24.86,26.16,121267,76401775.0,5.21,4.89,1.22,2.15
2472,2022-03-17,26.28,26.76,26.01,26.24,103767,67686408.0,2.87,0.31,0.08,1.84
2473,2022-03-18,26.16,26.48,25.97,26.4,53097,34455149.0,1.94,0.61,0.16,0.94
2474,2022-03-21,26.28,26.6,26.24,26.44,63612,41489379.0,1.36,0.15,0.04,1.13
2475,2022-03-22,26.64,26.96,26.32,26.68,73503,48379506.0,2.42,0.91,0.24,1.3
2476,2022-03-23,26.56,27.47,26.4,26.96,122812,81655487.0,4.01,1.05,0.28,2.17
2477,2022-03-24,26.48,26.96,26.01,26.05,89818,58318608.0,3.52,-3.38,-0.91,1.59
2478,2022-03-25,26.16,26.44,25.97,26.01,72878,47090428.0,1.8,-0.15,-0.04,1.29
2479,2022-03-28,25.85,26.16,25.33,25.93,53833,34170787.0,3.19,-0.31,-0.08,0.95
2480,2022-03-29,25.97,26.2,25.37,25.53,63060,39913013.0,3.2,-1.54,-0.4,1.11
2481,2022-03-30,25.73,25.81,25.37,25.73,52670,33251456.0,1.72,0.78,0.2,0.93
2482,2022-03-31,25.61,25.89,25.33,25.41,67373,42464177.0,2.18,-1.24,-0.32,1.19
2483,2022-04-01,25.29,25.41,24.9,25.21,77361,47771025.0,2.01,-0.79,-0.2,1.37
2484,2022-04-06,25.21,25.57,25.13,25.53,54909,34426192.0,1.75,1.27,0.32,0.97
2485,2022-04-07,25.57,25.65,25.02,25.09,71221,44292061.0,2.47,-1.72,-0.44,1.26
2486,2022-04-08,25.09,25.17,24.18,24.5,78123,47318666.0,3.95,-2.35,-0.59,1.38
2487,2022-04-11,24.5,24.5,23.67,23.79,68826,40542936.0,3.39,-2.9,-0.71,1.22
2488,2022-04-12,23.95,24.26,23.59,24.18,48363,28453645.0,2.82,1.64,0.39,0.85
2489,2022-04-13,24.18,24.18,23.67,23.71,42378,24853584.0,2.11,-1.94,-0.47,0.75
2490,2022-04-14,23.91,23.91,23.55,23.59,45490,26544788.0,1.52,-0.51,-0.12,0.8
2491,2022-04-15,23.43,24.78,22.99,24.5,166381,98558907.0,7.59,3.86,0.91,2.94
2492,2022-04-18,24.18,24.7,24.03,24.5,79949,48099619.0,2.73,0.0,0.0,1.41
2493,2022-04-19,24.66,24.66,24.14,24.3,55671,33348665.0,2.12,-0.82,-0.2,0.98
2494,2022-04-20,24.22,24.66,24.22,24.3,57887,34816476.0,1.81,0.0,0.0,1.02
2495,2022-04-21,24.18,24.42,23.07,23.19,71716,41781392.0,5.56,-4.57,-1.11,1.27
2496,2022-04-22,23.11,23.19,22.6,22.92,51300,28870999.0,2.54,-1.16,-0.27,0.91
2497,2022-04-25,22.48,22.64,20.78,20.78,100315,53287223.0,8.12,-9.34,-2.14,1.77
2498,2022-04-26,21.01,21.25,19.94,20.14,85817,43682369.0,6.3,-3.08,-0.64,1.52
2499,2022-04-27,19.83,21.01,19.23,21.01,102452,50951110.0,8.84,4.32,0.87,1.81
2500,2022-04-28,20.54,20.54,18.6,18.87,236226,111048089.0,9.23,-10.19,-2.14,4.18
2501,2022-04-29,19.07,20.3,19.03,20.14,179716,87268695.0,6.73,6.73,1.27,3.18
2502,2022-05-05,20.5,20.62,20.02,20.14,131649,65217382.0,2.98,0.0,0.0,2.33
2503,2022-05-06,19.67,19.94,19.47,19.59,69281,33345009.0,2.33,-2.73,-0.55,1.22
2504,2022-05-09,19.63,20.06,19.51,19.71,56938,27541593.0,2.81,0.61,0.12,1.01
2505,2022-05-10,19.47,20.18,19.39,20.1,68544,33442254.0,4.01,1.98,0.39,1.21
2506,2022-05-11,20.22,21.01,20.06,20.34,125480,63531760.0,4.73,1.19,0.24,2.22
2507,2022-05-12,20.1,21.21,20.1,20.9,123566,62802606.0,5.46,2.75,0.56,2.18
2508,2022-05-13,20.93,20.97,20.54,20.74,65781,33382938.0,2.06,-0.77,-0.16,1.16
2509,2022-05-16,20.86,21.01,20.54,20.82,72519,36962111.0,2.27,0.39,0.08,1.28
2510,2022-05-17,20.74,20.9,20.46,20.74,54234,27496205.0,2.11,-0.38,-0.08,0.96
2511,2022-05-18,20.9,21.29,20.74,21.17,113284,58650382.0,2.65,2.07,0.43,2.0
2512,2022-05-19,20.9,21.41,20.82,21.37,73548,38293120.0,2.79,0.94,0.2,1.3
2513,2022-05-20,21.41,21.89,21.25,21.61,84720,44757516.0,2.99,1.12,0.24,1.5
2514,2022-05-23,21.73,21.89,21.41,21.81,63531,33739215.0,2.22,0.93,0.2,1.12
2515,2022-05-24,21.81,21.93,20.78,20.82,95215,49827610.0,5.27,-4.54,-0.99,1.68
2516,2022-05-25,20.93,21.25,20.82,21.09,65121,33637586.0,2.07,1.3,0.27,1.15
2517,2022-05-26,21.17,21.21,20.66,21.05,68316,35095374.0,2.61,-0.19,-0.04,1.21
2518,2022-05-27,21.29,21.49,20.66,20.78,71484,36673354.0,3.94,-1.28,-0.27,1.26
2519,2022-05-30,20.86,20.97,20.58,20.82,74560,37921443.0,1.88,0.19,0.04,1.32
2520,2022-05-31,20.9,21.53,20.46,21.41,131518,67992862.0,5.14,2.83,0.59,2.32
2521,2022-06-01,21.49,21.77,21.37,21.57,85985,45509825.0,1.87,0.75,0.16,1.52
2522,2022-06-02,21.57,22.2,21.33,22.08,103240,55327167.0,4.03,2.36,0.51,1.82
2523,2022-06-06,22.24,22.4,21.96,22.28,86837,47308765.0,1.99,0.91,0.2,1.54
2524,2022-06-07,22.4,22.4,21.81,21.93,82708,44617137.0,2.65,-1.57,-0.35,1.46
2525,2022-06-08,21.85,22.04,21.37,21.77,73559,39215424.0,3.06,-0.73,-0.16,1.3
2526,2022-06-09,21.81,21.81,20.9,21.09,83696,43605983.0,4.18,-3.12,-0.68,1.48
2527,2022-06-10,21.01,21.29,20.97,21.25,82172,42664830.0,1.52,0.76,0.16,1.45
2528,2022-06-13,21.17,21.45,21.01,21.21,86516,45007577.0,2.07,-0.19,-0.04,1.53
2529,2022-06-14,21.21,21.21,20.34,21.01,112793,57239781.0,4.1,-0.94,-0.2,1.99
2530,2022-06-15,21.21,22.4,20.97,21.81,209063,112028418.0,6.81,3.81,0.8,3.7
2531,2022-06-16,21.81,22.28,21.69,21.93,139136,75102995.0,2.71,0.55,0.12,2.46
2532,2022-06-17,21.93,21.96,21.37,21.65,100738,53533580.0,2.69,-1.28,-0.28,1.77
2533,2022-06-20,21.77,22.08,21.65,21.89,74936,40328653.0,1.99,1.11,0.24,1.32
2534,2022-06-21,22.0,22.36,21.77,22.12,108216,58636619.0,2.7,1.05,0.23,1.9
2535,2022-06-22,22.04,22.2,21.57,21.57,80837,43286313.0,2.85,-2.49,-0.55,1.42
2536,2022-06-23,21.57,22.4,21.57,22.36,171727,93453345.0,3.85,3.66,0.79,3.02
2537,2022-06-24,22.4,22.56,22.12,22.48,132842,72869425.0,1.97,0.54,0.12,2.34
2538,2022-06-27,22.6,22.76,22.36,22.72,104236,57773180.0,1.78,1.07,0.24,1.83
2539,2022-06-28,22.8,23.51,22.52,23.43,154341,87933404.0,4.36,3.13,0.71,2.72
2540,2022-06-29,23.99,24.14,22.96,22.99,220808,127798265.0,5.04,-1.88,-0.44,3.89
2541,2022-06-30,22.99,23.39,22.88,23.11,138785,78886869.0,2.22,0.52,0.12,2.44
2542,2022-07-01,23.87,24.38,22.92,23.07,231761,133924682.0,6.32,-0.17,-0.04,4.08
2543,2022-07-04,22.68,22.92,22.24,22.64,148187,81627710.0,2.95,-1.86,-0.43,2.61
2544,2022-07-05,22.6,22.72,21.93,22.16,113337,61720931.0,3.49,-2.12,-0.48,1.99
2545,2022-07-06,22.12,22.64,21.93,22.16,105962,57729100.0,3.2,0.0,0.0,1.87
2546,2022-07-07,22.24,22.4,22.04,22.12,81698,44292198.0,1.62,-0.18,-0.04,1.44
2547,2022-07-08,22.12,23.03,22.08,22.56,124530,68841424.0,4.29,1.99,0.44,2.19
2548,2022-07-11,22.36,22.6,21.85,22.08,91845,49602013.0,3.32,-2.13,-0.48,1.62
2549,2022-07-12,22.2,22.2,21.29,21.33,102737,54267531.0,4.12,-3.4,-0.75,1.81
2550,2022-07-13,21.29,21.77,21.25,21.69,65336,34416890.0,2.44,1.69,0.36,1.15
2551,2022-07-14,21.65,21.96,21.45,21.73,59664,31717824.0,2.35,0.18,0.04,1.05
2552,2022-07-15,21.53,21.77,21.01,21.05,78471,40742586.0,3.5,-3.13,-0.68,1.38
2553,2022-07-18,21.33,22.48,21.09,22.12,122389,65474742.0,6.6,5.08,1.07,2.15
2554,2022-07-19,22.12,22.32,21.96,22.24,73818,40000389.0,1.63,0.54,0.12,1.3
2555,2022-07-20,22.32,22.6,22.28,22.36,83913,46000476.0,1.44,0.54,0.12,1.48
2556,2022-07-21,22.32,22.84,22.2,22.6,106028,58728627.0,2.86,1.07,0.24,1.87
2557,2022-07-22,22.64,22.84,22.16,22.36,86231,47289001.0,3.01,-1.06,-0.24,1.52
2558,2022-07-25,22.4,22.6,21.96,22.08,53057,28818884.0,2.86,-1.25,-0.28,0.93
2559,2022-07-26,22.08,22.24,21.81,22.2,50461,27201331.0,1.95,0.54,0.12,0.89
2560,2022-07-27,22.08,22.44,22.04,22.4,64320,35040552.0,1.8,0.9,0.2,1.13
2561,2022-07-28,22.6,23.07,22.44,22.76,117636,65782084.0,2.81,1.61,0.36,2.07
2562,2022-07-29,22.88,22.92,22.52,22.52,62661,34766186.0,1.76,-1.05,-0.24,1.1
2563,2022-08-01,22.92,22.92,22.2,22.68,61185,33781155.0,3.2,0.71,0.16,1.08
2564,2022-08-02,22.44,22.44,21.41,21.73,118963,63479940.0,4.54,-4.19,-0.95,2.09
2565,2022-08-03,21.69,22.6,21.69,22.0,140823,76864249.0,4.19,1.24,0.27,2.48
2566,2022-08-04,22.32,22.64,22.16,22.52,94377,51744339.0,2.18,2.36,0.52,1.66
2567,2022-08-05,22.8,23.19,22.56,23.15,153570,86482538.0,2.8,2.8,0.63,2.7
2568,2022-08-08,23.07,23.35,22.88,23.31,134531,76215046.0,2.03,0.69,0.16,2.37
2569,2022-08-09,23.31,23.43,22.96,23.23,98642,55861061.0,2.02,-0.34,-0.08,1.74
2570,2022-08-10,23.07,23.71,22.99,23.51,135359,78026059.0,3.1,1.21,0.28,2.38
2571,2022-08-11,23.71,26.56,23.63,25.25,597780,369841589.0,12.46,7.4,1.74,10.52
2572,2022-08-12,25.25,25.53,24.3,24.34,432713,263494083.0,4.87,-3.6,-0.91,7.62
2573,2022-08-15,24.42,24.74,24.1,24.22,201986,120291977.0,2.63,-0.49,-0.12,3.56
2574,2022-08-16,24.22,24.38,23.99,24.1,145588,86221717.0,1.61,-0.5,-0.12,2.56
2575,2022-08-17,24.1,24.78,23.95,24.66,209296,125748906.0,3.44,2.32,0.56,3.68
2576,2022-08-18,24.46,25.61,24.18,25.37,285356,175291646.0,5.8,2.88,0.71,5.02
2577,2022-08-19,25.57,25.81,24.66,24.78,226952,140361528.0,4.53,-2.33,-0.59,3.99
2578,2022-08-22,24.86,24.98,24.06,24.42,129110,77639629.0,3.71,-1.45,-0.36,2.27
2579,2022-08-23,24.42,24.82,24.3,24.5,102328,61496956.0,2.13,0.33,0.08,1.8
2580,2022-08-24,24.54,24.62,23.35,23.47,177567,103556602.0,5.18,-4.2,-1.03,3.13
2581,2022-08-25,23.67,23.67,22.44,22.76,150629,84199370.0,5.24,-3.03,-0.71,2.65
2582,2022-08-26,22.88,23.11,22.52,22.64,95490,53359771.0,2.59,-0.53,-0.12,1.68
2583,2022-08-29,22.32,22.88,22.16,22.76,78603,43573704.0,3.18,0.53,0.12,1.38
2584,2022-08-30,22.88,23.27,22.52,22.84,103988,58208738.0,3.3,0.35,0.08,1.83
2585,2022-08-31,22.84,23.03,22.0,22.16,98967,54011962.0,4.51,-2.98,-0.68,1.74
2586,2022-09-01,22.32,22.44,21.85,21.93,71087,38483937.0,2.66,-1.04,-0.23,1.25
2587,2022-09-02,22.0,22.64,22.0,22.56,79594,43586252.0,2.92,2.87,0.63,1.4
2588,2022-09-05,22.56,22.6,22.24,22.48,60151,32998523.0,1.6,-0.35,-0.08,1.06
2589,2022-09-06,22.6,22.68,22.32,22.64,63587,34973129.0,1.6,0.71,0.16,1.12
2590,2022-09-07,22.56,22.84,22.48,22.76,76556,42546748.0,1.59,0.53,0.12,1.35
2591,2022-09-08,22.76,22.8,22.16,22.2,68382,37506377.0,2.81,-2.46,-0.56,1.2
2592,2022-09-09,22.24,22.32,21.93,22.2,51236,27705835.0,1.76,0.0,0.0,0.9
2593,2022-09-13,22.24,22.52,21.93,22.0,52493,28445348.0,2.66,-0.9,-0.2,0.92
2594,2022-09-14,21.69,21.77,21.37,21.57,69210,36462127.0,1.82,-1.95,-0.43,1.22
2595,2022-09-15,21.69,21.89,20.7,21.09,82582,42707069.0,5.52,-2.23,-0.48,1.45
2596,2022-09-16,21.01,21.09,20.5,20.54,64902,32848623.0,2.8,-2.61,-0.55,1.14
2597,2022-09-19,20.66,20.66,20.06,20.18,53663,26562181.0,2.92,-1.75,-0.36,0.94
2598,2022-09-20,20.26,20.58,20.26,20.42,41097,20462632.0,1.59,1.19,0.24,0.72
2599,2022-09-21,20.38,20.62,19.9,20.54,41510,20531983.0,3.53,0.59,0.12,0.73
2600,2022-09-22,20.42,20.62,20.18,20.26,47960,23858502.0,2.14,-1.36,-0.28,0.84
2601,2022-09-23,20.22,20.3,19.55,19.71,60931,29532122.0,3.7,-2.71,-0.55,1.07
2602,2022-09-26,19.71,19.71,19.11,19.15,46118,21722002.0,3.04,-2.84,-0.56,0.81
2603,2022-09-27,19.15,19.94,19.11,19.86,56691,27064711.0,4.33,3.71,0.71,1.0
2604,2022-09-28,19.71,19.86,19.35,19.35,34419,16375962.0,2.57,-2.57,-0.51,0.61
2605,2022-09-29,19.51,19.59,18.95,19.03,49344,23090536.0,3.31,-1.65,-0.32,0.87
2606,2022-09-30,18.99,19.23,18.95,18.99,34522,16044661.0,1.47,-0.21,-0.04,0.61
2607,2022-10-10,18.91,19.11,18.32,18.44,55267,25027966.0,4.16,-2.9,-0.55,0.97
2608,2022-10-11,18.6,18.68,18.28,18.48,41210,18473700.0,2.17,0.22,0.04,0.73
2609,2022-10-12,18.6,19.23,18.32,19.15,58952,26895324.0,4.92,3.63,0.67,1.04
2610,2022-10-13,18.99,19.71,18.99,19.39,59399,28007036.0,3.76,1.25,0.24,1.05
2611,2022-10-14,19.67,19.86,19.47,19.79,55181,26502532.0,2.01,2.06,0.4,0.97
2612,2022-10-17,19.67,20.38,19.63,20.38,57909,28418430.0,3.79,2.98,0.59,1.02
2613,2022-10-18,20.46,20.46,19.98,20.22,59185,29129612.0,2.36,-0.79,-0.16,1.04
2614,2022-10-19,20.1,20.34,19.98,20.06,40411,19881072.0,1.78,-0.79,-0.16,0.71
2615,2022-10-20,20.02,20.97,19.75,20.66,143406,71809600.0,6.08,2.99,0.6,2.52
2616,2022-10-21,20.42,20.58,19.98,20.26,94448,46715768.0,2.9,-1.94,-0.4,1.66
2617,2022-10-24,20.26,20.54,19.63,19.79,80146,39313327.0,4.49,-2.32,-0.47,1.41
2618,2022-10-25,19.79,19.94,19.43,19.79,70825,33975262.0,2.58,0.0,0.0,1.25
2619,2022-10-26,19.79,20.38,19.79,20.26,58230,28615349.0,2.98,2.37,0.47,1.02
2620,2022-10-27,20.3,20.89,20.22,20.42,86646,43373625.0,3.31,0.79,0.16,1.53
2621,2022-10-28,20.3,20.46,19.47,19.51,77402,37693901.0,4.85,-4.46,-0.91,1.36
2622,2022-10-31,19.55,20.18,19.43,19.9,65376,31791013.0,3.84,2.0,0.39,1.15
2623,2022-11-01,20.06,20.46,20.02,20.46,65688,32435158.0,2.21,2.81,0.56,1.16
2624,2022-11-02,20.46,20.93,20.42,20.62,78041,39489884.0,2.49,0.78,0.16,1.37
2625,2022-11-03,20.7,20.82,20.34,20.78,77410,38874762.0,2.33,0.78,0.16,1.36
2626,2022-11-04,20.86,20.97,20.66,20.89,78353,39889134.0,1.49,0.53,0.11,1.38
2627,2022-11-07,21.05,21.29,20.97,21.09,88705,45756600.0,1.53,0.96,0.2,1.56
2628,2022-11-08,20.97,21.17,20.82,21.01,66845,34196344.0,1.66,-0.38,-0.08,1.18
2629,2022-11-09,20.97,20.97,20.7,20.89,49562,25202599.0,1.29,-0.57,-0.12,0.87
2630,2022-11-10,20.66,20.89,20.58,20.62,59251,29925711.0,1.48,-1.29,-0.27,1.04
2631,2022-11-11,20.97,21.13,20.66,20.66,77320,39285746.0,2.28,0.19,0.04,1.36
2632,2022-11-14,20.58,20.89,20.46,20.7,69437,35118543.0,2.08,0.19,0.04,1.22
2633,2022-11-15,20.58,21.29,20.54,21.25,113837,58576785.0,3.62,2.66,0.55,2.0
2634,2022-11-16,21.37,21.41,21.01,21.17,70986,36764408.0,1.88,-0.38,-0.08,1.25
2635,2022-11-17,20.97,21.45,20.93,21.45,72210,37376972.0,2.46,1.32,0.28,1.27
2636,2022-11-18,21.49,21.57,21.05,21.09,67771,35267632.0,2.42,-1.68,-0.36,1.19
2637,2022-11-21,21.05,21.17,20.78,21.13,60596,31035444.0,1.85,0.19,0.04,1.07
2638,2022-11-22,21.17,21.29,20.74,20.78,59471,30483092.0,2.6,-1.66,-0.35,1.05
2639,2022-11-23,20.82,20.86,20.06,20.42,94895,47120102.0,3.85,-1.73,-0.36,1.66
2640,2022-11-24,20.46,20.62,20.18,20.34,71473,35492691.0,2.15,-0.39,-0.08,1.25
2641,2022-11-25,20.26,20.34,19.94,19.98,72333,35478749.0,1.97,-1.77,-0.36,1.27
2642,2022-11-28,19.83,19.98,19.63,19.94,65171,31462158.0,1.75,-0.2,-0.04,1.14
2643,2022-11-29,20.06,20.38,19.9,20.34,58464,28817339.0,2.41,2.01,0.4,1.02
2644,2022-11-30,20.34,20.38,20.14,20.26,50676,25045285.0,1.18,-0.39,-0.08,0.89
2645,2022-12-01,20.34,20.62,20.34,20.38,73336,36628828.0,1.38,0.59,0.12,1.29
2646,2022-12-02,20.34,20.62,20.3,20.58,61606,30831404.0,1.57,0.98,0.2,1.08
2647,2022-12-05,20.7,20.74,20.5,20.62,66250,33273260.0,1.17,0.19,0.04,1.16
2648,2022-12-06,20.62,20.82,20.54,20.62,59802,30118162.0,1.36,0.0,0.0,1.05
2649,2022-12-07,20.7,20.7,20.38,20.5,47538,23754307.0,1.55,-0.58,-0.12,0.83
2650,2022-12-08,20.5,20.62,20.34,20.54,60341,30111170.0,1.37,0.2,0.04,1.06
2651,2022-12-09,20.62,21.93,20.5,21.33,328574,171379801.0,6.96,3.85,0.79,5.76
2652,2022-12-12,21.85,22.84,21.77,22.24,418210,226854981.0,5.02,4.27,0.91,7.33
2653,2022-12-13,22.12,23.39,22.0,22.56,369980,206842128.0,6.25,1.44,0.32,6.49
2654,2022-12-14,23.27,23.27,21.89,22.08,316968,173962330.0,6.12,-2.13,-0.48,5.56
2655,2022-12-15,22.16,22.96,22.0,22.64,278274,154031170.0,4.35,2.54,0.56,4.88
2656,2022-12-16,22.36,22.64,21.96,22.04,165732,89882613.0,3.0,-2.65,-0.6,2.91
2657,2022-12-19,22.08,22.24,21.05,21.17,168176,88004469.0,5.4,-3.95,-0.87,2.95
2658,2022-12-20,21.41,21.57,21.05,21.37,92727,48216197.0,2.46,0.94,0.2,1.63
2659,2022-12-21,21.21,21.41,20.7,20.82,84717,43384815.0,3.32,-2.57,-0.55,1.49
2660,2022-12-22,20.82,21.05,20.22,20.3,90876,45559870.0,3.99,-2.5,-0.52,1.59
2661,2022-12-23,20.26,20.38,19.94,20.1,79405,39023773.0,2.17,-0.99,-0.2,1.39
2662,2022-12-26,20.1,20.62,20.06,20.58,70891,35341085.0,2.79,2.39,0.48,1.24
2663,2022-12-27,20.58,20.66,20.14,20.34,79802,39552596.0,2.53,-1.17,-0.24,1.4
2664,2022-12-28,20.22,20.34,19.71,19.75,92150,44690312.0,3.1,-2.9,-0.59,1.62
2665,2022-12-29,19.75,19.86,19.55,19.59,63072,30310971.0,1.57,-0.81,-0.16,1.11
2666,2022-12-30,19.67,19.79,19.51,19.59,55607,26554724.0,1.43,0.0,0.0,0.97
2667,2023-01-03,19.59,20.18,19.51,20.14,75029,36451717.0,3.42,2.81,0.55,1.32
2668,2023-01-04,20.1,20.34,20.02,20.18,73462,36177902.0,1.59,0.2,0.04,1.29
2669,2023-01-05,20.22,20.22,19.98,20.06,66870,32693662.0,1.19,-0.59,-0.12,1.18
2670,2023-01-06,20.02,20.3,19.98,20.1,72516,35613623.0,1.6,0.2,0.04,1.28
2671,2023-01-09,20.1,20.34,20.1,20.1,55953,27553703.0,1.19,0.0,0.0,0.99
2672,2023-01-10,20.14,20.26,19.98,20.14,54134,26550112.0,1.39,0.2,0.04,0.95
2673,2023-01-11,20.1,20.3,19.75,19.83,62915,30751228.0,2.73,-1.54,-0.31,1.11
2674,2023-01-12,19.79,20.22,19.71,20.14,75808,36938368.0,2.57,1.56,0.31,1.33
2675,2023-01-13,20.1,20.22,19.86,20.02,61784,30128342.0,1.79,-0.6,-0.12,1.09
2676,2023-01-16,20.02,20.38,19.98,20.38,85959,42457832.0,2.0,1.8,0.36,1.51
2677,2023-01-17,20.34,20.78,20.3,20.66,92571,46498236.0,2.36,1.37,0.28,1.63
2678,2023-01-18,20.66,20.74,20.54,20.74,51289,25854773.0,0.97,0.39,0.08,0.9
2679,2023-01-19,20.74,20.97,20.62,20.89,64287,32727618.0,1.69,0.72,0.15,1.13
2680,2023-01-20,20.97,21.05,20.86,20.97,59244,30316246.0,0.91,0.38,0.08,1.04
2681,2023-01-30,21.17,21.29,21.01,21.25,75764,39236462.0,1.34,1.34,0.28,1.33
2682,2023-01-31,20.97,21.17,20.89,21.13,95509,49038209.0,1.32,-0.56,-0.12,1.68
2683,2023-02-01,21.13,21.53,21.09,21.53,91524,47831459.0,2.08,1.89,0.4,1.61
2684,2023-02-02,21.53,21.81,21.41,21.61,98302,51951904.0,1.86,0.37,0.08,1.73
2685,2023-02-03,21.61,21.73,21.25,21.69,83435,43848869.0,2.22,0.37,0.08,1.47
2686,2023-02-06,21.61,21.73,21.49,21.61,64616,34077508.0,1.11,-0.37,-0.08,1.14
2687,2023-02-07,21.65,21.81,21.49,21.81,85753,45346409.0,1.48,0.93,0.2,1.51
2688,2023-02-08,21.81,21.85,21.49,21.53,56017,29586105.0,1.65,-1.28,-0.28,0.99
2689,2023-02-09,21.49,22.12,21.33,22.04,113354,60495176.0,3.67,2.37,0.51,2.0
2690,2023-02-10,21.96,22.4,21.93,22.12,83830,45429298.0,2.13,0.36,0.08,1.48
2691,2023-02-13,22.0,22.12,21.85,22.04,82841,44522137.0,1.22,-0.36,-0.08,1.46
2692,2023-02-14,22.12,22.16,21.85,21.96,62768,33735958.0,1.41,-0.36,-0.08,1.11
2693,2023-02-15,22.04,22.68,21.93,22.52,165642,90731778.0,3.42,2.55,0.56,2.92
2694,2023-02-16,22.28,22.76,21.73,21.93,203268,110778597.0,4.57,-2.62,-0.59,3.58
2695,2023-02-17,21.93,22.16,21.49,21.61,109494,58214159.0,3.06,-1.46,-0.32,1.93
2696,2023-02-20,21.65,21.77,21.41,21.77,86112,45517419.0,1.67,0.74,0.16,1.52
2697,2023-02-21,21.69,21.96,21.57,21.77,88995,47353211.0,1.79,0.0,0.0,1.57
2698,2023-02-22,21.73,22.28,21.65,22.08,109632,58941257.0,2.89,1.42,0.31,1.93
2699,2023-02-23,21.96,23.15,21.96,22.8,351928,195367907.0,5.39,3.26,0.72,6.2
2700,2023-02-24,22.88,23.19,22.36,22.56,237648,131422826.0,3.64,-1.05,-0.24,4.18
2701,2023-02-27,22.48,22.72,21.89,22.16,190512,103853434.0,3.68,-1.77,-0.4,3.35
2702,2023-02-28,22.16,22.4,21.89,22.16,126841,68578334.0,2.3,0.0,0.0,2.23
2703,2023-03-01,22.2,22.6,21.96,22.56,141853,77700066.0,2.89,1.81,0.4,2.5
2704,2023-03-02,22.56,22.6,22.12,22.24,110935,60686326.0,2.13,-1.42,-0.32,1.95
2705,2023-03-03,22.28,22.52,22.0,22.28,93624,51062975.0,2.34,0.18,0.04,1.65
2706,2023-03-06,22.32,22.44,22.08,22.2,83135,45191493.0,1.62,-0.36,-0.08,1.46
2707,2023-03-07,22.12,22.36,21.41,21.45,141655,75264632.0,4.28,-3.38,-0.75,2.49
2708,2023-03-08,21.45,22.08,21.37,22.04,108120,57645383.0,3.31,2.75,0.59,1.9
2709,2023-03-09,22.2,22.8,22.0,22.64,175305,96738737.0,3.63,2.72,0.6,3.09
2710,2023-03-10,22.48,22.88,22.36,22.68,152539,84710332.0,2.3,0.18,0.04,2.69
2711,2023-03-13,22.52,22.64,22.04,22.32,122464,66651711.0,2.65,-1.59,-0.36,2.16
2712,2023-03-14,22.24,22.28,21.65,22.2,107641,57933078.0,2.82,-0.54,-0.12,1.9
2713,2023-03-15,22.2,22.76,22.08,22.36,82907,45585544.0,3.06,0.72,0.16,1.46
2714,2023-03-16,22.2,22.56,21.89,21.96,78378,42482870.0,3.0,-1.79,-0.4,1.38
2715,2023-03-17,22.04,22.56,22.04,22.44,94432,51684592.0,2.37,2.19,0.48,1.66
2716,2023-03-20,22.44,22.72,22.2,22.56,87715,48248869.0,2.32,0.53,0.12,1.54
2717,2023-03-21,22.68,22.92,22.4,22.92,129874,72190168.0,2.3,1.6,0.36,2.29
2718,2023-03-22,22.96,23.39,22.72,23.31,165252,93547836.0,2.92,1.7,0.39,2.91
2719,2023-03-23,23.19,23.67,23.15,23.47,145002,83034860.0,2.23,0.69,0.16,2.55
2720,2023-03-24,23.47,23.59,23.07,23.43,126113,72216260.0,2.22,-0.17,-0.04,2.22
2721,2023-03-27,23.55,23.59,22.88,23.27,112330,63726103.0,3.03,-0.68,-0.16,1.98
2722,2023-03-28,23.23,23.27,22.72,22.8,84753,47529710.0,2.36,-2.02,-0.47,1.49
2723,2023-03-29,22.88,23.15,22.64,22.99,83054,46637006.0,2.24,0.83,0.19,1.46
2724,2023-03-30,22.88,23.11,22.68,22.76,71900,40248472.0,1.87,-1.0,-0.23,1.27
2725,2023-03-31,22.99,22.99,22.52,22.8,82215,45749786.0,2.07,0.18,0.04,1.45
2726,2023-04-03,22.84,23.31,22.84,23.31,123381,69745548.0,2.06,2.24,0.51,2.17
2727,2023-04-04,23.19,24.26,23.15,24.03,326585,191374935.0,4.76,3.09,0.72,5.75
2728,2023-04-06,23.87,24.7,23.71,24.14,356971,211848439.0,4.12,0.46,0.11,6.28
2729,2023-04-07,24.06,24.3,23.79,24.22,203860,120144011.0,2.11,0.33,0.08,3.59
2730,2023-04-10,24.22,24.42,23.55,23.71,173214,101769844.0,3.59,-2.11,-0.51,3.05
2731,2023-04-11,23.79,23.87,23.47,23.67,116987,67799455.0,1.69,-0.17,-0.04,2.06
2732,2023-04-12,23.67,24.06,23.51,23.99,124811,73090578.0,2.32,1.35,0.32,2.2
2733,2023-04-13,23.83,23.87,23.11,23.19,154922,88836345.0,3.17,-3.33,-0.8,2.73
2734,2023-04-14,23.27,23.51,22.8,23.39,123910,70319275.0,3.06,0.86,0.2,2.18
2735,2023-04-17,23.23,23.39,22.92,23.03,85236,48204301.0,2.01,-1.54,-0.36,1.5
2736,2023-04-18,22.99,23.15,22.2,22.32,148017,81211612.0,4.13,-3.08,-0.71,2.61
2737,2023-04-19,22.28,22.68,22.08,22.16,98830,54032059.0,2.69,-0.72,-0.16,1.74
2738,2023-04-20,22.16,22.28,21.73,21.93,98576,52810237.0,2.48,-1.04,-0.23,1.74
2739,2023-04-21,21.93,21.93,20.58,20.62,199637,102954246.0,6.16,-5.97,-1.31,3.51
2740,2023-04-24,20.58,20.74,20.18,20.26,112194,55733891.0,2.72,-1.75,-0.36,1.98
2741,2023-04-25,20.3,20.42,19.31,19.47,135165,64845934.0,5.48,-3.9,-0.79,2.38
2742,2023-04-26,19.51,19.86,19.31,19.71,120510,57677944.0,2.82,1.23,0.24,2.12
2743,2023-04-27,19.43,19.63,19.11,19.19,147771,69678991.0,2.64,-2.64,-0.52,2.6
2744,2023-04-28,19.07,19.83,19.07,19.83,94955,45334431.0,3.96,3.34,0.64,1.67
2745,2023-05-04,19.9,20.06,19.67,19.94,93036,45017294.0,1.97,0.55,0.11,1.64
2746,2023-05-05,19.86,19.9,19.43,19.67,99189,47467856.0,2.36,-1.35,-0.27,1.75
2747,2023-05-08,19.79,19.86,19.59,19.79,65210,31352323.0,1.37,0.61,0.12,1.15
2748,2023-05-09,19.71,19.9,19.35,19.43,98258,46756764.0,2.78,-1.82,-0.36,1.73
2749,2023-05-10,19.39,19.55,19.19,19.43,66362,31299117.0,1.85,0.0,0.0,1.17
2750,2023-05-11,19.43,19.67,19.39,19.59,56652,26932533.0,1.44,0.82,0.16,1.0
2751,2023-05-12,19.55,19.75,19.31,19.35,55158,26232352.0,2.25,-1.23,-0.24,0.97
2752,2023-05-15,19.35,19.55,19.19,19.55,58636,27639099.0,1.86,1.03,0.2,1.03
2753,2023-05-16,19.55,19.83,19.35,19.63,95307,45514003.0,2.46,0.41,0.08,1.68
2754,2023-05-17,19.59,19.86,19.47,19.86,85641,41119832.0,1.99,1.17,0.23,1.51
2755,2023-05-18,19.9,20.18,19.83,20.1,98178,47910410.0,1.76,1.21,0.24,1.73
2756,2023-05-19,20.22,20.7,20.14,20.62,140979,70475610.0,2.79,2.59,0.52,2.48
2757,2023-05-22,20.58,20.78,20.42,20.7,95210,47927216.0,1.75,0.39,0.08,1.68
2758,2023-05-23,20.62,20.78,20.38,20.46,70685,35485312.0,1.93,-1.16,-0.24,1.24
2759,2023-05-24,20.5,20.66,20.26,20.58,66485,33242562.0,1.96,0.59,0.12,1.17
2760,2023-05-25,20.66,20.74,20.22,20.62,72757,36329845.0,2.53,0.19,0.04,1.28
2761,2023-05-26,20.7,20.89,20.5,20.86,59805,30257316.0,1.89,1.16,0.24,1.05
2762,2023-05-29,20.97,20.97,20.62,20.7,59272,30051297.0,1.68,-0.77,-0.16,1.04
2763,2023-05-30,20.82,20.93,20.54,20.89,64011,32371109.0,1.88,0.92,0.19,1.13
2764,2023-05-31,20.93,21.25,20.89,21.17,73785,38015214.0,1.72,1.34,0.28,1.3
2765,2023-06-01,21.05,21.25,20.86,21.05,63755,32755407.0,1.84,-0.57,-0.12,1.12
2766,2023-06-02,21.21,21.37,21.09,21.21,58279,30221773.0,1.33,0.76,0.16,1.03
2767,2023-06-05,21.29,21.37,21.09,21.17,53807,27842980.0,1.32,-0.19,-0.04,0.95
2768,2023-06-06,21.17,21.21,20.58,20.62,81146,41306160.0,2.98,-2.6,-0.55,1.43
2769,2023-06-07,20.58,20.89,20.58,20.89,54496,27655120.0,1.5,1.31,0.27,0.96
2770,2023-06-08,20.86,20.86,20.38,20.5,67073,33657551.0,2.3,-1.87,-0.39,1.18
2771,2023-06-09,20.54,20.66,20.3,20.5,63855,31857444.0,1.76,0.0,0.0,1.12
2772,2023-06-12,20.5,20.97,20.46,20.86,60064,30397940.0,2.49,1.76,0.36,1.06
2773,2023-06-13,20.82,20.93,20.74,20.78,37987,19257563.0,0.91,-0.38,-0.08,0.67
2774,2023-06-14,20.78,20.86,20.54,20.62,51022,25656893.0,1.54,-0.77,-0.16,0.9
2775,2023-06-15,20.7,20.7,20.3,20.34,68246,33912546.0,1.94,-1.36,-0.28,1.2
2776,2023-06-16,20.38,20.86,20.18,20.82,96190,48210461.0,3.34,2.36,0.48,1.69
2777,2023-06-19,20.78,21.05,20.74,20.78,76121,38696263.0,1.49,-0.19,-0.04,1.34
2778,2023-06-20,20.74,20.82,20.5,20.54,60728,30473899.0,1.54,-1.15,-0.24,1.07
2779,2023-06-21,20.58,20.58,19.94,20.1,78063,38469235.0,3.12,-2.14,-0.44,1.37
2780,2023-06-26,20.06,20.06,19.51,19.55,82213,39427126.0,2.74,-2.74,-0.55,1.45
2781,2023-06-27,19.67,20.1,19.55,20.02,57892,27997510.0,2.81,2.4,0.47,1.02
2782,2023-06-28,20.1,20.1,19.35,19.9,72665,34795962.0,3.75,-0.6,-0.12,1.28
2783,2023-06-29,19.83,20.38,19.75,20.34,74657,36645568.0,3.17,2.21,0.44,1.31
2784,2023-06-30,20.26,20.62,20.18,20.58,59761,29750037.0,2.16,1.18,0.24,1.05
2785,2023-07-03,20.62,21.05,20.62,20.74,81409,41289985.0,2.09,0.78,0.16,1.43
2786,2023-07-04,20.74,20.97,20.66,20.97,70068,35697506.0,1.49,1.11,0.23,1.23
2787,2023-07-05,21.01,21.05,20.78,20.82,56743,28908545.0,1.29,-0.72,-0.15,1.0
2788,2023-07-06,20.82,21.33,20.74,21.09,96157,49493910.0,2.83,1.3,0.27,1.69
2789,2023-07-07,20.93,21.09,20.62,20.82,58264,29569865.0,2.23,-1.28,-0.27,1.03
2790,2023-07-10,20.89,20.89,20.54,20.62,57234,28812743.0,1.68,-0.96,-0.2,1.01
2791,2023-07-11,20.7,20.97,20.54,20.89,48972,24887209.0,2.09,1.31,0.27,0.86
2792,2023-07-12,20.86,21.09,20.54,20.58,51227,25904993.0,2.63,-1.48,-0.31,0.9
2793,2023-07-13,20.62,20.97,20.58,20.97,60503,30767527.0,1.9,1.9,0.39,1.07
2794,2023-07-14,21.09,21.13,20.93,21.09,64883,33309521.0,0.95,0.57,0.12,1.14
2795,2023-07-17,20.93,21.17,20.82,21.09,53846,27557036.0,1.66,0.0,0.0,0.95
2796,2023-07-18,21.05,21.37,21.01,21.21,66492,34386968.0,1.71,0.57,0.12,1.17
2797,2023-07-19,21.21,21.37,21.01,21.17,49984,25820366.0,1.7,-0.19,-0.04,0.88
2798,2023-07-20,21.21,21.25,20.78,20.82,52793,26981018.0,2.22,-1.65,-0.35,0.93
2799,2023-07-21,20.89,21.09,20.62,20.66,54295,27505086.0,2.26,-0.77,-0.16,0.96
2800,2023-07-24,20.62,20.97,20.5,20.89,60727,30833945.0,2.27,1.11,0.23,1.06
2801,2023-07-25,20.93,21.17,20.82,21.13,58663,30043965.0,1.68,1.15,0.24,1.03
2802,2023-07-26,21.13,21.17,20.82,20.93,51620,26303226.0,1.66,-0.95,-0.2,0.9
2803,2023-07-27,20.86,21.09,20.58,20.62,63651,32237033.0,2.44,-1.48,-0.31,1.11
2804,2023-07-28,20.62,20.82,20.34,20.82,53548,26859805.0,2.33,0.97,0.2,0.94
2805,2023-07-31,20.86,21.01,20.74,20.93,59939,30511420.0,1.3,0.53,0.11,1.05
2806,2023-08-01,20.89,21.01,20.82,20.97,53124,27085934.0,0.91,0.19,0.04,0.93
2807,2023-08-02,20.93,21.09,20.86,20.97,49359,25193157.0,1.1,0.0,0.0,0.86
2808,2023-08-03,20.97,20.97,20.74,20.89,43094,21904304.0,1.1,-0.38,-0.08,0.75
2809,2023-08-04,20.93,21.17,20.86,21.09,72938,37385237.0,1.48,0.96,0.2,1.28
2810,2023-08-07,21.01,21.13,20.86,20.89,60063,30675358.0,1.28,-0.95,-0.2,1.05
2811,2023-08-08,20.97,21.05,20.74,20.89,52335,26630860.0,1.48,0.0,0.0,0.92
2812,2023-08-09,20.82,20.86,20.46,20.5,62045,31107898.0,1.91,-1.87,-0.39,1.08
2813,2023-08-10,20.42,20.66,20.42,20.42,46322,23107693.0,1.17,-0.39,-0.08,0.81
2814,2023-08-11,20.46,20.5,19.94,19.94,61957,30419777.0,2.74,-2.35,-0.48,1.08
2815,2023-08-14,19.98,20.18,19.67,20.06,69836,33833156.0,2.56,0.6,0.12,1.22
2816,2023-08-15,19.98,20.18,19.67,19.79,64749,31249481.0,2.54,-1.35,-0.27,1.13
2817,2023-08-16,19.79,19.86,19.47,19.55,55631,26581032.0,1.97,-1.21,-0.24,0.97
2818,2023-08-17,19.55,19.71,19.27,19.67,67128,31825057.0,2.25,0.61,0.12,1.17
2819,2023-08-18,19.63,19.79,19.43,19.47,65079,31011086.0,1.83,-1.02,-0.2,1.14
2820,2023-08-21,19.59,19.67,19.23,19.31,49483,23370274.0,2.26,-0.82,-0.16,0.87
2821,2023-08-22,19.43,19.51,19.03,19.43,61532,28767929.0,2.49,0.62,0.12,1.08
2822,2023-08-23,19.35,19.39,18.99,19.03,49686,23074364.61,2.06,-2.06,-0.4,0.87
