,日期,开盘,最高,最低,收盘,成交量,成交额,振幅,涨跌幅,涨跌额,换手率
0,2016-03-31,4.76,5.85,4.76,5.85,141,274971.0,28.31,51.95,2.0,0.04
1,2016-04-01,6.51,6.51,6.51,6.51,55,118908.0,0.0,11.28,0.66,0.02
2,2016-04-05,7.23,7.23,7.23,7.23,25,59566.0,0.0,11.06,0.72,0.01
3,2016-04-06,8.02,8.02,8.02,8.02,92,241716.0,0.0,10.93,0.79,0.03
4,2016-04-07,8.89,8.89,8.89,8.89,79,226693.0,0.0,10.85,0.87,0.02
5,2016-04-08,9.85,9.85,9.85,9.85,143,450917.0,0.0,10.8,0.96,0.04
6,2016-04-11,10.9,10.9,10.9,10.9,103,358337.0,0.0,10.66,1.05,0.03
7,2016-04-12,12.06,12.06,12.06,12.06,147,562569.0,0.0,10.64,1.16,0.04
8,2016-04-13,13.34,13.34,13.34,13.34,615,2587129.0,0.0,10.61,1.28,0.18
9,2016-04-14,14.74,14.74,14.74,14.74,631,2923828.0,0.0,10.49,1.4,0.19
10,2016-04-15,16.29,16.29,16.29,16.29,1024,5214982.0,0.0,10.52,1.55,0.31
11,2016-04-18,17.98,17.98,17.98,17.98,1026,5746100.0,0.0,10.37,1.69,0.31
12,2016-04-19,19.85,19.85,19.85,19.85,635,3914059.0,0.0,10.4,1.87,0.19
13,2016-04-20,21.9,21.9,21.9,21.9,1967,13333615.0,0.0,10.33,2.05,0.59
14,2016-04-21,24.16,24.16,24.16,24.16,1631,12162143.0,0.0,10.32,2.26,0.49
15,2016-04-22,26.65,26.65,26.65,26.65,1791,14693377.0,0.0,10.31,2.49,0.53
16,2016-04-25,29.38,29.38,29.38,29.38,1821,16434221.0,0.0,10.24,2.73,0.54
17,2016-04-26,32.39,32.39,32.39,32.39,1604,15919700.0,0.0,10.25,3.01,0.48
18,2016-04-27,35.7,35.7,35.7,35.7,954,10411513.0,0.0,10.22,3.31,0.28
19,2016-04-28,39.34,39.34,39.34,39.34,6925,83167688.0,0.0,10.2,3.64,2.07
20,2016-04-29,43.34,43.34,40.54,40.56,227846,2942638656.0,7.12,3.1,1.22,68.01
21,2016-05-03,38.64,38.79,36.6,37.51,121336,1393733808.0,5.4,-7.52,-3.05,36.22
22,2016-05-04,37.66,39.24,37.47,37.74,89886,1049426960.0,4.72,0.61,0.23,26.83
23,2016-05-05,37.94,39.16,37.34,38.63,74090,869843600.0,4.82,2.36,0.89,22.12
24,2016-05-06,38.19,38.8,36.57,36.57,73718,846826912.0,5.77,-5.33,-2.06,22.01
25,2016-05-09,35.97,36.23,33.01,33.45,65127,688705888.0,8.81,-8.53,-3.12,19.44
26,2016-05-10,33.39,34.19,33.14,33.64,38815,399904736.0,3.14,0.57,0.19,11.59
27,2016-05-11,33.97,34.1,32.14,32.17,47259,474577008.0,5.83,-4.37,-1.47,14.11
28,2016-05-12,31.01,32.86,30.43,32.49,43768,425232432.0,7.55,0.99,0.32,13.07
29,2016-05-13,32.01,34.07,32.01,33.15,44353,449031872.0,6.34,2.03,0.66,13.24
30,2016-05-16,33.43,34.47,33.16,33.94,51806,536364608.0,3.95,2.38,0.79,15.46
31,2016-05-17,34.18,34.94,33.54,33.54,44685,468318400.0,4.12,-1.18,-0.4,13.34
32,2016-05-18,32.64,32.92,30.47,30.97,49126,475837456.0,7.3,-7.66,-2.57,14.66
33,2016-05-19,30.93,32.67,30.82,31.54,42785,418075072.0,5.97,1.84,0.57,12.77
34,2016-05-20,30.97,34.51,30.66,34.06,64332,651233392.0,12.21,7.99,2.52,19.2
35,2016-05-23,34.67,37.53,34.67,37.53,85053,950331984.0,8.4,10.19,3.47,25.39
36,2016-05-24,37.57,40.1,37.28,38.43,84172,988152176.0,7.51,2.4,0.9,25.13
37,2016-05-25,38.74,40.27,37.64,37.67,69434,823296256.0,6.84,-1.98,-0.76,20.73
38,2016-05-26,37.64,40.59,37.31,40.2,67802,799928368.0,8.71,6.72,2.53,20.24
39,2016-05-27,40.31,41.87,38.51,38.64,66100,809538688.0,8.36,-3.88,-1.56,19.73
40,2016-05-30,37.97,42.57,37.68,42.3,90794,1135385264.0,12.66,9.47,3.66,27.1
41,2016-05-31,41.64,43.82,40.97,42.65,101682,1316497488.0,6.74,0.83,0.35,30.35
42,2016-06-01,42.94,45.61,42.94,44.14,86019,1157725728.0,6.26,3.49,1.49,25.68
43,2016-06-02,43.64,44.98,42.83,44.54,57748,772272384.0,4.87,0.91,0.4,17.24
44,2016-06-03,43.81,47.17,43.74,43.87,76401,1058621968.0,7.7,-1.5,-0.67,22.81
45,2016-06-06,43.34,44.8,42.48,43.13,57374,761287104.0,5.29,-1.69,-0.74,17.13
46,2016-06-07,43.74,47.46,43.74,46.44,74371,1025672992.0,8.63,7.67,3.31,22.2
47,2016-06-08,45.31,46.12,43.64,44.64,66008,903447872.0,5.34,-3.88,-1.8,19.7
48,2016-06-13,43.57,47.3,42.37,42.37,87531,1192080880.0,11.04,-5.09,-2.27,26.13
49,2016-06-14,42.34,43.49,40.81,42.21,52129,670212544.0,6.33,-0.38,-0.16,15.56
50,2016-06-15,41.64,46.5,41.48,46.31,81419,1122324624.0,11.89,9.71,4.1,24.3
51,2016-06-16,45.97,47.19,44.91,46.99,69265,970865120.0,4.92,1.47,0.68,20.68
52,2016-06-17,47.25,50.35,47.24,48.16,70172,1034902320.0,6.62,2.49,1.17,20.95
53,2016-06-20,48.17,50.3,46.7,48.74,63721,941420336.0,7.48,1.2,0.58,19.02
54,2016-06-21,49.33,53.68,48.51,52.24,98773,1560039168.0,10.61,7.18,3.5,29.48
55,2016-06-22,51.89,52.61,48.53,50.01,83287,1277894848.0,7.81,-4.27,-2.23,24.86
56,2016-06-23,49.91,51.02,48.71,49.93,44879,682258016.0,4.62,-0.16,-0.08,13.4
57,2016-06-24,49.9,51.64,46.31,49.94,67872,1016623088.0,10.67,0.02,0.01,20.26
58,2016-06-27,49.64,55.0,49.64,54.82,72558,1175716208.0,10.73,9.77,4.88,21.66
59,2016-06-28,53.64,54.89,52.64,54.14,61681,1007172304.0,4.1,-1.24,-0.68,18.41
60,2016-06-29,54.81,56.83,53.98,55.18,52533,882156416.0,5.26,1.92,1.04,15.68
61,2016-06-30,52.31,53.24,49.6,49.6,78651,1217843504.0,6.6,-10.11,-5.58,23.48
62,2016-07-01,51.19,53.3,50.05,50.94,58151,913789184.0,6.55,2.7,1.34,17.36
63,2016-07-04,50.04,51.81,49.31,51.64,51637,795537456.0,4.91,1.37,0.7,15.41
64,2016-07-05,51.97,55.31,51.64,53.67,65335,1070234592.0,7.11,3.93,2.03,19.5
65,2016-07-06,52.94,53.9,51.47,52.28,47868,763522464.0,4.53,-2.59,-1.39,14.29
66,2016-07-07,51.97,53.22,50.14,52.31,43483,683074576.0,5.89,0.06,0.03,12.98
67,2016-07-08,52.11,53.52,51.65,51.73,34092,544555296.0,3.57,-1.11,-0.58,10.18
68,2016-07-11,51.64,52.38,46.97,47.59,57191,862870064.0,10.46,-8.0,-4.14,17.07
69,2016-07-12,47.68,48.13,44.64,47.67,53664,760224112.0,7.33,0.17,0.08,16.02
70,2016-07-13,47.3,48.89,46.47,46.92,43214,626677280.0,5.08,-1.57,-0.75,12.9
71,2016-07-14,46.34,47.67,45.99,46.81,30742,435648656.0,3.58,-0.23,-0.11,9.18
72,2016-07-15,47.16,48.68,46.84,47.39,41714,608854496.0,3.93,1.24,0.58,12.45
73,2016-07-18,46.95,46.95,45.31,45.61,30939,432724736.0,3.46,-3.76,-1.78,9.24
74,2016-07-19,44.97,46.27,44.93,46.04,19684,274511120.0,2.94,0.94,0.43,5.88
75,2016-07-20,47.17,48.87,47.17,48.15,48090,706024192.0,3.69,4.58,2.11,14.36
76,2016-07-21,47.52,48.28,46.37,46.41,33333,477900016.0,3.97,-3.61,-1.74,9.95
77,2016-07-22,46.47,47.61,45.93,46.2,24625,350293104.0,3.62,-0.45,-0.21,7.35
78,2016-07-25,46.0,46.64,44.07,44.78,31953,438387168.0,5.56,-3.07,-1.42,9.54
79,2016-07-26,44.84,45.62,44.31,45.37,20950,288675168.0,2.93,1.32,0.59,6.25
80,2016-07-27,45.41,45.41,40.83,40.94,49236,639118624.0,10.09,-9.76,-4.43,14.7
81,2016-07-28,40.65,41.14,38.05,40.12,38185,461659728.0,7.55,-2.0,-0.82,11.4
82,2016-07-29,40.12,40.87,38.65,39.6,27780,337760128.0,5.53,-1.3,-0.52,8.29
83,2016-08-01,38.64,38.84,36.64,37.58,26276,299778752.0,5.56,-5.1,-2.02,7.84
84,2016-08-02,37.57,38.47,37.46,38.36,21765,252593698.0,2.69,2.08,0.78,6.5
85,2016-08-03,38.24,41.17,37.93,40.29,43110,520754016.0,8.45,5.03,1.93,12.87
86,2016-08-04,39.97,40.61,39.59,40.01,25631,312812944.0,2.53,-0.69,-0.28,7.65
87,2016-08-05,40.04,40.72,39.12,39.21,20312,247363399.0,4.0,-2.0,-0.8,6.06
88,2016-08-08,38.58,39.84,37.91,39.71,19219,226909117.0,4.92,1.28,0.5,5.74
89,2016-08-09,39.74,41.64,39.48,41.45,36450,453748320.0,5.44,4.38,1.74,10.88
90,2016-08-10,41.2,42.47,41.05,41.31,28891,366810000.0,3.43,-0.34,-0.14,8.62
91,2016-08-11,40.98,42.18,40.53,40.54,25598,323431200.0,3.99,-1.86,-0.77,7.64
92,2016-08-12,40.51,41.29,40.31,40.6,20722,257764219.0,2.42,0.15,0.06,6.19
93,2016-08-15,40.65,43.72,40.31,42.9,38758,496724816.0,8.4,5.67,2.3,11.57
94,2016-08-16,42.61,44.17,42.61,43.62,33325,443029136.0,3.64,1.68,0.72,9.95
95,2016-08-17,43.27,46.6,42.97,45.77,51424,707787344.0,8.32,4.93,2.15,15.35
96,2016-08-18,45.35,47.21,45.14,45.43,45979,645655984.0,4.52,-0.74,-0.34,13.73
97,2016-08-19,45.43,48.63,45.43,47.64,48837,703207280.0,7.04,4.86,2.21,14.58
98,2016-08-22,47.67,47.97,43.64,43.64,46517,644192656.0,9.09,-8.4,-4.0,13.89
99,2016-08-23,44.27,48.08,43.81,46.93,69590,995153040.0,9.78,7.54,3.29,20.77
100,2016-08-24,46.24,47.63,45.31,45.31,47745,678240048.0,4.94,-3.45,-1.62,14.25
101,2016-08-25,45.17,48.81,44.66,47.94,68797,988884224.0,9.16,5.8,2.63,20.54
102,2016-08-26,47.64,48.57,46.83,47.64,45555,659054608.0,3.63,-0.63,-0.3,13.6
103,2016-08-29,47.69,49.22,46.64,48.01,41658,608176480.0,5.42,0.78,0.37,12.44
104,2016-08-30,48.04,48.21,46.57,46.68,28828,412478272.0,3.42,-2.77,-1.33,8.61
105,2016-08-31,46.74,46.88,44.37,45.71,33052,457889248.0,5.38,-2.08,-0.97,9.87
106,2016-09-01,45.7,46.31,44.64,44.8,26164,361640144.0,3.65,-1.99,-0.91,7.81
107,2016-09-02,44.8,46.24,44.59,45.87,28955,401099856.0,3.68,2.39,1.07,8.64
108,2016-09-05,45.87,46.8,45.17,45.31,21047,295341520.0,3.55,-1.22,-0.56,6.28
109,2016-09-06,45.41,45.64,43.64,45.47,32122,436715232.0,4.41,0.35,0.16,9.59
110,2016-09-07,45.31,45.97,44.81,44.91,17062,234815320.0,2.55,-1.23,-0.56,5.09
111,2016-09-08,44.9,45.23,43.67,44.09,19010,256421240.0,3.47,-1.83,-0.82,5.67
112,2016-09-09,44.19,44.43,42.57,42.59,23559,310523680.0,4.22,-3.4,-1.5,7.03
113,2016-09-12,41.18,41.8,40.81,41.61,18390,231655143.0,2.32,-2.3,-0.98,5.49
114,2016-09-13,41.66,41.82,41.37,41.73,10068,127777580.0,1.08,0.29,0.12,3.01
115,2016-09-14,41.31,41.62,40.86,41.04,11085,139110337.0,1.82,-1.65,-0.69,3.31
116,2016-09-19,41.01,41.44,41.01,41.17,8304,104411449.0,1.05,0.32,0.13,2.48
117,2016-09-20,41.1,42.75,40.97,42.69,17338,222409332.0,4.32,3.69,1.52,5.18
118,2016-09-21,42.63,42.64,41.53,41.62,16957,217135161.0,2.6,-2.51,-1.07,5.06
119,2016-09-22,41.95,42.04,41.47,41.63,11641,148159878.0,1.37,0.02,0.01,3.47
120,2016-09-23,41.73,42.53,41.65,41.81,13208,169607815.0,2.11,0.43,0.18,3.94
121,2016-09-26,41.73,42.13,38.97,39.31,22092,269177152.0,7.56,-5.98,-2.5,6.59
122,2016-09-27,39.3,39.67,37.4,38.37,29405,171171045.0,5.77,-2.39,-0.94,4.39
123,2016-09-28,38.35,41.03,38.03,39.67,37738,230152264.0,7.82,3.39,1.3,5.63
124,2016-09-29,38.83,39.25,38.23,38.63,26711,157839917.0,2.57,-2.62,-1.04,3.99
125,2016-09-30,38.5,39.95,38.37,39.02,21534,129188207.0,4.09,1.01,0.39,3.21
126,2016-10-10,39.11,40.34,38.37,40.14,31973,192898001.0,5.05,2.87,1.12,4.77
127,2016-10-11,40.09,41.03,39.83,40.11,25003,153662500.0,2.99,-0.07,-0.03,3.73
128,2016-10-12,39.71,40.11,39.18,39.48,23462,141434408.0,2.32,-1.57,-0.63,3.5
129,2016-10-13,39.48,39.87,38.97,39.1,19464,116472955.0,2.28,-0.96,-0.38,2.91
130,2016-10-14,39.1,40.27,39.04,39.79,28897,175215034.0,3.15,1.76,0.69,4.31
131,2016-10-17,39.95,41.9,39.81,40.1,50387,314480368.0,5.25,0.78,0.31,7.52
132,2016-10-18,39.77,40.82,39.29,40.77,35614,218166309.0,3.82,1.67,0.67,5.32
133,2016-10-19,40.77,42.62,40.51,42.39,63669,403958640.0,5.18,3.97,1.62,9.5
134,2016-10-20,42.57,43.89,42.37,42.83,74349,487745632.0,3.59,1.04,0.44,11.1
135,2016-10-21,42.13,42.22,40.7,41.7,53807,340628016.0,3.55,-2.64,-1.13,8.03
136,2016-10-24,41.65,42.01,40.87,41.69,30213,191258091.0,2.73,-0.02,-0.01,4.51
137,2016-10-25,41.7,43.03,41.69,41.83,34933,224875862.0,3.21,0.34,0.14,5.21
138,2016-10-26,41.5,41.76,40.63,40.75,32226,201345310.0,2.7,-2.58,-1.08,4.81
139,2016-10-27,40.71,41.43,40.41,40.83,21621,134427373.0,2.5,0.2,0.08,3.23
140,2016-10-28,41.1,41.29,39.43,39.57,32998,202397778.0,4.56,-3.09,-1.26,4.93
141,2016-10-31,39.37,39.57,38.63,39.47,23913,142078246.0,2.38,-0.25,-0.1,3.57
142,2016-11-01,39.57,40.52,39.23,40.28,24495,149501308.0,3.27,2.05,0.81,3.66
143,2016-11-02,40.28,40.47,39.37,39.56,25943,157156839.0,2.73,-1.79,-0.72,3.87
144,2016-11-03,39.33,40.3,39.09,39.49,29599,178864826.0,3.06,-0.18,-0.07,4.42
145,2016-11-04,39.36,40.21,39.11,39.59,24175,146340506.0,2.79,0.25,0.1,3.61
146,2016-11-07,39.7,39.9,39.04,39.22,21535,129171985.0,2.17,-0.93,-0.37,3.21
147,2016-11-08,39.43,39.49,38.97,39.18,19407,116009545.0,1.33,-0.1,-0.04,2.9
148,2016-11-09,38.9,39.17,37.59,38.6,36664,215210489.0,4.03,-1.48,-0.58,5.47
149,2016-11-10,39.13,39.55,38.95,39.38,31206,186900587.0,1.55,2.02,0.78,4.66
150,2016-11-11,39.43,40.43,39.16,39.79,39707,241496750.0,3.22,1.04,0.41,5.93
151,2016-11-14,42.04,43.83,42.04,43.83,140658,932705920.0,4.5,10.15,4.04,20.99
152,2016-11-15,44.3,47.3,43.83,45.29,186225,1282789344.0,7.92,3.33,1.46,27.79
153,2016-11-16,44.47,44.69,43.03,43.03,101309,673352816.0,3.67,-4.99,-2.26,15.12
154,2016-11-17,42.7,43.7,42.1,42.3,59623,387368688.0,3.72,-1.7,-0.73,8.9
155,2016-11-18,42.04,43.23,41.84,42.36,50719,329197744.0,3.29,0.14,0.06,7.57
156,2016-11-21,42.03,42.54,41.37,42.33,47775,305254816.0,2.76,-0.07,-0.03,7.13
157,2016-11-22,42.43,42.6,41.63,42.15,48721,311390048.0,2.29,-0.43,-0.18,7.27
158,2016-11-23,42.2,43.77,42.04,42.7,76818,503102000.0,4.1,1.3,0.55,11.47
159,2016-11-24,42.57,42.57,40.97,41.01,55613,352143712.0,3.75,-3.96,-1.69,8.3
160,2016-11-25,40.83,40.85,39.05,40.73,45539,278212352.0,4.39,-0.68,-0.28,6.8
161,2016-11-28,40.57,41.1,39.83,39.9,27191,167234397.0,3.12,-2.04,-0.83,4.06
162,2016-11-29,39.87,40.52,39.57,39.63,23581,143676531.0,2.38,-0.68,-0.27,3.52
163,2016-11-30,39.54,40.29,39.43,39.81,18590,112944266.0,2.17,0.45,0.18,2.77
164,2016-12-01,40.21,40.21,39.65,39.93,16491,100341666.0,1.41,0.3,0.12,2.46
165,2016-12-02,39.83,40.17,38.6,38.61,27646,165275323.0,3.93,-3.31,-1.32,4.13
166,2016-12-05,38.23,39.63,37.9,39.1,23406,139519284.0,4.48,1.27,0.49,3.49
167,2016-12-06,39.17,39.62,38.77,39.0,14074,83831082.0,2.17,-0.26,-0.1,2.1
168,2016-12-07,39.0,39.07,38.43,39.04,16008,94685864.0,1.64,0.1,0.04,2.39
169,2016-12-08,39.09,39.23,38.49,38.5,15344,90710726.0,1.9,-1.38,-0.54,2.29
170,2016-12-09,38.37,38.88,38.27,38.63,19036,111956758.0,1.58,0.34,0.13,2.84
171,2016-12-12,38.37,38.97,34.71,34.71,48195,265801847.0,11.03,-10.15,-3.92,7.19
172,2016-12-13,34.63,34.97,32.73,34.27,31994,165926238.0,6.45,-1.27,-0.44,4.78
173,2016-12-14,34.31,34.82,33.37,34.31,23670,123824974.0,4.23,0.12,0.04,3.53
174,2016-12-15,34.03,36.43,34.03,35.23,32074,173964221.0,7.0,2.68,0.92,4.79
175,2016-12-16,35.39,35.79,35.03,35.38,15413,83450863.0,2.16,0.43,0.15,2.3
176,2016-12-19,35.38,35.69,34.51,35.0,14157,75959281.0,3.34,-1.07,-0.38,2.11
177,2016-12-20,34.95,35.02,34.45,34.55,11601,61399417.0,1.63,-1.29,-0.45,1.73
178,2016-12-21,34.89,35.09,34.47,34.77,11479,60946074.0,1.79,0.64,0.22,1.71
179,2016-12-22,34.77,34.94,34.25,34.53,10650,56164462.0,1.98,-0.69,-0.24,1.59
180,2016-12-23,34.38,34.89,33.94,34.03,12810,67331842.0,2.75,-1.45,-0.5,1.91
181,2016-12-26,33.79,34.0,32.95,33.99,16518,84722318.0,3.09,-0.12,-0.04,2.47
182,2016-12-27,34.07,35.47,34.07,34.83,24632,131532844.0,4.12,2.47,0.84,3.68
183,2016-12-28,35.1,35.55,34.9,35.07,17679,95041043.0,1.87,0.69,0.24,2.64
184,2016-12-29,34.77,35.37,34.77,34.87,13114,70171185.0,1.71,-0.57,-0.2,1.96
185,2016-12-30,34.93,35.57,34.93,35.28,17192,92826272.0,1.84,1.18,0.41,2.57
186,2017-01-03,35.5,36.02,35.1,35.88,14971,81720874.0,2.61,1.7,0.6,2.23
187,2017-01-04,35.77,35.93,35.31,35.69,14303,77780068.0,1.73,-0.53,-0.19,2.13
188,2017-01-05,35.7,35.75,35.23,35.29,11966,64664482.0,1.46,-1.12,-0.4,1.79
189,2017-01-06,35.23,35.69,34.34,34.35,16874,90228319.0,3.83,-2.66,-0.94,2.52
190,2017-01-09,33.96,34.96,33.17,34.65,18264,95038926.0,5.21,0.87,0.3,2.73
191,2017-01-10,34.65,35.07,34.18,34.19,11221,59450923.0,2.57,-1.33,-0.46,1.67
192,2017-01-11,34.1,34.8,33.73,33.77,12051,62992241.0,3.13,-1.23,-0.42,1.8
193,2017-01-12,33.67,34.37,33.42,33.47,9677,49985785.0,2.81,-0.89,-0.3,1.44
194,2017-01-13,33.43,33.77,31.37,31.37,24395,120583958.0,7.17,-6.27,-2.1,3.64
195,2017-01-16,31.38,31.48,28.17,29.07,30440,136553864.0,10.55,-7.33,-2.3,4.54
196,2017-01-17,28.71,29.92,27.87,29.81,19277,85891234.0,7.05,2.55,0.74,2.88
197,2017-01-18,29.11,29.37,28.13,28.16,19805,86962757.0,4.16,-5.54,-1.65,2.96
198,2017-01-19,28.17,28.63,27.63,27.87,16709,71970435.0,3.55,-1.03,-0.29,2.49
199,2017-01-20,27.89,28.77,27.71,28.5,15505,67636094.0,3.8,2.26,0.63,2.31
200,2017-01-23,29.03,30.7,28.77,29.7,23482,107231949.0,6.77,4.21,1.2,3.5
201,2017-01-24,29.7,29.7,28.78,28.92,13761,61357771.0,3.1,-2.63,-0.78,2.05
202,2017-01-25,29.03,29.35,28.86,29.19,9264,41396509.0,1.69,0.93,0.27,1.38
203,2017-01-26,29.38,30.02,29.18,29.73,11553,52571795.0,2.88,1.85,0.54,1.72
204,2017-02-03,29.71,30.13,29.42,29.94,11342,51866805.0,2.39,0.71,0.21,1.69
205,2017-02-06,29.83,30.17,29.37,30.17,13500,61743348.0,2.67,0.77,0.23,2.01
206,2017-02-07,30.03,30.16,29.57,29.67,9982,45573900.0,1.96,-1.66,-0.5,1.49
207,2017-02-08,29.55,30.13,29.19,30.07,20876,94916296.0,3.17,1.35,0.4,3.12
208,2017-02-09,30.7,31.77,30.03,30.97,36077,172062312.0,5.79,2.99,0.9,5.38
209,2017-02-10,30.77,30.87,29.97,30.11,18854,87731154.0,2.91,-2.78,-0.86,2.81
210,2017-02-13,30.2,30.27,29.84,30.1,19357,89122302.0,1.43,-0.03,-0.01,2.89
211,2017-02-14,30.16,30.37,29.55,29.69,17604,80595171.0,2.72,-1.36,-0.41,2.63
212,2017-02-15,29.59,29.83,29.27,29.39,17136,77487961.0,1.89,-1.01,-0.3,2.56
213,2017-02-16,29.31,29.53,29.13,29.33,12057,54154229.0,1.36,-0.2,-0.06,1.8
214,2017-02-17,29.33,29.53,28.95,29.09,12589,56297501.0,1.98,-0.82,-0.24,1.88
215,2017-02-20,29.03,29.45,28.76,29.0,15094,67211317.0,2.37,-0.31,-0.09,2.25
216,2017-02-21,29.03,29.52,29.03,29.52,18946,85323439.0,1.69,1.79,0.52,2.83
217,2017-02-22,29.57,29.77,29.43,29.57,14182,64268931.0,1.15,0.17,0.05,2.12
218,2017-02-23,29.61,29.73,29.19,29.47,15084,68008262.0,1.83,-0.34,-0.1,2.25
219,2017-02-24,29.61,30.98,29.61,30.98,45315,210668502.0,4.65,5.12,1.51,6.76
220,2017-02-27,31.09,31.26,30.3,30.4,31259,146861689.0,3.1,-1.87,-0.58,4.67
221,2017-02-28,30.15,31.49,30.14,31.08,34483,163496570.0,4.44,2.24,0.68,5.15
222,2017-03-01,31.1,31.43,30.88,30.95,30536,145536525.0,1.77,-0.42,-0.13,4.56
223,2017-03-02,31.01,31.13,30.22,30.35,21710,101389669.0,2.94,-1.94,-0.6,3.24
224,2017-03-03,30.17,30.65,29.95,30.47,18460,85610339.0,2.31,0.4,0.12,2.76
225,2017-03-06,30.57,31.35,30.37,31.19,25926,123135101.0,3.22,2.36,0.72,3.87
226,2017-03-07,31.33,31.63,30.83,31.53,29427,140342053.0,2.56,1.09,0.34,4.39
227,2017-03-08,31.69,34.42,31.5,32.37,64905,326706656.0,9.26,2.66,0.84,9.69
228,2017-03-09,32.49,33.08,31.79,32.87,45678,227607836.0,3.99,1.54,0.5,6.82
229,2017-03-10,32.63,34.21,32.22,33.81,53041,268394065.0,6.05,2.86,0.94,7.92
230,2017-03-13,33.55,34.82,33.54,33.77,53666,280799824.0,3.79,-0.12,-0.04,8.01
231,2017-03-14,33.56,34.15,33.25,33.69,36774,188938786.0,2.67,-0.24,-0.08,5.49
232,2017-03-15,33.43,33.92,32.97,33.71,29100,148819747.0,2.82,0.06,0.02,4.34
233,2017-03-16,33.73,34.78,33.57,34.63,47700,250354094.0,3.59,2.73,0.92,7.12
234,2017-03-17,34.47,34.62,33.19,33.26,38140,198069606.0,4.13,-3.96,-1.37,5.69
235,2017-03-20,33.23,33.34,32.44,32.98,25932,130108266.0,2.71,-0.84,-0.28,3.87
236,2017-03-21,32.97,33.28,32.57,33.1,17173,86359860.0,2.15,0.36,0.12,2.56
237,2017-03-22,32.83,33.16,32.5,33.02,19116,95886046.0,1.99,-0.24,-0.08,2.85
238,2017-03-23,32.95,34.15,32.77,33.81,32271,165494864.0,4.18,2.39,0.79,4.82
239,2017-03-24,34.03,34.03,32.78,33.0,27930,141605239.0,3.7,-2.4,-0.81,4.17
240,2017-03-27,33.1,33.89,33.08,33.25,21848,111669140.0,2.45,0.76,0.25,3.26
241,2017-03-28,33.13,33.72,33.1,33.18,16542,84343288.0,1.86,-0.21,-0.07,2.47
242,2017-03-29,33.05,33.23,31.84,31.85,28596,140971587.0,4.19,-4.01,-1.33,4.27
243,2017-03-30,29.75,29.75,28.6,28.6,65837,291009248.0,3.61,-10.2,-3.25,9.83
244,2017-03-31,28.24,28.89,28.17,28.46,28226,123635352.0,2.52,-0.49,-0.14,4.21
245,2017-04-05,28.17,28.7,27.69,28.69,23906,103646431.0,3.55,0.81,0.23,3.57
246,2017-04-06,28.68,28.78,28.35,28.49,17957,78595066.0,1.5,-0.7,-0.2,2.68
247,2017-04-07,28.49,29.02,28.37,28.69,20904,92247469.0,2.28,0.7,0.2,3.12
248,2017-04-10,28.7,28.87,27.69,27.79,24381,104865737.0,4.11,-3.14,-0.9,3.64
249,2017-04-11,27.67,29.37,27.17,28.93,41468,180190788.0,7.92,4.1,1.14,6.19
250,2017-04-12,28.93,29.3,28.38,28.42,20577,90709180.0,3.18,-1.76,-0.51,3.07
251,2017-04-13,28.44,28.67,28.05,28.25,13934,60686061.0,2.18,-0.6,-0.17,2.08
252,2017-04-14,28.25,28.61,28.1,28.23,11572,50341616.0,1.81,-0.07,-0.02,1.73
253,2017-04-17,27.95,27.95,26.17,26.39,23689,97078264.0,6.31,-6.52,-1.84,3.54
254,2017-04-18,26.3,26.57,25.82,25.83,15253,61328503.0,2.84,-2.12,-0.56,2.28
255,2017-04-19,25.81,26.01,25.23,25.63,15313,60020099.0,3.02,-0.77,-0.2,2.29
256,2017-04-20,25.63,25.85,24.73,24.83,16090,62209934.0,4.37,-3.12,-0.8,2.4
257,2017-04-21,25.0,25.29,23.97,24.06,18043,68055909.0,5.32,-3.1,-0.77,2.69
258,2017-04-24,23.87,23.87,21.83,22.41,18688,65452660.0,8.48,-6.86,-1.65,2.79
259,2017-04-25,22.67,23.05,22.45,22.67,10424,36661975.0,2.68,1.16,0.26,1.56
260,2017-04-26,22.62,22.95,22.53,22.8,10721,37683697.0,1.85,0.57,0.13,1.6
261,2017-04-27,22.79,23.23,21.9,23.11,21195,73847456.0,5.83,1.36,0.31,3.16
262,2017-04-28,22.9,23.37,22.87,23.3,11814,42244141.0,2.16,0.82,0.19,1.76
263,2017-05-02,23.31,23.6,23.0,23.23,8880,31718897.0,2.58,-0.3,-0.07,1.33
264,2017-05-03,23.23,23.43,22.71,22.75,13031,46030607.0,3.1,-2.07,-0.48,1.94
265,2017-05-04,22.63,22.9,22.44,22.53,11695,40898072.0,2.02,-0.97,-0.22,1.75
266,2017-05-05,22.63,22.98,22.44,22.57,12361,43357052.0,2.4,0.18,0.04,1.84
267,2017-05-08,22.5,22.7,21.57,21.61,13341,45426462.0,5.01,-4.25,-0.96,1.99
268,2017-05-09,21.51,21.77,20.98,21.69,14243,47049982.0,3.66,0.37,0.08,2.13
269,2017-05-10,21.71,22.8,21.71,22.13,23108,79623900.0,5.03,2.03,0.44,3.45
270,2017-05-11,21.5,22.29,21.04,21.87,17011,56823313.0,5.65,-1.17,-0.26,2.54
271,2017-05-12,21.87,21.9,21.27,21.41,10976,36509046.0,2.88,-2.1,-0.46,1.64
272,2017-05-15,21.45,21.69,21.15,21.3,10039,33155452.0,2.52,-0.51,-0.11,1.5
273,2017-05-16,21.1,21.69,20.65,21.69,15550,50901057.0,4.88,1.83,0.39,2.32
274,2017-05-17,21.68,22.16,21.52,21.9,13597,46086409.0,2.95,0.97,0.21,2.03
275,2017-05-18,21.83,22.1,21.53,21.8,9809,33131544.0,2.6,-0.46,-0.1,1.46
276,2017-05-19,21.57,21.86,21.1,21.17,11987,39570388.0,3.49,-2.89,-0.63,1.79
277,2017-05-22,21.3,21.43,20.63,20.64,11452,37074893.0,3.78,-2.5,-0.53,1.71
278,2017-05-23,20.53,20.83,18.51,18.51,29050,86543692.0,11.24,-10.32,-2.13,4.34
279,2017-05-24,18.37,18.52,17.47,18.37,17725,49605705.0,5.67,-0.76,-0.14,2.65
280,2017-05-25,18.43,18.43,17.54,18.13,19240,53644640.0,4.84,-1.31,-0.24,2.87
281,2017-05-26,18.33,18.95,18.13,18.71,20634,59763553.0,4.52,3.2,0.58,3.08
282,2017-05-31,19.77,19.77,18.63,18.63,16015,47297235.0,6.09,-0.43,-0.08,2.39
283,2017-06-01,18.36,18.54,17.37,17.43,13462,37661086.0,6.28,-6.44,-1.2,2.01
284,2017-06-02,17.37,19.24,17.31,19.24,39441,114794014.0,11.07,10.38,1.81,5.89
285,2017-06-05,19.62,20.29,19.41,19.65,41262,126969248.0,4.57,2.13,0.41,6.16
286,2017-06-06,19.93,20.36,19.49,20.06,29712,91858039.0,4.43,2.09,0.41,4.43
287,2017-06-07,20.07,21.0,19.91,20.87,30362,96465860.0,5.43,4.04,0.81,4.53
288,2017-06-08,20.6,22.52,20.43,21.67,45479,151315873.0,10.01,3.83,0.8,6.79
289,2017-06-09,21.57,21.8,21.04,21.7,27933,92523927.0,3.51,0.14,0.03,4.17
290,2017-06-12,21.37,21.5,20.31,20.45,29554,95191264.0,5.48,-5.76,-1.25,4.41
291,2017-06-13,20.07,22.43,20.07,21.95,45441,151240275.0,11.54,7.33,1.5,6.78
292,2017-06-14,21.8,22.33,21.59,21.82,35071,118919859.0,3.37,-0.59,-0.13,5.23
293,2017-06-15,21.81,23.29,21.7,22.56,47242,164941795.0,7.29,3.39,0.74,7.05
294,2017-06-16,22.5,23.01,22.11,22.7,25478,88920264.0,3.99,0.62,0.14,3.8
295,2017-06-19,22.82,24.0,22.4,23.59,35645,129158267.0,7.05,3.92,0.89,5.32
296,2017-06-20,24.03,24.03,23.13,23.25,30673,110714203.0,3.82,-1.44,-0.34,4.58
297,2017-06-21,23.45,25.63,23.29,24.37,67605,256094971.0,10.06,4.82,1.12,10.09
298,2017-06-22,24.43,25.3,23.85,24.15,52097,195955046.0,5.95,-0.9,-0.22,7.78
299,2017-06-23,23.81,24.22,22.59,23.45,39537,142225681.0,6.75,-2.9,-0.7,5.9
300,2017-06-26,23.41,24.74,23.4,24.02,32070,118973300.0,5.71,2.43,0.57,4.79
301,2017-06-27,23.97,24.67,23.87,24.2,27129,101446419.0,3.33,0.75,0.18,4.05
302,2017-06-28,23.94,24.16,22.83,23.17,36407,130538697.0,5.5,-4.26,-1.03,5.43
303,2017-06-29,23.3,23.57,22.82,23.36,28096,100560235.0,3.24,0.82,0.19,4.19
304,2017-06-30,23.07,23.33,22.77,22.97,22599,80213411.0,2.4,-1.67,-0.39,3.37
305,2017-07-03,22.77,24.39,22.75,24.09,36418,133160077.0,7.14,4.88,1.12,5.44
306,2017-07-04,24.02,24.43,23.63,23.83,22405,82614132.0,3.32,-1.08,-0.26,3.34
307,2017-07-05,23.61,24.9,23.61,24.62,39880,150335442.0,5.41,3.32,0.79,5.95
308,2017-07-06,24.75,24.83,24.17,24.82,30449,115194718.0,2.68,0.81,0.2,4.54
309,2017-07-07,24.97,25.45,24.49,24.57,36834,141912366.0,3.87,-1.01,-0.25,5.5
310,2017-07-10,24.62,25.06,23.93,24.09,29649,111479963.0,4.6,-1.95,-0.48,4.43
311,2017-07-11,23.97,24.33,22.63,22.87,39276,141354304.0,7.06,-5.06,-1.22,5.86
312,2017-07-12,22.87,23.29,22.17,23.28,25257,88640050.0,4.9,1.79,0.41,3.77
313,2017-07-13,23.08,23.42,22.77,23.03,15358,54670795.0,2.79,-1.07,-0.25,2.29
314,2017-07-14,22.93,23.43,22.13,23.02,17078,60592558.0,5.64,-0.04,-0.01,2.55
315,2017-07-17,22.7,22.7,20.65,20.65,33620,110580072.0,8.91,-10.3,-2.37,5.02
316,2017-07-18,20.5,21.03,19.71,20.65,20475,64614364.0,6.39,0.0,0.0,3.06
317,2017-07-19,20.55,20.77,19.91,20.69,17303,54487836.0,4.16,0.19,0.04,2.58
318,2017-07-20,20.62,21.67,20.53,21.15,22507,73861730.0,5.51,2.22,0.46,3.36
319,2017-07-21,21.56,21.83,20.93,21.1,15760,52060126.0,4.26,-0.24,-0.05,2.35
320,2017-07-24,20.87,21.77,20.38,21.55,27159,88492587.0,6.59,2.13,0.45,4.05
321,2017-07-25,21.5,22.33,21.25,22.03,29044,98410248.0,5.01,2.23,0.48,4.33
322,2017-07-26,21.87,22.33,21.71,21.96,17217,58298932.0,2.81,-0.32,-0.07,2.57
323,2017-07-27,21.87,23.97,21.49,23.97,58244,205836904.0,11.29,9.15,2.01,8.69
324,2017-07-28,23.95,23.95,23.36,23.37,29559,107529766.0,2.46,-2.5,-0.6,4.41
325,2017-07-31,23.39,23.55,22.89,23.07,23645,84195584.0,2.82,-1.28,-0.3,3.53
326,2017-08-01,23.19,23.49,22.74,23.41,25581,91308904.0,3.25,1.47,0.34,3.82
327,2017-08-02,23.21,23.32,22.2,22.26,27242,95382240.0,4.78,-4.91,-1.15,4.07
328,2017-08-03,22.03,22.89,22.03,22.15,18314,63331071.0,3.86,-0.49,-0.11,2.73
329,2017-08-04,22.3,23.79,22.18,23.0,45382,161628751.0,7.27,3.84,0.85,6.77
330,2017-08-07,22.83,23.52,22.51,22.51,28275,99931941.0,4.39,-2.13,-0.49,4.22
331,2017-08-08,22.53,23.23,22.33,22.65,31896,112260529.0,4.0,0.62,0.14,4.76
332,2017-08-09,22.65,23.0,22.23,22.29,23471,81658123.0,3.4,-1.59,-0.36,3.5
333,2017-08-10,22.29,22.89,22.07,22.31,22532,77997456.0,3.68,0.09,0.02,3.36
334,2017-08-11,22.11,22.8,21.7,21.77,25018,85932837.0,4.93,-2.42,-0.54,3.73
335,2017-08-14,21.77,22.4,21.71,22.09,21485,73250592.0,3.17,1.47,0.32,3.21
336,2017-08-15,22.1,22.59,21.97,22.58,23948,82208118.0,2.81,2.22,0.49,3.57
337,2017-08-16,22.63,23.41,22.42,23.22,35414,125887473.0,4.38,2.83,0.64,5.29
338,2017-08-17,23.29,24.42,23.02,23.85,56070,205131533.0,6.03,2.71,0.63,8.37
339,2017-08-18,23.61,23.85,23.19,23.43,29856,108289618.0,2.77,-1.76,-0.42,4.46
340,2017-08-21,23.43,24.36,23.43,24.27,38340,141924337.0,3.97,3.59,0.84,5.72
341,2017-08-22,24.27,24.37,23.5,23.63,29799,109304420.0,3.58,-2.64,-0.64,4.45
342,2017-08-23,23.63,23.87,23.2,23.53,20895,75655702.0,2.84,-0.42,-0.1,3.12
343,2017-08-24,23.77,23.77,23.12,23.23,17399,62644175.0,2.76,-1.27,-0.3,2.6
344,2017-08-25,23.35,23.65,23.25,23.6,16355,59292218.0,1.72,1.59,0.37,2.44
345,2017-08-28,23.72,24.93,23.63,24.51,40953,153381474.0,5.51,3.86,0.91,6.11
346,2017-08-29,24.03,26.33,23.91,25.4,68192,264304765.0,9.87,3.63,0.89,10.18
347,2017-08-30,25.37,26.07,25.08,25.8,37756,147769581.0,3.9,1.57,0.4,5.64
348,2017-08-31,25.83,26.93,25.43,26.57,42533,171530456.0,5.81,2.98,0.77,6.35
349,2017-09-01,27.57,29.29,26.93,29.29,92917,403473824.0,8.88,10.24,2.72,13.87
350,2017-09-04,30.57,30.77,28.85,29.08,104761,477623920.0,6.56,-0.72,-0.21,15.64
351,2017-09-05,29.03,30.43,28.7,29.67,68313,310368128.0,5.95,2.03,0.59,10.2
352,2017-09-06,29.27,31.17,28.54,30.67,85632,389211376.0,8.86,3.37,1.0,12.78
353,2017-09-07,30.77,33.09,30.1,30.21,101887,490852960.0,9.75,-1.5,-0.46,15.21
354,2017-09-08,29.46,30.03,28.55,29.09,61745,277004000.0,4.9,-3.71,-1.12,9.22
355,2017-09-11,29.16,29.7,28.87,29.47,34314,154300580.0,2.85,1.31,0.38,5.12
356,2017-09-12,29.27,30.42,29.05,29.38,45971,208548967.0,4.65,-0.31,-0.09,6.86
357,2017-09-13,29.03,29.43,28.37,28.7,35894,158613038.0,3.61,-2.31,-0.68,5.36
358,2017-09-14,28.91,30.03,28.63,29.48,50641,228976430.0,4.88,2.72,0.78,7.56
359,2017-09-15,29.48,30.27,28.4,29.95,53246,240820553.0,6.34,1.59,0.47,7.95
360,2017-09-18,30.4,32.34,30.4,32.03,76283,367809648.0,6.48,6.94,2.08,11.39
361,2017-09-19,31.77,32.73,30.84,31.46,73174,355480352.0,5.9,-1.78,-0.57,10.92
362,2017-09-20,31.59,34.38,31.14,33.49,86507,439550160.0,10.3,6.45,2.03,12.91
363,2017-09-21,33.57,34.83,32.49,33.11,86166,442952912.0,6.99,-1.13,-0.38,12.86
364,2017-09-22,32.22,33.0,31.38,31.85,54112,265648390.0,4.89,-3.81,-1.26,8.08
365,2017-09-25,32.33,33.28,31.43,31.67,42813,212450080.0,5.81,-0.57,-0.18,6.39
366,2017-09-26,31.17,31.62,30.13,31.33,38122,180578774.0,4.7,-1.07,-0.34,5.69
367,2017-09-27,31.43,32.9,31.01,32.76,59203,291045424.0,6.03,4.56,1.43,8.84
368,2017-09-28,32.34,33.33,31.95,31.97,51162,255600774.0,4.21,-2.41,-0.79,7.64
369,2017-09-29,31.82,32.28,31.23,31.84,31501,152562231.0,3.28,-0.41,-0.13,4.7
370,2017-10-09,32.43,33.15,31.84,32.03,41873,207812811.0,4.11,0.6,0.19,6.25
371,2017-10-10,31.97,31.97,31.27,31.87,31862,153909038.0,2.19,-0.5,-0.16,4.76
372,2017-10-11,31.89,32.63,31.23,31.23,34546,168697911.0,4.39,-2.01,-0.64,5.16
373,2017-10-23,31.63,33.24,31.23,31.91,41676,205638445.0,6.44,2.18,0.68,6.22
374,2017-10-24,31.83,31.83,28.81,29.77,50070,229498114.0,9.46,-6.71,-2.14,7.47
375,2017-10-25,29.18,30.36,29.17,29.57,20518,93607848.0,4.0,-0.67,-0.2,3.06
376,2017-10-26,29.37,30.43,29.37,30.11,23704,109417726.0,3.58,1.83,0.54,3.54
377,2017-10-27,29.82,30.32,29.64,29.91,15384,70468859.0,2.26,-0.66,-0.2,2.3
378,2017-10-30,29.83,30.12,28.63,29.93,30178,136551439.0,4.98,0.07,0.02,4.5
379,2017-10-31,30.01,30.58,29.66,30.55,21116,97387399.0,3.07,2.07,0.62,3.15
380,2017-11-01,31.03,33.63,31.03,32.9,71562,357954768.0,8.51,7.69,2.35,10.68
381,2017-11-02,32.34,33.3,31.96,32.92,50072,250377990.0,4.07,0.06,0.02,7.47
382,2017-11-03,32.7,36.27,32.34,36.27,106571,576423024.0,11.94,10.18,3.35,15.91
383,2017-11-06,37.45,39.3,36.67,37.5,126420,726299584.0,7.25,3.39,1.23,18.87
384,2017-11-07,37.9,39.3,37.44,38.95,112065,656705920.0,4.96,3.87,1.45,16.73
385,2017-11-08,37.9,40.01,37.57,38.7,100976,595198736.0,6.26,-0.64,-0.25,15.07
386,2017-11-09,37.9,41.63,37.43,41.47,117838,715846400.0,10.85,7.16,2.77,17.59
387,2017-11-10,40.41,42.6,39.99,40.7,93175,581034384.0,6.29,-1.86,-0.77,13.91
388,2017-11-13,41.33,42.33,39.96,42.01,75661,476699024.0,5.82,3.22,1.31,11.29
389,2017-11-14,42.33,46.03,41.63,43.03,115241,771333072.0,10.47,2.43,1.02,17.2
390,2017-11-15,42.03,43.03,39.37,41.33,101146,633806592.0,8.51,-3.95,-1.7,15.1
391,2017-11-16,41.57,41.61,38.57,39.69,79151,482127328.0,7.36,-3.97,-1.64,11.81
392,2017-11-17,39.63,40.63,37.37,37.8,72494,432823216.0,8.21,-4.76,-1.89,10.82
393,2017-11-20,37.37,40.35,37.37,40.23,63477,379986016.0,7.88,6.43,2.43,9.47
394,2017-11-21,40.17,41.57,38.69,39.56,55682,337081952.0,7.16,-1.67,-0.67,8.31
395,2017-11-22,40.43,43.58,40.43,43.58,119976,781217792.0,7.96,10.16,4.02,17.91
396,2017-11-23,43.58,44.37,41.77,42.09,102715,674592480.0,5.97,-3.42,-1.49,15.33
397,2017-11-24,42.27,43.77,38.45,38.45,90046,568085568.0,12.64,-8.65,-3.64,13.44
398,2017-11-27,37.5,37.8,34.54,34.54,72224,397772784.0,8.48,-10.17,-3.91,10.78
399,2017-11-28,34.5,37.39,34.49,36.77,54116,294706064.0,8.4,6.46,2.23,8.08
400,2017-11-29,36.43,37.09,34.49,35.83,52115,287434384.0,7.07,-2.56,-0.94,7.78
401,2017-11-30,36.51,38.42,36.03,37.03,58638,333265328.0,6.67,3.35,1.2,8.75
402,2017-12-01,37.63,38.94,37.15,37.82,56860,331222304.0,4.83,2.13,0.79,8.49
403,2017-12-04,38.03,38.22,35.37,36.12,44339,246462057.0,7.54,-4.49,-1.7,6.62
404,2017-12-05,36.37,37.75,35.03,36.13,47815,266321215.0,7.53,0.03,0.01,7.14
405,2017-12-06,35.74,38.14,35.69,38.14,58813,333736160.0,6.78,5.56,2.01,8.78
406,2017-12-07,38.16,38.95,37.4,38.03,52493,305016352.0,4.06,-0.29,-0.11,7.83
407,2017-12-08,37.63,39.85,37.47,38.81,58303,346400576.0,6.26,2.05,0.78,8.7
408,2017-12-11,38.44,39.89,38.11,39.54,44128,263051169.0,4.59,1.88,0.73,6.59
409,2017-12-12,39.57,40.56,38.95,39.61,46739,283426720.0,4.07,0.18,0.07,6.98
410,2017-12-13,39.37,40.03,38.7,39.7,34133,204676349.0,3.36,0.23,0.09,5.09
411,2017-12-14,39.43,41.17,39.43,40.71,51929,319695088.0,4.38,2.54,1.01,7.75
412,2017-12-15,40.5,41.5,38.18,39.09,51845,316738800.0,8.16,-3.98,-1.62,7.74
413,2017-12-18,38.97,38.97,35.31,35.47,52814,293425024.0,9.36,-9.26,-3.62,7.88
414,2017-12-19,35.67,36.43,35.4,35.89,28337,155124786.0,2.9,1.18,0.42,4.23
415,2017-12-20,35.9,36.08,34.03,35.19,32907,175860814.0,5.71,-1.95,-0.7,4.91
416,2017-12-21,34.73,35.95,34.31,35.49,28273,152505503.0,4.66,0.85,0.3,4.22
417,2017-12-22,35.29,36.16,34.97,35.51,22850,124343122.0,3.35,0.06,0.02,3.41
418,2017-12-25,35.24,35.73,32.82,33.27,35002,182099819.0,8.19,-6.31,-2.24,5.22
419,2017-12-26,33.7,35.07,32.68,34.56,36976,191621564.0,7.18,3.88,1.29,5.52
420,2017-12-27,34.57,35.02,33.69,33.79,25085,131540000.0,3.85,-2.23,-0.77,3.74
421,2017-12-28,33.47,34.47,33.23,33.7,20313,104926776.0,3.67,-0.27,-0.09,3.03
422,2017-12-29,33.75,35.56,33.67,35.31,39925,213573774.0,5.61,4.78,1.61,5.96
423,2018-01-02,35.37,35.93,34.47,35.23,27462,146065778.0,4.13,-0.23,-0.08,4.1
424,2018-01-03,35.23,35.61,34.63,35.43,28834,154877319.0,2.78,0.57,0.2,4.3
425,2018-01-04,34.81,36.55,34.81,35.87,35613,195576910.0,4.91,1.24,0.44,5.32
426,2018-01-05,35.23,35.73,34.72,35.39,29961,160743903.0,2.82,-1.34,-0.48,4.47
427,2018-01-08,34.72,35.34,33.87,34.16,26338,137882483.0,4.15,-3.48,-1.23,3.93
428,2018-01-09,34.18,34.77,33.92,34.4,16788,88279409.0,2.49,0.7,0.24,2.51
429,2018-01-10,34.57,34.63,33.03,33.57,27414,140741293.0,4.65,-2.41,-0.83,4.09
430,2018-01-11,33.83,35.3,33.03,34.55,34603,182193143.0,6.76,2.92,0.98,5.16
431,2018-01-12,34.25,34.55,33.4,33.4,22374,115433064.0,3.33,-3.33,-1.15,3.34
432,2018-01-15,33.13,33.89,31.04,31.61,32264,159191512.0,8.53,-5.36,-1.79,4.82
433,2018-01-16,31.29,32.25,31.22,31.59,15215,73750039.0,3.26,-0.06,-0.02,2.27
434,2018-01-17,31.36,33.03,30.07,32.31,33628,162752444.0,9.37,2.28,0.72,5.02
435,2018-01-18,31.9,32.32,31.29,31.71,15573,75653192.0,3.19,-1.86,-0.6,2.32
436,2018-01-19,32.9,34.03,31.9,32.01,38690,195261704.0,6.72,0.95,0.3,5.77
437,2018-01-22,31.5,34.43,31.5,33.98,49574,252210469.0,9.15,6.15,1.97,7.4
438,2018-01-23,33.9,34.13,33.37,33.6,27093,139450039.0,2.24,-1.12,-0.38,4.04
439,2018-01-24,33.31,36.29,33.31,35.77,52417,280504016.0,8.87,6.46,2.17,7.82
440,2018-01-25,35.63,36.37,35.11,35.16,38530,210265803.0,3.52,-1.71,-0.61,5.75
441,2018-01-26,35.21,35.89,34.7,35.13,23177,124345075.0,3.38,-0.09,-0.03,3.46
442,2018-01-29,35.42,35.8,32.39,32.79,40412,208326584.0,9.71,-6.66,-2.34,6.03
443,2018-01-30,32.27,33.08,32.03,32.37,23166,115280895.0,3.2,-1.28,-0.42,3.46
444,2018-01-31,32.03,32.03,30.5,31.02,24248,115668937.0,4.73,-4.17,-1.35,3.62
445,2018-02-01,30.95,31.7,30.18,30.57,20348,96488222.0,4.9,-1.45,-0.45,3.04
446,2018-02-02,30.55,32.33,29.49,31.31,22217,106439378.0,9.29,2.42,0.74,3.32
447,2018-02-05,30.77,32.14,30.54,31.43,16612,80101749.0,5.11,0.38,0.12,2.48
448,2018-02-06,30.77,30.83,28.23,28.23,31335,142011609.0,8.27,-10.18,-3.2,4.68
449,2018-02-07,28.7,29.01,25.42,27.39,45049,185925237.0,12.72,-2.98,-0.84,6.72
450,2018-02-08,27.3,28.41,26.77,27.5,23337,99066607.0,5.99,0.4,0.11,3.48
451,2018-02-09,26.33,27.86,26.03,26.48,25229,104319711.0,6.65,-3.71,-1.02,3.77
452,2018-02-12,26.73,27.51,26.73,27.31,22669,94637549.0,2.95,3.13,0.83,3.38
453,2018-02-13,27.76,27.76,26.73,26.77,18445,77168180.0,3.77,-1.98,-0.54,2.75
454,2018-02-14,26.93,27.09,26.42,26.49,10667,43632865.0,2.5,-1.05,-0.28,1.59
455,2018-02-22,26.76,27.98,26.53,27.57,18949,79858569.0,5.47,4.08,1.08,2.83
456,2018-02-23,27.94,27.94,27.17,27.81,17640,74544224.0,2.79,0.87,0.24,2.63
457,2018-02-26,28.1,30.65,27.97,30.65,44037,199545096.0,9.64,10.21,2.84,6.57
458,2018-02-27,31.23,31.7,30.52,30.77,45050,214931171.0,3.85,0.39,0.12,6.72
459,2018-02-28,30.33,32.07,29.9,30.96,40847,195287512.0,7.05,0.62,0.19,6.1
460,2018-03-01,30.63,32.54,30.3,32.29,41090,199745998.0,7.24,4.3,1.33,6.13
461,2018-03-02,32.03,33.09,31.51,31.8,41286,203601914.0,4.89,-1.52,-0.49,6.16
462,2018-03-05,31.85,33.14,31.62,33.03,47881,238244475.0,4.78,3.87,1.23,7.15
463,2018-03-06,32.83,35.76,32.7,34.2,70488,369805152.0,9.26,3.54,1.17,10.52
464,2018-03-07,33.85,35.03,33.64,34.25,36681,192513710.0,4.06,0.15,0.05,5.47
465,2018-03-08,34.03,34.61,33.5,33.64,28653,148734737.0,3.24,-1.78,-0.61,4.28
466,2018-03-09,33.7,35.27,33.57,35.03,41643,221256507.0,5.05,4.13,1.39,6.22
467,2018-03-12,35.7,37.02,35.37,36.29,55120,303833936.0,4.71,3.6,1.26,8.23
468,2018-03-13,36.11,36.95,35.1,35.73,44727,246308201.0,5.1,-1.54,-0.56,6.68
469,2018-03-14,35.93,36.27,34.77,34.79,37402,204376440.0,4.2,-2.63,-0.94,5.58
470,2018-03-15,34.65,35.69,34.09,35.55,41660,223197508.0,4.6,2.18,0.76,6.22
471,2018-03-16,35.83,35.83,33.27,33.41,41255,215578864.0,7.2,-6.02,-2.14,6.16
472,2018-03-19,33.55,35.78,33.47,34.74,46114,243757353.0,6.91,3.98,1.33,6.88
473,2018-03-20,35.36,36.13,34.8,35.12,45204,244180878.0,3.83,1.09,0.38,6.75
474,2018-03-21,35.74,36.63,35.04,35.04,55942,306242912.0,4.53,-0.23,-0.08,8.35
475,2018-03-22,36.21,36.47,35.03,35.36,48471,264178707.0,4.11,0.91,0.32,7.23
476,2018-03-23,33.76,36.99,33.54,34.95,82471,445906128.0,9.76,-1.16,-0.41,12.31
477,2018-03-26,34.93,38.5,34.92,38.5,108777,622124944.0,10.24,10.16,3.55,16.24
478,2018-03-27,39.54,39.87,38.13,39.33,110226,655625456.0,4.52,2.16,0.83,16.45
479,2018-03-28,38.59,39.0,37.6,37.73,68206,397812560.0,3.56,-4.07,-1.6,10.18
480,2018-03-29,38.02,38.93,37.01,37.9,48501,280350000.0,5.09,0.45,0.17,7.24
481,2018-03-30,38.01,39.73,38.01,39.67,68623,406993952.0,4.54,4.67,1.77,10.24
482,2018-04-02,40.79,40.79,38.71,39.27,74319,446796256.0,5.24,-1.01,-0.4,11.09
483,2018-04-03,37.92,38.61,37.31,38.01,37242,215312414.0,3.31,-3.21,-1.26,5.56
484,2018-04-04,38.17,39.79,38.05,38.26,43946,259894420.0,4.58,0.66,0.25,6.56
485,2018-04-09,37.81,38.5,36.47,38.03,40620,232041851.0,5.31,-0.6,-0.23,6.06
486,2018-04-10,37.6,38.11,36.0,36.55,36982,207334463.0,5.55,-3.89,-1.48,5.52
487,2018-04-11,36.77,37.47,36.43,36.77,24402,137205414.0,2.85,0.6,0.22,3.64
488,2018-04-12,36.77,37.4,35.93,36.19,23845,133375978.0,4.0,-1.58,-0.58,3.56
489,2018-04-13,36.73,37.67,36.39,37.63,39660,223846132.0,3.54,3.98,1.44,5.92
490,2018-04-16,37.62,38.75,37.33,38.64,43302,250831465.0,3.77,2.68,1.01,6.46
491,2018-04-17,39.13,39.77,36.8,37.47,48276,283694512.0,7.69,-3.03,-1.17,7.21
492,2018-04-18,38.13,41.27,37.63,40.32,109165,655549856.0,9.71,7.61,2.85,16.29
493,2018-04-19,40.0,40.91,39.3,39.46,74816,454804032.0,3.99,-2.13,-0.86,11.17
494,2018-04-20,39.59,41.13,39.52,40.34,74942,460618320.0,4.08,2.23,0.88,11.19
495,2018-04-23,40.53,40.53,37.24,38.81,53690,317331536.0,8.16,-3.79,-1.53,8.01
496,2018-04-24,38.39,39.6,37.33,39.54,44073,260085202.0,5.85,1.88,0.73,6.58
497,2018-04-25,38.8,39.65,38.47,38.48,37401,221506660.0,2.98,-2.68,-1.06,5.58
498,2018-04-26,38.2,39.75,38.19,38.43,35469,210925772.0,4.05,-0.13,-0.05,5.29
499,2018-04-27,38.63,39.12,35.53,36.48,44305,248232984.0,9.34,-5.07,-1.95,6.61
500,2018-05-02,36.73,36.73,34.47,34.93,36867,197350209.0,6.2,-4.25,-1.55,5.5
501,2018-05-03,34.93,35.26,32.97,35.22,35428,184974778.0,6.56,0.83,0.29,5.29
502,2018-05-04,34.75,36.37,34.46,35.54,30426,165215534.0,5.42,0.91,0.32,4.54
503,2018-05-07,35.33,36.03,35.23,35.85,23078,125593506.0,2.25,0.87,0.31,3.44
504,2018-05-08,36.13,36.31,35.31,35.53,24488,133332779.0,2.79,-0.89,-0.32,3.65
505,2018-05-09,35.55,36.26,35.33,35.77,21560,117763725.0,2.62,0.68,0.24,3.22
506,2018-05-10,35.76,35.76,34.13,34.26,35902,189021068.0,4.56,-4.22,-1.51,5.36
507,2018-05-11,34.27,34.65,33.56,34.12,18647,97039075.0,3.18,-0.41,-0.14,2.78
508,2018-05-14,33.69,34.57,32.8,33.13,34143,174168457.0,5.19,-2.9,-0.99,5.1
509,2018-05-15,33.13,33.8,32.27,33.8,34689,174471033.0,4.62,2.02,0.67,5.18
510,2018-05-16,33.47,34.03,32.99,33.21,25825,131794492.0,3.08,-1.75,-0.59,3.85
511,2018-05-17,32.92,33.72,32.92,33.29,15407,78316801.0,2.41,0.24,0.08,2.3
512,2018-05-18,33.3,33.59,32.33,32.83,19302,96525559.0,3.78,-1.38,-0.46,2.88
513,2018-05-21,33.13,34.11,33.08,34.07,32195,165596886.0,3.14,3.78,1.24,4.81
514,2018-05-22,34.03,34.39,33.81,34.31,23323,121169368.0,1.7,0.7,0.24,3.48
515,2018-05-23,34.19,35.24,33.87,34.27,39442,208208517.0,3.99,-0.12,-0.04,5.89
516,2018-05-24,34.15,34.51,33.47,33.53,19427,100417672.0,3.03,-2.16,-0.74,2.9
517,2018-05-25,33.57,33.72,31.85,32.06,35022,172997488.0,5.58,-4.38,-1.47,5.23
518,2018-05-28,32.13,32.22,31.2,31.24,24656,118751470.0,3.18,-2.56,-0.82,3.68
519,2018-05-29,31.57,32.27,31.43,31.6,19944,96697213.0,2.69,1.15,0.36,2.98
520,2018-05-30,31.47,32.27,30.81,31.55,24856,120482157.0,4.62,-0.16,-0.05,3.71
521,2018-05-31,32.3,32.3,30.89,31.63,20598,99221373.0,4.47,0.25,0.08,3.07
522,2018-06-01,31.49,31.93,30.93,31.21,16493,79238466.0,3.16,-1.33,-0.42,2.46
523,2018-06-04,31.33,32.11,31.33,31.64,18060,87540524.0,2.5,1.38,0.43,2.7
524,2018-06-05,32.06,32.76,31.75,32.71,24242,119372032.0,3.19,3.38,1.07,3.62
525,2018-06-06,32.73,32.93,32.12,32.27,19971,98836914.0,2.48,-1.35,-0.44,2.98
526,2018-06-07,32.47,32.66,31.45,31.47,14193,69218034.0,3.75,-2.48,-0.8,2.12
527,2018-06-08,31.18,31.33,30.25,30.51,27342,127875785.0,3.43,-3.05,-0.96,4.08
528,2018-06-11,30.47,30.47,29.48,29.49,20348,92582492.0,3.24,-3.34,-1.02,3.04
529,2018-06-12,29.8,29.85,28.53,29.64,17777,79677331.0,4.48,0.51,0.15,2.65
530,2018-06-13,29.67,30.53,29.33,29.84,19592,90110603.0,4.05,0.67,0.2,2.92
531,2018-06-14,29.8,30.33,29.33,29.98,15279,69900989.0,3.35,0.47,0.14,2.28
532,2018-06-15,29.98,30.32,29.2,30.03,17088,77921815.0,3.74,0.17,0.05,2.55
533,2018-06-19,29.6,30.99,27.49,28.53,31579,142586594.0,11.66,-5.0,-1.5,4.71
534,2018-06-20,28.4,29.47,27.81,29.07,23931,105086354.0,5.82,1.89,0.54,3.57
535,2018-06-21,29.12,29.3,27.53,27.56,25141,108729130.0,6.09,-5.19,-1.51,3.75
536,2018-06-22,27.02,28.0,26.8,27.63,15713,66251311.0,4.35,0.25,0.07,2.35
537,2018-06-25,28.07,28.25,27.53,27.6,12017,51166497.0,2.61,-0.11,-0.03,1.79
538,2018-06-26,26.81,29.0,26.8,28.6,21991,94781241.0,7.97,3.62,1.0,3.28
539,2018-06-27,28.81,29.39,28.56,28.9,19866,88057986.0,2.9,1.05,0.3,2.97
540,2018-06-28,28.54,29.63,28.54,28.55,15158,67505821.0,3.77,-1.21,-0.35,2.26
541,2018-06-29,28.6,30.57,28.6,30.45,32536,148341222.0,6.9,6.65,1.9,4.86
542,2018-07-02,30.2,30.45,29.4,29.84,26497,121641734.0,3.45,-2.0,-0.61,3.95
543,2018-07-03,30.05,32.79,29.7,32.09,45975,219617888.0,10.36,7.54,2.25,6.86
544,2018-07-04,31.63,32.6,31.2,31.73,39993,194503272.0,4.36,-1.12,-0.36,5.97
545,2018-07-05,31.33,32.12,30.68,31.13,24599,117828133.0,4.54,-1.89,-0.6,3.67
546,2018-07-06,31.47,32.63,31.4,31.67,34896,170488192.0,3.95,1.73,0.54,5.21
547,2018-07-09,31.58,32.24,31.58,32.12,24791,120819183.0,2.08,1.42,0.45,3.7
548,2018-07-10,32.16,32.16,31.01,31.47,24916,119335691.0,3.58,-2.02,-0.65,3.72
549,2018-07-11,30.81,31.09,29.87,30.7,23322,109009068.0,3.88,-2.45,-0.77,3.48
550,2018-07-12,30.55,32.64,30.55,32.0,34160,166658137.0,6.81,4.23,1.3,5.1
551,2018-07-13,32.13,32.57,31.93,32.2,22820,112157031.0,2.0,0.63,0.2,3.41
552,2018-07-16,32.2,34.13,32.2,34.12,43702,222454086.0,5.99,5.96,1.92,6.52
553,2018-07-17,33.93,34.38,33.14,34.0,24124,123712324.0,3.63,-0.35,-0.12,3.6
554,2018-07-18,34.05,34.53,32.27,32.31,39128,198271040.0,6.65,-4.97,-1.69,5.84
555,2018-07-19,31.87,32.23,31.01,31.3,28823,139014758.0,3.78,-3.13,-1.01,4.3
556,2018-07-20,31.31,32.64,31.29,32.29,27078,132565355.0,4.31,3.16,0.99,4.04
557,2018-07-23,33.05,35.13,32.6,34.1,49790,258428432.0,7.84,5.61,1.81,7.43
558,2018-07-24,34.33,34.73,33.78,34.15,33725,175985013.0,2.79,0.15,0.05,5.03
559,2018-07-25,34.39,35.4,34.0,34.11,32210,170232015.0,4.1,-0.12,-0.04,4.81
560,2018-07-26,34.31,34.32,32.67,32.71,32795,165862989.0,4.84,-4.1,-1.4,4.89
561,2018-07-27,32.92,33.03,32.06,32.46,22504,111353161.0,2.97,-0.76,-0.25,3.36
562,2018-07-30,32.45,32.69,31.23,31.54,20096,97513941.0,4.5,-2.83,-0.92,3.0
563,2018-07-31,31.66,31.87,31.05,31.53,16535,79048531.0,2.6,-0.03,-0.01,2.47
564,2018-08-01,31.2,32.25,31.18,31.67,17948,86989630.0,3.39,0.44,0.14,2.68
565,2018-08-02,31.47,31.47,29.94,30.97,21019,98002229.0,4.83,-2.21,-0.7,3.14
566,2018-08-03,30.63,30.96,28.67,28.73,19543,89020190.0,7.39,-7.23,-2.24,2.87
567,2018-08-06,28.53,29.55,28.49,28.95,13532,60020573.0,3.69,0.77,0.22,1.99
568,2018-08-07,29.23,29.79,28.95,29.76,12624,56828360.0,2.9,2.8,0.81,1.86
569,2018-08-08,29.8,29.8,28.41,28.47,12246,54588635.0,4.67,-4.33,-1.29,1.8
570,2018-08-09,28.43,30.4,28.01,30.15,23392,106570249.0,8.39,5.9,1.68,3.44
571,2018-08-10,30.18,31.0,29.93,30.9,21230,99154182.0,3.55,2.49,0.75,3.12
572,2018-08-13,30.27,31.44,30.14,30.91,21325,100283549.0,4.21,0.03,0.01,3.14
573,2018-08-14,30.8,31.06,30.12,30.33,13320,61858237.0,3.04,-1.88,-0.58,1.96
574,2018-08-15,30.6,30.6,29.34,29.64,13679,62573008.0,4.15,-2.27,-0.69,2.01
575,2018-08-16,28.99,30.29,28.38,28.52,25211,112181398.0,6.44,-3.78,-1.12,3.71
576,2018-08-17,29.13,29.57,28.62,28.8,23097,102876511.0,3.33,0.98,0.28,3.4
577,2018-08-20,28.2,29.47,28.2,29.32,14528,64020774.0,4.41,1.81,0.52,2.14
578,2018-08-21,29.31,29.6,28.82,29.47,11973,53608108.0,2.66,0.51,0.15,1.76
579,2018-08-22,29.32,29.71,29.13,29.23,8605,38555861.0,1.97,-0.81,-0.24,1.27
580,2018-08-23,29.43,30.25,29.23,30.07,19680,89968676.0,3.49,2.87,0.84,2.89
581,2018-08-24,30.05,30.29,29.49,30.07,12891,58892552.0,2.66,0.0,0.0,1.9
582,2018-08-27,30.06,31.33,30.06,31.19,24151,113935763.0,4.22,3.72,1.12,3.55
583,2018-08-28,31.09,31.33,30.81,31.0,13818,65349429.0,1.67,-0.61,-0.19,2.03
584,2018-08-29,31.03,31.32,30.73,30.85,10172,48069906.0,1.9,-0.48,-0.15,1.5
585,2018-08-30,30.69,31.09,30.13,30.13,10781,50195100.0,3.11,-2.33,-0.72,1.59
586,2018-08-31,30.17,30.65,30.0,30.04,11596,53605515.0,2.16,-0.3,-0.09,1.71
587,2018-09-03,30.8,32.43,30.8,32.22,47314,228153134.0,5.43,7.26,2.18,6.96
588,2018-09-04,32.13,34.06,32.12,33.67,61090,309489552.0,6.02,4.5,1.45,8.99
589,2018-09-05,33.5,33.84,32.8,32.85,38296,194125925.0,3.09,-2.44,-0.82,5.63
590,2018-09-06,33.02,34.17,32.87,33.21,36161,185210394.0,3.96,1.1,0.36,5.32
591,2018-09-07,33.47,33.77,30.8,31.95,39987,198641847.0,8.94,-3.79,-1.26,5.88
592,2018-09-10,32.79,33.36,31.25,31.55,27939,137891933.0,6.6,-1.25,-0.4,4.11
593,2018-09-11,32.17,33.29,31.94,32.87,30895,153976784.0,4.28,4.18,1.32,4.54
594,2018-09-12,33.13,33.73,32.47,33.11,28429,144016808.0,3.83,0.73,0.24,4.18
595,2018-09-13,33.47,33.8,31.97,33.0,29274,146071275.0,5.53,-0.33,-0.11,4.31
596,2018-09-14,32.73,32.77,29.65,29.65,49677,234837306.0,9.45,-10.15,-3.35,7.31
597,2018-09-17,28.92,28.94,27.39,27.43,36545,155576517.0,5.23,-7.49,-2.22,5.38
598,2018-09-18,27.14,27.97,26.83,27.91,22816,96193851.0,4.16,1.75,0.48,3.36
599,2018-09-19,27.82,29.2,27.25,29.0,35229,153676743.0,6.99,3.91,1.09,5.18
600,2018-09-20,28.85,29.13,28.47,28.59,13366,58661778.0,2.28,-1.41,-0.41,1.97
601,2018-09-21,28.53,28.91,27.89,28.53,19723,85401438.0,3.57,-0.21,-0.06,2.9
602,2018-09-25,28.42,28.92,28.15,28.44,13628,59531852.0,2.7,-0.32,-0.09,2.0
603,2018-09-26,28.22,28.53,27.27,27.97,33691,142527373.0,4.43,-1.65,-0.47,4.96
604,2018-09-27,28.13,28.25,27.33,27.4,17502,74043065.0,3.29,-2.04,-0.57,2.57
605,2018-09-28,27.41,27.65,27.22,27.55,12014,50373879.0,1.57,0.55,0.15,1.77
606,2018-10-08,27.02,27.11,24.75,24.88,27735,109095522.0,8.57,-9.69,-2.67,4.08
607,2018-10-09,24.93,25.6,24.93,25.23,13580,52549010.0,2.69,1.41,0.35,2.0
608,2018-10-10,25.27,25.79,24.89,25.52,12511,48776693.0,3.57,1.15,0.29,1.84
609,2018-10-11,23.8,24.93,23.05,23.35,20856,77026382.0,7.37,-8.5,-2.17,3.07
610,2018-10-12,23.52,24.53,23.14,24.3,20828,76430917.0,5.95,4.07,0.95,3.06
611,2018-10-15,24.17,25.0,24.11,24.14,13150,49466804.0,3.66,-0.66,-0.16,1.93
612,2018-10-16,24.67,25.11,23.37,23.49,21330,79448129.0,7.21,-2.69,-0.65,3.14
613,2018-10-17,24.11,24.51,23.27,24.35,22281,82080901.0,5.28,3.66,0.86,3.28
614,2018-10-18,24.03,24.62,23.68,23.9,16753,61898980.0,3.86,-1.85,-0.45,2.46
615,2018-10-19,23.45,24.62,23.13,24.53,20040,74471782.0,6.23,2.64,0.63,2.95
616,2018-10-22,24.79,26.05,24.57,25.69,30599,119289709.0,6.03,4.73,1.16,4.5
617,2018-10-23,25.66,26.54,25.24,25.27,21564,84986075.0,5.06,-1.63,-0.42,3.17
618,2018-10-24,25.07,25.39,24.91,25.21,10987,42296541.0,1.9,-0.24,-0.06,1.62
619,2018-10-25,24.13,24.41,23.48,24.33,18659,68585317.0,3.69,-3.49,-0.88,2.74
620,2018-10-26,24.71,24.79,24.17,24.33,9647,36255629.0,2.55,0.0,0.0,1.42
621,2018-10-29,24.13,24.53,23.93,24.29,8749,32539573.0,2.47,-0.16,-0.04,1.29
622,2018-10-30,24.29,24.47,23.24,24.02,17402,63769154.0,5.06,-1.11,-0.27,2.56
623,2018-10-31,24.27,25.02,24.08,24.73,15582,58770781.0,3.91,2.96,0.71,2.29
624,2018-11-01,25.56,26.25,25.5,25.55,27124,107201113.0,3.03,3.32,0.82,3.99
625,2018-11-02,25.67,26.72,25.65,26.09,39380,157126307.0,4.19,2.11,0.54,5.79
626,2018-11-05,26.0,26.27,25.34,25.63,19282,75970983.0,3.56,-1.76,-0.46,2.84
627,2018-11-06,25.47,25.64,24.81,25.13,14849,57049507.0,3.24,-1.95,-0.5,2.18
628,2018-11-07,25.13,25.55,24.87,25.08,17734,68591938.0,2.71,-0.2,-0.05,2.61
629,2018-11-08,25.27,25.41,24.47,24.57,15860,60174107.0,3.75,-2.03,-0.51,2.33
630,2018-11-09,24.52,24.77,24.19,24.28,10022,37610468.0,2.36,-1.18,-0.29,1.47
631,2018-11-12,24.3,25.03,24.07,24.99,17339,65322583.0,3.95,2.92,0.71,2.55
632,2018-11-13,24.6,25.12,24.31,25.07,23132,87758894.0,3.24,0.32,0.08,3.4
633,2018-11-14,25.17,25.65,24.79,25.35,28219,108995588.0,3.43,1.12,0.28,4.15
634,2018-11-15,25.67,26.63,25.41,26.13,36849,147052521.0,4.81,3.08,0.78,5.42
635,2018-11-16,25.94,26.39,25.72,26.03,28979,115405329.0,2.56,-0.38,-0.1,4.26
636,2018-11-19,26.09,26.09,25.39,25.73,18971,74300374.0,2.69,-1.15,-0.3,2.79
637,2018-11-20,25.4,27.12,25.28,26.05,42345,171085097.0,7.15,1.24,0.32,6.23
638,2018-11-21,26.07,27.05,25.87,26.74,46404,188942901.0,4.53,2.65,0.69,6.83
639,2018-11-22,27.03,27.1,26.13,26.15,23488,94927563.0,3.63,-2.21,-0.59,3.45
640,2018-11-23,26.1,26.1,24.8,24.89,28800,110931207.0,4.97,-4.82,-1.26,4.24
641,2018-11-26,24.73,25.23,24.72,25.03,13153,50342914.0,2.05,0.56,0.14,1.93
642,2018-11-27,25.06,25.73,25.06,25.64,17658,69016100.0,2.68,2.44,0.61,2.6
643,2018-11-28,25.67,25.91,25.33,25.85,13170,51764361.0,2.26,0.82,0.21,1.94
644,2018-11-29,26.13,26.7,25.06,25.18,18654,74024259.0,6.34,-2.59,-0.67,2.74
645,2018-11-30,24.87,25.4,24.65,25.29,13447,51390659.0,2.98,0.44,0.11,1.98
646,2018-12-03,25.97,26.66,25.97,26.09,25311,101733642.0,2.73,3.16,0.8,3.72
647,2018-12-04,26.33,26.33,25.57,26.13,15846,62918717.0,2.91,0.15,0.04,2.33
648,2018-12-05,25.77,25.97,25.36,25.81,13215,52017239.0,2.33,-1.22,-0.32,1.94
649,2018-12-06,25.75,25.75,25.05,25.21,14614,56614243.0,2.71,-2.32,-0.6,2.15
650,2018-12-07,25.21,25.68,25.21,25.35,7815,30417376.0,1.86,0.56,0.14,1.15
651,2018-12-10,25.0,25.57,25.0,25.36,7804,30286900.0,2.25,0.04,0.01,1.15
652,2018-12-11,25.47,25.59,25.21,25.45,6834,26581332.0,1.5,0.35,0.09,1.01
653,2018-12-12,25.51,25.67,25.14,25.27,6371,24725392.0,2.08,-0.71,-0.18,0.94
654,2018-12-13,25.27,25.45,25.01,25.21,9802,37970849.0,1.74,-0.24,-0.06,1.44
655,2018-12-14,25.2,25.27,24.41,24.45,13269,50535886.0,3.41,-3.01,-0.76,1.95
656,2018-12-17,24.52,24.66,24.11,24.31,9809,36476523.0,2.25,-0.57,-0.14,1.44
657,2018-12-18,24.13,24.56,23.95,24.26,9600,35613820.0,2.51,-0.21,-0.05,1.41
658,2018-12-19,24.26,24.43,23.71,23.75,7730,28379431.0,2.97,-2.1,-0.51,1.14
659,2018-12-20,23.74,23.97,23.65,23.79,5538,20232241.0,1.35,0.17,0.04,0.81
660,2018-12-21,23.79,23.97,23.61,23.79,4910,17898609.0,1.51,0.0,0.0,0.72
661,2018-12-24,23.79,24.3,23.79,24.19,7516,27760190.0,2.14,1.68,0.4,1.11
662,2018-12-25,23.91,24.22,23.39,24.13,9228,33648160.0,3.43,-0.25,-0.06,1.36
663,2018-12-26,23.95,24.27,23.95,24.1,8481,31356178.0,1.33,-0.12,-0.03,1.25
664,2018-12-27,24.7,24.7,23.8,23.83,8063,29958955.0,3.73,-1.12,-0.27,1.19
665,2018-12-28,23.79,24.1,23.53,23.57,7839,28637717.0,2.39,-1.09,-0.26,1.15
666,2019-01-02,23.54,23.79,23.41,23.43,7621,27580423.0,1.61,-0.59,-0.14,1.12
667,2019-01-03,23.47,23.87,22.48,22.53,28213,100233376.0,5.93,-3.84,-0.9,4.15
668,2019-01-04,21.99,22.37,21.34,22.25,35335,118452419.0,4.57,-1.24,-0.28,5.2
669,2019-01-07,22.39,23.38,22.13,23.07,27066,94829226.0,5.62,3.69,0.82,3.98
670,2019-01-08,23.05,23.19,22.65,22.67,16049,56311085.0,2.34,-1.73,-0.4,2.36
671,2019-01-09,22.62,23.58,22.61,22.9,22996,81274978.0,4.28,1.01,0.23,3.38
672,2019-01-10,22.8,22.97,22.56,22.83,15206,53104873.0,1.79,-0.31,-0.07,2.24
673,2019-01-11,22.83,23.04,22.61,22.84,10714,37526891.0,1.88,0.04,0.01,1.58
674,2019-01-14,22.81,22.81,21.97,22.08,13348,45891604.0,3.68,-3.33,-0.76,1.96
675,2019-01-15,22.09,22.57,22.09,22.55,10832,37340230.0,2.17,2.13,0.47,1.59
676,2019-01-16,22.6,23.01,22.51,22.66,11715,40992328.0,2.22,0.49,0.11,1.72
677,2019-01-17,22.6,22.69,21.93,22.03,11371,38944219.0,3.35,-2.78,-0.63,1.67
678,2019-01-18,22.09,22.45,21.99,22.33,10277,35052656.0,2.09,1.36,0.3,1.51
679,2019-01-21,22.37,23.37,22.33,22.93,24216,85094061.0,4.66,2.69,0.6,3.56
680,2019-01-22,22.8,23.09,22.67,22.77,12398,43357826.0,1.83,-0.7,-0.16,1.82
681,2019-01-23,22.67,23.27,22.66,23.01,16186,57116423.0,2.68,1.05,0.24,2.38
682,2019-01-24,23.01,24.39,22.95,24.13,42181,154816461.0,6.26,4.87,1.12,6.2
683,2019-01-25,24.0,24.27,23.5,23.86,22886,83855049.0,3.19,-1.12,-0.27,3.37
684,2019-01-28,24.01,24.01,23.19,23.2,15751,56926990.0,3.44,-2.77,-0.66,2.32
685,2019-01-29,23.27,23.32,22.47,22.89,14433,50584483.0,3.66,-1.34,-0.31,2.12
686,2019-01-30,22.79,23.1,22.04,22.1,14701,50889364.0,4.63,-3.45,-0.79,2.16
687,2019-01-31,22.13,22.39,21.5,21.7,16707,56308132.0,4.03,-1.81,-0.4,2.46
688,2019-02-01,21.73,22.73,21.73,22.73,16671,57291552.0,4.61,4.75,1.03,2.45
689,2019-02-11,22.75,23.45,22.73,23.42,15043,53614373.0,3.17,3.04,0.69,2.21
690,2019-02-12,23.41,23.67,23.21,23.49,14024,50524930.0,1.96,0.3,0.07,2.06
691,2019-02-13,23.48,24.81,23.48,24.62,34548,128706612.0,5.66,4.81,1.13,5.08
692,2019-02-14,24.53,24.53,24.14,24.21,20535,76389573.0,1.58,-1.67,-0.41,3.02
693,2019-02-15,24.27,24.53,24.05,24.07,17437,64837410.0,1.98,-0.58,-0.14,2.56
694,2019-02-18,24.32,25.13,24.2,25.03,27347,104109229.0,3.86,3.99,0.96,4.02
695,2019-02-19,25.07,25.97,24.67,25.03,38697,149956821.0,5.19,0.0,0.0,5.69
696,2019-02-20,25.03,25.18,24.68,25.03,18915,72122394.0,2.0,0.0,0.0,2.78
697,2019-02-21,25.03,25.47,24.47,24.53,29158,111792216.0,4.0,-2.0,-0.5,4.29
698,2019-02-22,24.67,25.2,24.45,25.12,22833,86908425.0,3.06,2.41,0.59,3.36
699,2019-02-25,25.53,27.19,25.53,27.1,50614,204769124.0,6.61,7.88,1.98,7.44
700,2019-02-26,26.87,28.11,26.41,27.13,44877,186385891.0,6.27,0.11,0.03,6.6
701,2019-02-27,26.77,28.15,26.59,27.0,45463,191616916.0,5.75,-0.48,-0.13,6.69
702,2019-02-28,27.8,28.47,27.47,27.99,38263,162822102.0,3.7,3.67,0.99,5.63
703,2019-03-01,28.13,28.97,27.97,28.41,30276,131470440.0,3.57,1.5,0.42,4.45
704,2019-03-04,29.39,29.62,28.28,28.45,42973,190035981.0,4.72,0.14,0.04,6.32
705,2019-03-05,28.51,30.37,28.43,30.37,51709,232203268.0,6.82,6.75,1.92,7.61
706,2019-03-06,30.41,32.47,30.19,31.8,60288,289043168.0,7.51,4.71,1.43,8.87
707,2019-03-07,31.47,34.15,31.23,32.3,57335,288165216.0,9.18,1.57,0.5,8.43
708,2019-03-08,32.27,35.59,30.73,35.24,105229,554077968.0,15.05,9.1,2.94,15.48
709,2019-03-11,36.33,38.8,33.34,35.47,75427,410511072.0,15.49,0.65,0.23,11.09
710,2019-03-12,34.8,35.79,33.98,35.27,67982,360981712.0,5.1,-0.56,-0.2,10.0
711,2019-03-13,34.93,35.06,31.8,32.07,64046,327469360.0,9.24,-9.07,-3.2,9.42
712,2019-03-14,31.6,32.17,30.0,30.65,48875,230030641.0,6.77,-4.43,-1.42,7.19
713,2019-03-15,31.0,31.19,30.13,30.49,27172,127156642.0,3.46,-0.52,-0.16,4.0
714,2019-03-18,31.22,32.03,30.91,31.89,31267,150080852.0,3.67,4.59,1.4,4.6
715,2019-03-19,31.87,33.43,31.43,32.61,38930,193439521.0,6.27,2.26,0.72,5.73
716,2019-03-20,32.67,32.77,30.8,31.71,37833,183028181.0,6.04,-2.76,-0.9,5.56
717,2019-03-21,32.06,32.47,30.81,31.93,28838,140490569.0,5.23,0.69,0.22,4.24
718,2019-03-22,31.87,32.46,31.2,31.67,28764,139409868.0,3.95,-0.81,-0.26,4.23
719,2019-03-25,31.26,33.19,31.01,32.54,43425,214299136.0,6.88,2.75,0.87,6.39
720,2019-03-26,32.54,32.79,30.5,30.57,34777,166078239.0,7.04,-6.05,-1.97,5.12
721,2019-03-27,30.65,31.19,29.57,30.2,29607,136566383.0,5.3,-1.21,-0.37,4.35
722,2019-03-28,30.14,31.19,29.81,29.95,24687,114990904.0,4.57,-0.83,-0.25,3.63
723,2019-03-29,29.58,30.6,28.6,30.47,38969,176845184.0,6.68,1.74,0.52,5.73
724,2019-04-01,30.57,31.84,30.55,31.63,37397,178602724.0,4.23,3.81,1.16,3.81
725,2019-04-02,31.8,33.22,30.81,32.43,56768,279017344.0,7.62,2.53,0.8,5.78
726,2019-04-03,32.13,32.18,31.31,31.51,35214,169983948.0,2.68,-2.84,-0.92,3.59
727,2019-04-04,31.69,31.85,30.62,30.66,38870,183951619.0,3.9,-2.7,-0.85,3.96
728,2019-04-08,30.81,30.92,29.62,29.87,36751,169569059.0,4.24,-2.58,-0.79,3.74
729,2019-04-09,29.93,30.63,29.6,30.19,23480,108217041.0,3.45,1.07,0.32,2.39
730,2019-04-10,30.17,30.54,29.77,30.28,21293,98290305.0,2.55,0.3,0.09,2.17
731,2019-04-11,30.18,30.38,29.41,29.48,23331,106238914.0,3.2,-2.64,-0.8,1.65
732,2019-04-12,29.48,30.27,29.41,30.16,24701,113011391.0,2.92,2.31,0.68,1.74
733,2019-04-15,30.56,30.64,29.74,29.75,24555,113322397.0,2.98,-1.36,-0.41,1.73
734,2019-04-16,27.8,28.13,26.72,27.93,81737,338892560.0,4.74,-6.12,-1.82,5.77
735,2019-04-17,27.93,28.47,27.51,28.19,36624,156948455.0,3.44,0.93,0.26,2.58
736,2019-04-18,28.13,28.58,27.94,28.09,25520,110420644.0,2.27,-0.35,-0.1,1.8
737,2019-04-19,28.33,28.75,28.19,28.53,23040,100354546.0,1.99,1.57,0.44,1.63
738,2019-04-22,28.49,28.8,27.8,27.93,22078,95602908.0,3.51,-2.1,-0.6,1.56
739,2019-04-23,28.12,28.12,27.02,27.43,20114,84618376.0,3.94,-1.79,-0.5,1.42
740,2019-04-24,27.45,27.68,26.73,27.54,30435,126759216.0,3.46,0.4,0.11,2.15
741,2019-04-25,27.53,28.1,26.52,26.8,33257,138445431.0,5.74,-2.69,-0.74,2.35
742,2019-04-26,26.47,26.79,25.83,25.97,23842,96341185.0,3.58,-3.1,-0.83,1.68
743,2019-04-29,26.17,26.53,25.81,25.96,21475,86194413.0,2.77,-0.04,-0.01,1.52
744,2019-04-30,25.89,26.75,25.87,26.67,19441,78694587.0,3.39,2.73,0.71,1.37
745,2019-05-06,26.12,26.12,23.95,23.95,29370,111999083.0,8.14,-10.2,-2.72,2.07
746,2019-05-07,24.05,24.45,23.65,24.07,16453,60848726.0,3.34,0.5,0.12,1.16
747,2019-05-08,23.35,25.73,23.24,24.99,28059,107000908.0,10.34,3.82,0.92,1.98
748,2019-05-09,24.79,26.33,24.75,25.63,34462,136189215.0,6.32,2.56,0.64,2.43
749,2019-05-10,25.51,27.13,25.12,26.8,43630,175764273.0,7.84,4.56,1.17,3.08
750,2019-05-13,26.85,28.1,26.85,27.33,43534,182883875.0,4.66,1.98,0.53,3.07
751,2019-05-14,26.73,27.39,26.37,26.8,35409,145642124.0,3.73,-1.94,-0.53,2.5
752,2019-05-15,26.94,27.19,26.63,26.97,21980,89959388.0,2.09,0.63,0.17,1.55
753,2019-05-16,26.96,27.17,26.33,26.91,20931,85238121.0,3.11,-0.22,-0.06,1.48
754,2019-05-17,26.89,28.02,26.38,26.44,37378,156019727.0,6.09,-1.75,-0.47,2.64
755,2019-05-20,26.84,27.84,26.65,27.84,48704,204195247.0,4.5,5.3,1.4,3.44
756,2019-05-21,27.65,27.77,26.66,27.48,32163,133420243.0,3.99,-1.29,-0.36,2.27
757,2019-05-22,27.29,29.52,27.0,29.09,61725,266230797.0,9.17,5.86,1.61,4.36
758,2019-05-23,29.09,30.84,28.59,29.52,84580,384448336.0,7.73,1.48,0.43,5.97
759,2019-05-24,28.89,29.42,27.67,27.73,43718,189286852.0,5.93,-6.06,-1.79,3.08
760,2019-05-27,27.74,30.39,27.42,30.17,52768,235245937.0,10.71,8.8,2.44,3.72
761,2019-05-28,30.09,30.21,29.45,29.83,42842,194264252.0,2.52,-1.13,-0.34,3.02
762,2019-05-29,29.32,30.58,29.21,29.5,38882,176885713.0,4.59,-1.11,-0.33,2.74
763,2019-05-30,29.12,29.12,27.9,28.58,38851,168305834.0,4.14,-3.12,-0.92,2.74
764,2019-05-31,28.47,29.24,28.06,28.27,29123,126972023.0,4.13,-1.08,-0.31,2.05
765,2019-06-03,28.9,29.03,27.52,27.59,34478,146805054.0,5.34,-2.41,-0.68,2.43
766,2019-06-04,27.62,28.17,26.72,27.0,29251,122318523.0,5.26,-2.14,-0.59,2.06
767,2019-06-05,27.37,27.65,26.83,27.04,22330,92591986.0,3.04,0.15,0.04,1.58
768,2019-06-06,26.94,27.03,25.95,26.02,21888,87791952.0,3.99,-3.77,-1.02,1.54
769,2019-06-10,25.97,27.32,25.89,26.06,26958,107954602.0,5.5,0.15,0.04,1.9
770,2019-06-11,25.94,26.63,25.27,26.57,42687,170015188.0,5.22,1.96,0.51,3.01
771,2019-06-12,26.44,26.91,26.16,26.35,29469,118546012.0,2.82,-0.83,-0.22,2.08
772,2019-06-13,26.18,26.47,25.83,26.03,18384,73081096.0,2.43,-1.21,-0.32,1.38
773,2019-06-14,26.17,26.19,25.04,25.07,28948,112706974.0,4.42,-3.69,-0.96,2.17
774,2019-06-17,24.91,25.38,24.84,25.13,15088,57867332.0,2.15,0.24,0.06,1.13
775,2019-06-18,25.11,25.44,24.93,25.19,13240,50887224.0,2.03,0.24,0.06,0.99
776,2019-06-19,25.79,26.06,25.41,25.66,27899,109447343.0,2.58,1.87,0.47,2.09
777,2019-06-20,25.49,26.05,25.31,25.92,22421,88072184.0,2.88,1.01,0.26,1.68
778,2019-06-21,26.25,26.76,26.2,26.73,29978,121137221.0,2.16,3.13,0.81,2.24
779,2019-06-24,27.11,27.11,26.19,26.33,20688,83565620.0,3.44,-1.5,-0.4,1.55
780,2019-06-25,26.39,26.49,25.42,25.76,15715,61741011.0,4.06,-2.16,-0.57,1.18
781,2019-06-26,25.45,26.17,25.45,26.03,12311,48743971.0,2.8,1.05,0.27,0.92
782,2019-06-27,26.09,26.65,26.09,26.55,20186,81507334.0,2.15,2.0,0.52,1.51
783,2019-06-28,26.45,26.75,25.63,25.89,15522,61608443.0,4.22,-2.49,-0.66,1.16
784,2019-07-01,26.53,26.8,26.13,26.74,26990,109217978.0,2.59,3.28,0.85,2.02
785,2019-07-02,26.71,26.91,26.19,26.29,20463,82573511.0,2.69,-1.68,-0.45,1.53
786,2019-07-03,26.25,26.25,25.69,26.11,15403,60915959.0,2.13,-0.68,-0.18,1.15
787,2019-07-04,26.09,26.25,25.65,25.81,15745,62103211.0,2.3,-1.15,-0.3,1.18
788,2019-07-05,25.89,26.45,25.69,26.27,18986,75522229.0,2.94,1.78,0.46,1.42
789,2019-07-08,26.35,26.38,24.95,25.11,20830,80979124.0,5.44,-4.42,-1.16,1.56
790,2019-07-09,25.14,25.39,24.82,25.28,11191,42865610.0,2.27,0.68,0.17,0.84
791,2019-07-10,25.28,25.95,25.09,25.44,14217,55395290.0,3.4,0.63,0.16,1.06
792,2019-07-11,25.44,25.84,24.97,25.14,11985,46386005.0,3.42,-1.18,-0.3,0.9
793,2019-07-12,25.07,25.29,24.79,25.04,10667,40712606.0,1.99,-0.4,-0.1,0.8
794,2019-07-15,25.05,26.22,24.79,26.12,25066,97908918.0,5.71,4.31,1.08,1.88
795,2019-07-16,25.93,26.61,25.89,26.27,22647,90700390.0,2.76,0.57,0.15,1.7
796,2019-07-17,26.29,27.37,26.19,26.93,40006,163988972.0,4.49,2.51,0.66,3.0
797,2019-07-18,26.72,26.79,26.19,26.24,22788,91681093.0,2.23,-2.56,-0.69,1.71
798,2019-07-19,26.32,26.91,26.13,26.79,27351,110712480.0,2.97,2.1,0.55,2.05
799,2019-07-22,26.89,26.89,24.99,25.13,35917,139708502.0,7.09,-6.2,-1.66,2.69
800,2019-07-23,25.13,25.72,25.05,25.57,16463,63736748.0,2.67,1.75,0.44,1.23
801,2019-07-24,25.84,27.32,25.73,27.12,59858,245004335.0,6.22,6.06,1.55,4.48
802,2019-07-25,27.23,27.84,26.81,27.65,60188,251244463.0,3.8,1.95,0.53,4.51
803,2019-07-26,27.79,27.84,27.17,27.41,33459,140142198.0,2.42,-0.87,-0.24,2.51
804,2019-07-29,27.59,27.97,27.32,27.63,34604,145542883.0,2.37,0.8,0.22,2.59
805,2019-07-30,27.38,27.64,26.77,26.95,34889,144455479.0,3.15,-2.46,-0.68,2.61
806,2019-07-31,27.01,27.67,26.93,27.11,26270,108900966.0,2.75,0.59,0.16,1.97
807,2019-08-01,26.91,26.91,26.26,26.64,29723,120136890.0,2.4,-1.73,-0.47,2.23
808,2019-08-02,25.72,26.09,25.43,25.84,27837,109314927.0,2.48,-3.0,-0.8,2.07
809,2019-08-05,25.83,26.22,25.38,25.42,22521,88407677.0,3.25,-1.63,-0.42,1.67
810,2019-08-06,24.75,25.13,24.26,24.79,29517,111350576.0,3.42,-2.48,-0.63,2.2
811,2019-08-07,24.97,25.05,24.6,24.71,14795,56034597.0,1.82,-0.32,-0.08,1.1
812,2019-08-08,24.92,25.11,24.61,24.89,16393,62342034.0,2.02,0.73,0.18,1.22
813,2019-08-09,25.05,25.12,24.39,24.48,18534,69807830.0,2.93,-1.65,-0.41,1.38
814,2019-08-12,24.49,24.77,23.59,24.74,23748,87439410.0,4.82,1.06,0.26,1.77
815,2019-08-13,24.25,24.69,24.09,24.31,15037,55751707.0,2.43,-1.74,-0.43,1.12
816,2019-08-14,24.67,25.05,24.58,24.59,19195,72575481.0,1.93,1.15,0.28,1.43
817,2019-08-15,23.8,24.83,23.8,24.78,16465,61236745.0,4.19,0.77,0.19,1.22
818,2019-08-16,24.67,25.19,24.6,25.02,24845,94655694.0,2.38,0.97,0.24,1.85
819,2019-08-19,25.19,26.19,25.19,26.04,34186,134135973.0,4.0,4.08,1.02,2.54
820,2019-08-20,25.92,26.34,25.75,25.85,24787,97997405.0,2.27,-0.73,-0.19,1.84
821,2019-08-21,26.19,27.34,25.63,27.11,69290,281742304.0,6.62,4.87,1.26,5.15
822,2019-08-22,27.0,27.72,26.73,27.33,58447,242600984.0,3.65,0.81,0.22,4.35
823,2019-08-23,26.93,27.71,26.93,27.42,39763,165785084.0,2.85,0.33,0.09,2.96
824,2019-08-26,26.91,28.78,26.89,28.63,72974,311624224.0,6.89,4.41,1.21,5.43
825,2019-08-27,28.72,29.65,28.43,28.64,77148,339876976.0,4.26,0.03,0.01,5.74
826,2019-08-28,28.69,29.51,28.59,28.9,52928,233368524.0,3.21,0.91,0.26,3.94
827,2019-08-29,28.85,29.72,28.62,29.45,58044,257620475.0,3.81,1.9,0.55,4.32
828,2019-08-30,29.71,30.69,29.25,29.43,84142,384193664.0,4.89,-0.07,-0.02,6.26
829,2019-09-02,29.79,30.53,29.73,30.25,68420,314227856.0,2.72,2.79,0.82,5.09
830,2019-09-03,30.35,33.31,29.83,32.9,126998,610697584.0,11.5,8.76,2.65,9.44
831,2019-09-04,32.62,34.6,32.39,33.03,104916,529692416.0,6.72,0.4,0.13,7.8
832,2019-09-05,33.18,33.74,32.42,32.51,75047,377735424.0,4.0,-1.57,-0.52,5.58
833,2019-09-06,32.84,33.79,32.53,33.05,71212,358578656.0,3.88,1.66,0.54,5.3
834,2019-09-09,33.76,34.12,32.93,33.99,68105,347073312.0,3.6,2.84,0.94,5.06
835,2019-09-10,33.77,33.77,31.59,32.56,92053,455948304.0,6.41,-4.21,-1.43,6.85
836,2019-09-11,32.85,35.86,32.65,34.25,117998,618104144.0,9.86,5.19,1.69,8.78
837,2019-09-12,34.5,35.31,33.05,33.77,82563,428151472.0,6.6,-1.4,-0.48,6.14
838,2019-09-16,33.92,34.52,33.05,33.38,68542,349768144.0,4.35,-1.15,-0.39,5.1
839,2019-09-17,33.08,33.33,31.45,31.93,68494,335926432.0,5.63,-4.34,-1.45,5.09
840,2019-09-18,32.25,33.05,31.79,32.77,85921,424970512.0,3.95,2.63,0.84,6.39
841,2019-09-19,32.78,36.09,32.61,36.09,116993,620532624.0,10.62,10.13,3.32,8.7
842,2019-09-20,37.91,38.44,36.39,37.65,133642,758651504.0,5.68,4.32,1.56,9.94
843,2019-09-23,37.79,40.25,37.25,39.45,132790,773868864.0,7.97,4.78,1.8,9.88
844,2019-09-24,39.63,41.27,38.93,39.4,131588,802852704.0,5.93,-0.13,-0.05,9.79
845,2019-09-25,40.15,41.05,38.25,39.65,109420,661980976.0,7.11,0.63,0.25,8.14
846,2019-09-26,40.13,40.13,36.62,37.92,100364,580894400.0,8.85,-4.36,-1.73,7.46
847,2019-09-27,38.25,38.95,37.59,38.66,72922,425574064.0,3.59,1.95,0.74,5.42
848,2019-09-30,38.9,38.9,35.99,35.99,76247,424470800.0,7.53,-6.91,-2.67,5.67
849,2019-10-08,36.62,37.79,36.07,36.55,74520,419141536.0,4.78,1.56,0.56,5.54
850,2019-10-09,36.89,37.79,35.79,37.25,43708,245342148.0,5.47,1.92,0.7,3.25
851,2019-10-10,37.39,38.65,37.23,38.27,57725,331625296.0,3.81,2.74,1.02,4.29
852,2019-10-11,38.38,41.22,38.16,40.32,82716,502290272.0,8.0,5.36,2.05,6.15
853,2019-10-14,40.19,41.12,39.29,40.75,65876,400544256.0,4.54,1.07,0.43,4.9
854,2019-10-15,39.92,40.65,38.27,38.93,52926,314771920.0,5.84,-4.47,-1.82,3.94
855,2019-10-16,39.09,39.82,38.25,38.45,35765,211138335.0,4.03,-1.23,-0.48,2.66
856,2019-10-17,38.85,39.23,36.92,38.19,62119,359002400.0,6.01,-0.68,-0.26,4.62
857,2019-10-18,38.05,38.65,37.51,37.7,40392,233770651.0,2.99,-1.28,-0.49,3.0
858,2019-10-21,37.69,37.85,36.29,37.72,36261,205656503.0,4.14,0.05,0.02,2.7
859,2019-10-22,37.91,38.23,36.84,37.59,43946,250310839.0,3.69,-0.34,-0.13,3.27
860,2019-10-23,37.82,37.82,36.31,36.52,38605,216118000.0,4.02,-2.85,-1.07,2.87
861,2019-10-24,36.63,37.07,35.79,36.52,32043,176609054.0,3.5,0.0,0.0,2.24
862,2019-10-25,36.27,37.04,35.39,36.87,30599,168424982.0,4.52,0.96,0.35,2.14
863,2019-10-28,37.05,38.39,36.66,38.12,72107,410438640.0,4.69,3.39,1.25,5.04
864,2019-10-29,37.87,38.51,37.02,37.05,38901,222272003.0,3.91,-2.81,-1.07,2.72
865,2019-10-30,36.77,38.76,35.92,37.75,55711,319893088.0,7.67,1.89,0.7,3.89
866,2019-10-31,37.79,38.06,35.79,36.15,46676,260603149.0,6.01,-4.24,-1.6,3.26
867,2019-11-01,35.78,36.6,35.78,35.81,29272,160810631.0,2.27,-0.94,-0.34,2.04
868,2019-11-04,36.2,38.39,35.19,37.79,64649,359343392.0,8.94,5.53,1.98,4.51
869,2019-11-05,37.89,40.59,37.49,39.71,86058,510603856.0,8.2,5.08,1.92,6.01
870,2019-11-06,39.63,40.48,39.12,40.24,58814,355282528.0,3.42,1.33,0.53,4.11
871,2019-11-07,39.79,41.09,39.15,40.67,52418,320360064.0,4.82,1.07,0.43,3.66
872,2019-11-08,40.27,40.69,38.72,38.85,66152,395725008.0,4.84,-4.48,-1.82,4.62
873,2019-11-11,38.24,38.73,36.59,36.91,60779,344258928.0,5.51,-4.99,-1.94,4.24
874,2019-11-12,36.79,37.25,35.42,35.99,35442,193624402.0,4.96,-2.49,-0.92,2.47
875,2019-11-13,36.12,37.05,35.66,36.72,38378,212192097.0,3.86,2.03,0.73,2.68
876,2019-11-14,36.43,37.52,35.85,37.18,31690,176899304.0,4.55,1.25,0.46,2.21
877,2019-11-15,37.05,39.41,36.65,38.72,56240,327327824.0,7.42,4.14,1.54,3.93
878,2019-11-18,38.59,39.32,38.01,38.8,36015,210874808.0,3.38,0.21,0.08,2.51
879,2019-11-19,38.75,39.78,38.33,39.22,47490,281050704.0,3.74,1.08,0.42,3.32
880,2019-11-20,38.92,39.09,37.66,37.66,36674,213724086.0,3.65,-3.98,-1.56,2.56
881,2019-11-21,37.59,41.25,36.92,41.22,90762,550430000.0,11.5,9.45,3.56,6.34
882,2019-11-22,40.87,42.65,39.04,39.88,88525,548090496.0,8.76,-3.25,-1.34,6.18
883,2019-11-25,40.19,40.23,35.85,35.98,75638,426156704.0,10.98,-9.78,-3.9,5.28
884,2019-11-26,35.99,36.62,35.33,35.72,34467,187527190.0,3.59,-0.72,-0.26,2.41
885,2019-11-27,35.59,39.33,35.59,39.31,87829,510420256.0,10.47,10.05,3.59,6.13
886,2019-11-28,39.05,39.89,38.65,39.25,48833,290547712.0,3.15,-0.15,-0.06,3.41
887,2019-11-29,41.05,41.37,37.27,37.59,70615,415713792.0,10.45,-4.23,-1.66,4.93
888,2019-12-02,38.11,41.39,38.11,41.39,89864,551969472.0,8.73,10.11,3.8,6.28
889,2019-12-03,41.39,43.19,40.81,42.92,125298,800451936.0,5.75,3.7,1.53,8.75
890,2019-12-04,42.56,45.57,42.14,44.17,103011,684310480.0,7.99,2.91,1.25,7.19
891,2019-12-05,43.62,44.84,42.94,43.79,97746,647985824.0,4.3,-0.86,-0.38,6.83
892,2019-12-06,43.79,44.85,43.45,44.57,84256,563722944.0,3.2,1.78,0.78,5.88
893,2019-12-09,44.25,45.85,43.19,43.42,95911,640969408.0,5.97,-2.58,-1.15,6.7
894,2019-12-10,43.57,47.59,42.69,46.79,122038,836886896.0,11.29,7.76,3.37,8.52
895,2019-12-11,45.85,46.32,44.61,45.03,80126,550101184.0,3.65,-3.76,-1.76,5.6
896,2019-12-12,44.65,46.53,44.03,44.51,84262,576672896.0,5.55,-1.15,-0.52,5.88
897,2019-12-13,44.92,46.03,43.83,45.56,73027,498033072.0,4.94,2.36,1.05,5.1
898,2019-12-16,45.32,47.11,45.06,46.95,83939,584216608.0,4.5,3.05,1.39,5.86
899,2019-12-17,46.49,46.55,44.76,45.53,83821,577369440.0,3.81,-3.02,-1.42,5.85
900,2019-12-18,45.06,45.58,43.97,44.27,77475,523358000.0,3.54,-2.77,-1.26,5.41
901,2019-12-19,44.32,44.32,42.71,43.46,74814,490742592.0,3.64,-1.83,-0.81,5.22
902,2019-12-20,43.45,43.83,41.49,41.97,87342,560111856.0,5.38,-3.43,-1.49,6.1
903,2019-12-23,39.89,39.99,37.73,37.73,72305,423474720.0,5.38,-10.1,-4.24,5.05
904,2019-12-24,37.75,38.77,36.96,38.69,86299,495424064.0,4.8,2.54,0.96,6.03
905,2019-12-25,38.69,40.82,38.35,39.92,89100,538474144.0,6.38,3.18,1.23,6.22
906,2019-12-26,40.11,40.79,39.59,39.99,49055,297704208.0,3.01,0.18,0.07,3.43
907,2019-12-27,39.85,40.49,38.46,38.47,65743,393009328.0,5.08,-3.8,-1.52,4.59
908,2019-12-30,38.26,39.11,36.97,38.95,51579,299554544.0,5.56,1.25,0.48,3.6
909,2019-12-31,39.03,39.85,38.32,38.64,42102,247957217.0,3.93,-0.8,-0.31,2.94
910,2020-01-02,38.96,40.47,38.53,39.87,64421,387914000.0,5.02,3.18,1.23,4.5
911,2020-01-03,39.87,40.01,38.93,38.97,57030,339975568.0,2.71,-2.26,-0.9,3.98
912,2020-01-06,38.98,39.75,38.61,38.95,56186,334292784.0,2.93,-0.05,-0.02,3.92
913,2020-01-07,38.77,39.31,38.44,38.91,51447,301932912.0,2.23,-0.1,-0.04,3.59
914,2020-01-08,38.55,38.91,38.05,38.19,42871,249515966.0,2.21,-1.85,-0.72,2.99
915,2020-01-09,38.35,39.41,38.27,39.21,61445,362748944.0,2.99,2.67,1.02,4.29
916,2020-01-10,39.35,40.22,38.92,39.73,76372,458788352.0,3.32,1.33,0.52,5.33
917,2020-01-13,39.39,42.59,39.39,42.58,112178,698486528.0,8.05,7.17,2.85,7.83
918,2020-01-14,42.38,42.38,41.26,41.37,71779,452728144.0,2.63,-2.84,-1.21,5.01
919,2020-01-15,40.92,42.17,40.79,41.96,60034,379270176.0,3.34,1.43,0.59,4.19
920,2020-01-16,42.1,43.77,41.94,42.79,77376,504763728.0,4.36,1.98,0.83,5.4
921,2020-01-17,42.31,43.85,41.69,42.24,66976,433848976.0,5.05,-1.29,-0.55,4.68
922,2020-01-20,42.08,44.39,41.63,43.75,79012,518093600.0,6.53,3.57,1.51,5.52
923,2020-01-21,43.17,44.37,42.85,43.65,64636,426645488.0,3.47,-0.23,-0.1,4.51
924,2020-01-22,43.17,45.76,42.48,45.73,96952,651693120.0,7.51,4.77,2.08,6.77
925,2020-01-23,44.9,45.79,41.22,42.27,91600,607963408.0,9.99,-7.57,-3.46,6.4
926,2020-02-03,38.0,38.0,38.0,38.0,8030,46268860.0,0.0,-10.1,-4.27,0.56
927,2020-02-04,34.45,40.92,34.45,38.57,81265,467292224.0,17.03,1.5,0.57,5.67
928,2020-02-05,38.71,39.79,37.59,38.25,66291,389907856.0,5.7,-0.83,-0.32,4.63
929,2020-02-06,37.73,38.89,37.45,38.65,65960,381472384.0,3.76,1.05,0.4,4.61
930,2020-02-07,38.58,40.55,38.16,40.19,75404,452672960.0,6.18,3.98,1.54,5.27
931,2020-02-10,39.63,40.55,39.19,39.89,55926,336660432.0,3.38,-0.75,-0.3,3.91
932,2020-02-11,39.99,41.22,39.42,40.77,72108,443356928.0,4.51,2.21,0.88,5.04
933,2020-02-12,40.25,41.77,40.05,41.72,65617,408127376.0,4.22,2.33,0.95,4.58
934,2020-02-13,41.85,43.99,41.19,42.52,91887,591622672.0,6.71,1.92,0.8,6.42
935,2020-02-14,42.59,45.01,42.39,43.66,114435,758011568.0,6.16,2.68,1.14,7.99
936,2020-02-17,44.45,45.45,43.29,45.32,94134,635953232.0,4.95,3.8,1.66,6.57
937,2020-02-18,45.32,49.89,45.04,49.08,162513,1171951424.0,10.7,8.3,3.76,11.35
938,2020-02-19,48.26,49.71,46.99,48.05,135443,990022096.0,5.54,-2.1,-1.03,9.46
939,2020-02-20,48.51,48.99,46.72,48.28,100382,727184464.0,4.72,0.48,0.23,7.01
940,2020-02-21,47.79,49.71,47.79,48.61,99130,731888800.0,3.98,0.68,0.33,6.92
941,2020-02-24,48.17,50.95,47.65,50.95,122396,917634496.0,6.79,4.81,2.34,8.55
942,2020-02-25,49.51,50.64,45.81,48.71,140078,1028189408.0,9.48,-4.4,-2.24,9.78
943,2020-02-26,46.92,50.25,46.59,47.19,112981,827975472.0,7.51,-3.12,-1.52,7.89
944,2020-02-27,47.85,47.89,44.59,46.25,88528,623762256.0,6.99,-1.99,-0.94,6.18
945,2020-02-28,44.61,45.31,41.79,41.92,103427,680550096.0,7.61,-9.36,-4.33,7.22
946,2020-03-02,43.11,44.07,42.54,43.21,71070,465934256.0,3.65,3.08,1.29,4.96
947,2020-03-03,44.17,45.64,42.92,43.41,77388,519490416.0,6.29,0.46,0.2,5.4
948,2020-03-04,43.39,44.36,42.13,43.71,70709,463339152.0,5.14,0.69,0.3,4.94
949,2020-03-05,44.59,44.64,41.89,42.95,88464,575315056.0,6.29,-1.74,-0.76,6.18
950,2020-03-06,42.25,42.77,41.71,42.05,41124,262612416.0,2.47,-2.1,-0.9,2.87
951,2020-03-09,40.92,41.59,39.08,39.08,59177,361935248.0,5.97,-7.06,-2.97,4.13
952,2020-03-10,38.57,41.49,38.57,41.48,65828,402413840.0,7.47,6.14,2.4,4.6
953,2020-03-11,41.59,42.23,40.27,40.3,65317,409817552.0,4.73,-2.84,-1.18,4.56
954,2020-03-12,39.16,40.47,39.05,39.48,40860,245299113.0,3.52,-2.03,-0.82,2.85
955,2020-03-13,37.45,40.59,36.98,39.87,56748,338837248.0,9.14,0.99,0.39,3.96
956,2020-03-16,39.95,40.22,37.25,37.53,47934,283021472.0,7.45,-5.87,-2.34,3.35
957,2020-03-17,37.99,38.78,36.84,38.06,40415,231905904.0,5.17,1.41,0.53,2.82
958,2020-03-18,38.59,39.63,38.06,38.08,48996,288572320.0,4.13,0.05,0.02,3.42
959,2020-03-19,38.27,39.49,37.7,39.23,50104,292654080.0,4.7,3.02,1.15,3.5
960,2020-03-20,39.85,39.99,38.55,39.27,40144,238384644.0,3.67,0.1,0.04,2.8
961,2020-03-23,37.69,38.35,35.69,35.98,42919,241698944.0,6.77,-8.38,-3.29,3.0
962,2020-03-24,37.17,37.32,34.79,36.59,40696,223286532.0,7.03,1.7,0.61,2.84
963,2020-03-25,37.65,37.79,36.92,37.79,41886,237730238.0,2.38,3.28,1.2,2.92
964,2020-03-26,37.59,37.85,36.65,36.72,35107,198369034.0,3.18,-2.83,-1.07,2.45
965,2020-03-27,37.11,37.38,36.35,36.39,29043,162850969.0,2.81,-0.9,-0.33,2.03
966,2020-03-30,35.94,35.95,33.25,34.11,43455,225883100.0,7.42,-6.27,-2.28,3.03
967,2020-03-31,34.79,34.85,33.56,33.65,26579,137878178.0,3.78,-1.35,-0.46,1.86
968,2020-04-01,33.65,34.57,33.33,33.77,28209,145961605.0,3.68,0.36,0.12,1.97
969,2020-04-02,33.93,35.39,33.61,35.39,47464,249317347.0,5.27,4.8,1.62,3.31
970,2020-04-03,35.59,35.59,34.11,34.37,40925,215542792.0,4.18,-2.88,-1.02,2.86
971,2020-04-07,35.05,35.59,34.74,35.45,40365,216179163.0,2.47,3.14,1.08,2.82
972,2020-04-08,35.19,36.45,35.19,36.16,52023,283246592.0,3.55,2.0,0.71,3.63
973,2020-04-09,36.65,36.72,35.52,35.92,34506,188237496.0,3.32,-0.66,-0.24,2.41
974,2020-04-10,35.8,35.99,34.31,34.99,32880,175164241.0,4.68,-2.59,-0.93,2.3
975,2020-04-13,34.99,35.37,34.39,34.89,18720,99167440.0,2.8,-0.29,-0.1,1.31
976,2020-04-14,34.95,35.65,34.92,35.58,26768,143228448.0,2.09,1.98,0.69,1.87
977,2020-04-15,35.59,36.27,35.35,35.39,37237,202149668.0,2.59,-0.53,-0.19,2.6
978,2020-04-16,34.55,35.57,34.55,35.29,33306,177392734.0,2.88,-0.28,-0.1,2.33
979,2020-04-17,35.77,36.58,35.49,35.73,46730,255499431.0,3.09,1.25,0.44,3.26
980,2020-04-20,35.84,36.43,35.52,36.37,37405,204569621.0,2.55,1.79,0.64,2.61
981,2020-04-21,36.11,36.37,35.6,36.2,26676,145669837.0,2.12,-0.47,-0.17,1.86
982,2020-04-22,35.79,36.51,35.62,36.48,28482,156678011.0,2.46,0.77,0.28,1.99
983,2020-04-23,36.23,36.39,35.68,35.78,26678,145827778.0,1.95,-1.92,-0.7,1.86
984,2020-04-24,35.97,36.45,34.25,34.49,35920,191362440.0,6.15,-3.61,-1.29,2.34
985,2020-04-27,34.53,34.91,34.1,34.11,24039,125993473.0,2.35,-1.1,-0.38,1.57
986,2020-04-28,34.24,34.46,32.2,33.69,36457,185232603.0,6.63,-1.23,-0.42,2.37
987,2020-04-29,33.59,34.51,33.56,34.08,19196,99516545.0,2.82,1.16,0.39,1.25
988,2020-04-30,34.49,36.72,34.49,36.32,53834,292825664.0,6.54,6.57,2.24,3.51
989,2020-05-06,36.09,38.37,36.05,38.32,68930,393594480.0,6.39,5.51,2.0,4.49
990,2020-05-07,38.32,38.79,37.99,38.32,47377,276006736.0,2.09,0.0,0.0,3.09
991,2020-05-08,38.19,39.19,38.15,38.93,46362,272637296.0,2.71,1.59,0.61,3.02
992,2020-05-11,38.93,39.51,38.47,38.85,42319,249955601.0,2.67,-0.21,-0.08,2.76
993,2020-05-12,39.05,40.59,38.25,40.41,75239,451477392.0,6.02,4.02,1.56,4.9
994,2020-05-13,40.06,42.11,39.47,39.95,71896,440406112.0,6.53,-1.14,-0.46,4.68
995,2020-05-14,39.19,40.11,39.19,39.42,41081,246658554.0,2.3,-1.33,-0.53,2.68
996,2020-05-15,39.7,40.95,39.23,40.16,53671,326428864.0,4.36,1.88,0.74,3.5
997,2020-05-18,41.25,42.71,39.72,40.67,86444,541086736.0,7.45,1.27,0.51,5.63
998,2020-05-19,40.85,42.47,40.25,42.39,80267,509629984.0,5.46,4.23,1.72,5.23
999,2020-05-20,42.45,42.89,40.99,41.39,68745,435540176.0,4.48,-2.36,-1.0,4.48
1000,2020-05-21,41.62,41.62,39.25,39.34,62583,379692080.0,5.73,-4.95,-2.05,4.08
1001,2020-05-22,39.34,40.04,38.45,39.45,44969,267139427.0,4.04,0.28,0.11,2.93
1002,2020-05-25,39.31,39.72,38.47,38.87,32935,194241627.0,3.17,-1.47,-0.58,2.15
1003,2020-05-26,38.91,40.11,38.91,39.97,35730,215348395.0,3.09,2.83,1.1,2.33
1004,2020-05-27,40.13,40.37,39.16,39.38,29993,180404421.0,3.03,-1.48,-0.59,1.95
1005,2020-05-28,39.31,40.05,38.31,39.25,36381,214592839.0,4.42,-0.33,-0.13,2.37
1006,2020-05-29,38.99,39.23,38.69,38.95,23263,137038675.0,1.38,-0.76,-0.3,1.52
1007,2020-06-01,39.3,41.15,39.3,40.93,43842,268758256.0,4.75,5.08,1.98,2.86
1008,2020-06-02,40.99,41.41,40.47,41.33,38611,239891028.0,2.3,0.98,0.4,2.52
1009,2020-06-03,41.5,43.88,41.3,42.55,79218,511002944.0,6.24,2.95,1.22,5.16
1010,2020-06-04,42.57,43.33,42.14,42.23,36592,235368708.0,2.8,-0.75,-0.32,2.38
1011,2020-06-05,42.52,42.83,41.93,42.47,28673,183429605.0,2.13,0.57,0.24,1.87
1012,2020-06-08,42.67,43.13,41.32,41.37,35286,224044168.0,4.26,-2.59,-1.1,2.36
1013,2020-06-09,41.52,41.87,41.09,41.61,22797,143233126.0,1.89,0.58,0.24,1.52
1014,2020-06-10,41.59,41.89,40.75,41.75,28432,177904088.0,2.74,0.34,0.14,1.9
1015,2020-06-11,41.61,42.53,41.27,42.01,34696,220072035.0,3.02,0.62,0.26,2.31
1016,2020-06-12,41.4,41.43,40.32,40.58,52723,325477840.0,2.64,-3.4,-1.43,3.52
1017,2020-06-15,40.31,40.75,39.41,39.67,36368,220881875.0,3.3,-2.24,-0.91,2.43
1018,2020-06-16,40.2,40.99,40.0,40.77,23555,144803005.0,2.5,2.77,1.1,1.57
1019,2020-06-17,40.93,41.46,40.13,40.55,24057,147962984.0,3.26,-0.54,-0.22,1.61
1020,2020-06-18,40.45,40.87,40.01,40.62,20227,123827558.0,2.12,0.17,0.07,1.35
1021,2020-06-19,40.67,41.58,40.4,41.44,31239,194228259.0,2.9,2.02,0.82,2.08
1022,2020-06-22,41.47,42.77,41.47,42.15,35024,224031474.0,3.14,1.71,0.71,2.34
1023,2020-06-23,42.27,42.97,41.73,42.61,36990,237352051.0,2.94,1.09,0.46,2.47
1024,2020-06-24,42.7,44.23,42.33,43.53,49445,324719872.0,4.46,2.16,0.92,3.3
1025,2020-06-29,43.53,43.53,41.77,41.91,41373,264995643.0,4.04,-3.72,-1.62,2.76
1026,2020-06-30,42.3,44.67,42.01,44.53,55494,368406032.0,6.35,6.25,2.62,3.7
1027,2020-07-01,44.62,45.89,43.63,45.67,66066,447294816.0,5.08,2.56,1.14,4.41
1028,2020-07-02,45.59,46.38,44.73,45.25,54398,373788560.0,3.61,-0.92,-0.42,3.63
1029,2020-07-03,45.33,45.33,44.07,44.85,41020,277229312.0,2.78,-0.88,-0.4,2.74
1030,2020-07-06,45.67,48.26,44.81,47.41,74053,522466784.0,7.69,5.71,2.56,4.94
1031,2020-07-07,48.33,50.68,47.6,48.49,74947,558531776.0,6.5,2.28,1.08,5.0
1032,2020-07-08,48.48,51.33,48.48,51.05,67434,511228848.0,5.88,5.28,2.56,4.5
1033,2020-07-09,50.47,54.33,50.42,53.33,99103,790114816.0,7.66,4.47,2.28,6.61
1034,2020-07-10,53.0,56.44,52.41,55.91,78487,651260144.0,7.56,4.84,2.58,5.24
1035,2020-07-13,56.84,59.33,55.0,56.57,84194,721919232.0,7.74,1.18,0.66,5.62
1036,2020-07-14,55.67,58.68,54.44,56.91,77309,654908592.0,7.5,0.6,0.34,5.16
1037,2020-07-15,56.59,56.99,51.18,51.18,106708,845334016.0,10.21,-10.07,-5.73,7.12
1038,2020-07-16,51.33,51.67,47.0,47.13,84565,626354336.0,9.12,-7.91,-4.05,5.64
1039,2020-07-17,47.18,47.96,45.51,46.0,67888,478458656.0,5.2,-2.4,-1.13,4.53
1040,2020-07-20,46.67,48.47,46.2,48.47,51378,369231344.0,4.93,5.37,2.47,3.43
1041,2020-07-21,49.05,49.81,47.92,48.6,45255,334078240.0,3.9,0.27,0.13,3.02
1042,2020-07-22,48.07,50.92,48.07,49.74,51286,387913344.0,5.86,2.35,1.14,3.42
1043,2020-07-23,50.2,53.33,49.25,53.17,77882,602222944.0,8.2,6.9,3.43,5.2
1044,2020-07-24,53.0,53.0,49.67,49.67,64451,496293104.0,6.26,-6.58,-3.5,4.3
1045,2020-07-27,49.01,50.73,47.39,48.01,56593,417270080.0,6.72,-3.34,-1.66,3.78
1046,2020-07-28,49.23,49.23,47.57,48.53,39947,292111488.0,3.46,1.08,0.52,2.67
1047,2020-07-29,48.11,50.93,47.87,50.87,51040,384029216.0,6.31,4.82,2.34,3.41
1048,2020-07-30,50.87,51.85,49.33,49.46,40076,303868144.0,4.95,-2.77,-1.41,2.67
1049,2020-07-31,50.0,51.33,49.33,50.13,38057,288791712.0,4.04,1.35,0.67,2.54
1050,2020-08-03,51.94,54.4,51.01,54.27,80020,637505536.0,6.76,8.26,4.14,5.34
1051,2020-08-04,53.88,54.99,52.33,52.87,57226,462710208.0,4.9,-2.58,-1.4,3.82
1052,2020-08-05,55.0,55.45,51.8,52.41,77927,627054304.0,6.9,-0.87,-0.46,5.2
1053,2020-08-06,51.0,53.87,50.51,53.02,63240,498176592.0,6.41,1.16,0.61,4.22
1054,2020-08-07,52.4,52.72,50.51,52.12,53259,415345152.0,4.17,-1.7,-0.9,3.55
1055,2020-08-10,51.53,53.97,51.33,52.51,45121,359058320.0,5.07,0.75,0.39,3.01
1056,2020-08-11,51.51,52.33,47.59,47.87,79206,593820336.0,9.03,-8.84,-4.64,5.28
1057,2020-08-12,47.53,48.45,46.06,46.72,48350,342693664.0,4.99,-2.4,-1.15,3.23
1058,2020-08-13,47.33,47.47,46.13,46.21,29210,205547497.0,2.87,-1.09,-0.51,1.95
1059,2020-08-14,46.22,47.26,45.9,47.19,29729,209859958.0,2.94,2.12,0.98,1.97
1060,2020-08-17,49.06,51.94,48.03,51.94,51187,392354848.0,8.29,10.07,4.75,3.39
1061,2020-08-18,53.67,57.17,52.54,55.33,120773,1006705520.0,8.91,6.53,3.39,7.99
1062,2020-08-19,56.33,57.0,54.95,54.98,79377,669826256.0,3.71,-0.63,-0.35,5.25
1063,2020-08-20,51.89,53.88,49.51,49.97,99011,769816416.0,7.95,-9.11,-5.01,6.55
1064,2020-08-21,52.35,52.45,48.0,49.49,55631,421273664.0,8.91,-0.96,-0.48,3.68
1065,2020-08-24,49.63,49.99,47.67,49.57,47452,351529232.0,4.69,0.16,0.08,3.14
1066,2020-08-25,49.59,50.13,48.41,48.78,39068,289654960.0,3.47,-1.59,-0.79,2.59
1067,2020-08-26,48.59,49.87,47.2,47.5,49615,362471600.0,5.47,-2.62,-1.28,3.28
1068,2020-08-27,47.21,49.91,46.79,49.39,48346,354273024.0,6.57,3.98,1.89,3.2
1069,2020-08-28,48.97,49.79,48.11,49.79,42593,315211456.0,3.4,0.81,0.4,2.82
1070,2020-08-31,49.8,49.91,48.33,48.45,39453,291929008.0,3.17,-2.69,-1.34,2.61
1071,2020-09-01,48.2,49.45,48.0,49.16,33429,247348770.0,2.99,1.47,0.71,2.21
1072,2020-09-02,49.0,49.33,48.07,48.6,29384,215522757.0,2.56,-1.14,-0.56,1.94
1073,2020-09-03,48.42,48.85,47.2,47.88,31665,229883982.0,3.4,-1.48,-0.72,2.1
1074,2020-09-04,47.13,48.8,46.95,48.25,27581,200346817.0,3.86,0.77,0.37,1.83
1075,2020-09-07,47.97,48.77,45.92,46.0,39038,279313057.0,5.91,-4.66,-2.25,2.58
1076,2020-09-08,46.32,46.73,44.6,45.15,37913,261003211.0,4.63,-1.85,-0.85,2.51
1077,2020-09-09,44.45,45.33,42.73,43.32,45290,299430132.0,5.76,-4.05,-1.83,3.0
1078,2020-09-10,43.67,44.0,42.51,42.51,29598,194020315.0,3.44,-1.87,-0.81,1.96
1079,2020-09-11,43.0,43.16,42.22,42.99,26021,168047141.0,2.21,1.13,0.48,1.72
1080,2020-09-14,42.99,44.3,42.87,44.05,27218,179876541.0,3.33,2.47,1.06,1.8
1081,2020-09-15,44.29,44.71,43.12,43.66,35263,233838476.0,3.61,-0.89,-0.39,2.33
1082,2020-09-16,43.65,43.96,42.65,42.67,29274,190352770.0,3.0,-2.27,-0.99,1.94
1083,2020-09-17,42.36,48.27,42.36,45.6,76282,524271856.0,13.85,6.87,2.93,5.05
1084,2020-09-18,45.69,46.97,45.45,46.23,42145,293788416.0,3.33,1.38,0.63,2.79
1085,2020-09-21,46.0,47.48,45.19,46.21,34965,245380213.0,4.95,-0.04,-0.02,2.31
1086,2020-09-22,46.03,46.03,44.2,44.36,41592,282246320.0,3.96,-4.0,-1.85,2.75
1087,2020-09-23,44.67,44.67,43.61,44.13,34881,232564420.0,2.39,-0.52,-0.23,2.31
1088,2020-09-24,44.03,44.03,42.25,42.58,42122,273178480.0,4.03,-3.51,-1.55,2.79
1089,2020-09-25,42.93,43.29,42.17,42.55,22726,146508001.0,2.63,-0.07,-0.03,1.5
1090,2020-09-28,42.57,42.9,41.6,41.65,18979,121142476.0,3.06,-2.12,-0.9,1.26
1091,2020-09-29,42.05,43.25,42.01,42.2,32774,210922008.0,2.98,1.32,0.55,2.17
1092,2020-09-30,42.22,42.67,41.39,41.75,22812,145017505.0,3.03,-1.07,-0.45,1.51
1093,2020-10-09,42.77,43.27,42.19,42.53,28881,185988621.0,2.59,1.87,0.78,1.91
1094,2020-10-12,42.72,44.79,42.53,44.73,43736,290099368.0,5.31,5.17,2.2,2.89
1095,2020-10-13,44.32,44.53,43.93,44.16,36283,242321617.0,1.34,-1.27,-0.57,2.4
1096,2020-10-14,44.13,44.46,42.6,42.65,38489,251296253.0,4.21,-3.42,-1.51,2.55
1097,2020-10-15,42.61,43.16,41.97,41.99,30573,196283007.0,2.79,-1.55,-0.66,2.02
1098,2020-10-16,41.9,42.32,41.41,41.55,24356,153523436.0,2.17,-1.05,-0.44,1.61
1099,2020-10-19,41.94,42.25,41.0,41.01,26364,165813001.0,3.01,-1.3,-0.54,1.74
1100,2020-10-20,41.08,42.19,40.7,42.17,22368,140516864.0,3.63,2.83,1.16,1.48
1101,2020-10-21,42.17,42.23,40.64,40.95,26667,166016166.0,3.77,-2.89,-1.22,1.77
1102,2020-10-22,40.95,41.43,40.49,41.05,20030,124332585.0,2.3,0.24,0.1,1.33
1103,2020-10-23,41.04,41.39,39.2,39.51,27862,169977673.0,5.33,-3.75,-1.54,1.84
1104,2020-10-26,39.37,40.13,38.33,40.06,21498,128647779.0,4.56,1.39,0.55,1.42
1105,2020-10-27,39.76,40.78,39.75,40.4,16499,100491250.0,2.57,0.85,0.34,1.09
1106,2020-10-28,39.93,40.71,39.63,40.33,19966,121155434.0,2.67,-0.17,-0.07,1.32
1107,2020-10-29,40.12,40.13,39.11,39.67,23145,138657464.0,2.53,-1.64,-0.66,1.53
1108,2020-10-30,40.45,41.54,39.87,40.03,41585,256213705.0,4.21,0.91,0.36,2.75
1109,2020-11-02,40.22,40.25,37.88,38.26,47108,275897296.0,5.92,-4.42,-1.77,3.12
1110,2020-11-03,38.26,40.87,37.67,40.78,49701,299424192.0,8.36,6.59,2.52,3.29
1111,2020-11-04,40.25,41.33,40.07,41.01,31174,192295863.0,3.09,0.56,0.23,2.06
1112,2020-11-05,41.45,41.47,40.38,40.82,31633,195741900.0,2.66,-0.46,-0.19,2.09
1113,2020-11-06,40.89,41.79,40.49,41.47,38574,240712211.0,3.18,1.59,0.65,2.55
1114,2020-11-09,41.7,44.53,41.67,43.53,67875,445148208.0,6.9,4.97,2.06,4.49
1115,2020-11-10,42.95,43.18,42.0,42.36,38370,247183129.0,2.71,-2.69,-1.17,2.54
1116,2020-11-11,42.22,42.8,40.71,40.76,37282,233391375.0,4.93,-3.78,-1.6,2.47
1117,2020-11-12,40.81,41.45,39.25,39.51,31404,190576823.0,5.4,-3.07,-1.25,2.08
1118,2020-11-13,39.41,40.25,38.73,40.03,26633,159465792.0,3.85,1.32,0.52,1.76
1119,2020-11-16,39.87,40.12,38.87,39.37,24608,146408851.0,3.12,-1.65,-0.66,1.63
1120,2020-11-17,39.37,39.43,37.97,38.72,28086,163100171.0,3.71,-1.65,-0.65,1.86
1121,2020-11-18,38.71,39.13,38.2,38.73,20404,119251854.0,2.4,0.03,0.01,1.35
1122,2020-11-19,38.6,40.67,38.35,40.06,33950,203870885.0,5.99,3.43,1.33,2.25
1123,2020-11-20,39.92,40.33,39.31,39.63,23853,143475571.0,2.55,-1.07,-0.43,1.58
1124,2020-11-23,39.99,39.99,38.81,39.73,22973,137341313.0,2.98,0.25,0.1,1.52
1125,2020-11-24,39.73,41.27,39.67,40.07,32107,196314064.0,4.03,0.86,0.34,2.13
1126,2020-11-25,40.08,40.85,39.57,39.85,25003,152082340.0,3.19,-0.55,-0.22,1.65
1127,2020-11-26,39.8,40.35,39.15,39.24,24463,146814292.0,3.01,-1.53,-0.61,1.62
1128,2020-11-27,39.24,41.17,38.41,40.07,38181,230905792.0,7.03,2.12,0.83,2.53
1129,2020-11-30,40.07,41.37,39.54,40.77,36255,222899130.0,4.57,1.75,0.7,2.4
1130,2020-12-01,40.57,41.43,40.5,41.19,33677,209604966.0,2.28,1.03,0.42,2.23
1131,2020-12-02,41.19,41.57,40.79,41.34,35437,220845761.0,1.89,0.36,0.15,2.35
1132,2020-12-03,41.32,41.43,40.53,40.66,26555,163988032.0,2.18,-1.64,-0.68,1.76
1133,2020-12-04,40.67,41.23,40.37,40.87,22318,137719389.0,2.12,0.52,0.21,1.48
1134,2020-12-07,41.07,43.09,41.07,41.75,44045,280000976.0,4.94,2.15,0.88,2.92
1135,2020-12-08,41.54,42.07,41.13,41.52,22642,142403819.0,2.25,-0.55,-0.23,1.5
1136,2020-12-09,41.1,42.29,40.59,40.82,36676,230916031.0,4.09,-1.69,-0.7,2.43
1137,2020-12-10,40.63,41.09,39.27,39.3,37742,229426707.0,4.46,-3.72,-1.52,2.5
1138,2020-12-11,39.23,41.53,38.77,40.83,73697,453458656.0,7.02,3.89,1.53,4.88
1139,2020-12-14,41.15,42.4,40.83,41.87,53479,337683744.0,3.85,2.55,1.04,3.54
1140,2020-12-15,41.67,43.39,41.35,42.63,54450,351126544.0,4.87,1.82,0.76,3.6
1141,2020-12-16,42.87,42.93,41.83,42.05,36146,230910680.0,2.58,-1.36,-0.58,2.39
1142,2020-12-17,41.69,42.47,40.79,42.11,33535,211230798.0,4.0,0.14,0.06,2.22
1143,2020-12-18,42.59,42.96,41.33,41.47,33450,211978897.0,3.87,-1.52,-0.64,2.21
1144,2020-12-21,41.0,43.86,40.93,43.72,67604,440243328.0,7.07,5.43,2.25,4.47
1145,2020-12-22,43.14,43.4,41.41,41.67,56728,363418592.0,4.55,-4.69,-2.05,3.75
1146,2020-12-23,41.75,42.55,40.05,42.54,63398,395314896.0,6.0,2.09,0.87,4.2
1147,2020-12-24,42.54,44.65,42.25,43.43,75204,493920640.0,5.64,2.09,0.89,4.98
1148,2020-12-25,43.28,45.24,43.04,44.48,72558,488361216.0,5.07,2.42,1.05,4.8
1149,2020-12-28,44.13,44.48,43.27,43.99,49924,330378720.0,2.72,-1.1,-0.49,3.3
1150,2020-12-29,43.9,46.2,43.68,45.09,64813,444062032.0,5.73,2.5,1.1,4.29
1151,2020-12-30,44.8,46.05,44.27,46.01,61995,425605984.0,3.95,2.04,0.92,4.1
1152,2020-12-31,46.46,46.67,45.25,46.27,63650,441606800.0,3.09,0.57,0.26,4.11
1153,2021-01-04,46.27,49.1,45.75,48.81,86062,621537600.0,7.24,5.49,2.54,5.56
1154,2021-01-05,48.67,49.59,47.37,48.93,71727,526271504.0,4.55,0.25,0.12,4.63
1155,2021-01-06,48.87,51.33,48.01,50.73,86657,654961408.0,6.79,3.68,1.8,5.6
1156,2021-01-07,50.71,54.47,50.07,53.09,121742,971419440.0,8.67,4.65,2.36,7.86
1157,2021-01-08,52.86,53.4,47.91,48.75,125333,957126208.0,10.34,-8.17,-4.34,8.09
1158,2021-01-11,49.0,51.33,47.67,48.68,106963,798928848.0,7.51,-0.14,-0.07,6.91
1159,2021-01-12,48.15,49.8,47.72,48.33,74850,549552992.0,4.27,-0.72,-0.35,4.83
1160,2021-01-13,48.4,48.7,46.41,46.89,79389,567699792.0,4.74,-2.98,-1.44,5.13
1161,2021-01-14,46.99,47.72,45.43,45.86,66185,464415840.0,4.88,-2.2,-1.03,4.27
1162,2021-01-15,46.11,47.18,45.11,46.07,49324,345108016.0,4.51,0.46,0.21,3.19
1163,2021-01-18,46.33,48.67,45.67,48.33,77751,560843952.0,6.51,4.91,2.26,5.02
1164,2021-01-19,48.37,48.89,47.0,47.67,57516,415737568.0,3.91,-1.37,-0.66,3.71
1165,2021-01-20,47.6,49.33,47.35,48.25,57205,418664416.0,4.15,1.22,0.58,3.69
1166,2021-01-21,48.17,48.17,46.33,47.01,62287,441768288.0,3.81,-2.57,-1.24,4.02
1167,2021-01-22,46.87,47.15,43.71,44.48,91909,625678352.0,7.32,-5.38,-2.53,5.94
1168,2021-01-25,46.33,51.2,46.33,49.67,150219,1104889184.0,10.95,11.67,5.19,9.7
1169,2021-01-26,49.87,52.44,48.7,50.4,117865,898205232.0,7.53,1.47,0.73,7.61
1170,2021-01-27,49.97,53.79,48.43,52.39,117158,909079536.0,10.63,3.95,1.99,7.57
1171,2021-01-28,51.92,52.83,50.08,50.54,69633,539424656.0,5.25,-3.53,-1.85,4.5
1172,2021-01-29,51.07,51.36,47.87,48.54,76021,562747008.0,6.91,-3.96,-2.0,4.91
1173,2021-02-01,47.81,48.45,46.57,48.09,49890,358800400.0,3.87,-0.93,-0.45,3.22
1174,2021-02-02,48.21,49.13,47.15,48.51,46721,341049088.0,4.12,0.87,0.42,3.02
1175,2021-02-03,48.33,48.33,46.11,46.18,56073,397760208.0,4.58,-4.8,-2.33,3.62
1176,2021-02-04,46.33,46.66,44.21,45.65,49340,337282000.0,5.31,-1.15,-0.53,3.19
1177,2021-02-05,45.88,47.29,45.2,46.33,43930,307103792.0,4.58,1.49,0.68,2.84
1178,2021-02-08,46.9,49.9,46.24,49.9,59930,442626560.0,7.9,7.71,3.57,3.87
1179,2021-02-09,49.53,50.87,49.12,50.04,42718,320658816.0,3.51,0.28,0.14,2.76
1180,2021-02-10,50.04,50.58,48.8,49.6,42000,314864896.0,3.56,-0.88,-0.44,2.71
1181,2021-02-18,49.87,52.0,49.67,50.12,52872,403519248.0,4.7,1.05,0.52,3.41
1182,2021-02-19,49.33,50.33,48.9,49.89,41041,307138336.0,2.85,-0.46,-0.23,2.65
1183,2021-02-22,49.34,51.93,49.31,50.68,64060,492854832.0,5.25,1.58,0.79,4.14
1184,2021-02-23,49.01,49.26,46.53,47.72,68082,489289456.0,5.39,-5.84,-2.96,4.4
1185,2021-02-24,47.49,48.46,46.79,47.86,38314,276158560.0,3.5,0.29,0.14,2.47
1186,2021-02-25,47.9,48.48,46.11,47.25,32835,233802474.0,4.95,-1.27,-0.61,2.12
1187,2021-02-26,46.32,47.37,45.87,46.32,36728,258033465.0,3.17,-1.97,-0.93,2.37
1188,2021-03-01,46.33,48.67,46.33,48.67,44072,318578096.0,5.05,5.07,2.35,2.85
1189,2021-03-02,49.07,52.57,49.07,52.39,103924,803148448.0,7.19,7.64,3.72,6.71
1190,2021-03-03,52.33,52.55,51.37,52.2,55157,432722032.0,2.25,-0.36,-0.19,3.56
1191,2021-03-04,51.9,53.12,51.2,51.67,59252,466158352.0,3.68,-1.02,-0.53,3.83
1192,2021-03-05,51.53,53.93,50.79,52.71,61551,486945888.0,6.08,2.01,1.04,3.98
1193,2021-03-08,52.61,52.93,48.37,48.37,72940,555575408.0,8.65,-8.23,-4.34,4.71
1194,2021-03-09,48.35,48.73,46.31,46.54,55239,396108832.0,5.0,-3.78,-1.83,3.57
1195,2021-03-10,47.59,48.0,45.35,45.93,40501,283644192.0,5.69,-1.31,-0.61,2.62
1196,2021-03-11,45.8,49.87,45.67,49.04,56195,410323968.0,9.14,6.77,3.11,3.63
1197,2021-03-12,51.49,51.53,49.33,50.48,59339,449314608.0,4.49,2.94,1.44,3.83
1198,2021-03-15,50.0,50.23,48.33,49.44,40038,297259120.0,3.76,-2.06,-1.04,2.59
1199,2021-03-16,49.39,50.84,46.33,46.95,63260,460699760.0,9.12,-5.04,-2.49,4.09
1200,2021-03-17,46.95,51.3,46.45,51.28,80450,606928912.0,10.33,9.22,4.33,5.2
1201,2021-03-18,50.99,51.45,50.13,50.39,45479,348280224.0,2.57,-1.74,-0.89,2.94
1202,2021-03-19,50.33,51.59,49.33,50.99,53550,408872608.0,4.49,1.19,0.6,3.46
1203,2021-03-22,50.63,52.66,49.67,51.05,48601,374456288.0,5.86,0.12,0.06,3.14
1204,2021-03-23,51.26,53.27,51.06,51.87,60716,476662368.0,4.33,1.61,0.82,3.92
1205,2021-03-24,50.64,52.2,49.87,52.08,46057,356841056.0,4.49,0.4,0.21,2.97
1206,2021-03-25,51.48,54.27,50.01,50.11,68415,537028992.0,8.18,-3.78,-1.97,4.42
1207,2021-03-26,48.95,54.68,48.84,54.67,104743,835891040.0,11.65,9.1,4.56,6.76
1208,2021-03-29,54.73,55.33,53.8,54.43,56852,467181664.0,2.8,-0.44,-0.24,3.67
1209,2021-03-30,53.97,56.0,52.99,53.98,64968,530257888.0,5.53,-0.83,-0.45,4.2
1210,2021-03-31,53.95,53.95,51.1,52.2,57005,449453728.0,5.28,-3.3,-1.78,3.68
1211,2021-04-01,51.74,54.9,51.55,54.05,63234,512486384.0,6.42,3.54,1.85,4.08
1212,2021-04-02,54.13,57.66,53.67,56.59,85989,726980384.0,7.38,4.7,2.54,5.55
1213,2021-04-06,56.65,56.77,55.01,55.73,54455,457092784.0,3.11,-1.52,-0.86,3.52
1214,2021-04-07,55.73,56.31,54.55,55.99,44656,373348240.0,3.16,0.47,0.26,2.88
1215,2021-04-08,55.7,55.7,54.3,54.56,41168,340353792.0,2.5,-2.55,-1.43,2.66
1216,2021-04-09,54.78,55.65,53.67,55.07,39121,324348400.0,3.63,0.93,0.51,2.53
1217,2021-04-12,54.56,54.97,50.47,50.65,79591,626512736.0,8.17,-8.03,-4.42,5.14
1218,2021-04-13,50.34,51.66,50.07,51.07,38381,294681200.0,3.14,0.83,0.42,2.48
1219,2021-04-14,51.0,52.19,50.73,51.17,30472,236447051.0,2.86,0.2,0.1,1.97
1220,2021-04-15,50.87,51.27,50.11,51.13,27564,210419829.0,2.27,-0.08,-0.04,1.78
1221,2021-04-16,50.69,51.77,50.37,51.12,26705,206160693.0,2.74,-0.02,-0.01,1.72
1222,2021-04-19,50.67,52.3,48.84,52.13,45512,350986912.0,6.77,1.98,1.01,2.94
1223,2021-04-20,51.71,51.99,50.4,50.48,39608,305474928.0,3.05,-3.17,-1.65,2.56
1224,2021-04-21,50.41,51.03,49.39,50.18,32162,244076723.0,3.25,-0.59,-0.3,2.08
1225,2021-04-22,50.31,51.18,49.51,49.85,37933,287835696.0,3.33,-0.66,-0.33,2.45
1226,2021-04-23,49.67,50.33,49.0,50.26,41544,311620016.0,2.67,0.82,0.41,2.68
1227,2021-04-26,50.57,51.57,49.97,50.19,42144,322944176.0,3.18,-0.14,-0.07,2.72
1228,2021-04-27,49.87,50.2,48.22,49.49,40495,300629312.0,3.95,-1.39,-0.7,2.62
1229,2021-04-28,49.67,50.13,48.83,49.01,36234,269056336.0,2.63,-0.97,-0.48,2.28
1230,2021-04-29,49.41,50.45,48.54,48.55,42801,319265296.0,3.9,-0.94,-0.46,2.69
1231,2021-04-30,48.17,49.12,47.54,48.27,31579,231133360.0,3.25,-0.58,-0.28,1.98
1232,2021-05-06,48.2,48.52,46.59,47.6,35536,255354084.0,4.0,-1.39,-0.67,2.23
1233,2021-05-07,48.33,48.98,47.94,48.09,32533,238309230.0,2.18,1.03,0.49,2.04
1234,2021-05-10,47.69,48.83,47.24,47.78,28331,205688436.0,3.31,-0.64,-0.31,1.78
1235,2021-05-11,47.47,49.61,47.4,49.15,28090,206550475.0,4.63,2.87,1.37,1.76
1236,2021-05-12,49.15,49.65,48.87,49.48,23497,174890567.0,1.59,0.67,0.33,1.48
1237,2021-05-13,48.71,49.53,48.11,48.32,22055,162340349.0,2.87,-2.34,-1.16,1.39
1238,2021-05-14,48.92,49.49,47.65,49.33,26951,198159165.0,3.81,2.09,1.01,1.69
1239,2021-05-17,49.13,50.91,49.13,49.77,33174,251295133.0,3.61,0.89,0.44,2.08
1240,2021-05-18,49.9,50.52,49.21,49.85,23385,176409263.0,2.63,0.16,0.08,1.47
1241,2021-05-19,49.65,50.59,49.39,49.93,24197,182882121.0,2.41,0.16,0.08,1.52
1242,2021-05-20,49.67,50.67,49.59,50.37,30070,228136540.0,2.16,0.88,0.44,1.89
1243,2021-05-21,50.37,50.65,48.35,49.08,34594,257334833.0,4.57,-2.56,-1.29,2.17
1244,2021-05-24,48.79,51.79,48.47,51.52,49931,380186176.0,6.76,4.97,2.44,3.14
1245,2021-05-25,51.53,53.6,51.15,53.3,62792,502582480.0,4.76,3.45,1.78,3.94
1246,2021-05-26,53.23,53.49,52.23,52.33,37586,299304560.0,2.36,-1.82,-0.97,2.36
1247,2021-05-27,52.35,54.44,52.13,53.86,47665,386442528.0,4.41,2.92,1.53,2.99
1248,2021-05-28,53.62,54.91,53.34,53.91,37466,306021296.0,2.91,0.09,0.05,2.35
1249,2021-05-31,53.95,55.92,53.94,55.69,51134,426829072.0,3.67,3.3,1.78,3.21
1250,2021-06-01,55.24,56.33,54.67,54.97,39163,326606224.0,2.98,-1.29,-0.72,2.46
1251,2021-06-02,54.77,55.37,53.53,54.03,39671,324099984.0,3.35,-1.71,-0.94,2.49
1252,2021-06-03,53.67,54.19,52.45,52.52,32029,256888080.0,3.22,-2.79,-1.51,2.01
1253,2021-06-04,52.27,56.02,51.93,55.27,52518,430813056.0,7.79,5.24,2.75,3.3
1254,2021-06-07,56.33,59.29,56.11,57.95,81290,708828176.0,5.75,4.85,2.68,5.11
1255,2021-06-08,58.33,62.25,57.51,60.57,97414,887929488.0,8.18,4.52,2.62,6.12
1256,2021-06-09,60.67,61.33,59.53,60.17,51742,469923296.0,2.97,-0.66,-0.4,3.25
1257,2021-06-10,60.0,61.11,59.25,60.3,59825,541223632.0,3.09,0.22,0.13,3.76
1258,2021-06-11,60.3,60.31,57.98,58.34,60391,535838656.0,3.86,-3.25,-1.96,3.79
1259,2021-06-15,58.14,60.43,57.77,59.48,53775,481901264.0,4.56,1.95,1.14,3.38
1260,2021-06-16,59.5,60.73,57.65,58.08,50687,449511056.0,5.18,-2.35,-1.4,3.18
1261,2021-06-17,58.63,65.27,58.16,64.37,94567,893615280.0,12.24,10.83,6.29,5.94
1262,2021-06-18,64.43,65.49,63.24,64.42,72936,705012928.0,3.5,0.08,0.05,4.58
1263,2021-06-21,63.82,65.34,62.47,64.41,63298,610331856.0,4.46,-0.02,-0.01,3.98
1264,2021-06-22,64.84,65.09,61.67,62.57,60610,573893024.0,5.31,-2.86,-1.84,3.81
1265,2021-06-23,62.57,65.53,62.42,63.41,69149,667605424.0,4.97,1.34,0.84,4.34
1266,2021-06-24,62.95,64.13,61.76,62.72,45110,425197920.0,3.74,-1.09,-0.69,2.83
1267,2021-06-25,62.42,62.93,59.53,61.32,55587,511178928.0,5.42,-2.23,-1.4,3.49
1268,2021-06-28,61.31,64.74,61.29,62.15,52080,494813712.0,5.63,1.35,0.83,3.27
1269,2021-06-29,63.02,64.05,61.87,62.59,47269,447979264.0,3.51,0.71,0.44,2.97
1270,2021-06-30,62.43,67.12,62.36,65.03,73486,720927104.0,7.61,3.9,2.44,4.61
1271,2021-07-01,64.59,66.07,61.19,61.6,58840,562972320.0,7.5,-5.27,-3.43,3.69
1272,2021-07-02,61.09,62.29,59.5,59.65,50237,457631872.0,4.53,-3.17,-1.95,3.15
1273,2021-07-05,59.8,61.99,59.62,61.39,40879,376606896.0,3.97,2.92,1.74,2.57
1274,2021-07-06,59.69,59.69,55.6,56.89,107128,919819408.0,6.66,-7.33,-4.5,6.72
1275,2021-07-07,56.09,57.05,54.79,56.65,53230,451243248.0,3.97,-0.42,-0.24,3.34
1276,2021-07-08,55.62,60.54,55.11,59.95,81535,720628224.0,9.59,5.83,3.3,5.12
1277,2021-07-09,59.79,61.7,59.09,61.05,53525,490142304.0,4.35,1.83,1.1,3.36
1278,2021-07-12,61.68,61.68,59.22,61.01,37711,343964256.0,4.03,-0.07,-0.04,2.37
1279,2021-07-13,61.01,61.29,59.15,59.81,35153,317128704.0,3.51,-1.97,-1.2,2.21
1280,2021-07-14,59.19,59.88,57.97,58.35,29584,261903781.0,3.19,-2.44,-1.46,1.86
1281,2021-07-15,58.2,59.21,57.75,58.22,30701,269706992.0,2.5,-0.22,-0.13,1.93
1282,2021-07-16,57.75,59.91,57.09,58.63,36432,324300800.0,4.84,0.7,0.41,2.29
1283,2021-07-19,57.84,60.35,57.62,58.03,32744,289500608.0,4.66,-1.02,-0.6,2.05
1284,2021-07-20,57.35,60.99,57.29,60.82,44243,398811968.0,6.38,4.81,2.79,2.78
1285,2021-07-21,60.91,63.31,59.8,62.82,57569,537030448.0,5.77,3.29,2.0,3.61
1286,2021-07-22,62.42,63.52,61.32,63.19,47646,449270416.0,3.5,0.59,0.37,2.99
1287,2021-07-23,63.02,63.5,61.54,62.46,39975,375363392.0,3.1,-1.16,-0.73,2.51
1288,2021-07-26,63.0,64.29,60.75,61.92,66878,631677456.0,5.67,-0.86,-0.54,4.2
1289,2021-07-27,61.7,66.96,61.62,62.09,108312,1054573520.0,8.62,0.27,0.17,6.8
1290,2021-07-28,61.82,63.27,57.89,58.62,74653,674342768.0,8.66,-5.59,-3.47,4.68
1291,2021-07-29,60.42,61.22,59.09,60.47,57815,525631856.0,3.63,3.16,1.85,3.63
1292,2021-07-30,60.62,60.88,57.56,58.49,68249,606460160.0,5.49,-3.27,-1.98,4.28
1293,2021-08-02,58.49,64.95,58.26,62.59,85604,802578416.0,11.44,7.01,4.1,5.37
1294,2021-08-03,62.7,62.95,59.76,60.29,60145,554849264.0,5.1,-3.67,-2.3,3.77
1295,2021-08-04,59.81,70.07,59.81,69.35,127830,1277024080.0,17.02,15.03,9.06,8.02
1296,2021-08-05,69.45,71.41,67.42,69.29,101081,1059040336.0,5.75,-0.09,-0.06,6.34
1297,2021-08-06,68.69,70.41,66.42,67.02,57113,581380848.0,5.76,-3.28,-2.27,3.58
1298,2021-08-09,66.81,67.41,63.09,63.69,67691,654277872.0,6.45,-4.97,-3.33,4.25
1299,2021-08-10,63.48,65.84,62.87,64.89,72175,700288080.0,4.66,1.88,1.2,4.53
1300,2021-08-11,64.44,64.88,63.09,64.74,45412,437003056.0,2.76,-0.23,-0.15,2.85
1301,2021-08-12,64.43,66.14,63.97,64.23,45465,444461104.0,3.35,-0.79,-0.51,2.85
1302,2021-08-13,63.95,65.05,62.39,62.83,40992,391750928.0,4.14,-2.18,-1.4,2.57
1303,2021-08-16,63.09,65.69,61.94,63.28,36851,353155104.0,5.97,0.72,0.45,2.31
1304,2021-08-17,62.89,63.59,60.69,61.0,38633,360307408.0,4.58,-3.6,-2.28,2.42
1305,2021-08-18,60.73,62.29,60.37,60.55,34126,314346336.0,3.15,-0.74,-0.45,2.14
1306,2021-08-19,60.55,61.75,58.95,60.99,38887,351935712.0,4.62,0.73,0.44,2.44
1307,2021-08-20,61.49,64.89,61.43,64.07,64298,614857328.0,5.67,5.05,3.08,4.04
1308,2021-08-23,64.88,66.21,62.74,65.29,64583,632298976.0,5.42,1.9,1.22,4.05
1309,2021-08-24,64.29,68.09,63.75,67.09,64794,645712336.0,6.65,2.76,1.8,4.07
1310,2021-08-25,66.89,70.65,65.85,70.2,63999,662264304.0,7.15,4.64,3.11,4.02
1311,2021-08-26,69.33,83.75,69.33,80.71,130034,1535391744.0,20.54,14.97,10.51,8.16
1312,2021-08-27,80.77,84.08,80.21,83.3,86876,1077811968.0,4.79,3.21,2.59,5.45
1313,2021-08-30,82.74,85.75,78.05,78.71,80688,983556176.0,9.24,-5.51,-4.59,5.06
1314,2021-08-31,80.82,81.42,77.28,78.97,51753,616992352.0,5.26,0.33,0.26,3.25
1315,2021-09-01,79.75,80.27,73.01,75.89,63940,725382992.0,9.19,-3.9,-3.08,4.01
1316,2021-09-02,76.46,76.75,72.85,74.31,44824,500664592.0,5.14,-2.08,-1.58,2.81
1317,2021-09-03,74.09,76.42,71.62,72.14,41221,456287488.0,6.46,-2.92,-2.17,2.59
1318,2021-09-06,73.09,74.74,72.09,72.29,33233,365386528.0,3.67,0.21,0.15,2.09
1319,2021-09-07,72.18,76.15,71.47,74.35,41720,463643024.0,6.47,2.85,2.06,2.62
1320,2021-09-08,73.09,74.55,70.71,71.78,42980,466348432.0,5.16,-3.46,-2.57,2.7
1321,2021-09-09,71.81,75.41,70.97,74.25,42583,472155536.0,6.19,3.44,2.47,2.67
1322,2021-09-10,74.21,85.35,73.13,81.27,84490,1009708256.0,16.46,9.45,7.02,5.3
1323,2021-09-13,81.09,83.85,79.23,81.55,60132,738406576.0,5.68,0.34,0.28,3.77
1324,2021-09-14,81.29,87.71,80.95,84.27,69883,890804080.0,8.29,3.34,2.72,4.39
1325,2021-09-15,87.75,96.33,86.09,88.72,92726,1254152000.0,12.15,5.28,4.45,5.82
1326,2021-09-16,87.75,94.09,85.43,90.36,70463,952920928.0,9.76,1.85,1.64,4.42
1327,2021-09-17,90.17,93.71,84.11,86.37,75274,998696704.0,10.62,-4.42,-3.99,4.72
1328,2021-09-22,85.1,88.09,83.29,83.93,56522,727773488.0,5.56,-2.83,-2.44,3.55
1329,2021-09-23,85.61,89.22,81.49,85.81,59002,761841808.0,9.21,2.24,1.88,3.7
1330,2021-09-24,85.09,85.66,82.15,82.74,42472,532764048.0,4.09,-3.58,-3.07,2.67
1331,2021-09-27,83.48,84.75,81.09,81.75,41260,512639760.0,4.42,-1.2,-0.99,2.59
1332,2021-09-28,81.71,85.75,80.55,82.43,31201,390351760.0,6.36,0.83,0.68,1.96
1333,2021-09-29,81.17,84.19,80.29,80.41,40612,501656896.0,4.73,-2.45,-2.02,2.55
1334,2021-09-30,82.64,85.88,81.89,82.79,31558,395637696.0,4.96,2.96,2.38,1.98
1335,2021-10-08,84.42,84.94,78.47,78.81,41483,508495888.0,7.81,-4.81,-3.98,2.6
1336,2021-10-11,77.17,79.8,74.43,75.52,47752,553426928.0,6.81,-4.17,-3.29,3.0
1337,2021-10-12,75.29,76.97,71.13,72.14,47142,519663472.0,7.73,-4.48,-3.38,2.96
1338,2021-10-13,72.31,73.62,71.42,72.66,24165,264305006.0,3.05,0.72,0.52,1.52
1339,2021-10-14,72.9,73.01,69.75,71.42,30789,330278448.0,4.49,-1.71,-1.24,1.93
1340,2021-10-15,71.53,77.81,70.75,77.05,50839,575613760.0,9.89,7.88,5.63,3.19
1341,2021-10-18,75.79,77.03,73.85,74.95,33818,381601312.0,4.13,-2.73,-2.1,2.12
1342,2021-10-19,74.43,76.67,73.94,75.15,22818,258393444.0,3.64,0.27,0.2,1.43
1343,2021-10-20,75.74,82.14,75.42,80.69,51257,615922544.0,8.94,7.37,5.54,3.22
1344,2021-10-21,80.79,85.62,80.75,82.75,44874,564111632.0,6.04,2.55,2.06,2.82
1345,2021-10-22,82.71,87.75,81.93,85.14,47601,608504160.0,7.03,2.89,2.39,2.99
1346,2021-10-25,83.15,86.67,83.15,84.58,36580,468313392.0,4.13,-0.66,-0.56,2.3
1347,2021-10-26,84.59,89.46,84.23,88.55,56332,739218736.0,6.18,4.69,3.97,3.54
1348,2021-10-27,88.62,90.25,86.42,87.45,30747,407043328.0,4.33,-1.24,-1.1,1.93
1349,2021-10-28,87.16,90.93,86.29,88.66,39311,524556944.0,5.31,1.38,1.21,2.47
1350,2021-10-29,89.76,94.09,87.41,91.09,63509,865185232.0,7.53,2.74,2.43,3.99
1351,2021-11-01,90.94,97.21,90.79,95.52,65232,927748928.0,7.05,4.86,4.43,4.09
1352,2021-11-02,95.75,96.8,93.29,93.69,50167,715702752.0,3.67,-1.92,-1.83,3.15
1353,2021-11-03,94.42,98.75,93.75,98.41,51209,745288448.0,5.34,5.04,4.72,3.21
1354,2021-11-04,98.33,99.33,94.98,97.11,38367,558405024.0,4.42,-1.32,-1.3,2.41
1355,2021-11-05,103.09,111.65,102.42,102.54,86053,1368499936.0,9.5,5.59,5.43,5.4
1356,2021-11-08,99.45,104.89,98.54,100.21,56114,851400144.0,6.19,-2.27,-2.33,3.52
1357,2021-11-09,101.98,120.3,99.45,120.3,77342,1280269344.0,20.81,20.05,20.09,4.85
1358,2021-11-10,119.77,123.49,112.75,113.89,92192,1611527488.0,8.93,-5.33,-6.41,5.79
1359,2021-11-11,113.95,122.42,110.75,117.09,97068,1689258960.0,10.25,2.81,3.2,6.09
1360,2021-11-12,117.02,118.75,114.09,117.76,60009,1049309840.0,3.98,0.57,0.67,3.77
1361,2021-11-15,117.75,118.8,107.85,108.51,75783,1265111440.0,9.3,-7.85,-9.25,4.76
1362,2021-11-16,107.95,109.87,103.75,104.51,62029,995125952.0,5.64,-3.69,-4.0,3.89
1363,2021-11-17,108.42,109.75,103.31,107.57,77122,1227931920.0,6.16,2.93,3.06,4.84
1364,2021-11-18,111.43,129.14,110.01,129.14,143450,2657700192.0,17.78,20.05,21.57,9.0
1365,2021-11-19,128.44,133.69,127.16,129.69,95364,1862224176.0,5.06,0.43,0.55,5.98
1366,2021-11-22,129.71,139.52,127.16,134.9,94593,1910877552.0,9.53,4.02,5.21,5.94
1367,2021-11-23,133.76,139.51,133.76,135.75,60710,1247040976.0,4.26,0.63,0.85,3.81
1368,2021-11-24,134.69,142.71,134.28,135.09,66239,1376165168.0,6.21,-0.49,-0.66,4.16
1369,2021-11-25,133.04,137.69,127.77,128.17,77026,1524057520.0,7.34,-5.12,-6.92,4.83
1370,2021-11-26,131.14,131.75,122.42,123.09,61141,1155188192.0,7.28,-3.96,-5.08,3.84
1371,2021-11-29,123.96,125.77,121.47,124.36,58382,1088247632.0,3.49,1.03,1.27,3.66
1372,2021-11-30,127.0,127.69,121.71,123.95,55692,1038171056.0,4.81,-0.33,-0.41,3.49
1373,2021-12-01,122.42,127.78,121.09,121.09,65750,1223927728.0,5.4,-2.31,-2.86,4.13
1374,2021-12-02,117.75,119.75,112.45,115.09,96909,1682263296.0,6.03,-4.95,-6.0,6.08
1375,2021-12-03,115.09,117.47,114.42,115.09,49298,857011616.0,2.65,0.0,0.0,3.09
1376,2021-12-06,115.78,116.42,112.38,113.46,43278,741556704.0,3.51,-1.42,-1.63,2.72
1377,2021-12-07,115.09,115.4,107.87,109.09,51014,840341440.0,6.64,-3.85,-4.37,3.2
1378,2021-12-08,112.17,112.88,109.1,110.85,50900,847024128.0,3.47,1.61,1.76,3.19
1379,2021-12-09,111.01,113.92,109.57,113.75,52004,879042400.0,3.92,2.62,2.9,3.26
1380,2021-12-10,112.83,113.47,110.02,113.45,48427,814619296.0,3.03,-0.26,-0.3,3.04
1381,2021-12-13,116.52,116.89,108.34,110.87,63980,1073356560.0,7.54,-2.27,-2.58,4.02
1382,2021-12-14,111.08,112.09,108.66,108.92,40423,668089616.0,3.09,-1.76,-1.95,2.54
1383,2021-12-15,108.92,110.8,106.66,109.53,40050,658977744.0,3.8,0.56,0.61,2.51
1384,2021-12-16,110.42,112.27,106.75,106.95,39077,636430128.0,5.04,-2.36,-2.58,2.45
1385,2021-12-17,104.29,106.99,102.75,103.09,61411,963481408.0,3.96,-3.61,-3.86,3.85
1386,2021-12-20,103.03,104.95,98.57,98.62,46203,704760944.0,6.19,-4.34,-4.47,2.9
1387,2021-12-21,100.42,101.42,98.82,100.95,33120,498952864.0,2.64,2.36,2.33,2.08
1388,2021-12-22,100.89,108.64,98.81,104.29,61798,971921632.0,9.74,3.31,3.34,3.88
1389,2021-12-23,103.84,108.89,103.36,108.42,57413,926742496.0,5.3,3.96,4.13,3.29
1390,2021-12-24,107.45,108.42,104.63,106.69,34607,554052976.0,3.5,-1.6,-1.73,1.99
1391,2021-12-27,105.23,108.64,104.03,104.27,30579,486956816.0,4.32,-2.27,-2.42,1.75
1392,2021-12-28,104.45,108.09,104.29,105.76,34324,547654144.0,3.64,1.43,1.49,1.67
1393,2021-12-29,106.09,106.38,99.67,103.31,51495,792153792.0,6.34,-2.32,-2.45,2.51
1394,2021-12-30,103.09,107.63,102.89,105.95,43775,695538976.0,4.59,2.56,2.64,2.14
1395,2021-12-31,105.94,106.95,100.95,101.22,38953,602438448.0,5.66,-4.46,-4.73,1.9
1396,2022-01-04,101.23,103.08,97.09,100.71,38902,585695744.0,5.92,-0.5,-0.51,1.9
1397,2022-01-05,100.14,100.7,94.02,95.09,50117,726375392.0,6.63,-5.58,-5.62,2.45
1398,2022-01-06,93.98,97.01,93.46,94.54,32497,463541296.0,3.73,-0.58,-0.55,1.59
1399,2022-01-07,95.09,97.09,91.42,91.53,34731,487839664.0,6.0,-3.18,-3.01,1.69
1400,2022-01-10,91.45,92.91,89.62,91.09,33268,456028704.0,3.59,-0.48,-0.44,1.62
1401,2022-01-11,84.87,86.4,82.53,83.02,79613,1006070752.0,4.25,-8.86,-8.07,3.88
1402,2022-01-12,84.67,85.35,80.09,80.67,61410,754686384.0,6.34,-2.83,-2.35,3.0
1403,2022-01-13,81.57,81.59,78.41,78.43,38636,461118992.0,3.94,-2.78,-2.24,1.89
1404,2022-01-14,78.51,81.81,77.75,80.55,43604,526168688.0,5.18,2.7,2.12,2.13
1405,2022-01-17,80.75,82.62,79.75,81.67,37120,454688608.0,3.56,1.39,1.12,1.81
1406,2022-01-18,81.75,87.11,80.09,84.41,54081,686726400.0,8.6,3.35,2.74,2.64
1407,2022-01-19,83.75,84.08,80.69,82.27,35152,436416608.0,4.02,-2.54,-2.14,1.72
1408,2022-01-20,81.49,82.62,79.87,80.75,27930,339991184.0,3.34,-1.85,-1.52,1.36
1409,2022-01-21,80.41,80.94,78.21,78.62,27119,323823392.0,3.38,-2.64,-2.13,1.32
1410,2022-01-24,78.09,80.81,78.09,80.05,27810,332532784.0,3.46,1.82,1.43,1.36
1411,2022-01-25,79.19,81.89,77.24,77.24,34861,417409680.0,5.81,-3.51,-2.81,1.7
1412,2022-01-26,77.42,77.98,75.95,76.89,31322,362423888.0,2.63,-0.45,-0.35,1.53
1413,2022-01-27,77.4,82.27,76.09,76.48,49744,586391840.0,8.04,-0.53,-0.41,2.43
1414,2022-01-28,76.87,77.72,73.83,75.19,35249,402437152.0,5.09,-1.69,-1.29,1.72
1415,2022-02-07,76.42,77.79,74.68,75.44,29240,333556256.0,4.14,0.33,0.25,1.43
1416,2022-02-08,76.07,76.11,72.32,74.89,38892,431101008.0,5.02,-0.73,-0.55,1.9
1417,2022-02-09,74.75,75.41,72.75,74.97,29890,333143184.0,3.55,0.11,0.08,1.46
1418,2022-02-10,76.69,76.95,72.55,72.99,28553,316708464.0,5.87,-2.64,-1.98,1.39
1419,2022-02-11,72.28,72.86,70.73,70.95,27699,298368880.0,2.92,-2.79,-2.04,1.35
1420,2022-02-14,70.79,74.97,69.75,72.41,38395,420140528.0,7.36,2.06,1.46,1.87
1421,2022-02-15,73.15,75.35,72.45,75.11,31070,347354448.0,4.0,3.73,2.7,1.52
1422,2022-02-16,75.75,75.89,73.21,74.34,25279,281636432.0,3.57,-1.03,-0.77,1.23
1423,2022-02-17,74.36,76.75,74.06,75.79,30384,345714128.0,3.62,1.95,1.45,1.48
1424,2022-02-18,75.78,78.09,74.52,75.25,35233,402090880.0,4.71,-0.71,-0.54,1.72
1425,2022-02-21,75.75,77.21,73.49,74.31,34321,387640336.0,4.94,-1.25,-0.94,1.67
1426,2022-02-22,74.31,74.31,70.89,72.46,32561,353482256.0,4.6,-2.49,-1.85,1.59
1427,2022-02-23,72.49,80.48,72.46,77.51,83784,974785712.0,11.07,6.97,5.05,4.09
1428,2022-02-24,78.31,80.56,76.47,80.26,102338,1210641328.0,5.28,3.55,2.75,4.99
1429,2022-02-25,81.09,83.47,78.75,83.09,111794,1371603888.0,5.88,3.53,2.83,5.46
1430,2022-02-28,82.82,83.62,80.36,81.66,69528,857980880.0,3.92,-1.72,-1.43,3.39
1431,2022-03-01,81.42,82.81,80.08,80.35,59794,731173792.0,3.34,-1.6,-1.31,2.92
1432,2022-03-02,80.35,80.81,78.33,80.41,47766,570633200.0,3.09,0.07,0.06,2.33
1433,2022-03-03,80.88,80.88,76.75,77.2,54501,638810096.0,5.14,-3.99,-3.21,2.66
1434,2022-03-04,76.42,82.08,75.94,79.39,68209,818971856.0,7.95,2.84,2.19,3.33
1435,2022-03-07,79.39,79.75,75.1,75.75,51352,594345744.0,5.86,-4.58,-3.64,2.51
1436,2022-03-08,75.75,79.29,74.02,77.23,62755,726504240.0,6.96,1.95,1.48,3.06
1437,2022-03-09,77.07,77.73,67.09,71.75,96619,1054520656.0,13.78,-7.1,-5.48,4.71
1438,2022-03-10,73.71,74.13,69.49,71.41,66098,711012464.0,6.47,-0.47,-0.34,3.23
1439,2022-03-11,68.62,71.81,68.1,71.22,45126,476069504.0,5.2,-0.27,-0.19,2.2
1440,2022-03-14,69.75,71.01,68.29,68.61,33490,350080160.0,3.82,-3.66,-2.61,1.63
1441,2022-03-15,67.76,68.15,63.76,64.64,71468,709386560.0,6.4,-5.79,-3.97,3.49
1442,2022-03-16,66.05,66.29,61.31,65.69,67403,648256432.0,7.7,1.62,1.05,3.29
1443,2022-03-17,66.09,71.21,66.09,70.75,74796,778561456.0,7.79,7.7,5.06,3.65
1444,2022-03-18,70.75,72.87,68.25,69.67,67001,707220624.0,6.53,-1.53,-1.08,3.27
1445,2022-03-21,69.15,73.67,69.09,71.75,58665,633358224.0,6.57,2.99,2.08,2.86
1446,2022-03-22,72.09,72.53,70.75,72.03,35581,384020384.0,2.48,0.39,0.28,1.74
1447,2022-03-23,72.52,74.18,70.42,73.05,42820,468783200.0,5.22,1.42,1.02,2.09
1448,2022-03-24,72.05,72.42,69.84,70.41,34848,371542320.0,3.53,-3.61,-2.64,1.7
1449,2022-03-25,72.43,73.29,69.33,69.33,38337,409975568.0,5.62,-1.53,-1.08,1.87
1450,2022-03-28,68.42,69.42,66.35,66.57,35767,363714944.0,4.43,-3.98,-2.76,1.75
1451,2022-03-29,67.05,68.27,64.95,65.36,31582,314185200.0,4.99,-1.82,-1.21,1.54
1452,2022-03-30,65.77,68.59,65.77,68.15,35022,355683808.0,4.31,4.27,2.79,1.71
1453,2022-03-31,67.8,67.93,63.99,64.09,47904,471296528.0,5.78,-5.96,-4.06,2.34
1454,2022-04-01,63.73,64.82,62.82,63.15,36725,351335168.0,3.12,-1.47,-0.94,1.79
1455,2022-04-06,62.58,63.13,60.06,61.27,47451,435520800.0,4.86,-2.98,-1.88,2.32
1456,2022-04-07,61.43,62.42,59.55,59.73,32726,299363616.0,4.68,-2.51,-1.54,1.6
1457,2022-04-08,60.75,61.9,59.31,61.05,42322,388432128.0,4.34,2.21,1.32,2.07
1458,2022-04-11,60.81,60.86,56.95,57.49,36790,323880448.0,6.4,-5.83,-3.56,1.8
1459,2022-04-12,57.09,58.01,55.97,57.56,33070,284166496.0,3.55,0.12,0.07,1.61
1460,2022-04-13,57.29,57.29,55.31,55.99,24235,204674487.0,3.44,-2.73,-1.57,1.18
1461,2022-04-14,56.42,57.03,54.5,56.37,40019,337192224.0,4.52,0.68,0.38,1.95
1462,2022-04-15,55.61,56.77,54.62,56.29,28922,243024381.0,3.81,-0.14,-0.08,1.41
1463,2022-04-18,55.84,59.47,55.01,58.92,53398,465318624.0,7.92,4.67,2.63,2.61
1464,2022-04-19,58.89,59.62,58.01,58.55,28294,250196840.0,2.73,-0.63,-0.37,1.38
1465,2022-04-20,59.3,59.66,57.77,57.82,24858,219706483.0,3.23,-1.25,-0.73,1.21
1466,2022-04-21,57.49,59.83,57.15,57.46,40418,356876416.0,4.64,-0.62,-0.36,1.97
1467,2022-04-22,56.35,58.06,54.62,54.99,43912,369291152.0,5.99,-4.3,-2.47,2.14
1468,2022-04-25,53.41,54.29,49.09,49.51,39295,308335216.0,9.46,-9.97,-5.48,1.92
1469,2022-04-26,49.95,50.56,47.64,48.09,38272,283938144.0,5.9,-2.87,-1.42,1.87
1470,2022-04-27,47.56,51.61,46.95,51.39,41949,311298864.0,9.69,6.86,3.3,2.05
1471,2022-04-28,52.29,52.97,50.42,51.99,39508,308491856.0,4.96,1.17,0.6,1.93
1472,2022-04-29,52.35,55.49,51.54,55.03,47729,386617776.0,7.6,5.85,3.04,2.33
1473,2022-05-05,55.06,56.69,54.87,55.12,40394,338500496.0,3.31,0.16,0.09,1.97
1474,2022-05-06,53.62,64.42,53.21,58.0,82642,725000080.0,20.34,5.22,2.88,4.03
1475,2022-05-09,56.41,58.87,55.74,56.95,49645,425628176.0,5.4,-1.81,-1.05,2.42
1476,2022-05-10,55.35,59.42,54.99,57.75,52562,457730144.0,7.78,1.4,0.8,2.56
1477,2022-05-11,57.69,61.75,57.35,58.81,68692,618932992.0,7.62,1.84,1.06,3.35
1478,2022-05-12,58.09,59.75,57.75,58.42,36210,319179408.0,3.4,-0.66,-0.39,1.77
1479,2022-05-13,58.62,58.95,57.53,58.16,28838,252895225.0,2.43,-0.45,-0.26,1.41
1480,2022-05-16,58.69,59.99,57.54,58.07,32510,286982944.0,4.21,-0.15,-0.09,1.59
1481,2022-05-17,57.95,59.87,57.14,59.75,37686,334569984.0,4.7,2.89,1.68,1.84
1482,2022-05-18,59.85,60.11,58.01,58.07,40371,357532176.0,3.51,-2.81,-1.68,1.97
1483,2022-05-19,57.3,60.95,57.09,60.85,60341,538167040.0,6.65,4.79,2.78,2.94
1484,2022-05-20,60.42,60.75,58.96,59.97,52939,476073456.0,2.94,-1.45,-0.88,2.58
1485,2022-05-23,60.42,61.38,59.75,61.11,43697,398847024.0,2.72,1.9,1.14,2.13
1486,2022-05-24,60.66,61.69,56.44,56.61,55003,490829824.0,8.59,-7.36,-4.5,2.68
1487,2022-05-25,56.75,58.75,56.67,58.16,41458,361153856.0,3.67,2.74,1.55,2.02
1488,2022-05-26,57.75,59.55,56.72,58.27,36660,322032352.0,4.87,0.19,0.11,1.79
1489,2022-05-27,58.68,59.92,56.89,57.05,38126,334501168.0,5.2,-2.09,-1.22,1.86
1490,2022-05-30,57.75,58.67,56.75,57.33,33385,289648288.0,3.37,0.49,0.28,1.63
1491,2022-05-31,57.39,58.15,55.09,57.89,54414,465503632.0,5.34,0.98,0.56,2.6
1492,2022-06-01,57.62,58.59,57.11,58.09,38750,337215120.0,2.56,0.35,0.2,1.85
1493,2022-06-02,57.83,61.0,57.55,60.69,66796,604656464.0,5.94,4.48,2.6,3.19
1494,2022-06-06,60.96,64.21,60.18,63.86,74325,698674384.0,6.64,5.22,3.17,3.55
1495,2022-06-07,64.08,64.34,61.75,62.41,59448,560902736.0,4.06,-2.27,-1.45,2.84
1496,2022-06-08,62.31,66.27,61.68,64.88,139554,895279392.0,7.35,3.96,2.47,4.44
1497,2022-06-09,64.62,64.62,60.24,60.58,124489,767482640.0,6.75,-6.63,-4.3,3.96
1498,2022-06-10,59.88,61.43,59.74,60.98,105751,640774912.0,2.79,0.66,0.4,3.36
1499,2022-06-13,60.31,61.57,59.87,60.59,82948,502457392.0,2.79,-0.64,-0.39,2.64
1500,2022-06-14,59.83,60.35,56.88,59.68,75159,442882304.0,5.73,-1.5,-0.91,2.39
1501,2022-06-15,59.58,62.45,59.56,60.41,92348,564954672.0,4.84,1.22,0.73,2.94
1502,2022-06-16,59.96,62.73,59.93,61.62,80147,496079136.0,4.63,2.0,1.21,2.55
1503,2022-06-17,60.84,62.12,60.08,61.42,63411,388644176.0,3.31,-0.32,-0.2,2.02
1504,2022-06-20,61.44,63.35,61.34,62.88,74805,467967856.0,3.27,2.38,1.46,2.38
1505,2022-06-21,62.88,63.67,61.58,62.34,68226,425993472.0,3.32,-0.86,-0.54,2.17
1506,2022-06-22,62.2,62.88,60.25,60.36,59562,365372224.0,4.22,-3.18,-1.98,1.89
1507,2022-06-23,60.56,63.38,60.18,63.34,88005,545312320.0,5.3,4.94,2.98,2.8
1508,2022-06-24,63.75,65.14,62.9,64.2,107260,688205808.0,3.54,1.36,0.86,3.41
1509,2022-06-27,64.75,69.54,64.75,67.4,160628,1076849392.0,7.46,4.98,3.2,5.11
1510,2022-06-28,67.28,69.56,66.18,69.38,127964,869557856.0,5.01,2.94,1.98,4.07
1511,2022-06-29,71.38,73.53,68.8,68.88,180135,1288625584.0,6.82,-0.72,-0.5,5.73
1512,2022-06-30,68.28,69.88,67.56,68.27,118758,816097776.0,3.37,-0.89,-0.61,3.76
1513,2022-07-01,67.9,69.38,66.76,67.8,93625,638517968.0,3.84,-0.69,-0.47,2.97
1514,2022-07-04,66.88,67.76,65.21,66.19,89362,590837376.0,3.76,-2.37,-1.61,2.83
1515,2022-07-05,66.17,68.18,66.07,67.2,78308,527476912.0,3.19,1.53,1.01,2.48
1516,2022-07-06,66.42,69.52,66.23,68.38,90913,622524368.0,4.9,1.76,1.18,2.88
1517,2022-07-07,68.58,68.58,67.05,67.3,56087,379638224.0,2.24,-1.58,-1.08,1.78
1518,2022-07-08,67.76,68.64,65.98,65.99,63170,425750373.0,3.95,-1.95,-1.31,2.0
1519,2022-07-11,65.09,65.56,62.56,63.53,69497,441450191.0,4.55,-3.73,-2.46,2.2
1520,2022-07-12,63.38,64.03,61.04,61.09,53423,332505215.0,4.71,-3.84,-2.44,1.69
1521,2022-07-13,61.63,61.93,60.46,60.88,40389,247844902.0,2.41,-0.34,-0.21,1.28
1522,2022-07-14,60.55,62.65,59.89,61.76,46257,286367229.0,4.53,1.45,0.88,1.47
1523,2022-07-15,61.88,63.16,60.88,61.96,48996,306199996.0,3.69,0.32,0.2,1.55
1524,2022-07-18,62.21,62.88,60.68,62.71,42652,264306177.0,3.55,1.21,0.75,1.35
1525,2022-07-19,62.3,63.13,61.36,61.89,41574,258491958.0,2.82,-1.31,-0.82,1.32
1526,2022-07-20,62.37,64.04,62.35,64.04,66036,418512422.0,2.73,3.47,2.15,2.09
1527,2022-07-21,63.8,66.44,63.23,64.73,75829,496242960.0,5.01,1.08,0.69,2.4
1528,2022-07-22,64.89,65.06,62.05,62.66,56249,356379152.0,4.65,-3.2,-2.07,1.78
1529,2022-07-25,62.06,63.75,61.59,62.03,31607,197203283.0,3.45,-1.01,-0.63,1.0
1530,2022-07-26,62.18,62.74,61.44,62.27,28848,179316447.0,2.1,0.39,0.24,0.91
1531,2022-07-27,62.38,62.89,61.43,61.67,33968,211288525.0,2.34,-0.96,-0.6,1.07
1532,2022-07-28,62.1,63.28,62.03,62.71,43643,274386558.0,2.03,1.69,1.04,1.38
1533,2022-07-29,62.78,63.15,59.43,59.48,64181,392116096.0,5.93,-5.15,-3.23,2.03
1534,2022-08-01,59.49,60.94,59.28,59.96,43987,264622380.0,2.79,0.81,0.48,1.39
1535,2022-08-02,59.41,61.11,58.3,58.98,56562,336865209.0,4.69,-1.63,-0.98,1.79
1536,2022-08-03,59.01,68.38,59.01,67.08,208638,1348591428.0,15.89,13.73,8.1,6.6
1537,2022-08-04,67.4,68.68,66.38,67.72,159000,1074168050.0,3.43,0.95,0.64,5.03
1538,2022-08-05,67.55,74.63,66.4,73.38,236973,1694763610.0,12.15,8.36,5.66,7.49
1539,2022-08-08,73.43,73.68,70.26,72.34,159236,1142988571.0,4.66,-1.42,-1.04,5.03
1540,2022-08-09,68.68,68.68,64.98,66.84,232659,1545978696.0,5.11,-7.6,-5.5,7.36
1541,2022-08-10,63.99,66.21,63.51,64.91,156746,1019543678.0,4.04,-2.89,-1.93,4.96
1542,2022-08-11,64.91,65.82,64.36,65.47,121348,792253010.0,2.25,0.86,0.56,3.84
1543,2022-08-12,64.89,64.89,61.69,62.12,153772,969706219.0,4.89,-5.12,-3.35,4.86
1544,2022-08-15,61.48,62.71,61.44,62.46,62702,391163097.0,2.04,0.55,0.34,1.98
1545,2022-08-16,62.36,62.38,61.48,62.02,65861,408052912.0,1.44,-0.7,-0.44,2.08
1546,2022-08-17,62.18,62.53,61.58,62.2,57085,355242531.0,1.53,0.29,0.18,1.8
1547,2022-08-18,61.91,62.13,59.97,61.58,82861,508011126.0,3.47,-1.0,-0.62,2.62
1548,2022-08-19,61.36,62.23,60.44,60.6,55642,342192949.0,2.91,-1.59,-0.98,1.76
1549,2022-08-22,60.18,61.44,59.39,61.15,38994,237950759.0,3.38,0.91,0.55,1.23
1550,2022-08-23,61.03,62.37,60.54,62.13,63318,393266347.0,2.99,1.6,0.98,2.0
1551,2022-08-24,61.87,62.04,59.26,59.26,66466,401577703.0,4.47,-4.62,-2.87,2.1
1552,2022-08-25,58.88,59.77,57.16,57.52,57859,337613872.0,4.4,-2.94,-1.74,1.83
1553,2022-08-26,57.45,58.53,56.72,56.78,38890,224410514.0,3.15,-1.29,-0.74,1.23
1554,2022-08-29,54.88,56.24,54.88,55.58,37147,206901578.0,2.4,-2.11,-1.2,1.17
1555,2022-08-30,55.38,56.76,55.05,56.72,39111,219819666.0,3.08,2.05,1.14,1.24
1556,2022-08-31,56.38,57.38,55.24,55.38,37605,211085047.0,3.77,-2.36,-1.34,1.19
1557,2022-09-01,62.88,64.76,59.15,59.78,229465,1429529598.0,10.13,7.95,4.4,7.25
1558,2022-09-02,60.08,63.78,58.85,61.22,204575,1272678839.0,8.25,2.41,1.44,6.47
1559,2022-09-05,59.48,60.04,55.18,56.56,139964,799803451.0,7.94,-7.61,-4.66,4.42
1560,2022-09-06,56.09,56.95,55.51,56.7,67748,382137974.0,2.55,0.25,0.14,2.14
1561,2022-09-07,55.89,58.78,55.88,57.53,85340,493186472.0,5.11,1.46,0.83,2.7
1562,2022-09-08,56.88,57.28,55.38,55.62,70020,394816748.0,3.3,-3.32,-1.91,2.21
1563,2022-09-09,55.59,56.09,55.17,55.95,39011,217362908.0,1.65,0.59,0.33,1.23
1564,2022-09-13,55.48,56.64,55.48,56.03,33819,190019544.0,2.07,0.14,0.08,1.07
1565,2022-09-14,55.33,57.56,54.91,57.34,78026,439608493.0,4.73,2.34,1.31,2.47
1566,2022-09-15,57.05,57.26,55.24,55.76,57379,323172484.0,3.52,-2.76,-1.58,1.81
1567,2022-09-16,55.43,59.38,55.43,57.08,137426,794039539.0,7.08,2.37,1.32,4.34
1568,2022-09-19,56.87,58.76,55.51,55.8,87686,499973447.0,5.69,-2.24,-1.28,2.77
1569,2022-09-20,55.91,55.95,51.87,51.88,119426,635501466.0,7.31,-7.03,-3.92,3.78
1570,2022-09-21,51.49,51.62,49.46,49.71,71352,358038466.0,4.16,-4.18,-2.17,2.25
1571,2022-09-22,48.88,50.63,48.59,49.81,45023,225670862.0,4.1,0.2,0.1,1.42
1572,2022-09-23,49.86,50.25,47.18,47.21,69421,336134997.0,6.16,-5.22,-2.6,2.19
1573,2022-09-26,46.92,47.48,45.88,46.43,50348,234984893.0,3.39,-1.65,-0.78,1.59
1574,2022-09-27,46.38,48.03,46.38,47.99,49998,237872122.0,3.55,3.36,1.56,1.58
1575,2022-09-28,47.88,49.18,47.19,47.2,58791,285065928.0,4.15,-1.65,-0.79,1.86
1576,2022-09-29,47.63,48.76,47.28,47.69,41166,198196909.0,3.14,1.04,0.49,1.3
1577,2022-09-30,47.7,48.68,47.41,47.78,39682,191002455.0,2.66,0.19,0.09,1.25
1578,2022-10-10,47.84,48.0,44.18,44.49,56562,257383041.0,7.99,-6.89,-3.29,1.78
1579,2022-10-11,44.53,45.33,43.56,44.73,34574,154785248.0,3.98,0.54,0.24,1.09
1580,2022-10-12,44.75,47.08,44.37,47.03,53644,247317261.0,6.06,5.14,2.3,1.69
1581,2022-10-13,46.88,50.45,46.43,49.26,89201,441807549.0,8.55,4.74,2.23,2.81
1582,2022-10-14,48.9,50.24,48.9,50.16,49901,249242643.0,2.72,1.83,0.9,1.57
1583,2022-10-17,49.78,52.38,49.73,51.2,51859,267372600.0,5.28,2.07,1.04,1.64
1584,2022-10-18,51.06,51.48,50.38,50.91,38002,193665720.0,2.15,-0.57,-0.29,1.2
1585,2022-10-19,50.66,51.72,50.59,50.8,35830,183428922.0,2.22,-0.22,-0.11,1.13
1586,2022-10-20,50.84,54.31,50.68,53.38,84888,449318438.0,7.15,5.08,2.58,2.68
1587,2022-10-21,52.88,53.27,51.86,52.21,46924,246764789.0,2.64,-2.19,-1.17,1.48
1588,2022-10-24,52.13,53.72,51.88,52.23,57740,305607559.0,3.52,0.04,0.02,1.82
1589,2022-10-25,52.05,53.08,51.39,51.63,37373,195405731.0,3.24,-1.15,-0.6,1.18
1590,2022-10-26,51.88,59.16,50.94,58.67,157280,886416032.0,15.92,13.64,7.04,4.96
1591,2022-10-27,57.88,63.38,57.83,60.21,168572,1029485699.0,9.46,2.62,1.54,5.32
1592,2022-10-28,58.94,63.43,58.87,60.11,152606,945406542.0,7.57,-0.17,-0.1,4.82
1593,2022-10-31,61.48,68.81,60.51,67.46,207846,1357808449.0,13.81,12.23,7.35,6.56
1594,2022-11-01,67.73,68.56,65.99,68.41,121763,819151810.0,3.81,1.41,0.95,3.84
1595,2022-11-02,68.65,71.15,65.94,66.4,128211,869568865.0,7.62,-2.94,-2.01,4.05
1596,2022-11-03,66.06,67.91,65.68,66.93,84478,566157138.0,3.36,0.8,0.53,2.67
1597,2022-11-04,66.28,66.76,63.91,65.83,127779,835642776.0,4.26,-1.64,-1.1,4.03
1598,2022-11-07,65.89,66.46,62.33,63.02,110912,713966793.0,6.27,-4.27,-2.81,3.5
1599,2022-11-08,63.88,65.66,63.21,64.88,91165,589700907.0,3.89,2.95,1.86,2.88
1600,2022-11-09,64.81,65.24,62.42,64.42,79179,507675123.0,4.35,-0.71,-0.46,2.5
1601,2022-11-10,63.83,65.53,62.89,63.03,49466,316575685.0,4.1,-2.16,-1.39,1.56
1602,2022-11-11,65.58,65.9,61.69,61.9,76941,488229377.0,6.68,-1.79,-1.13,2.43
1603,2022-11-14,61.76,62.73,60.66,62.45,43700,271806331.0,3.34,0.89,0.55,1.38
1604,2022-11-15,62.46,66.98,61.19,66.06,112807,740672113.0,9.27,5.78,3.61,3.56
1605,2022-11-16,65.35,65.87,64.51,64.96,59782,389274732.0,2.06,-1.67,-1.1,1.89
1606,2022-11-17,64.89,64.98,62.16,64.87,68862,438407687.0,4.34,-0.14,-0.09,2.17
1607,2022-11-18,64.38,65.86,62.98,63.42,56383,363393240.0,4.44,-2.24,-1.45,1.78
1608,2022-11-21,62.69,64.24,60.42,61.15,76740,474006895.0,6.02,-3.58,-2.27,2.42
1609,2022-11-22,60.68,62.03,60.17,60.86,47121,288080707.0,3.04,-0.47,-0.29,1.49
1610,2022-11-23,60.86,61.42,59.39,59.91,38516,233044323.0,3.34,-1.56,-0.95,1.22
1611,2022-11-24,59.88,60.7,58.12,58.77,53374,316043093.0,4.31,-1.9,-1.14,1.68
1612,2022-11-25,59.18,59.68,57.02,57.27,47919,277710206.0,4.53,-2.55,-1.5,1.51
1613,2022-11-28,56.3,57.43,55.89,56.64,33148,188090892.0,2.69,-1.1,-0.63,1.05
1614,2022-11-29,56.95,57.86,56.7,56.99,47476,272367058.0,2.05,0.62,0.35,1.5
1615,2022-11-30,56.88,58.12,55.16,57.58,66576,377697498.0,5.19,1.04,0.59,2.1
1616,2022-12-01,58.87,61.5,58.31,60.02,94334,570154742.0,5.54,4.24,2.44,2.98
1617,2022-12-02,59.36,61.38,59.21,60.34,49734,301231789.0,3.62,0.53,0.32,1.57
1618,2022-12-05,60.36,60.87,59.45,60.05,45135,270968194.0,2.35,-0.48,-0.29,1.42
1619,2022-12-06,59.89,62.76,59.38,60.95,60129,367610765.0,5.63,1.5,0.9,1.9
1620,2022-12-07,60.35,60.68,58.58,59.0,62839,374455079.0,3.45,-3.2,-1.95,1.98
1621,2022-12-08,58.93,59.37,57.63,58.01,47514,277366426.0,2.95,-1.68,-0.99,1.5
1622,2022-12-09,58.46,59.38,57.21,57.38,52925,307786270.0,3.74,-1.09,-0.63,1.67
1623,2022-12-12,57.38,62.08,57.0,61.56,111852,676566023.0,8.85,7.28,4.18,3.53
1624,2022-12-13,61.58,61.58,58.8,59.31,69062,412760494.0,4.52,-3.65,-2.25,2.18
1625,2022-12-14,61.48,61.9,57.96,58.19,78929,474233257.0,6.64,-1.89,-1.12,2.49
1626,2022-12-15,57.93,60.69,57.93,59.77,59734,357614602.0,4.74,2.72,1.58,1.88
1627,2022-12-16,59.29,61.02,58.2,60.06,56334,337523436.0,4.72,0.49,0.29,1.78
1628,2022-12-19,59.88,61.05,58.87,59.05,52359,314531007.0,3.63,-1.68,-1.01,1.65
1629,2022-12-20,58.19,59.82,55.75,56.12,64071,365191102.0,6.89,-4.96,-2.93,2.02
1630,2022-12-21,56.09,56.09,53.46,54.17,60332,329498073.0,4.69,-3.47,-1.95,1.9
1631,2022-12-22,54.32,54.85,52.48,52.78,49543,266841093.0,4.38,-2.57,-1.39,1.56
1632,2022-12-23,52.24,53.15,51.34,52.14,49342,256940955.0,3.43,-1.21,-0.64,1.56
1633,2022-12-26,52.38,54.24,52.24,54.06,36260,194686524.0,3.84,3.68,1.92,1.14
1634,2022-12-27,54.46,55.13,53.38,54.54,31359,170464670.0,3.24,0.89,0.48,0.99
1635,2022-12-28,54.51,54.81,53.58,53.81,24968,134989792.0,2.26,-1.34,-0.73,0.79
1636,2022-12-29,53.86,56.11,53.19,54.93,51406,284449816.0,5.43,2.08,1.12,1.62
1637,2022-12-30,54.93,55.69,54.18,54.45,23656,129809151.0,2.75,-0.87,-0.48,0.75
1638,2023-01-03,54.45,56.63,53.48,56.26,44749,250202719.0,5.79,3.32,1.81,1.41
1639,2023-01-04,56.26,57.1,55.26,55.92,39475,221320346.0,3.27,-0.6,-0.34,1.24
1640,2023-01-05,55.58,56.25,55.27,56.08,30546,170822900.0,1.75,0.29,0.16,0.96
1641,2023-01-06,56.07,56.49,55.38,55.76,33621,188184342.0,1.98,-0.57,-0.32,1.06
1642,2023-01-09,55.63,56.81,54.63,54.74,43049,239390151.0,3.91,-1.83,-1.02,1.36
1643,2023-01-10,54.33,55.68,54.33,54.68,34862,192203210.0,2.47,-0.11,-0.06,1.1
1644,2023-01-11,54.83,55.99,53.49,53.68,43268,237479796.0,4.57,-1.83,-1.0,1.36
1645,2023-01-12,53.74,54.42,53.21,53.77,29880,161318942.0,2.25,0.17,0.09,0.94
1646,2023-01-13,53.6,54.08,52.58,53.18,30439,162100551.0,2.79,-1.1,-0.59,0.96
1647,2023-01-16,53.17,55.62,53.08,54.98,43809,239580959.0,4.78,3.38,1.8,1.38
1648,2023-01-17,55.03,59.77,54.88,57.28,91315,526708805.0,8.89,4.18,2.3,2.88
1649,2023-01-18,57.06,59.48,56.98,58.77,80562,470173906.0,4.36,2.6,1.49,2.54
1650,2023-01-19,58.36,61.08,58.3,60.54,84214,507778317.0,4.73,3.01,1.77,2.66
1651,2023-01-20,60.06,60.98,59.57,60.26,59406,358607418.0,2.33,-0.46,-0.28,1.87
1652,2023-01-30,61.38,61.73,59.64,60.52,56489,341985753.0,3.47,0.43,0.26,1.78
1653,2023-01-31,59.88,60.38,59.33,59.88,45793,274191338.0,1.73,-1.06,-0.64,1.44
1654,2023-02-01,59.78,62.33,59.78,62.09,84226,519654981.0,4.26,3.69,2.21,2.66
1655,2023-02-02,63.38,67.38,63.38,65.88,150780,991294266.0,6.44,6.1,3.79,4.75
1656,2023-02-03,64.86,66.54,63.68,66.13,89288,583055566.0,4.34,0.38,0.25,2.82
1657,2023-02-06,66.78,68.36,64.38,66.07,110597,735223327.0,6.02,-0.09,-0.06,3.49
1658,2023-02-07,66.48,71.48,66.39,69.94,189921,1325978167.0,7.7,5.86,3.87,5.99
1659,2023-02-08,71.46,71.53,66.48,68.77,159827,1101050767.0,7.22,-1.67,-1.17,5.04
1660,2023-02-09,67.38,82.55,66.38,82.55,293441,2263123941.0,23.51,20.04,13.78,9.25
1661,2023-02-10,85.87,86.87,79.58,80.88,307216,2575356018.0,8.83,-2.02,-1.67,9.69
1662,2023-02-13,79.88,88.41,79.83,84.67,288557,2429349891.0,10.61,4.69,3.79,9.1
1663,2023-02-14,82.94,86.76,80.77,83.81,219916,1824869578.0,7.07,-1.02,-0.86,6.93
1664,2023-02-15,80.58,87.64,77.8,85.96,339401,2779718209.0,11.74,2.57,2.15,10.7
1665,2023-02-16,83.62,83.62,78.46,79.6,247233,2015964407.0,6.0,-7.4,-6.36,7.8
1666,2023-02-17,78.94,79.59,74.11,74.21,204194,1553222682.0,6.88,-6.77,-5.39,6.44
1667,2023-02-20,74.21,76.63,73.22,76.19,135882,1021315426.0,4.6,2.67,1.98,4.28
1668,2023-02-21,75.73,77.88,73.66,74.75,135894,1027411273.0,5.54,-1.89,-1.44,4.28
1669,2023-02-22,73.55,74.93,73.05,74.23,97394,721232770.0,2.52,-0.7,-0.52,3.07
1670,2023-02-23,74.38,78.68,72.88,75.73,202172,1545092760.0,7.81,2.02,1.5,6.37
1671,2023-02-24,77.88,78.68,73.88,74.11,201080,1538757304.0,6.34,-2.14,-1.62,6.34
1672,2023-02-27,72.79,74.39,70.74,71.35,169601,1222131895.0,4.93,-3.72,-2.76,5.34
1673,2023-02-28,72.88,73.43,70.68,72.14,113060,816432699.0,3.85,1.11,0.79,3.56
1674,2023-03-01,71.91,75.75,71.39,74.9,175098,1301202838.0,6.04,3.83,2.76,5.51
1675,2023-03-02,74.68,79.64,73.64,77.89,229005,1763795950.0,8.01,3.99,2.99,7.21
1676,2023-03-03,77.89,81.88,75.68,80.08,230872,1816963317.0,7.96,2.81,2.19,7.27
1677,2023-03-06,78.85,79.78,77.38,77.6,125748,985191529.0,3.0,-3.1,-2.48,3.96
1678,2023-03-07,77.08,78.57,73.25,73.26,132185,998863953.0,6.86,-5.59,-4.34,4.16
1679,2023-03-08,73.27,75.03,73.1,74.59,93161,691531159.0,2.63,1.82,1.33,2.93
1680,2023-03-09,74.83,74.88,72.58,73.44,86906,641715274.0,3.08,-1.54,-1.15,2.74
1681,2023-03-10,72.56,75.45,72.38,73.45,98535,731004400.0,4.18,0.01,0.01,3.1
1682,2023-03-13,73.26,76.1,72.89,76.1,116962,878164660.0,4.37,3.61,2.65,3.68
1683,2023-03-14,75.13,78.68,74.08,77.26,154472,1184785845.0,6.04,1.52,1.16,4.86
1684,2023-03-15,77.9,80.03,75.68,75.92,144615,1128523722.0,5.63,-1.73,-1.34,4.55
1685,2023-03-16,75.19,77.28,73.98,74.77,99190,752453244.0,4.35,-1.51,-1.15,3.12
1686,2023-03-17,74.97,84.28,74.97,80.6,274133,2202283117.0,12.45,7.8,5.83,8.63
1687,2023-03-20,80.89,82.61,78.76,78.93,196840,1593087436.0,4.78,-2.07,-1.67,6.2
1688,2023-03-21,79.78,79.98,76.88,78.94,157340,1239426899.0,3.93,0.01,0.01,4.95
1689,2023-03-22,79.09,85.84,78.5,84.14,334269,2749935946.0,9.3,6.59,5.2,10.52
1690,2023-03-23,80.88,100.99,80.88,100.99,521854,4817181627.0,23.9,20.03,16.85,16.43
1691,2023-03-24,103.88,117.18,101.7,112.93,563281,6071045432.0,15.33,11.82,11.94,17.73
1692,2023-03-27,113.18,122.08,109.87,118.88,424974,4949124708.0,10.81,5.27,5.95,13.38
1693,2023-03-28,114.88,117.76,107.77,109.3,333456,3789958576.0,8.4,-8.06,-9.58,10.5
1694,2023-03-29,109.3,116.86,103.18,108.64,439250,4812462075.0,12.52,-0.6,-0.66,13.83
1695,2023-03-30,109.9,121.66,109.65,117.13,414429,4758814986.0,11.05,7.81,8.49,13.05
1696,2023-03-31,116.08,122.88,110.77,121.88,334247,3901511313.0,10.34,4.06,4.75,10.23
1697,2023-04-03,121.16,137.24,120.96,137.09,351509,4554902341.0,13.36,12.48,15.21,10.76
1698,2023-04-04,137.88,143.08,127.16,130.73,379265,5135367129.0,11.61,-4.64,-6.36,11.61
1699,2023-04-06,126.89,136.36,121.65,127.45,401798,5182994420.0,11.25,-2.51,-3.28,12.3
1700,2023-04-07,123.88,128.88,122.89,127.18,272860,3445797225.0,4.7,-0.21,-0.27,8.35
1701,2023-04-10,122.38,122.8,105.65,107.77,429089,4853967652.0,13.48,-15.26,-19.41,13.13
1702,2023-04-11,110.29,113.58,105.82,110.33,306317,3374886891.0,7.2,2.38,2.56,9.38
1703,2023-04-12,109.18,117.77,107.33,115.23,296273,3386174759.0,9.46,4.44,4.9,9.07
1704,2023-04-13,113.8,115.83,106.83,107.88,256847,2837278456.0,7.81,-6.38,-7.35,7.86
1705,2023-04-14,109.21,109.45,100.99,105.63,270470,2846966934.0,7.84,-2.09,-2.25,8.28
1706,2023-04-17,103.76,108.28,103.48,106.93,187622,2000264701.0,4.54,1.23,1.3,5.74
1707,2023-04-18,106.38,109.81,105.25,107.96,233336,2516195445.0,4.26,0.96,1.03,7.14
1708,2023-04-19,109.08,117.7,109.08,112.39,379959,4338581506.0,7.98,4.1,4.43,11.63
1709,2023-04-20,114.88,119.38,114.48,117.17,346013,4051985430.0,4.36,4.25,4.78,10.59
1710,2023-04-21,113.88,113.88,103.58,103.58,308720,3345233112.0,8.79,-11.6,-13.59,9.45
1711,2023-04-24,102.01,105.87,97.25,101.18,208124,2107439457.0,8.32,-2.32,-2.4,6.37
1712,2023-04-25,99.88,107.75,99.16,102.21,226221,2360737828.0,8.49,1.02,1.03,6.92
1713,2023-04-26,103.23,110.88,97.91,99.76,360319,3786296870.0,12.69,-2.4,-2.45,11.03
1714,2023-04-27,96.89,99.7,87.31,92.28,348300,3269790468.0,12.42,-7.5,-7.48,10.66
1715,2023-04-28,91.88,95.71,89.15,89.31,300793,2781319347.0,7.11,-3.22,-2.97,9.21
1716,2023-05-04,87.88,89.31,84.16,84.5,196292,1679975688.0,5.77,-5.39,-4.81,6.01
1717,2023-05-05,84.68,88.14,83.11,83.98,190325,1625837417.0,5.95,-0.62,-0.52,5.83
1718,2023-05-08,84.48,87.34,83.54,86.18,163055,1404135704.0,4.52,2.62,2.2,4.99
1719,2023-05-09,86.18,87.88,85.08,85.2,160860,1389614495.0,3.25,-1.14,-0.98,4.92
1720,2023-05-10,84.48,85.98,82.25,83.38,136806,1144248790.0,4.38,-2.14,-1.82,4.19
1721,2023-05-11,83.37,84.53,80.88,81.98,114183,938934437.0,4.38,-1.68,-1.4,3.5
1722,2023-05-12,81.97,84.36,80.74,81.09,135479,1121445557.0,4.42,-1.09,-0.89,4.15
1723,2023-05-15,81.88,82.88,79.68,82.87,111897,912716928.0,3.95,2.2,1.78,3.43
1724,2023-05-16,82.88,82.88,79.41,80.96,118842,964599453.0,4.19,-2.3,-1.91,3.64
1725,2023-05-17,80.48,83.64,80.4,82.18,119165,980007176.0,4.0,1.51,1.22,3.65
1726,2023-05-18,82.93,87.08,82.0,86.13,241626,2060082586.0,6.18,4.81,3.95,7.4
1727,2023-05-19,86.58,90.03,84.88,87.61,252640,2219575314.0,5.98,1.72,1.48,7.73
1728,2023-05-22,87.08,87.09,80.36,80.71,205797,1702270101.0,7.68,-7.88,-6.9,6.3
1729,2023-05-23,80.91,81.33,78.91,78.91,93524,751276100.0,3.0,-2.23,-1.8,2.86
1730,2023-05-24,78.19,81.46,78.04,79.69,97035,776756624.0,4.33,0.99,0.78,2.97
1731,2023-05-25,83.38,85.58,80.38,82.82,181581,1510808224.0,6.53,3.93,3.13,5.56
1732,2023-05-26,83.61,91.97,83.5,89.64,314102,2772152165.0,10.23,8.23,6.82,9.61
1733,2023-05-29,91.99,98.17,87.81,94.01,303794,2839266764.0,11.56,4.88,4.37,9.3
1734,2023-05-30,93.08,99.9,92.32,98.67,253482,2438072849.0,8.06,4.96,4.66,7.76
1735,2023-05-31,98.64,98.64,93.35,96.4,258873,2470705968.0,5.36,-2.3,-2.27,7.92
1736,2023-06-01,100.9,115.0,100.9,106.68,455534,4864974638.0,14.63,10.66,10.28,13.94
1737,2023-06-02,106.0,108.66,100.5,101.15,280030,2879855883.0,7.65,-5.18,-5.53,8.57
1738,2023-06-05,99.83,103.24,96.99,97.35,244891,2428521845.0,6.18,-3.76,-3.8,7.5
1739,2023-06-06,96.86,98.48,94.11,95.09,198703,1912150287.0,4.49,-2.32,-2.26,6.08
1740,2023-06-07,95.0,97.68,92.69,95.87,161941,1550313034.0,5.25,0.82,0.78,4.96
1741,2023-06-08,93.63,98.75,91.86,96.62,194883,1860836285.0,7.19,0.78,0.75,5.97
1742,2023-06-09,96.0,97.69,93.0,97.29,192103,1832751307.0,4.85,0.69,0.67,5.88
1743,2023-06-12,96.02,98.0,92.6,92.77,190495,1811803080.0,5.55,-4.65,-4.52,5.83
1744,2023-06-13,91.58,96.18,89.1,95.51,214147,1997946601.0,7.63,2.95,2.74,6.56
1745,2023-06-14,94.65,103.92,93.6,102.5,341053,3389504998.0,10.81,7.32,6.99,10.44
1746,2023-06-15,101.0,103.31,97.57,97.63,248837,2489667538.0,5.6,-4.75,-4.87,7.62
1747,2023-06-16,96.65,100.75,94.89,99.7,189034,1862561085.0,6.0,2.12,2.07,5.79
1748,2023-06-19,98.15,105.0,97.85,103.1,237361,2439252059.0,7.17,3.41,3.4,7.27
1749,2023-06-20,102.84,106.0,99.38,105.06,262117,2676316040.0,6.42,1.9,1.96,8.02
1750,2023-06-21,103.0,111.5,101.03,103.5,363807,3887754086.0,9.97,-1.48,-1.56,11.14
1751,2023-06-26,100.5,100.89,88.88,89.0,301061,2860606984.0,11.6,-14.01,-14.5,9.22
1752,2023-06-27,89.88,92.45,89.11,89.37,131123,1183293321.0,3.75,0.42,0.37,4.01
1753,2023-06-28,94.0,96.5,92.6,93.64,246400,2331552130.0,4.36,4.78,4.27,7.54
1754,2023-06-29,92.06,93.37,89.2,90.58,189816,1723557109.0,4.45,-3.27,-3.06,5.81
1755,2023-06-30,89.22,91.35,88.1,89.99,124432,1115204082.0,3.59,-0.65,-0.59,3.81
1756,2023-07-03,89.99,95.16,89.13,92.73,156569,1447518869.0,6.7,3.04,2.74,4.79
1757,2023-07-04,92.08,94.39,91.88,93.15,123940,1155597745.0,2.71,0.45,0.42,3.79
1758,2023-07-05,92.5,93.03,89.03,89.72,125896,1142452629.0,4.29,-3.68,-3.43,3.85
1759,2023-07-06,89.04,92.2,89.0,89.99,92592,840389935.0,3.57,0.3,0.27,2.83
1760,2023-07-07,89.4,90.18,84.36,85.38,160125,1379513121.0,6.47,-5.12,-4.61,4.9
1761,2023-07-10,85.38,86.55,84.1,84.36,83003,705326290.0,2.87,-1.19,-1.02,2.54
1762,2023-07-11,84.2,88.34,83.92,86.88,144174,1249554160.0,5.24,2.99,2.52,4.41
1763,2023-07-12,86.2,86.98,84.33,84.43,87185,744765661.0,3.05,-2.82,-2.45,2.67
1764,2023-07-13,85.7,86.4,84.5,86.13,90941,780263076.0,2.25,2.01,1.7,2.78
1765,2023-07-14,86.8,89.6,85.88,87.9,137269,1207169625.0,4.32,2.06,1.77,4.2
1766,2023-07-17,86.78,87.82,84.19,85.72,102386,876486660.0,4.13,-2.48,-2.18,3.13
1767,2023-07-18,85.75,87.87,85.5,85.7,82444,714628453.0,2.76,-0.02,-0.02,2.52
1768,2023-07-19,85.0,85.88,82.2,82.7,115591,964170641.0,4.29,-3.5,-3.0,3.54
1769,2023-07-20,82.78,83.1,80.05,80.5,81459,662748190.0,3.69,-2.66,-2.2,2.49
1770,2023-07-21,80.5,81.13,78.88,79.86,59754,477128903.0,2.8,-0.8,-0.64,1.82
1771,2023-07-24,79.46,80.69,78.39,78.73,70429,558437935.0,2.88,-1.41,-1.13,2.14
1772,2023-07-25,79.8,80.31,77.55,79.32,87978,694638971.0,3.51,0.75,0.59,2.68
1773,2023-07-26,79.48,79.55,77.7,77.97,60430,473361151.0,2.33,-1.7,-1.35,1.84
1774,2023-07-27,77.75,78.19,76.34,76.52,62953,486037539.0,2.37,-1.86,-1.45,1.91
1775,2023-07-28,76.1,76.87,74.8,75.11,82856,626164487.0,2.71,-1.84,-1.41,2.52
1776,2023-07-31,75.47,78.51,75.01,77.7,96767,749067439.0,4.66,3.45,2.59,2.94
1777,2023-08-01,78.49,78.49,76.54,77.34,55875,432291189.0,2.51,-0.46,-0.36,1.7
1778,2023-08-02,77.0,78.33,76.58,77.21,61584,476466145.0,2.26,-0.17,-0.13,1.87
1779,2023-08-03,76.0,77.97,75.95,77.6,59127,456958225.0,2.62,0.51,0.39,1.8
1780,2023-08-04,77.61,78.8,77.25,78.18,76258,595057272.0,2.0,0.75,0.58,2.32
1781,2023-08-07,78.85,78.89,77.64,77.96,53111,415255484.0,1.6,-0.28,-0.22,1.62
1782,2023-08-08,77.77,78.8,77.7,77.79,48268,377417995.0,1.41,-0.22,-0.17,1.47
1783,2023-08-09,77.68,77.68,75.68,75.75,55456,424157307.0,2.57,-2.62,-2.04,1.69
1784,2023-08-10,75.75,77.58,75.43,76.61,43031,329301628.0,2.84,1.14,0.86,1.31
1785,2023-08-11,77.51,78.09,74.78,74.78,56916,433354742.0,4.32,-2.39,-1.83,1.73
1786,2023-08-14,73.8,74.87,73.39,74.61,42618,316126170.0,1.98,-0.23,-0.17,1.3
1787,2023-08-15,75.32,76.56,73.37,74.11,54384,407084322.0,4.28,-0.67,-0.5,1.65
1788,2023-08-16,74.11,74.4,71.34,71.34,74101,536392918.0,4.13,-3.74,-2.77,2.25
1789,2023-08-17,71.18,73.31,70.77,72.47,64138,463785683.0,3.56,1.58,1.13,1.95
1790,2023-08-18,72.5,73.2,70.35,70.37,50853,364147398.0,3.93,-2.9,-2.1,1.55
1791,2023-08-21,70.37,71.26,69.08,69.1,56062,392634271.0,3.1,-1.8,-1.27,1.7
1792,2023-08-22,70.01,70.68,68.38,70.52,56158,391848780.0,3.33,2.05,1.42,1.71
1793,2023-08-23,70.01,70.18,68.03,68.12,41087,283089748.91,3.05,-3.4,-2.4,1.25
