,日期,开盘,最高,最低,收盘,成交量,成交额,振幅,涨跌幅,涨跌额,换手率
0,2000-12-22,34.29,37.45,32.2,36.52,316566,1407665000.0,130.6,808.46,32.5,70.35
1,2000-12-25,36.35,36.94,34.54,34.69,56519,261385000.0,6.57,-5.01,-1.83,12.56
2,2000-12-26,34.66,36.16,34.38,35.52,22438,102415000.0,5.13,2.39,0.83,4.99
3,2000-12-27,35.53,35.79,34.77,35.24,15557,71229335.0,2.87,-0.79,-0.28,3.46
4,2000-12-28,35.96,36.29,34.2,34.45,16297,73723000.0,5.93,-2.24,-0.79,3.62
5,2000-12-29,35.49,36.12,34.46,35.82,18421,84878000.0,4.82,3.98,1.37,4.09
6,2001-01-02,35.98,37.32,35.38,36.33,15340,72149000.0,5.42,1.42,0.51,3.41
7,2001-01-03,36.45,40.24,36.16,40.24,38360,190953000.0,11.23,10.76,3.91,8.52
8,2001-01-04,41.37,41.79,39.54,39.63,33098,172843000.0,5.59,-1.52,-0.61,7.36
9,2001-01-05,39.58,41.02,39.29,39.87,16115,83088000.0,4.37,0.61,0.24,3.58
10,2001-01-08,39.87,40.95,38.29,38.74,17672,88257000.0,6.67,-2.83,-1.13,3.93
11,2001-01-09,38.74,39.19,37.94,38.12,9591,47354000.0,3.23,-1.6,-0.62,2.13
12,2001-01-10,38.45,39.19,38.01,38.37,8415,41714000.0,3.1,0.66,0.25,1.87
13,2001-01-11,38.37,39.04,37.45,37.66,8841,43451000.0,4.14,-1.85,-0.71,1.96
14,2001-01-12,37.66,37.66,35.95,36.29,18394,86899000.0,4.54,-3.64,-1.37,4.09
15,2001-01-15,35.59,35.95,35.23,35.33,11332,52255000.0,1.98,-2.65,-0.96,2.52
16,2001-01-16,34.79,36.15,34.7,35.29,11926,54547000.0,4.1,-0.11,-0.04,2.65
17,2001-01-17,35.2,35.62,33.72,33.79,10163,45053000.0,5.38,-4.25,-1.5,2.26
18,2001-01-18,33.69,34.24,33.35,33.7,5748,25238000.0,2.63,-0.27,-0.09,1.28
19,2001-01-19,33.87,35.36,33.87,35.02,6898,31235000.0,4.42,3.92,1.32,1.53
20,2001-02-05,35.12,35.37,31.24,31.45,14084,59444000.0,11.79,-10.19,-3.57,3.13
21,2001-02-06,31.2,31.37,30.14,31.19,8793,35440000.0,3.91,-0.83,-0.26,1.95
22,2001-02-07,31.35,31.37,30.45,30.54,3069,12314000.0,2.95,-2.08,-0.65,0.68
23,2001-02-08,30.56,30.95,28.47,28.74,5930,22948000.0,8.12,-5.89,-1.8,1.32
24,2001-02-09,28.74,29.79,28.12,29.69,10413,40097000.0,5.81,3.31,0.95,2.31
25,2001-02-12,29.7,29.79,28.7,29.49,3808,14638000.0,3.67,-0.67,-0.2,0.85
26,2001-02-13,29.69,30.41,29.44,29.7,5245,20590000.0,3.29,0.71,0.21,1.17
27,2001-02-14,29.79,30.23,29.29,29.8,3005,11755000.0,3.16,0.34,0.1,0.67
28,2001-02-15,29.7,30.05,29.05,29.09,3183,12347000.0,3.36,-2.38,-0.71,0.71
29,2001-02-16,28.95,30.04,28.52,29.91,4876,18746000.0,5.23,2.82,0.82,1.08
30,2001-02-19,29.87,30.44,29.54,30.2,3722,14721000.0,3.01,0.97,0.29,0.83
31,2001-02-20,30.21,31.37,29.38,29.87,9267,36900000.0,6.59,-1.09,-0.33,2.06
32,2001-02-21,29.45,29.51,28.87,29.37,3221,12375000.0,2.14,-1.67,-0.5,0.72
33,2001-02-22,29.04,30.54,28.87,29.87,4392,17339000.0,5.69,1.7,0.5,0.98
34,2001-02-23,30.12,31.04,29.95,30.9,8155,32804000.0,3.65,3.45,1.03,1.81
35,2001-02-26,31.37,31.61,30.96,31.33,7443,30442000.0,2.1,1.39,0.43,1.65
36,2001-02-27,31.37,31.41,30.46,30.95,3555,14368000.0,3.03,-1.21,-0.38,0.79
37,2001-02-28,30.83,31.04,30.37,30.45,2777,11159000.0,2.16,-1.62,-0.5,0.62
38,2001-03-01,30.44,31.04,30.24,30.74,3174,12723000.0,2.63,0.95,0.29,0.71
39,2001-03-02,31.37,31.37,30.7,30.89,1488,6015000.0,2.18,0.49,0.15,0.33
40,2001-03-05,30.99,31.19,30.41,30.45,2215,8877000.0,2.53,-1.42,-0.44,0.49
41,2001-03-06,30.37,30.54,29.99,30.53,2019,8007000.0,1.81,0.26,0.08,0.45
42,2001-03-07,30.29,30.62,30.21,30.22,1435,5706000.0,1.34,-1.02,-0.31,0.32
43,2001-03-08,30.17,30.54,30.04,30.2,2859,11317000.0,1.65,-0.07,-0.02,0.64
44,2001-03-09,30.29,31.67,30.21,30.98,4872,19811000.0,4.83,2.58,0.78,1.08
45,2001-03-12,30.79,31.36,30.54,30.95,1954,7924000.0,2.65,-0.1,-0.03,0.43
46,2001-03-13,30.96,30.99,30.27,30.45,2994,11942000.0,2.33,-1.62,-0.5,0.67
47,2001-03-14,30.37,30.54,30.2,30.41,2226,8853000.0,1.12,-0.13,-0.04,0.49
48,2001-03-15,30.54,30.54,30.23,30.27,1668,6631000.0,1.02,-0.46,-0.14,0.37
49,2001-03-16,30.69,31.62,30.53,31.37,8961,36600000.0,3.6,3.63,1.1,1.99
50,2001-03-19,31.37,31.37,30.7,30.89,2459,9951000.0,2.14,-1.53,-0.48,0.55
51,2001-03-20,30.87,30.87,30.62,30.85,2242,9017000.0,0.81,-0.13,-0.04,0.5
52,2001-03-21,30.87,31.27,30.54,31.16,2535,10294000.0,2.37,1.0,0.31,0.56
53,2001-03-22,31.17,32.76,31.17,32.35,8974,37351000.0,5.1,3.82,1.19,1.99
54,2001-03-23,32.37,32.74,31.7,31.79,4790,20094000.0,3.21,-1.73,-0.56,1.06
55,2001-03-26,31.83,32.59,31.83,32.49,3293,13846000.0,2.39,2.2,0.7,0.73
56,2001-03-27,32.87,35.44,32.79,34.95,27493,121643000.0,8.16,7.57,2.46,6.11
57,2001-03-28,34.95,34.95,33.46,34.29,6675,29588000.0,4.26,-1.89,-0.66,1.48
58,2001-03-29,34.2,34.58,33.66,34.28,4998,22071000.0,2.68,-0.03,-0.01,1.11
59,2001-03-30,33.87,34.29,33.04,33.83,5086,22236000.0,3.65,-1.31,-0.45,1.13
60,2001-04-02,33.83,34.91,33.83,34.16,3772,16781000.0,3.19,0.98,0.33,0.84
61,2001-04-03,34.45,34.45,33.54,33.94,2245,9873000.0,2.66,-0.64,-0.22,0.5
62,2001-04-04,33.94,34.29,32.87,32.94,3341,14528000.0,4.18,-2.95,-1.0,0.74
63,2001-04-05,32.62,33.12,32.47,33.12,4401,18754000.0,1.97,0.55,0.18,0.98
64,2001-04-06,33.29,34.19,32.87,33.1,4943,21487000.0,3.99,-0.06,-0.02,1.1
65,2001-04-09,33.1,33.83,32.95,33.64,2074,8994000.0,2.66,1.63,0.54,0.46
66,2001-04-10,33.62,33.77,33.04,33.59,1369,5956000.0,2.17,-0.15,-0.05,0.3
67,2001-04-11,33.59,34.27,33.59,33.87,2762,12189000.0,2.02,0.83,0.28,0.61
68,2001-04-12,33.87,35.52,33.7,34.45,10823,48905000.0,5.37,1.71,0.58,2.41
69,2001-04-13,34.69,35.11,34.12,34.79,4359,19587000.0,2.87,0.99,0.34,0.97
70,2001-04-16,34.98,36.1,34.79,36.02,12866,59179000.0,3.77,3.54,1.23,2.86
71,2001-04-17,36.04,36.29,35.29,35.91,7590,35185000.0,2.78,-0.31,-0.11,1.69
72,2001-04-18,35.94,35.96,34.94,34.96,4627,21171000.0,2.84,-2.65,-0.95,1.03
73,2001-04-19,34.7,36.37,34.54,35.94,6460,29357000.0,5.23,2.8,0.98,1.44
74,2001-04-20,35.92,36.6,34.94,35.04,8197,38287000.0,4.62,-2.5,-0.9,1.82
75,2001-04-23,34.67,35.2,34.2,34.2,5717,25577000.0,2.85,-2.4,-0.84,1.27
76,2001-04-25,32.2,34.04,32.2,32.94,6609,28533000.0,5.38,-3.68,-1.26,1.47
77,2001-04-26,32.86,33.74,32.62,33.1,2366,10236000.0,3.4,0.49,0.16,0.53
78,2001-04-27,33.12,35.54,33.04,33.37,3349,14527000.0,7.55,0.82,0.27,0.74
79,2001-04-30,33.37,33.87,33.04,33.04,9531,41227000.0,2.49,-0.99,-0.33,2.12
80,2001-05-08,33.04,33.6,33.04,33.45,907,3937062.0,1.69,1.24,0.41,0.2
81,2001-05-09,33.6,33.7,33.04,33.06,1345,5851000.0,1.97,-1.17,-0.39,0.3
82,2001-05-10,33.14,33.37,32.63,32.74,2519,10781000.0,2.24,-0.97,-0.32,0.56
83,2001-05-11,33.04,33.04,32.62,33.03,2460,10522000.0,1.28,0.89,0.29,0.55
84,2001-05-14,33.04,33.57,32.7,33.5,4468,19225000.0,2.63,1.42,0.47,0.99
85,2001-05-15,33.54,34.02,33.29,33.54,4144,18161000.0,2.18,0.12,0.04,0.92
86,2001-05-16,33.7,34.7,33.62,34.35,3868,17194000.0,3.22,2.42,0.81,0.86
87,2001-05-17,34.37,34.7,33.55,33.87,3925,17317000.0,3.35,-1.4,-0.48,0.87
88,2001-05-18,33.54,35.24,33.54,34.52,6806,30559000.0,5.02,1.92,0.65,1.51
89,2001-05-21,34.71,35.15,34.6,34.67,4098,18514000.0,1.59,0.43,0.15,0.91
90,2001-05-22,34.7,34.79,33.87,34.04,2416,10704000.0,2.65,-1.82,-0.63,0.54
91,2001-05-23,34.02,34.37,33.41,33.69,2543,11149000.0,2.82,-1.03,-0.35,0.57
92,2001-05-24,33.87,33.87,32.95,32.99,4725,20371000.0,2.73,-2.08,-0.7,1.05
93,2001-05-25,32.87,33.19,32.49,33.19,2920,12459000.0,2.12,0.61,0.2,0.65
94,2001-05-28,32.87,33.04,32.21,32.49,2817,11937000.0,2.5,-2.11,-0.7,0.63
95,2001-05-29,32.37,33.05,32.37,32.53,1291,5482000.0,2.09,0.12,0.04,0.29
96,2001-05-30,32.58,32.99,32.06,32.79,5647,23887000.0,2.86,0.8,0.26,1.25
97,2001-05-31,32.87,33.03,32.42,32.52,2686,11400000.0,1.86,-0.82,-0.27,0.6
98,2001-06-01,32.55,33.01,32.35,32.54,2050,8690000.0,2.03,0.06,0.02,0.46
99,2001-06-04,32.62,32.7,32.22,32.33,2267,9569000.0,1.48,-0.65,-0.21,0.5
100,2001-06-05,32.37,33.2,32.37,32.87,1569,6707000.0,2.57,1.67,0.54,0.35
101,2001-06-06,32.87,33.04,32.46,32.62,1779,7575000.0,1.76,-0.76,-0.25,0.4
102,2001-06-07,32.67,33.33,32.54,33.29,4468,19097000.0,2.42,2.05,0.67,0.99
103,2001-06-08,33.27,33.51,32.95,33.29,2830,12245000.0,1.68,0.0,0.0,0.63
104,2001-06-11,33.13,33.29,32.37,32.5,1989,8487000.0,2.76,-2.37,-0.79,0.44
105,2001-06-12,32.62,32.72,31.37,31.62,9983,41500000.0,4.15,-2.71,-0.88,2.22
106,2001-06-13,31.54,32.31,31.37,32.12,7096,29433000.0,2.97,1.58,0.5,1.58
107,2001-06-14,32.04,32.37,31.54,31.54,4039,16856000.0,2.58,-1.81,-0.58,0.9
108,2001-06-15,31.04,31.6,31.04,31.37,5100,20915000.0,1.78,-0.54,-0.17,1.13
109,2001-06-18,31.41,31.53,30.29,30.44,8326,33331000.0,3.95,-2.96,-0.93,1.85
110,2001-06-19,30.45,30.79,30.39,30.54,3004,12026000.0,1.31,0.33,0.1,0.67
111,2001-06-20,30.62,30.7,30.54,30.66,1285,5124000.0,0.52,0.39,0.12,0.29
112,2001-06-21,30.7,31.29,30.7,31.08,2137,8583000.0,1.92,1.37,0.42,0.47
113,2001-06-22,31.29,31.29,30.79,31.16,1733,7013000.0,1.61,0.26,0.08,0.39
114,2001-06-25,31.18,31.18,30.79,31.02,2582,10392000.0,1.25,-0.45,-0.14,0.57
115,2001-06-26,30.95,31.2,30.7,30.8,2315,9330000.0,1.61,-0.71,-0.22,0.51
116,2001-06-27,30.87,30.87,30.45,30.45,4005,15943000.0,1.36,-1.14,-0.35,0.89
117,2001-06-28,30.7,31.12,30.3,30.42,2315,9221000.0,2.69,-0.1,-0.03,0.51
118,2001-06-29,30.62,30.62,30.37,30.44,1807,7181000.0,0.82,0.07,0.02,0.4
119,2001-07-02,30.62,30.7,30.37,30.46,1123,4467000.0,1.08,0.07,0.02,0.25
120,2001-07-03,30.4,31.12,30.4,30.95,1704,6844000.0,2.36,1.61,0.49,0.38
121,2001-07-04,30.95,30.95,30.41,30.53,1755,7005000.0,1.74,-1.36,-0.42,0.39
122,2001-07-05,30.49,30.7,30.1,30.1,2412,9559000.0,1.97,-1.41,-0.43,0.54
123,2001-07-06,30.12,30.69,30.1,30.14,2162,8552000.0,1.96,0.13,0.04,0.48
124,2001-07-09,30.13,30.13,29.7,29.75,2737,10664000.0,1.43,-1.29,-0.39,0.61
125,2001-07-10,30.29,30.29,29.74,29.91,3381,13191000.0,1.85,0.54,0.16,0.75
126,2001-07-11,29.94,29.94,29.7,29.85,957,3729000.0,0.8,-0.2,-0.06,0.21
127,2001-07-12,29.83,30.29,29.69,29.84,2346,9154000.0,2.01,-0.03,-0.01,0.52
128,2001-07-13,30.04,30.7,29.84,30.16,1949,7683798.0,2.88,1.07,0.32,0.43
129,2001-07-16,30.45,30.66,30.19,30.37,1637,6480000.0,1.56,0.7,0.21,0.36
130,2001-07-17,30.33,30.33,29.77,30.06,1118,4378000.0,1.84,-1.02,-0.31,0.25
131,2001-07-18,30.06,30.08,29.8,29.91,1277,4983000.0,0.93,-0.5,-0.15,0.28
132,2001-07-19,29.95,30.37,29.87,30.2,1487,5832000.0,1.67,0.97,0.29,0.33
133,2001-07-20,30.29,30.62,29.87,30.45,2066,8152000.0,2.48,0.83,0.25,0.46
134,2001-07-23,30.62,30.69,30.04,30.04,1865,7375000.0,2.13,-1.35,-0.41,0.41
135,2001-07-24,30.04,30.35,28.95,29.1,7099,27336000.0,4.66,-3.13,-0.94,1.58
136,2001-07-25,29.04,29.45,28.04,28.19,7478,27901000.0,4.85,-3.13,-0.91,1.66
137,2001-07-26,28.2,28.45,27.2,27.39,9510,34380000.0,4.43,-2.84,-0.8,2.11
138,2001-07-27,27.29,27.62,26.14,26.52,8520,29877000.0,5.4,-3.18,-0.87,1.89
139,2001-07-30,26.27,26.27,24.88,24.92,5567,18823000.0,5.24,-6.03,-1.6,1.24
140,2001-07-31,24.59,25.6,23.44,24.04,7810,25350000.0,8.67,-3.53,-0.88,1.74
141,2001-08-01,24.04,25.6,24.04,25.6,8805,29151000.0,6.49,6.49,1.56,1.96
142,2001-08-02,25.6,25.67,23.88,24.87,3987,13057000.0,6.99,-2.85,-0.73,0.89
143,2001-08-03,24.91,25.09,24.6,24.92,2200,7263000.0,1.97,0.2,0.05,0.49
144,2001-08-06,24.79,24.79,22.17,22.19,9677,29629000.0,10.51,-10.96,-2.73,2.15
145,2001-08-07,21.95,23.64,21.58,22.79,8766,26297000.0,9.28,2.7,0.6,1.95
146,2001-08-08,22.37,22.95,22.29,22.84,4476,13582000.0,2.9,0.22,0.05,0.99
147,2001-08-09,22.87,23.21,22.77,23.15,3884,11939000.0,1.93,1.36,0.31,0.86
148,2001-08-10,23.69,25.7,23.24,25.4,17296,56774000.0,10.63,9.72,2.25,3.84
149,2001-08-13,25.54,27.79,25.2,27.2,32059,113882000.0,10.2,7.09,1.8,7.12
150,2001-08-14,27.12,27.49,26.7,27.2,13295,47321000.0,2.9,0.0,0.0,2.95
151,2001-08-15,26.97,27.79,26.79,27.79,5736,20476000.0,3.68,2.17,0.59,1.27
152,2001-08-16,27.37,27.94,26.41,26.46,7076,25369000.0,5.51,-4.79,-1.33,1.57
153,2001-08-17,26.45,27.44,26.12,27.22,7533,26707000.0,4.99,2.87,0.76,1.67
154,2001-08-20,27.29,28.1,27.13,27.59,8062,29269000.0,3.56,1.36,0.37,1.79
155,2001-08-21,30.62,30.62,27.87,27.87,25101,93100000.0,9.97,1.01,0.28,5.58
156,2001-08-22,27.79,27.79,26.45,27.04,13382,47574000.0,4.81,-2.98,-0.83,2.97
157,2001-08-23,26.45,27.0,26.34,26.68,4757,16700000.0,2.44,-1.33,-0.36,1.06
158,2001-08-24,26.73,27.11,26.2,26.52,2627,9229000.0,3.41,-0.6,-0.16,0.58
159,2001-08-27,26.25,26.7,25.42,25.83,4811,16496000.0,4.83,-2.6,-0.69,1.07
160,2001-08-28,25.66,26.96,25.55,26.94,3449,11973000.0,5.46,4.3,1.11,0.77
161,2001-08-29,27.12,27.79,26.87,27.34,8204,29643000.0,3.41,1.48,0.4,1.82
162,2001-08-30,27.37,27.52,26.95,27.33,2194,7881000.0,2.08,-0.04,-0.01,0.49
163,2001-08-31,27.37,27.62,27.09,27.24,2272,8178000.0,1.94,-0.33,-0.09,0.5
164,2001-09-03,27.37,27.87,27.37,27.79,3496,12712000.0,1.84,2.02,0.55,0.78
165,2001-09-04,27.74,29.24,27.62,28.69,7475,27969000.0,5.83,3.24,0.9,1.66
166,2001-09-05,28.83,29.01,28.21,28.24,6077,22717000.0,2.79,-1.57,-0.45,1.35
167,2001-09-06,28.45,28.45,27.54,27.83,3165,11596000.0,3.22,-1.45,-0.41,0.7
168,2001-09-07,27.7,27.7,26.27,26.33,5092,18046000.0,5.14,-5.39,-1.5,1.13
169,2001-09-10,25.85,27.59,25.7,27.39,4016,14264000.0,7.18,4.03,1.06,0.89
170,2001-09-11,27.39,27.51,27.12,27.23,2279,8193000.0,1.42,-0.58,-0.16,0.51
171,2001-09-12,26.37,27.29,25.7,26.79,4357,15339000.0,5.84,-1.62,-0.44,0.97
172,2001-09-13,26.79,27.04,26.6,26.65,981,3466000.0,1.64,-0.52,-0.14,0.22
173,2001-09-14,26.62,26.87,26.33,26.37,1596,5571000.0,2.03,-1.05,-0.28,0.35
174,2001-09-17,26.37,26.62,25.87,26.12,1910,6595000.0,2.84,-0.95,-0.25,0.42
175,2001-09-18,27.35,27.35,26.12,26.37,953,3332000.0,4.71,0.96,0.25,0.21
176,2001-09-19,26.2,27.52,26.2,27.28,2233,7966000.0,5.01,3.45,0.91,0.5
177,2001-09-20,27.29,27.49,26.79,26.95,1355,4847000.0,2.57,-1.21,-0.33,0.3
178,2001-09-21,26.94,27.06,26.37,26.94,1667,5860000.0,2.56,-0.04,-0.01,0.37
179,2001-09-24,26.87,26.98,26.54,26.85,560,1974000.0,1.63,-0.33,-0.09,0.12
180,2001-09-25,26.94,27.29,26.54,26.66,1462,5149000.0,2.79,-0.71,-0.19,0.32
181,2001-09-27,26.12,26.62,25.87,26.11,1689,5851000.0,2.81,-2.06,-0.55,0.38
182,2001-09-28,26.54,26.79,26.29,26.52,1643,5736000.0,1.91,1.57,0.41,0.37
183,2001-10-08,26.63,26.79,25.7,26.11,1424,4910000.0,4.11,-1.55,-0.41,0.32
184,2001-10-09,25.94,26.44,25.71,25.99,972,3364000.0,2.8,-0.46,-0.12,0.22
185,2001-10-10,26.04,26.04,23.89,23.94,6539,21146000.0,8.27,-7.89,-2.05,1.45
186,2001-10-11,23.94,24.04,22.36,22.7,6935,21195000.0,7.02,-5.18,-1.24,1.54
187,2001-10-12,22.78,24.33,22.37,24.12,4836,15108000.0,8.63,6.26,1.42,1.07
188,2001-10-15,24.04,24.3,23.45,23.79,1829,5808000.0,3.52,-1.37,-0.33,0.41
189,2001-10-16,24.04,24.04,22.79,23.44,1164,3621000.0,5.25,-1.47,-0.35,0.26
190,2001-10-17,22.87,23.2,22.63,22.76,2277,6966000.0,2.43,-2.9,-0.68,0.51
191,2001-10-18,22.46,22.87,22.24,22.35,2481,7446000.0,2.77,-1.8,-0.41,0.55
192,2001-10-19,22.09,22.37,20.3,20.69,9325,26512000.0,9.26,-7.43,-1.66,2.07
193,2001-10-22,20.16,20.7,19.0,19.29,5960,16033000.0,8.22,-6.77,-1.4,1.32
194,2001-10-23,21.48,21.48,20.8,21.48,9829,28398000.0,3.53,11.35,2.19,2.18
195,2001-10-24,23.85,23.89,22.79,23.87,17051,53762000.0,5.12,11.13,2.39,3.79
196,2001-10-25,23.77,24.7,22.8,23.7,9217,29436000.0,7.96,-0.71,-0.17,2.05
197,2001-10-26,23.45,23.7,22.94,23.53,4235,13146000.0,3.21,-0.72,-0.17,0.94
198,2001-10-29,23.47,23.69,23.22,23.37,1904,5964000.0,2.0,-0.68,-0.16,0.42
199,2001-10-30,23.37,23.74,22.87,22.92,1346,4153000.0,3.72,-1.93,-0.45,0.3
200,2001-10-31,22.7,22.71,21.95,22.44,4001,11937000.0,3.32,-2.09,-0.48,0.89
201,2001-11-01,22.79,22.83,22.33,22.54,2885,8710000.0,2.23,0.45,0.1,0.64
202,2001-11-02,22.54,22.67,22.05,22.09,1434,4281000.0,2.75,-2.0,-0.45,0.32
203,2001-11-05,21.87,21.87,21.38,21.54,2138,6205000.0,2.22,-2.49,-0.55,0.48
204,2001-11-06,21.45,21.58,21.29,21.55,1099,3183000.0,1.35,0.05,0.01,0.24
205,2001-11-07,21.53,21.58,20.12,20.21,3735,10443000.0,6.77,-6.22,-1.34,0.83
206,2001-11-08,19.87,20.7,19.62,20.57,2246,6152000.0,5.34,1.78,0.36,0.5
207,2001-11-09,20.45,21.79,20.04,21.41,2801,7927000.0,8.51,4.08,0.84,0.62
208,2001-11-12,21.12,21.54,20.7,20.7,774,2198000.0,3.92,-3.32,-0.71,0.17
209,2001-11-13,20.62,20.96,20.37,20.45,1113,3106000.0,2.85,-1.21,-0.25,0.25
210,2001-11-14,20.7,21.25,20.7,20.84,1727,4889000.0,2.69,1.91,0.39,0.38
211,2001-11-15,20.87,21.04,20.73,20.87,643,1814000.0,1.49,0.14,0.03,0.14
212,2001-11-16,23.22,23.22,21.96,22.19,26099,80189000.0,6.04,6.32,1.32,5.8
213,2001-11-19,21.96,22.52,21.96,22.52,26100,80189556.0,2.52,1.49,0.33,5.8
214,2001-11-20,22.54,23.89,22.54,23.68,3093,9257452.0,5.99,5.15,1.16,0.69
215,2001-11-21,23.58,23.78,23.1,23.62,3768,11799233.0,2.87,-0.25,-0.06,0.84
216,2001-11-22,23.67,23.7,23.38,23.64,2996,9437000.0,1.35,0.08,0.02,0.67
217,2001-11-23,23.62,24.08,23.44,23.74,3644,11576000.0,2.71,0.42,0.1,0.81
218,2001-11-26,23.2,23.65,23.12,23.29,1056,3284000.0,2.23,-1.9,-0.45,0.23
219,2001-11-27,23.29,23.45,23.29,23.45,1847,5759000.0,0.69,0.69,0.16,0.41
220,2001-11-28,23.45,24.08,23.37,23.9,3346,10622000.0,3.03,1.92,0.45,0.74
221,2001-11-29,23.9,24.06,23.54,23.54,2329,7410000.0,2.18,-1.51,-0.36,0.52
222,2001-11-30,23.72,24.12,23.72,23.87,1979,6324000.0,1.7,1.4,0.33,0.44
223,2001-12-03,24.27,24.44,23.37,24.22,2459,7928000.0,4.48,1.47,0.35,0.55
224,2001-12-04,24.04,24.66,24.04,24.55,2965,9576000.0,2.56,1.36,0.33,0.66
225,2001-12-05,24.58,25.08,24.2,24.22,2884,9441868.0,3.58,-1.34,-0.33,0.64
226,2001-12-06,24.29,24.61,23.95,24.34,2601,8391112.0,2.73,0.5,0.12,0.58
227,2001-12-07,24.45,24.58,24.14,24.24,1013,3273957.0,1.81,-0.41,-0.1,0.23
228,2001-12-10,23.99,24.16,23.87,24.11,1585,5063862.0,1.2,-0.54,-0.13,0.35
229,2001-12-11,23.88,24.04,23.37,23.45,2186,6898960.0,2.78,-2.74,-0.66,0.49
230,2001-12-12,23.2,23.54,23.04,23.1,1591,4933993.0,2.13,-1.49,-0.35,0.35
231,2001-12-13,23.13,23.37,23.04,23.11,1213,3755494.0,1.43,0.04,0.01,0.27
232,2001-12-14,23.04,23.49,22.87,22.97,2977,9188144.0,2.68,-0.61,-0.14,0.66
233,2001-12-17,22.87,23.28,22.7,22.79,2111,6481247.0,2.53,-0.78,-0.18,0.47
234,2001-12-18,22.7,23.2,22.7,23.15,3796,11678208.0,2.19,1.58,0.36,0.84
235,2001-12-19,23.17,23.32,22.87,23.15,2622,8111803.0,1.94,0.0,0.0,0.58
236,2001-12-20,22.87,23.12,22.45,22.62,2642,8103559.0,2.89,-2.29,-0.53,0.59
237,2001-12-21,22.38,23.29,22.37,23.0,2314,7091058.0,4.07,1.68,0.38,0.51
238,2001-12-24,23.19,23.37,22.04,22.25,3695,11261685.0,5.78,-3.26,-0.75,0.82
239,2001-12-25,22.21,22.59,22.08,22.37,1747,5248090.0,2.29,0.54,0.12,0.39
240,2001-12-26,22.37,22.79,21.55,22.77,1844,5561434.0,5.54,1.79,0.4,0.41
241,2001-12-27,22.77,23.11,22.42,22.74,1509,4614989.0,3.03,-0.13,-0.03,0.34
242,2001-12-28,22.54,22.95,21.54,22.89,2201,6667707.0,6.2,0.66,0.15,0.49
243,2001-12-31,22.59,23.87,22.59,23.63,4312,13416745.0,5.59,3.23,0.74,0.96
244,2002-01-04,23.2,23.54,22.7,22.74,814,2507256.0,3.55,-3.77,-0.89,0.18
245,2002-01-07,22.38,22.62,22.24,22.37,886,2655743.0,1.67,-1.63,-0.37,0.2
246,2002-01-08,22.12,22.58,21.91,21.95,993,2952765.0,3.0,-1.88,-0.42,0.22
247,2002-01-09,21.95,21.95,21.25,21.49,1907,5525455.0,3.19,-2.1,-0.46,0.42
248,2002-01-10,21.41,22.37,21.13,22.06,1597,4630240.0,5.77,2.65,0.57,0.35
249,2002-01-11,22.06,22.12,21.44,21.47,1194,3472964.0,3.08,-2.67,-0.59,0.27
250,2002-01-14,21.2,21.37,20.58,20.59,2356,6611535.0,3.68,-4.1,-0.88,0.52
251,2002-01-15,20.44,20.95,20.12,20.13,3787,10480855.0,4.03,-2.23,-0.46,0.84
252,2002-01-16,19.87,20.7,18.79,20.42,9863,26139867.0,9.49,1.44,0.29,2.19
253,2002-01-17,20.6,21.12,19.64,19.85,6693,18443277.0,7.25,-2.79,-0.57,1.49
254,2002-01-18,19.7,20.79,19.45,20.34,5555,15168859.0,6.75,2.47,0.49,1.23
255,2002-01-21,20.17,20.66,19.87,20.55,3958,10885459.0,3.88,1.03,0.21,0.88
256,2002-01-22,20.53,21.79,20.37,20.87,12307,35093687.0,6.91,1.56,0.32,2.73
257,2002-01-23,20.7,21.94,20.5,21.89,4302,12353270.0,6.9,4.89,1.02,0.96
258,2002-01-24,21.7,22.12,21.12,21.87,7645,22361098.0,4.57,-0.09,-0.02,1.7
259,2002-01-25,21.87,22.53,21.55,22.29,7145,21272292.0,4.48,1.92,0.42,1.59
260,2002-01-28,22.29,22.29,20.37,20.44,5027,14274846.0,8.61,-8.3,-1.85,1.12
261,2002-01-29,20.35,21.37,20.04,20.98,3043,8590533.0,6.51,2.64,0.54,0.68
262,2002-01-30,21.19,21.29,20.62,20.79,1981,5603364.0,3.19,-0.91,-0.19,0.44
263,2002-01-31,21.21,23.13,21.21,22.74,15118,45932116.0,9.24,9.38,1.95,3.36
264,2002-02-01,22.45,23.12,22.39,22.74,5989,18304579.0,3.21,0.0,0.0,1.33
265,2002-02-04,22.69,23.16,22.54,23.16,4147,12690483.0,2.73,1.85,0.42,0.92
266,2002-02-05,22.77,23.14,22.61,23.02,3118,9540333.0,2.29,-0.6,-0.14,0.69
267,2002-02-06,23.04,23.04,22.54,22.54,2477,7542421.0,2.17,-2.09,-0.48,0.55
268,2002-02-07,22.87,23.54,22.54,22.99,3965,12298267.0,4.44,2.0,0.45,0.88
269,2002-02-08,23.18,23.49,22.95,22.97,3408,10534934.0,2.35,-0.09,-0.02,0.76
270,2002-02-25,23.47,23.58,22.91,23.17,2985,9245276.0,2.92,0.87,0.2,0.66
271,2002-02-26,23.04,23.04,22.44,22.7,2489,7555939.0,2.59,-2.03,-0.47,0.55
272,2002-02-27,22.76,22.89,22.52,22.69,918,2789940.0,1.63,-0.04,-0.01,0.2
273,2002-02-28,22.74,23.04,22.62,22.68,1190,3622675.0,1.85,-0.04,-0.01,0.26
274,2002-03-01,22.7,22.77,22.37,22.47,942,2842814.0,1.76,-0.93,-0.21,0.21
275,2002-03-04,22.54,22.94,22.37,22.91,747,2267864.0,2.54,1.96,0.44,0.17
276,2002-03-05,23.02,23.49,22.99,23.24,2785,8635369.0,2.18,1.44,0.33,0.62
277,2002-03-06,23.24,23.79,23.05,23.16,3338,10452085.0,3.18,-0.34,-0.08,0.74
278,2002-03-07,22.99,23.52,22.99,23.45,2815,8738411.0,2.29,1.25,0.29,0.63
279,2002-03-08,23.62,24.7,23.62,24.28,9408,30279259.0,4.61,3.54,0.83,2.09
280,2002-03-11,24.49,24.54,24.04,24.29,4385,14142529.0,2.06,0.04,0.01,0.97
281,2002-03-12,24.37,24.37,23.6,23.61,4364,13874631.0,3.17,-2.8,-0.68,0.97
282,2002-03-13,23.6,24.02,23.3,23.45,3535,11161064.0,3.05,-0.68,-0.16,0.79
283,2002-03-14,23.47,23.7,23.39,23.66,2671,8388224.0,1.32,0.9,0.21,0.59
284,2002-03-15,24.04,24.42,23.67,23.7,4905,15732080.0,3.17,0.17,0.04,1.09
285,2002-03-18,23.99,24.69,23.79,23.99,3848,12290050.0,3.8,1.22,0.29,0.86
286,2002-03-19,24.62,24.95,24.2,24.44,15951,51968348.0,3.13,1.88,0.45,3.54
287,2002-03-20,24.8,25.16,24.25,24.87,16201,53137408.0,3.72,1.76,0.43,3.6
288,2002-03-21,25.04,25.11,24.45,24.57,4161,13664637.0,2.65,-1.21,-0.3,0.92
289,2002-03-22,24.49,24.7,23.77,23.93,4476,14327429.0,3.79,-2.6,-0.64,0.99
290,2002-03-25,23.99,24.2,23.8,24.03,3612,11537100.0,1.67,0.42,0.1,0.8
291,2002-03-26,24.04,24.04,23.32,23.42,4029,12668980.0,3.0,-2.54,-0.61,0.9
292,2002-03-27,23.37,23.62,23.32,23.46,3372,10540210.0,1.28,0.17,0.04,0.75
293,2002-03-28,23.62,23.7,23.33,23.38,2368,7431415.0,1.58,-0.34,-0.08,0.53
294,2002-03-29,23.19,23.37,22.29,22.44,4528,13739745.0,4.62,-4.02,-0.94,1.01
295,2002-04-01,22.37,22.48,22.05,22.2,2436,7265221.0,1.92,-1.07,-0.24,0.54
296,2002-04-02,22.2,22.37,21.45,21.57,4384,12794337.0,4.14,-2.84,-0.63,0.97
297,2002-04-03,21.59,21.95,21.5,21.65,3155,9184128.0,2.09,0.37,0.08,0.7
298,2002-04-04,21.6,22.51,21.54,22.37,4867,14441452.0,4.48,3.33,0.72,1.08
299,2002-04-05,22.48,22.79,22.0,22.24,2676,7996967.0,3.53,-0.58,-0.13,0.59
300,2002-04-08,22.37,22.46,22.03,22.24,1551,4621296.0,1.93,0.0,0.0,0.34
301,2002-04-09,22.1,22.29,21.55,22.25,7171,21059103.0,3.33,0.04,0.01,1.59
302,2002-04-10,22.31,22.42,21.83,22.27,4173,12444135.0,2.65,0.09,0.02,0.93
303,2002-04-11,22.27,22.27,21.75,21.85,2365,6982535.0,2.33,-1.89,-0.42,0.53
304,2002-04-12,21.79,22.19,21.7,21.8,3557,10456203.0,2.24,-0.23,-0.05,0.79
305,2002-04-15,22.16,22.16,21.52,21.66,2104,6130952.0,2.94,-0.64,-0.14,0.47
306,2002-04-16,21.79,22.79,21.66,22.06,3605,10764530.0,5.22,1.85,0.4,0.8
307,2002-04-17,22.03,22.19,21.7,21.95,1482,4350312.0,2.22,-0.5,-0.11,0.33
308,2002-04-18,21.95,21.95,21.51,21.53,3597,10474476.0,2.0,-1.91,-0.42,0.8
309,2002-04-19,21.55,21.55,21.12,21.5,2966,8514469.0,2.0,-0.14,-0.03,0.66
310,2002-04-23,21.33,21.33,19.83,19.85,10984,30127789.0,6.98,-7.67,-1.65,2.44
311,2002-04-24,19.54,19.84,19.2,19.61,5742,15291215.0,3.22,-1.21,-0.24,1.28
312,2002-04-25,19.58,20.02,19.58,19.88,2383,6419993.0,2.24,1.38,0.27,0.53
313,2002-04-26,19.91,20.09,19.91,20.08,2521,6852659.0,0.91,1.01,0.2,0.56
314,2002-04-29,20.09,20.27,20.04,20.06,4880,13351326.0,1.15,-0.1,-0.02,1.08
315,2002-04-30,20.04,20.26,19.7,19.9,4943,13375829.0,2.79,-0.8,-0.16,1.1
316,2002-05-08,19.91,20.43,19.87,20.18,3907,10689945.0,2.81,1.41,0.28,0.87
317,2002-05-09,20.13,20.39,20.06,20.14,2401,6596855.0,1.64,-0.2,-0.04,0.53
318,2002-05-10,20.25,20.33,19.8,19.85,2035,5531399.0,2.63,-1.44,-0.29,0.45
319,2002-05-13,19.85,19.85,19.18,19.5,4978,13136541.0,3.38,-1.76,-0.35,1.11
320,2002-05-14,19.45,20.8,19.45,19.92,6851,18807291.0,6.92,2.15,0.42,1.52
321,2002-05-15,19.87,19.91,19.55,19.62,2245,6021692.0,1.81,-1.51,-0.3,0.5
322,2002-05-16,19.6,19.62,19.23,19.35,2155,5699796.0,1.99,-1.38,-0.27,0.48
323,2002-05-17,19.45,19.79,19.25,19.39,2264,5982015.0,2.79,0.21,0.04,0.5
324,2002-05-20,19.54,20.08,19.4,19.54,4081,10900762.0,3.51,0.77,0.15,0.91
325,2002-05-21,20.04,20.4,19.63,20.1,4739,12875684.0,3.94,2.87,0.56,1.05
326,2002-05-22,20.29,20.29,19.6,19.69,2016,5420805.0,3.43,-2.04,-0.41,0.45
327,2002-05-23,19.69,20.04,19.54,19.64,1512,4054673.0,2.54,-0.25,-0.05,0.34
328,2002-05-24,19.66,19.78,19.19,19.23,1942,5104152.0,3.0,-2.09,-0.41,0.43
329,2002-05-27,19.04,19.25,18.63,18.73,3423,8817610.0,3.22,-2.6,-0.5,0.76
330,2002-05-28,18.73,18.75,17.3,17.35,17527,43178673.0,7.74,-7.37,-1.38,3.89
331,2002-05-29,17.37,17.42,16.73,17.05,10252,24036727.0,3.98,-1.73,-0.3,2.28
332,2002-05-30,17.04,17.25,16.79,17.09,3844,9062097.0,2.7,0.23,0.04,0.85
333,2002-05-31,17.09,17.1,16.41,16.46,6239,14431624.0,4.04,-3.69,-0.63,1.39
334,2002-06-03,16.36,16.36,15.42,15.53,8258,18140634.0,5.71,-5.65,-0.93,1.84
335,2002-06-04,15.5,15.93,15.45,15.76,8150,17871898.0,3.09,1.48,0.23,1.81
336,2002-06-05,15.75,15.75,15.3,15.37,4522,9853023.0,2.86,-2.47,-0.39,1.0
337,2002-06-06,15.29,16.45,15.12,16.22,10809,24166980.0,8.65,5.53,0.85,2.4
338,2002-06-07,16.2,16.7,16.05,16.7,12737,29201453.0,4.01,2.96,0.48,2.83
339,2002-06-10,16.7,16.7,16.31,16.37,4580,10471708.0,2.34,-1.98,-0.33,1.02
340,2002-06-11,16.39,16.82,16.3,16.69,3907,9027830.0,3.18,1.95,0.32,0.87
341,2002-06-12,16.7,16.71,16.37,16.45,2688,6165950.0,2.04,-1.44,-0.24,0.6
342,2002-06-13,16.7,16.7,16.05,16.32,1845,3485294.0,3.95,-0.79,-0.13,0.34
343,2002-06-14,16.05,16.28,15.65,15.9,3379,6204825.0,3.86,-2.57,-0.42,0.63
344,2002-06-17,15.41,15.68,15.4,15.59,3795,6844561.0,1.76,-1.95,-0.31,0.7
345,2002-06-18,15.6,16.1,15.6,16.02,3496,6442416.0,3.21,2.76,0.43,0.65
346,2002-06-19,16.02,16.02,15.7,15.89,1528,2800838.0,2.0,-0.81,-0.13,0.28
347,2002-06-20,15.89,16.15,15.81,15.94,1154,2130863.0,2.14,0.31,0.05,0.21
348,2002-06-21,15.92,16.59,15.81,16.4,5467,10318690.0,4.89,2.89,0.46,1.01
349,2002-06-24,18.29,18.29,17.6,18.29,24741,51107407.0,4.21,11.52,1.89,4.58
350,2002-06-25,18.7,18.78,17.71,17.8,15643,32398868.0,5.85,-2.68,-0.49,2.9
351,2002-06-26,17.79,18.5,17.3,17.96,13297,27092626.0,6.74,0.9,0.16,2.46
352,2002-06-27,18.01,18.29,17.81,18.18,7323,15016000.0,2.67,1.22,0.22,1.36
353,2002-06-28,18.19,18.27,17.46,17.81,9021,18246721.0,4.46,-2.04,-0.37,1.67
354,2002-07-01,17.75,18.28,17.75,17.81,4869,9980161.0,2.98,0.0,0.0,0.9
355,2002-07-02,17.9,18.0,17.8,17.99,2282,4651960.0,1.12,1.01,0.18,0.42
356,2002-07-03,18.1,18.15,17.6,17.68,4814,9738702.0,3.06,-1.72,-0.31,0.89
357,2002-07-04,17.72,17.72,17.35,17.44,6497,12968307.0,2.09,-1.36,-0.24,1.2
358,2002-07-05,17.37,17.48,17.1,17.2,3369,6640538.0,2.18,-1.38,-0.24,0.62
359,2002-07-08,17.17,17.32,17.01,17.19,4134,8123268.0,1.8,-0.06,-0.01,0.77
360,2002-07-09,17.21,17.49,17.19,17.26,3043,6026610.0,1.75,0.41,0.07,0.56
361,2002-07-10,17.3,17.35,16.83,16.85,3040,5939054.0,3.01,-2.38,-0.41,0.56
362,2002-07-11,16.71,17.0,16.71,16.9,3278,6349008.0,1.72,0.3,0.05,0.61
363,2002-07-12,16.9,16.95,16.6,16.64,2272,4372681.0,2.07,-1.54,-0.26,0.42
364,2002-07-15,16.6,16.6,16.27,16.55,3676,6945892.0,1.98,-0.54,-0.09,0.68
365,2002-07-16,16.6,16.6,16.09,16.13,5785,10834625.0,3.08,-2.54,-0.42,1.07
366,2002-07-17,16.13,16.28,15.88,16.18,3235,5986181.0,2.48,0.31,0.05,0.6
367,2002-07-18,16.2,16.25,15.89,15.92,5817,10754635.0,2.22,-1.61,-0.26,1.08
368,2002-07-19,15.9,16.01,15.76,15.97,6638,12205835.0,1.57,0.31,0.05,1.23
369,2002-07-22,15.66,15.7,15.46,15.65,8580,15494021.0,1.5,-2.0,-0.32,1.59
370,2002-07-23,15.7,16.17,15.68,15.85,8222,15187054.0,3.13,1.28,0.2,1.52
371,2002-07-24,15.95,16.07,15.88,15.91,2738,5058727.0,1.2,0.38,0.06,0.51
372,2002-07-25,16.05,16.1,15.6,15.91,4120,7542090.0,3.14,0.0,0.0,0.76
373,2002-07-26,15.97,16.0,15.75,15.79,1254,2300670.0,1.57,-0.75,-0.12,0.23
374,2002-07-29,15.65,16.0,15.65,15.99,1746,3200852.0,2.22,1.27,0.2,0.32
375,2002-07-30,16.04,16.15,15.82,16.05,3054,5664016.0,2.06,0.38,0.06,0.57
376,2002-07-31,15.9,16.09,15.69,15.7,2510,4597966.0,2.49,-2.18,-0.35,0.46
377,2002-08-01,15.7,15.8,15.58,15.72,985,1789861.0,1.4,0.13,0.02,0.18
378,2002-08-02,15.7,15.73,15.55,15.61,2317,4197039.0,1.15,-0.7,-0.11,0.43
379,2002-08-05,15.6,15.83,15.57,15.63,2865,5205000.0,1.67,0.13,0.02,0.53
380,2002-08-06,15.82,15.85,15.6,15.7,2916,5307866.0,1.6,0.45,0.07,0.54
381,2002-08-07,15.68,15.7,15.63,15.65,1507,2737450.0,0.45,-0.32,-0.05,0.28
382,2002-08-08,15.68,15.87,15.68,15.83,1649,3010023.0,1.21,1.15,0.18,0.31
383,2002-08-09,15.85,15.85,14.5,14.79,10947,19205705.0,8.53,-6.57,-1.04,2.03
384,2002-08-12,14.69,14.69,14.28,14.3,8306,14046789.0,2.77,-3.31,-0.49,1.54
385,2002-08-13,14.29,14.47,14.23,14.35,2033,3429713.0,1.68,0.35,0.05,0.38
386,2002-08-14,14.35,14.66,14.35,14.58,2425,4124807.0,2.16,1.6,0.23,0.45
387,2002-08-15,14.55,14.55,14.38,14.5,2088,3539490.0,1.17,-0.55,-0.08,0.39
388,2002-08-16,14.3,14.55,13.98,14.52,4593,7713437.0,3.93,0.14,0.02,0.85
389,2002-08-19,14.48,14.59,14.32,14.57,1983,3367013.0,1.86,0.34,0.05,0.37
390,2002-08-20,14.57,14.69,14.4,14.66,4331,7408691.0,1.99,0.62,0.09,0.8
391,2002-08-21,14.67,15.89,14.59,15.85,19788,35387087.0,8.87,8.12,1.19,3.66
392,2002-08-22,15.91,17.48,15.75,16.71,58551,113095971.0,10.91,5.43,0.86,10.84
393,2002-08-23,16.62,16.9,16.53,16.79,21488,41329895.0,2.21,0.48,0.08,3.98
394,2002-08-26,16.47,16.75,16.23,16.74,17687,33633333.0,3.1,-0.3,-0.05,3.28
395,2002-08-27,16.75,18.2,16.51,17.63,30435,60640189.0,10.1,5.32,0.89,5.64
396,2002-08-28,17.63,17.7,17.0,17.05,12738,25177000.0,3.97,-3.29,-0.58,2.36
397,2002-08-29,17.05,17.18,16.48,16.54,9365,17965584.0,4.11,-2.99,-0.51,1.73
398,2002-08-30,16.38,16.93,16.35,16.71,5885,11278942.0,3.51,1.03,0.17,1.09
399,2002-09-02,16.71,16.92,16.59,16.77,3641,7023892.0,1.97,0.36,0.06,0.67
400,2002-09-03,16.77,17.14,16.7,16.75,6399,12472138.0,2.62,-0.12,-0.02,1.19
401,2002-09-04,16.75,16.8,16.31,16.4,5602,10644733.0,2.93,-2.09,-0.35,1.04
402,2002-09-05,16.3,16.36,15.98,16.12,7863,14630527.0,2.32,-1.71,-0.28,1.46
403,2002-09-06,16.12,16.44,16.02,16.18,4391,8237110.0,2.61,0.37,0.06,0.81
404,2002-09-09,16.1,17.1,16.0,17.04,13131,25122897.0,6.8,5.32,0.86,2.43
405,2002-09-10,17.03,17.15,16.81,17.11,10337,20152559.0,2.0,0.41,0.07,1.91
406,2002-09-11,17.05,17.38,16.7,17.27,9993,19494015.0,3.97,0.94,0.16,1.85
407,2002-09-12,17.2,17.48,17.05,17.24,10349,20452981.0,2.49,-0.17,-0.03,1.92
408,2002-09-13,17.25,17.25,16.84,16.86,6414,12492012.0,2.38,-2.2,-0.38,1.19
409,2002-09-16,16.88,17.03,16.67,16.68,4388,8469111.0,2.14,-1.07,-0.18,0.81
410,2002-09-17,16.7,16.85,16.08,16.31,10533,19786996.0,4.62,-2.22,-0.37,1.95
411,2002-09-18,16.31,16.44,16.1,16.15,4451,8325477.0,2.08,-0.98,-0.16,0.82
412,2002-09-19,16.09,16.09,15.17,15.65,12728,22953966.0,5.7,-3.1,-0.5,2.36
413,2002-09-20,15.68,15.83,15.42,15.51,4750,8614966.0,2.62,-0.89,-0.14,0.88
414,2002-09-23,15.51,15.63,15.3,15.55,2038,3661756.0,2.13,0.26,0.04,0.38
415,2002-09-24,15.7,15.7,15.46,15.47,1857,3351704.0,1.54,-0.51,-0.08,0.34
416,2002-09-25,15.48,15.48,14.98,15.01,5733,10147649.0,3.23,-2.97,-0.46,1.06
417,2002-09-26,14.98,14.98,14.51,14.58,7164,12303458.0,3.13,-2.86,-0.43,1.33
418,2002-09-27,14.56,14.85,14.51,14.61,4518,7773332.0,2.33,0.21,0.03,0.84
419,2002-10-08,14.48,14.78,14.1,14.75,1901,3234053.0,4.65,0.96,0.14,0.35
420,2002-10-09,14.7,14.85,14.31,14.52,2922,4984528.0,3.66,-1.56,-0.23,0.54
421,2002-10-10,14.3,14.67,14.3,14.42,1339,2273390.0,2.55,-0.69,-0.1,0.25
422,2002-10-11,14.4,14.6,14.4,14.5,2672,4544926.0,1.39,0.55,0.08,0.49
423,2002-10-14,14.55,14.6,14.25,14.55,3116,5270718.0,2.41,0.34,0.05,0.58
424,2002-10-15,14.55,14.93,14.5,14.9,4082,7037630.0,2.96,2.41,0.35,0.76
425,2002-10-16,14.9,15.3,14.9,14.93,3833,6744213.0,2.68,0.2,0.03,0.71
426,2002-10-17,14.91,15.1,14.3,14.51,3253,5556603.0,5.36,-2.81,-0.42,0.6
427,2002-10-18,14.4,14.73,14.13,14.5,3328,5622453.0,4.14,-0.07,-0.01,0.62
428,2002-10-21,14.51,14.6,14.21,14.5,1190,2015117.0,2.69,0.0,0.0,0.22
429,2002-10-22,14.5,15.0,14.4,14.82,3139,5409207.0,4.14,2.21,0.32,0.58
430,2002-10-23,14.84,14.84,14.41,14.51,2731,4667770.0,2.9,-2.09,-0.31,0.51
431,2002-10-24,14.5,14.63,14.26,14.4,3889,6561914.0,2.55,-0.76,-0.11,0.72
432,2002-10-25,14.39,14.8,13.5,13.59,6171,10306254.0,9.03,-5.63,-0.81,1.14
433,2002-10-28,13.59,13.59,12.61,12.78,12600,19402424.0,7.21,-5.96,-0.81,2.33
434,2002-10-29,12.75,13.65,12.65,13.41,8222,12934342.0,7.82,4.93,0.63,1.52
435,2002-10-30,13.31,13.38,12.91,13.07,3938,6156847.0,3.5,-2.54,-0.34,0.73
436,2002-10-31,13.2,13.32,12.88,12.89,2098,3260402.0,3.37,-1.38,-0.18,0.39
437,2002-11-01,12.9,13.23,12.9,13.01,2145,3337518.0,2.56,0.93,0.12,0.4
438,2002-11-04,13.05,13.82,13.05,13.8,9887,15878530.0,5.92,6.07,0.79,1.83
439,2002-11-05,13.95,14.15,13.66,13.9,9589,15717062.0,3.55,0.72,0.1,1.78
440,2002-11-06,13.9,13.9,13.66,13.75,3109,5061976.0,1.73,-1.08,-0.15,0.58
441,2002-11-07,13.76,13.8,13.42,13.56,3520,5661695.0,2.76,-1.38,-0.19,0.65
442,2002-11-08,13.9,13.98,13.05,13.08,4120,6610096.0,6.86,-3.54,-0.48,0.76
443,2002-11-11,13.12,13.18,12.76,12.84,3176,4885272.0,3.21,-1.83,-0.24,0.59
444,2002-11-12,12.8,12.99,12.38,12.39,4697,7088340.0,4.75,-3.5,-0.45,0.87
445,2002-11-13,12.31,12.74,12.1,12.66,4577,6808369.0,5.17,2.18,0.27,0.85
446,2002-11-14,12.66,12.66,12.0,12.03,3587,5314117.0,5.21,-4.98,-0.63,0.66
447,2002-11-15,11.98,12.62,11.9,12.29,5290,7849811.0,5.99,2.16,0.26,0.98
448,2002-11-18,12.18,12.4,12.0,12.08,2794,4085723.0,3.25,-1.71,-0.21,0.52
449,2002-11-19,12.0,12.41,11.95,12.34,4693,6938582.0,3.81,2.15,0.26,0.87
450,2002-11-20,12.3,12.3,11.52,11.6,7074,10077306.0,6.32,-6.0,-0.74,1.31
451,2002-11-21,11.6,11.65,11.2,11.24,5274,7336616.0,3.88,-3.1,-0.36,0.98
452,2002-11-26,11.24,11.5,10.41,10.54,10337,13644204.0,9.7,-6.23,-0.7,1.91
453,2002-11-27,10.49,10.58,10.1,10.39,7031,9018236.0,4.55,-1.42,-0.15,1.3
454,2002-11-28,10.39,11.15,10.18,11.09,11849,15664488.0,9.34,6.74,0.7,2.19
455,2002-11-29,11.09,11.65,10.93,11.32,15653,21725945.0,6.49,2.07,0.23,2.9
456,2002-12-02,11.33,11.33,10.45,10.49,8337,11082969.0,7.77,-7.33,-0.83,1.54
457,2002-12-03,10.45,11.08,10.45,11.02,10306,13770117.0,6.01,5.05,0.53,1.91
458,2002-12-04,11.12,11.6,11.0,11.09,8405,11579434.0,5.44,0.64,0.07,1.56
459,2002-12-05,11.0,11.16,10.86,11.03,4076,5497351.0,2.71,-0.54,-0.06,0.75
460,2002-12-06,11.19,11.24,10.88,10.97,3783,5135537.0,3.26,-0.54,-0.06,0.7
461,2002-12-09,11.0,11.19,10.86,11.03,2293,3096743.0,3.01,0.55,0.06,0.42
462,2002-12-10,10.98,11.05,10.53,10.69,4013,5337724.0,4.71,-3.08,-0.34,0.74
463,2002-12-11,10.64,10.68,10.25,10.55,4405,5701366.0,4.02,-1.31,-0.14,0.82
464,2002-12-12,10.5,11.03,10.43,10.7,3791,5043065.0,5.69,1.42,0.15,0.7
465,2002-12-13,10.31,10.98,10.31,10.85,3076,4046127.0,6.26,1.4,0.15,0.57
466,2002-12-16,10.9,11.03,10.76,10.9,3616,4853718.0,2.49,0.46,0.05,0.67
467,2002-12-17,10.93,11.18,10.81,11.09,3931,5304677.0,3.39,1.74,0.19,0.73
468,2002-12-18,11.1,11.59,11.08,11.11,7628,10539648.0,4.6,0.18,0.02,1.41
469,2002-12-19,11.08,11.18,10.98,11.14,2178,2950391.0,1.8,0.27,0.03,0.4
470,2002-12-20,11.14,11.56,11.03,11.47,8044,11192407.0,4.76,2.96,0.33,1.49
471,2002-12-23,11.62,12.13,11.58,11.6,15805,22694416.0,4.8,1.13,0.13,2.93
472,2002-12-24,11.51,11.65,11.45,11.56,3989,5600020.0,1.72,-0.34,-0.04,0.74
473,2002-12-25,11.6,11.65,11.23,11.25,4284,5947049.0,3.63,-2.68,-0.31,0.79
474,2002-12-26,11.18,11.22,10.6,10.64,6403,8582611.0,5.51,-5.42,-0.61,1.19
475,2002-12-27,10.6,10.79,10.4,10.54,5280,6896814.0,3.67,-0.94,-0.1,0.98
476,2002-12-30,10.5,10.5,10.15,10.22,6699,8582753.0,3.32,-3.04,-0.32,1.24
477,2002-12-31,10.22,10.38,9.79,9.88,5571,7018213.0,5.77,-3.33,-0.34,1.03
478,2003-01-02,9.72,10.0,9.6,9.68,3707,4545919.0,4.05,-2.02,-0.2,0.69
479,2003-01-03,9.6,9.88,9.57,9.67,3473,4250386.0,3.2,-0.1,-0.01,0.64
480,2003-01-06,9.58,10.28,9.58,10.09,6453,8084385.0,7.24,4.34,0.42,1.19
481,2003-01-07,10.0,10.33,9.9,9.97,4666,5906860.0,4.26,-1.19,-0.12,0.86
482,2003-01-08,10.0,10.46,9.88,10.45,5606,7142254.0,5.82,4.81,0.48,1.04
483,2003-01-09,10.58,11.2,10.36,11.0,19280,25761094.0,8.04,5.26,0.55,3.57
484,2003-01-10,10.92,11.18,10.78,10.79,10146,13655423.0,3.64,-1.91,-0.21,1.88
485,2003-01-13,10.79,11.07,10.71,10.85,6309,8429096.0,3.34,0.56,0.06,1.17
486,2003-01-14,10.8,11.85,10.75,11.56,20548,28505248.0,10.14,6.54,0.71,3.81
487,2003-01-15,11.6,12.13,11.4,11.55,27446,39206280.0,6.31,-0.09,-0.01,5.08
488,2003-01-16,11.55,12.0,11.48,11.93,15561,22269356.0,4.5,3.29,0.38,2.88
489,2003-01-17,11.98,12.04,11.54,11.59,11196,15933534.0,4.19,-2.85,-0.34,2.07
490,2003-01-20,11.55,11.58,11.3,11.48,7233,10077677.0,2.42,-0.95,-0.11,1.34
491,2003-01-21,11.5,11.65,11.1,11.11,5829,8067031.0,4.79,-3.22,-0.37,1.08
492,2003-01-22,11.05,11.25,11.0,11.09,3702,5033606.0,2.25,-0.18,-0.02,0.69
493,2003-01-23,11.0,11.79,11.0,11.31,11734,16435611.0,7.12,1.98,0.22,2.17
494,2003-01-24,11.25,11.72,11.12,11.62,6894,9669992.0,5.31,2.74,0.31,1.28
495,2003-01-27,11.71,11.96,11.7,11.78,7939,11345399.0,2.24,1.38,0.16,1.47
496,2003-01-28,11.78,11.95,11.52,11.9,6268,8939717.0,3.65,1.02,0.12,1.16
497,2003-01-29,11.88,12.48,11.76,12.17,20217,29762031.0,6.05,2.27,0.27,3.74
498,2003-02-10,12.18,12.25,11.69,11.73,7552,10885968.0,4.6,-3.62,-0.44,1.4
499,2003-02-11,11.73,12.33,11.7,12.2,11464,16807158.0,5.37,4.01,0.47,2.12
500,2003-02-12,12.29,12.45,12.03,12.4,7981,11800363.0,3.44,1.64,0.2,1.48
501,2003-02-13,12.35,13.89,12.31,13.49,63279,99713601.0,12.74,8.79,1.09,11.72
502,2003-02-14,13.76,13.78,13.1,13.2,29711,47265027.0,5.04,-2.15,-0.29,5.5
503,2003-02-17,13.2,13.3,12.76,13.06,26963,41618838.0,4.09,-1.06,-0.14,4.99
504,2003-02-18,13.05,13.05,12.72,12.82,12493,19136816.0,2.53,-1.84,-0.24,2.31
505,2003-02-19,12.82,12.95,12.67,12.86,6189,9475571.0,2.18,0.31,0.04,1.15
506,2003-02-20,12.9,13.11,12.65,12.68,10458,16124644.0,3.58,-1.4,-0.18,1.94
507,2003-02-21,12.69,12.7,12.1,12.23,13485,20050728.0,4.73,-3.55,-0.45,2.5
508,2003-02-24,12.0,12.45,12.0,12.2,4002,5891613.0,3.68,-0.25,-0.03,0.74
509,2003-02-25,12.22,12.7,12.16,12.6,5032,7554570.0,4.43,3.28,0.4,0.93
510,2003-02-26,12.62,12.69,12.4,12.47,3437,5150169.0,2.3,-1.03,-0.13,0.64
511,2003-02-27,12.45,12.7,12.41,12.52,3176,4782292.0,2.33,0.4,0.05,0.59
512,2003-02-28,12.46,12.78,12.46,12.7,5046,7647415.0,2.56,1.44,0.18,0.93
513,2003-03-03,12.65,12.95,12.65,12.86,4870,7450384.0,2.36,1.26,0.16,0.9
514,2003-03-04,12.87,13.0,12.59,12.68,3855,5873764.0,3.19,-1.4,-0.18,0.71
515,2003-03-05,12.68,12.68,12.3,12.44,3940,5873859.0,3.0,-1.89,-0.24,0.73
516,2003-03-06,12.3,12.43,12.01,12.08,4679,6863688.0,3.38,-2.89,-0.36,0.87
517,2003-03-07,12.05,12.18,11.94,12.01,3027,4402914.0,1.99,-0.58,-0.07,0.56
518,2003-03-10,12.0,12.17,11.66,11.7,4537,6504132.0,4.25,-2.58,-0.31,0.84
519,2003-03-11,11.8,11.8,11.5,11.6,4810,6805073.0,2.56,-0.85,-0.1,0.89
520,2003-03-12,11.7,11.98,11.65,11.97,4625,6644866.0,2.84,3.19,0.37,0.86
521,2003-03-13,12.0,12.0,11.75,11.76,1952,2803269.0,2.09,-1.75,-0.21,0.36
522,2003-03-14,11.76,12.4,11.75,12.0,5467,7984687.0,5.53,2.04,0.24,1.01
523,2003-03-17,12.0,12.58,12.0,12.46,11646,17293316.0,4.83,3.83,0.46,2.16
524,2003-03-18,12.55,12.85,12.25,12.28,10792,16309761.0,4.82,-1.44,-0.18,2.0
525,2003-03-19,12.26,12.35,12.05,12.15,2666,3907236.0,2.44,-1.06,-0.13,0.49
526,2003-03-20,12.15,12.24,11.75,11.85,3268,4727970.0,4.03,-2.47,-0.3,0.61
527,2003-03-21,11.77,12.48,11.77,12.39,9520,14041568.0,5.99,4.56,0.54,1.76
528,2003-03-24,12.35,12.6,12.1,12.45,5032,7487567.0,4.04,0.48,0.06,0.93
529,2003-03-25,12.4,12.45,11.99,12.12,5801,8498746.0,3.69,-2.65,-0.33,1.07
530,2003-03-26,12.08,12.28,11.85,12.02,1655,2405910.0,3.55,-0.83,-0.1,0.31
531,2003-03-27,11.92,12.56,11.83,12.54,7017,10373014.0,6.07,4.33,0.52,1.3
532,2003-03-28,12.62,12.65,12.33,12.39,5325,7993234.0,2.55,-1.2,-0.15,0.99
533,2003-03-31,12.41,13.0,12.28,12.79,14028,21286075.0,5.81,3.23,0.4,2.6
534,2003-04-01,12.79,12.97,12.65,12.87,7987,12226917.0,2.5,0.63,0.08,1.48
535,2003-04-02,12.9,13.3,12.52,13.01,15428,23841315.0,6.06,1.09,0.14,2.86
536,2003-04-03,13.04,13.48,12.91,13.3,22607,35456130.0,4.38,2.23,0.29,4.19
537,2003-04-04,13.42,13.47,12.78,12.79,24992,38624733.0,5.19,-3.83,-0.51,4.63
538,2003-04-07,12.8,12.86,12.25,12.27,13700,20504054.0,4.77,-4.07,-0.52,2.54
539,2003-04-08,12.2,12.47,11.95,11.98,13308,19459934.0,4.24,-2.36,-0.29,2.46
540,2003-04-09,11.98,12.14,11.3,11.69,14334,20381882.0,7.01,-2.42,-0.29,2.65
541,2003-04-10,11.71,11.79,11.05,11.66,16562,23001411.0,6.33,-0.26,-0.03,3.07
542,2003-04-11,11.65,11.73,11.4,11.51,7464,10456427.0,2.83,-1.29,-0.15,1.38
543,2003-04-14,11.5,11.95,11.45,11.85,10928,15631989.0,4.34,2.95,0.34,2.02
544,2003-04-15,11.9,12.12,11.85,12.1,9090,13179843.0,2.28,2.11,0.25,1.68
545,2003-04-16,12.2,12.3,11.56,11.58,10443,15043195.0,6.12,-4.3,-0.52,1.93
546,2003-04-17,11.53,11.93,11.53,11.61,6357,9040228.0,3.45,0.26,0.03,1.18
547,2003-04-18,11.61,11.85,11.55,11.56,5784,8164869.0,2.58,-0.43,-0.05,1.07
548,2003-04-21,11.4,11.5,11.08,11.16,6078,8336789.0,3.63,-3.46,-0.4,1.13
549,2003-04-22,11.17,11.2,10.5,10.52,7808,10459030.0,6.27,-5.73,-0.64,1.45
550,2003-04-23,10.85,11.48,10.68,10.92,11398,15564600.0,7.6,3.8,0.4,2.11
551,2003-04-24,10.92,10.92,10.52,10.64,5989,7869654.0,3.66,-2.56,-0.28,1.11
552,2003-04-25,10.52,10.78,10.18,10.25,6486,8390609.0,5.64,-3.67,-0.39,1.2
553,2003-04-28,10.2,10.25,9.6,9.98,9622,11856156.0,6.34,-2.63,-0.27,1.78
554,2003-04-29,10.0,10.08,9.7,9.75,5632,6963281.0,3.81,-2.3,-0.23,1.04
555,2003-04-30,9.8,9.95,8.53,8.72,23299,26399487.0,14.56,-10.56,-1.03,4.31
556,2003-05-12,8.73,8.76,8.15,8.27,11381,12334599.0,7.0,-5.16,-0.45,2.11
557,2003-05-13,8.2,9.16,8.11,9.11,16744,18665618.0,12.7,10.16,0.84,3.1
558,2003-05-14,9.0,9.49,8.75,9.3,18571,21706886.0,8.12,2.09,0.19,3.44
559,2003-05-15,9.29,10.08,9.0,9.9,21361,25918213.0,11.61,6.45,0.6,3.96
560,2003-05-16,9.82,9.9,9.5,9.64,9446,11492443.0,4.04,-2.63,-0.26,1.75
561,2003-05-19,9.64,10.0,9.64,9.83,8539,10559860.0,3.73,1.97,0.19,1.58
562,2003-05-20,9.79,9.8,9.38,9.45,5458,6562234.0,4.27,-3.87,-0.38,1.01
563,2003-05-21,9.39,9.7,9.29,9.43,3262,3920222.0,4.34,-0.21,-0.02,0.6
564,2003-05-22,9.44,9.97,9.36,9.85,9214,11350671.0,6.47,4.45,0.42,1.71
565,2003-05-23,9.8,10.01,9.7,9.84,8367,10363607.0,3.15,-0.1,-0.01,1.55
566,2003-05-26,9.91,9.98,9.65,9.75,5534,6770481.0,3.35,-0.91,-0.09,1.02
567,2003-05-27,9.8,10.29,9.76,9.99,11273,14129607.0,5.44,2.46,0.24,2.09
568,2003-05-28,10.04,10.25,9.8,9.97,8382,10502119.0,4.5,-0.2,-0.02,1.55
569,2003-05-29,9.97,10.45,9.91,10.4,15354,19585550.0,5.42,4.31,0.43,2.84
570,2003-06-02,10.5,10.61,10.26,10.37,8537,11017881.0,3.37,-0.29,-0.03,1.58
571,2003-06-03,10.35,10.4,10.05,10.08,6852,8672845.0,3.38,-2.8,-0.29,1.27
572,2003-06-04,10.0,10.35,9.8,9.99,5969,7498676.0,5.46,-0.89,-0.09,1.11
573,2003-06-05,9.93,10.12,9.72,9.75,3871,4771426.0,4.0,-2.4,-0.24,0.72
574,2003-06-06,9.75,9.87,9.51,9.52,4395,5350614.0,3.69,-2.36,-0.23,0.81
575,2003-06-09,9.47,9.47,9.1,9.13,3931,4629797.0,3.89,-4.1,-0.39,0.73
576,2003-06-10,9.11,9.33,9.11,9.18,2238,2630616.0,2.41,0.55,0.05,0.41
577,2003-06-11,9.18,9.5,9.16,9.5,7587,9053322.0,3.7,3.49,0.32,1.41
578,2003-06-12,9.56,10.12,9.52,10.1,15311,18830380.0,6.32,6.32,0.6,2.84
579,2003-06-13,10.08,10.18,9.89,10.05,11015,13798601.0,2.87,-0.5,-0.05,2.04
580,2003-06-16,10.1,10.27,9.93,10.25,7373,9310209.0,3.38,1.99,0.2,1.37
581,2003-06-17,10.35,10.6,10.26,10.4,28658,37069828.0,3.32,1.46,0.15,5.31
582,2003-06-18,10.4,10.44,10.01,10.04,9376,11901528.0,4.13,-3.46,-0.36,1.74
583,2003-06-19,10.03,10.15,9.57,9.77,8206,10120306.0,5.78,-2.69,-0.27,1.52
584,2003-06-20,9.68,9.96,9.68,9.72,3404,4184076.0,2.87,-0.51,-0.05,0.63
585,2003-06-23,9.68,9.78,9.5,9.5,3186,3866476.0,2.88,-2.26,-0.22,0.59
586,2003-06-24,9.5,9.6,9.45,9.52,2530,3041923.0,1.58,0.21,0.02,0.47
587,2003-06-25,9.65,9.73,9.38,9.41,2781,3353468.0,3.68,-1.16,-0.11,0.52
588,2003-06-26,9.36,9.85,9.21,9.78,5370,6472464.0,6.8,3.93,0.37,0.99
589,2003-06-27,9.77,9.77,9.32,9.41,2810,3383098.0,4.6,-3.78,-0.37,0.52
590,2003-06-30,9.38,9.55,9.22,9.23,3123,3689381.0,3.51,-1.91,-0.18,0.58
591,2003-07-01,9.15,9.38,9.13,9.17,2910,3421132.0,2.71,-0.65,-0.06,0.54
592,2003-07-02,9.23,9.26,9.04,9.2,2911,3389815.0,2.4,0.33,0.03,0.54
593,2003-07-03,9.25,9.4,9.11,9.35,2039,2411713.0,3.15,1.63,0.15,0.38
594,2003-07-04,9.36,9.46,9.2,9.21,1681,1980001.0,2.78,-1.5,-0.14,0.31
595,2003-07-07,9.22,9.25,9.1,9.2,1783,2079893.0,1.63,-0.11,-0.01,0.33
596,2003-07-08,9.19,9.58,9.18,9.41,2687,3197622.0,4.35,2.28,0.21,0.5
597,2003-07-09,9.43,9.44,9.24,9.29,1617,1912103.0,2.13,-1.28,-0.12,0.3
598,2003-07-10,9.31,9.69,9.3,9.67,6262,7543847.0,4.2,4.09,0.38,1.16
599,2003-07-11,9.7,10.2,9.59,10.19,24186,30329039.0,6.31,5.38,0.52,4.48
600,2003-07-14,9.98,9.98,9.7,9.91,16318,20130524.0,2.75,-2.75,-0.28,3.02
601,2003-07-15,9.9,9.9,9.31,9.38,15655,18838472.0,5.95,-5.35,-0.53,2.9
602,2003-07-16,9.37,9.45,9.12,9.41,8433,9900924.0,3.52,0.32,0.03,1.56
603,2003-07-17,9.36,9.45,9.2,9.22,6117,7210387.0,2.66,-2.02,-0.19,1.13
604,2003-07-18,9.22,9.25,8.52,8.57,14224,16140228.0,7.92,-7.05,-0.65,2.63
605,2003-07-21,8.5,8.6,8.25,8.58,6956,7592839.0,4.08,0.12,0.01,1.29
606,2003-07-22,8.58,8.79,8.5,8.6,4780,5324566.0,3.38,0.23,0.02,0.89
607,2003-07-23,8.61,8.83,8.56,8.79,1858,2077900.0,3.14,2.21,0.19,0.34
608,2003-07-24,8.78,9.09,8.68,8.77,5234,5947664.0,4.66,-0.23,-0.02,0.97
609,2003-07-25,8.75,9.17,8.6,8.94,8565,9765324.0,6.5,1.94,0.17,1.59
610,2003-07-28,8.84,9.06,8.75,8.79,3696,4203025.0,3.47,-1.68,-0.15,0.68
611,2003-07-29,8.81,8.9,8.7,8.78,1804,2024907.0,2.28,-0.11,-0.01,0.33
612,2003-07-30,8.78,8.85,8.47,8.58,2935,3245214.0,4.33,-2.28,-0.2,0.54
613,2003-07-31,8.6,8.85,8.6,8.7,1957,2184340.0,2.91,1.4,0.12,0.36
614,2003-08-01,8.63,9.09,8.61,9.0,4696,5316679.0,5.52,3.45,0.3,0.87
615,2003-08-04,9.0,9.25,8.87,9.15,8496,9853042.0,4.22,1.67,0.15,1.57
616,2003-08-05,9.15,9.53,9.15,9.18,9452,11189225.0,4.15,0.33,0.03,1.75
617,2003-08-06,9.19,9.32,9.11,9.27,4509,5264169.0,2.29,0.98,0.09,0.84
618,2003-08-07,9.26,9.38,9.1,9.13,2775,3238933.0,3.02,-1.51,-0.14,0.51
619,2003-08-08,9.11,9.15,8.88,8.89,3234,3705365.0,2.96,-2.63,-0.24,0.6
620,2003-08-11,8.75,8.93,8.74,8.88,2294,2581152.0,2.14,-0.11,-0.01,0.42
621,2003-08-12,8.83,9.05,8.75,8.97,1638,1859660.0,3.38,1.01,0.09,0.3
622,2003-08-13,9.1,9.1,8.66,8.71,2151,2416153.0,4.91,-2.9,-0.26,0.4
623,2003-08-14,8.56,9.05,8.56,8.84,4132,4670600.0,5.63,1.49,0.13,0.77
624,2003-08-15,8.8,9.01,8.78,8.79,2033,2296683.0,2.6,-0.57,-0.05,0.38
625,2003-08-18,8.8,9.09,8.75,8.96,3762,4295932.0,3.87,1.93,0.17,0.7
626,2003-08-19,8.98,9.21,8.91,9.14,5323,6168976.0,3.35,2.01,0.18,0.99
627,2003-08-20,9.2,9.2,8.95,9.11,2560,2943766.0,2.74,-0.33,-0.03,0.47
628,2003-08-21,9.11,9.2,9.01,9.14,2387,2760895.0,2.09,0.33,0.03,0.44
629,2003-08-22,9.18,9.19,8.81,8.97,4061,4651978.0,4.16,-1.86,-0.17,0.75
630,2003-08-25,8.88,9.04,8.7,8.72,2389,2684109.0,3.79,-2.79,-0.25,0.44
631,2003-08-26,8.7,8.85,8.7,8.76,1280,1435647.0,1.72,0.46,0.04,0.24
632,2003-08-27,8.8,8.86,8.72,8.79,1418,1595608.0,1.6,0.34,0.03,0.26
633,2003-08-28,8.8,8.95,8.75,8.75,1460,1655961.0,2.28,-0.46,-0.04,0.27
634,2003-08-29,8.75,8.83,8.59,8.71,1899,2117156.0,2.74,-0.46,-0.04,0.35
635,2003-09-01,8.72,9.0,8.68,8.99,2042,2314772.0,3.67,3.21,0.28,0.38
636,2003-09-02,9.04,9.73,8.97,9.25,10751,12691738.0,8.45,2.89,0.26,1.99
637,2003-09-03,9.23,9.37,9.12,9.23,3333,3893996.0,2.7,-0.22,-0.02,0.62
638,2003-09-04,9.25,9.33,9.09,9.2,2548,2977936.0,2.6,-0.33,-0.03,0.47
639,2003-09-05,9.2,9.23,8.85,9.02,2056,2360850.0,4.13,-1.96,-0.18,0.38
640,2003-09-08,8.9,8.95,8.7,8.75,1913,2164897.0,2.77,-2.99,-0.27,0.35
641,2003-09-09,8.93,8.98,8.83,8.98,1450,1646361.0,1.71,2.63,0.23,0.27
642,2003-09-10,8.88,9.05,8.87,8.99,715,818200.0,2.0,0.11,0.01,0.13
643,2003-09-11,8.99,9.14,8.94,8.95,814,935316.0,2.22,-0.44,-0.04,0.15
644,2003-09-12,8.9,9.04,8.76,9.03,2755,3111544.0,3.13,0.89,0.08,0.51
645,2003-09-15,9.03,9.36,9.03,9.19,11028,12891296.0,3.65,1.77,0.16,2.04
646,2003-09-16,9.29,9.43,9.19,9.38,9048,10660351.0,2.61,2.07,0.19,1.68
647,2003-09-17,9.3,9.39,9.11,9.14,3599,4204266.0,2.99,-2.56,-0.24,0.67
648,2003-09-18,9.05,9.47,9.05,9.45,6862,8087538.0,4.6,3.39,0.31,1.27
649,2003-09-19,9.45,9.53,9.31,9.47,6628,7879454.0,2.33,0.21,0.02,1.23
650,2003-09-22,9.45,9.54,9.26,9.27,3582,4245739.0,2.96,-2.11,-0.2,0.66
651,2003-09-23,9.27,9.39,9.17,9.37,3012,3531036.0,2.37,1.08,0.1,0.56
652,2003-09-24,9.38,9.47,9.15,9.22,2380,2788709.0,3.42,-1.6,-0.15,0.44
653,2003-09-25,9.29,9.29,8.89,8.91,3850,4427062.0,4.34,-3.36,-0.31,0.71
654,2003-09-26,8.89,9.0,8.77,8.82,2888,3263338.0,2.58,-1.01,-0.09,0.53
655,2003-09-29,8.79,8.79,8.41,8.52,4581,5023995.0,4.31,-3.4,-0.3,0.85
656,2003-09-30,8.55,8.62,8.29,8.52,3806,4146205.0,3.87,0.0,0.0,0.7
657,2003-10-08,8.52,8.55,8.35,8.45,1139,1238687.0,2.35,-0.82,-0.07,0.21
658,2003-10-09,8.45,8.85,8.44,8.46,2148,2384598.0,4.85,0.12,0.01,0.4
659,2003-10-10,8.37,8.8,8.37,8.71,1786,1981413.0,5.08,2.96,0.25,0.33
660,2003-10-13,8.69,8.88,8.65,8.85,2676,2998108.0,2.64,1.61,0.14,0.5
661,2003-10-14,8.85,8.85,8.75,8.85,3707,4166713.0,1.13,0.0,0.0,0.69
662,2003-10-15,8.85,9.0,8.77,8.85,5268,5970761.0,2.6,0.0,0.0,0.98
663,2003-10-16,9.0,9.0,8.68,8.75,2280,2556986.0,3.62,-1.13,-0.1,0.42
664,2003-10-17,8.84,8.84,8.62,8.71,1277,1427499.0,2.51,-0.46,-0.04,0.24
665,2003-10-20,8.76,8.76,8.4,8.47,2293,2517261.0,4.13,-2.76,-0.24,0.42
666,2003-10-21,8.5,8.5,7.94,8.14,5737,6097435.0,6.61,-3.9,-0.33,1.06
667,2003-10-22,8.31,8.49,7.93,8.49,6132,6559512.0,6.88,4.3,0.35,1.14
668,2003-10-23,8.7,8.7,8.13,8.19,9290,10134475.0,6.71,-3.53,-0.3,1.72
669,2003-10-24,8.38,8.38,7.54,7.65,11792,12092938.0,10.26,-6.59,-0.54,2.18
670,2003-10-27,7.6,7.63,6.64,6.64,15141,13946756.0,12.94,-13.2,-1.01,2.8
671,2003-10-28,6.4,6.6,6.11,6.53,8658,7619519.0,7.38,-1.66,-0.11,1.6
672,2003-10-29,6.55,6.59,5.75,6.07,7016,5985018.0,12.86,-7.04,-0.46,1.3
673,2003-10-30,6.05,6.26,5.89,6.0,4064,3471555.0,6.1,-1.15,-0.07,0.75
674,2003-10-31,6.0,6.44,6.0,6.19,2921,2542026.0,7.33,3.17,0.19,0.54
675,2003-11-03,6.17,6.19,5.95,6.16,2938,2501465.0,3.88,-0.48,-0.03,0.54
676,2003-11-04,6.15,6.37,6.06,6.32,5837,5068640.0,5.03,2.6,0.16,1.08
677,2003-11-05,6.3,6.37,5.9,5.96,4557,3908491.0,7.44,-5.7,-0.36,0.84
678,2003-11-06,5.96,5.96,5.12,5.28,8799,6922340.0,14.09,-11.41,-0.68,1.63
679,2003-11-07,5.23,5.66,5.07,5.49,6252,4920635.0,11.17,3.98,0.21,1.16
680,2003-11-10,5.49,5.57,5.23,5.27,2478,1927743.0,6.19,-4.01,-0.22,0.46
681,2003-11-11,5.27,5.39,5.14,5.33,2345,1815603.0,4.74,1.14,0.06,0.43
682,2003-11-12,5.29,5.36,5.2,5.23,1479,1141120.0,3.0,-1.88,-0.1,0.27
683,2003-11-13,5.21,5.61,5.15,5.38,5509,4322953.0,8.8,2.87,0.15,1.02
684,2003-11-14,5.34,5.51,5.28,5.5,2816,2213956.0,4.28,2.23,0.12,0.52
685,2003-11-17,5.51,5.55,5.35,5.5,1966,1557991.0,3.64,0.0,0.0,0.36
686,2003-11-18,5.55,5.55,5.36,5.39,984,773686.0,3.45,-2.0,-0.11,0.18
687,2003-11-19,5.35,5.83,5.35,5.71,5694,4629948.0,8.91,5.94,0.32,1.05
688,2003-11-20,5.73,6.4,5.69,6.34,13581,11669232.0,12.43,11.03,0.63,2.52
689,2003-11-21,6.44,6.47,5.9,5.91,9927,8513616.0,8.99,-6.78,-0.43,1.84
690,2003-11-24,5.93,6.55,5.86,6.44,9293,8113010.0,11.68,8.97,0.53,1.72
691,2003-11-25,6.55,6.77,6.22,6.43,13651,12221821.0,8.54,-0.16,-0.01,2.53
692,2003-11-26,6.43,6.82,6.17,6.71,11116,9966046.0,10.11,4.35,0.28,2.06
693,2003-11-27,6.68,6.72,6.21,6.29,9047,8071491.0,7.6,-6.26,-0.42,1.68
694,2003-11-28,6.1,6.39,6.1,6.25,3909,3388612.0,4.61,-0.64,-0.04,0.72
695,2003-12-01,6.22,6.83,6.22,6.53,8074,7266094.0,9.76,4.48,0.28,1.5
696,2003-12-02,6.54,6.8,6.45,6.54,8986,8162181.0,5.36,0.15,0.01,1.66
697,2003-12-03,6.51,6.75,6.35,6.67,9241,8369639.0,6.12,1.99,0.13,1.71
698,2003-12-04,6.69,7.17,6.69,6.96,19810,18554738.0,7.2,4.35,0.29,3.67
699,2003-12-08,6.95,6.96,6.53,6.58,8866,8064934.0,6.18,-5.46,-0.38,1.64
700,2003-12-09,6.55,6.63,6.4,6.6,4317,3860337.0,3.5,0.3,0.02,0.8
701,2003-12-10,6.59,6.89,6.55,6.69,7811,7176478.0,5.15,1.36,0.09,1.45
702,2003-12-11,6.65,6.72,6.52,6.57,5394,4887844.0,2.99,-1.79,-0.12,1.0
703,2003-12-12,6.53,6.59,6.37,6.5,4095,3651188.0,3.35,-1.07,-0.07,0.76
704,2003-12-15,6.55,6.55,6.41,6.5,2635,2353916.0,2.15,0.0,0.0,0.49
705,2003-12-16,6.45,6.49,6.21,6.31,4399,3836438.0,4.31,-2.92,-0.19,0.81
706,2003-12-17,6.27,6.31,6.13,6.17,4684,4059206.0,2.85,-2.22,-0.14,0.87
707,2003-12-18,6.15,6.24,5.77,5.83,5560,4677592.0,7.62,-5.51,-0.34,1.03
708,2003-12-19,5.75,5.85,5.1,5.26,8903,7048483.0,12.86,-9.78,-0.57,1.65
709,2003-12-22,5.4,5.7,5.1,5.68,8396,6602172.0,11.41,7.98,0.42,1.55
710,2003-12-23,5.63,5.84,5.58,5.68,5136,4176681.0,4.58,0.0,0.0,0.95
711,2003-12-24,5.65,5.73,5.45,5.6,5413,4338723.0,4.93,-1.41,-0.08,1.0
712,2003-12-25,5.6,5.73,5.53,5.65,4271,3450220.0,3.57,0.89,0.05,0.79
713,2003-12-26,5.72,6.03,5.72,5.78,6958,5800020.0,5.49,2.3,0.13,1.29
714,2003-12-29,5.83,5.95,5.67,5.73,3427,2830546.0,4.84,-0.87,-0.05,0.63
715,2003-12-30,5.69,5.72,5.46,5.56,4209,3380523.0,4.54,-2.97,-0.17,0.78
716,2003-12-31,5.61,5.73,5.56,5.56,2390,1928288.0,3.06,0.0,0.0,0.44
717,2004-01-02,5.56,5.89,5.5,5.71,2879,2353654.0,7.01,2.7,0.15,0.53
718,2004-01-05,5.75,6.0,5.64,5.85,6681,5542926.0,6.3,2.45,0.14,1.24
719,2004-01-06,5.81,6.0,5.74,5.99,7090,5902356.0,4.44,2.39,0.14,1.31
720,2004-01-07,5.97,6.0,5.82,5.93,7132,5936319.0,3.01,-1.0,-0.06,1.32
721,2004-01-08,5.93,6.55,5.85,6.34,15755,13721590.0,11.8,6.91,0.41,2.92
722,2004-01-09,6.33,6.45,6.1,6.14,9521,8283497.0,5.52,-3.15,-0.2,1.76
723,2004-01-12,6.05,6.15,5.93,6.09,5526,4691219.0,3.58,-0.81,-0.05,1.02
724,2004-01-13,6.19,6.43,6.05,6.22,6509,5649354.0,6.24,2.13,0.13,1.21
725,2004-01-14,6.22,6.48,6.05,6.43,8775,7724613.0,6.91,3.38,0.21,1.63
726,2004-01-15,6.45,6.55,6.17,6.23,5986,5276841.0,5.91,-3.11,-0.2,1.11
727,2004-01-16,6.22,6.55,6.08,6.44,11346,10030389.0,7.54,3.37,0.21,2.1
728,2004-01-29,6.47,6.97,6.46,6.95,13531,12511922.0,7.92,7.92,0.51,2.51
729,2004-01-30,7.0,7.0,6.61,6.61,8418,7763947.0,5.61,-4.89,-0.34,1.56
730,2004-02-02,6.75,7.52,6.6,7.52,35888,34842748.0,13.92,13.77,0.91,6.65
731,2004-02-03,7.53,7.64,7.33,7.62,21689,21468034.0,4.12,1.33,0.1,4.02
732,2004-02-04,7.61,7.79,7.44,7.74,17249,17435674.0,4.59,1.57,0.12,3.19
733,2004-02-05,7.85,7.85,7.53,7.66,11638,11738184.0,4.13,-1.03,-0.08,2.16
734,2004-02-06,7.61,7.61,7.25,7.28,12011,11815726.0,4.7,-4.96,-0.38,2.22
735,2004-02-09,7.25,7.5,7.2,7.5,11382,11132481.0,4.12,3.02,0.22,2.11
736,2004-02-10,7.5,7.79,7.44,7.54,10755,10800689.0,4.67,0.53,0.04,1.99
737,2004-02-11,7.85,8.54,7.57,8.26,40380,42967475.0,12.86,9.55,0.72,7.48
738,2004-02-12,8.26,8.64,8.26,8.43,34674,37798730.0,4.6,2.06,0.17,6.42
739,2004-02-13,8.42,8.5,8.07,8.24,12379,13257029.0,5.1,-2.25,-0.19,2.29
740,2004-02-16,8.23,8.89,8.23,8.71,16629,18473403.0,8.01,5.7,0.47,3.08
741,2004-02-17,8.8,8.9,8.59,8.82,17963,20155266.0,3.56,1.26,0.11,3.33
742,2004-02-18,8.82,8.94,8.56,8.93,17884,20011060.0,4.31,1.25,0.11,3.31
743,2004-02-19,9.0,9.64,8.94,9.63,34273,40365592.0,7.84,7.84,0.7,6.35
744,2004-02-20,9.65,9.72,9.32,9.57,22489,26732230.0,4.15,-0.62,-0.06,4.16
745,2004-02-23,9.8,10.54,9.8,9.86,39348,49425818.0,7.73,3.03,0.29,7.29
746,2004-02-24,9.85,9.85,9.05,9.62,24001,28621755.0,8.11,-2.43,-0.24,4.44
747,2004-02-25,9.62,10.35,9.25,9.31,25867,31649923.0,11.43,-3.22,-0.31,4.79
748,2004-02-26,9.25,9.43,9.05,9.28,15713,18328285.0,4.08,-0.32,-0.03,2.91
749,2004-02-27,9.28,9.49,8.83,9.44,19522,22646491.0,7.11,1.72,0.16,3.62
750,2004-03-01,9.4,9.64,9.15,9.54,12213,14542865.0,5.19,1.06,0.1,2.26
751,2004-03-02,9.6,9.65,9.23,9.28,9226,10890475.0,4.4,-2.73,-0.26,1.71
752,2004-03-03,9.15,9.28,8.86,8.91,8460,9719941.0,4.53,-3.99,-0.37,1.57
753,2004-03-04,8.86,8.98,8.61,8.96,9326,10485262.0,4.15,0.56,0.05,1.73
754,2004-03-05,8.95,9.35,8.8,8.95,7496,8625502.0,6.14,-0.11,-0.01,1.39
755,2004-03-08,8.92,8.92,8.38,8.39,8320,9167179.0,6.03,-6.26,-0.56,1.54
756,2004-03-09,8.33,8.43,7.8,7.83,10879,11466433.0,7.51,-6.67,-0.56,2.01
757,2004-03-10,7.77,8.21,7.77,8.21,6578,6892460.0,5.62,4.85,0.38,1.22
758,2004-03-11,8.16,8.47,8.05,8.32,7049,7562055.0,5.12,1.34,0.11,1.31
759,2004-03-12,8.35,8.43,8.22,8.29,4148,4462917.0,2.52,-0.36,-0.03,0.77
760,2004-03-15,8.28,8.7,8.07,8.66,8188,8958428.0,7.6,4.46,0.37,1.52
761,2004-03-16,8.71,8.75,8.5,8.67,6059,6709842.0,2.89,0.12,0.01,1.12
762,2004-03-17,8.66,8.75,8.54,8.65,5228,5790305.0,2.42,-0.23,-0.02,0.97
763,2004-03-18,8.74,8.89,8.15,8.18,6407,7074486.0,8.55,-5.43,-0.47,1.19
764,2004-03-19,8.23,8.44,8.16,8.44,4749,5114728.0,3.42,3.18,0.26,0.88
765,2004-03-22,8.43,8.63,8.38,8.5,4197,4592596.0,2.96,0.71,0.06,0.78
766,2004-03-23,8.48,8.48,8.25,8.34,3737,4028612.0,2.71,-1.88,-0.16,0.69
767,2004-03-24,8.21,8.35,8.03,8.15,8654,9226738.0,3.84,-2.28,-0.19,1.6
768,2004-03-25,8.14,8.28,8.04,8.18,8786,9296467.0,2.94,0.37,0.03,1.63
769,2004-03-26,8.2,8.63,8.2,8.62,11344,12409669.0,5.26,5.38,0.44,2.1
770,2004-03-29,8.69,8.8,8.45,8.45,8272,9190495.0,4.06,-1.97,-0.17,1.53
771,2004-03-30,8.45,9.22,8.45,9.16,15360,17368740.0,9.11,8.4,0.71,2.84
772,2004-03-31,9.14,9.51,9.05,9.32,24010,28170495.0,5.02,1.75,0.16,4.45
773,2004-04-01,9.32,9.37,9.1,9.35,8980,10473546.0,2.9,0.32,0.03,1.66
774,2004-04-02,9.37,9.42,9.15,9.24,6243,7297800.0,2.89,-1.18,-0.11,1.16
775,2004-04-05,9.16,9.55,9.15,9.55,11098,13103962.0,4.33,3.35,0.31,2.06
776,2004-04-06,9.55,9.58,9.24,9.41,8144,9612008.0,3.56,-1.47,-0.14,1.51
777,2004-04-07,9.51,9.53,9.1,9.14,6329,7393259.0,4.57,-2.87,-0.27,1.17
778,2004-04-08,9.13,9.29,8.96,8.96,6520,7508031.0,3.61,-1.97,-0.18,1.21
779,2004-04-09,8.95,9.04,8.4,8.5,12661,14155786.0,7.14,-5.13,-0.46,2.34
780,2004-04-12,8.53,8.64,8.35,8.51,6056,6649953.0,3.41,0.12,0.01,1.12
781,2004-04-13,8.51,8.84,8.5,8.59,6366,7080381.0,4.0,0.94,0.08,1.18
782,2004-04-14,8.73,8.73,8.1,8.31,6913,7466328.0,7.33,-3.26,-0.28,1.28
783,2004-04-15,8.37,8.45,8.06,8.1,3995,4261568.0,4.69,-2.53,-0.21,0.74
784,2004-04-16,8.13,8.2,7.63,8.0,5570,5797552.0,7.04,-1.23,-0.1,1.03
785,2004-04-19,7.97,8.0,7.45,7.5,10145,10272334.0,6.88,-6.25,-0.5,1.88
786,2004-04-20,7.51,7.7,7.43,7.63,4180,4182188.0,3.6,1.73,0.13,0.77
787,2004-04-21,7.65,7.95,7.55,7.7,3812,3879978.0,5.24,0.92,0.07,0.71
788,2004-04-22,7.71,7.88,7.65,7.88,2772,2832132.0,2.99,2.34,0.18,0.51
789,2004-04-23,7.9,7.9,7.5,7.51,3020,3050246.0,5.08,-4.7,-0.37,0.56
790,2004-04-26,7.38,7.65,7.3,7.34,3047,3005511.0,4.66,-2.26,-0.17,0.56
791,2004-04-27,7.35,7.52,7.11,7.11,4059,3933872.0,5.59,-3.13,-0.23,0.75
792,2004-04-28,7.09,7.21,6.8,7.0,7028,6589620.0,5.77,-1.55,-0.11,1.3
793,2004-04-29,7.23,7.5,7.15,7.27,7497,7346382.0,5.0,3.86,0.27,1.39
794,2004-04-30,7.27,7.75,7.25,7.74,11487,11574516.0,6.88,6.46,0.47,2.13
795,2004-05-10,7.74,7.95,7.48,7.52,4518,4566242.0,6.07,-2.84,-0.22,0.84
796,2004-05-11,7.51,7.9,7.49,7.8,5179,5275711.0,5.45,3.72,0.28,0.96
797,2004-05-12,7.8,8.09,7.68,8.06,7768,8085728.0,5.26,3.33,0.26,1.44
798,2004-05-13,8.07,8.1,7.89,7.97,4259,4431005.0,2.61,-1.12,-0.09,0.79
799,2004-05-14,7.87,8.02,7.56,7.62,3991,4061605.0,5.77,-4.39,-0.35,0.74
800,2004-05-17,7.6,8.2,7.6,7.97,8286,8649481.0,7.87,4.59,0.35,1.53
801,2004-05-18,7.95,8.24,7.77,8.23,8031,8416124.0,5.9,3.26,0.26,1.49
802,2004-05-19,8.24,8.42,8.05,8.05,5854,6218679.0,4.5,-2.19,-0.18,1.08
803,2004-05-20,7.96,8.04,7.71,7.78,4518,4667955.0,4.1,-3.35,-0.27,0.84
804,2004-05-21,7.78,8.2,7.71,8.19,7255,7635239.0,6.3,5.27,0.41,1.34
805,2004-05-24,8.21,8.34,8.05,8.07,5077,5389700.0,3.54,-1.47,-0.12,0.94
806,2004-05-25,8.05,8.15,7.75,7.79,5366,5531533.0,4.96,-3.47,-0.28,0.99
807,2004-05-26,7.75,8.0,7.75,7.95,3505,3621984.0,3.21,2.05,0.16,0.65
808,2004-05-27,8.08,8.43,7.85,8.36,12635,13534159.0,7.3,5.16,0.41,2.34
809,2004-05-28,8.36,8.55,8.28,8.54,13654,14856163.0,3.23,2.15,0.18,2.53
810,2004-06-01,8.53,8.93,8.46,8.83,19056,21364425.0,5.5,3.4,0.29,3.53
811,2004-06-02,8.85,8.89,8.56,8.83,11079,12419413.0,3.74,0.0,0.0,2.05
812,2004-06-03,8.83,8.91,8.45,8.45,11422,12673633.0,5.21,-4.3,-0.38,2.12
813,2004-06-04,8.43,9.4,8.3,9.11,27972,32042725.0,13.02,7.81,0.66,5.18
814,2004-06-07,9.03,9.03,8.66,8.89,11612,13105049.0,4.06,-2.41,-0.22,2.15
815,2004-06-08,8.86,9.41,8.7,9.15,26512,30839233.0,7.99,2.92,0.26,4.91
816,2004-06-09,9.15,9.42,8.58,8.73,28907,33407906.0,9.18,-4.59,-0.42,5.35
817,2004-06-10,8.7,8.85,8.09,8.4,15193,16605625.0,8.71,-3.78,-0.33,2.81
818,2004-06-11,8.45,9.33,8.45,8.78,21935,24913386.0,10.48,4.52,0.38,4.06
819,2004-06-14,8.84,9.43,8.75,9.27,39384,45847825.0,7.74,5.58,0.49,7.29
820,2004-06-15,9.3,9.34,8.74,9.19,23833,27424711.0,6.47,-0.86,-0.08,4.41
821,2004-06-16,9.18,9.33,8.93,9.19,17194,19959843.0,4.35,0.0,0.0,3.18
822,2004-06-17,9.19,9.19,8.69,8.82,15811,17918710.0,5.44,-4.03,-0.37,2.93
823,2004-06-18,8.84,9.14,8.67,8.72,13009,14700210.0,5.33,-1.13,-0.1,2.41
824,2004-06-21,8.7,8.87,8.4,8.85,15158,16635193.0,5.39,1.49,0.13,2.81
825,2004-06-22,8.88,9.98,8.71,9.98,49912,60342391.0,14.35,12.77,1.13,9.24
826,2004-06-23,10.06,10.12,9.51,9.77,66478,81479075.0,6.11,-2.1,-0.21,12.31
827,2004-06-24,9.77,10.29,9.65,9.82,41606,51578029.0,6.55,0.51,0.05,7.7
828,2004-06-25,9.71,9.99,8.6,9.0,33680,39691626.0,14.15,-8.35,-0.82,6.24
829,2004-06-28,8.98,9.0,7.86,8.18,20981,22611339.0,12.67,-9.11,-0.82,3.89
830,2004-06-29,8.09,8.68,8.0,8.63,19379,21029038.0,8.31,5.5,0.45,3.59
831,2004-06-30,8.58,8.6,8.21,8.3,10099,10866962.0,4.52,-3.82,-0.33,1.87
832,2004-07-01,8.26,9.0,8.14,8.88,20313,22568059.0,10.36,6.99,0.58,3.76
833,2004-07-02,8.82,9.13,8.62,9.0,17806,20099271.0,5.74,1.35,0.12,3.3
834,2004-07-05,8.98,9.25,8.9,9.17,13854,15965853.0,3.89,1.89,0.17,2.57
835,2004-07-06,9.18,9.29,8.98,9.1,16485,19008522.0,3.38,-0.76,-0.07,3.05
836,2004-07-07,9.0,9.25,8.81,8.9,15087,17182961.0,4.84,-2.2,-0.2,2.79
837,2004-07-08,8.9,9.41,8.88,9.31,19739,22948349.0,5.96,4.61,0.41,3.66
838,2004-07-09,9.35,9.45,9.18,9.2,10098,11787941.0,2.9,-1.18,-0.11,1.87
839,2004-07-12,9.19,9.19,8.45,8.62,13752,15449445.0,8.04,-6.3,-0.58,2.55
840,2004-07-13,8.6,8.9,8.51,8.85,9082,10140276.0,4.52,2.67,0.23,1.68
841,2004-07-14,8.85,8.94,8.4,8.9,12531,13805001.0,6.1,0.56,0.05,2.32
842,2004-07-15,8.88,9.08,8.7,8.94,11554,13054522.0,4.27,0.45,0.04,2.14
843,2004-07-16,9.03,9.7,9.03,9.46,30078,35466749.0,7.49,5.82,0.52,5.57
844,2004-07-19,9.43,9.85,9.32,9.61,25987,31240472.0,5.6,1.59,0.15,4.81
845,2004-07-20,9.61,9.79,9.4,9.52,18776,22590201.0,4.06,-0.94,-0.09,3.48
846,2004-07-21,9.52,9.95,9.45,9.8,28054,34254947.0,5.25,2.94,0.28,5.2
847,2004-07-22,9.79,10.0,9.32,9.34,24944,30099923.0,6.94,-4.69,-0.46,4.62
848,2004-07-23,9.31,10.38,9.25,9.82,36211,44330122.0,12.1,5.14,0.48,6.71
849,2004-07-26,9.85,10.02,9.5,9.83,18244,22303504.0,5.3,0.1,0.01,3.38
850,2004-07-27,9.83,10.0,9.25,9.52,26057,31029839.0,7.63,-3.15,-0.31,4.83
851,2004-07-28,9.51,9.66,9.21,9.56,12386,14631269.0,4.73,0.42,0.04,2.29
852,2004-07-29,9.52,10.0,9.41,9.99,17993,21883201.0,6.17,4.5,0.43,3.33
853,2004-07-30,10.0,10.03,9.61,9.63,16419,20012659.0,4.2,-3.6,-0.36,3.04
854,2004-08-02,9.5,9.58,9.27,9.4,10143,11972450.0,3.22,-2.39,-0.23,1.88
855,2004-08-03,9.4,9.6,9.26,9.48,7701,9151608.0,3.62,0.85,0.08,1.43
856,2004-08-04,9.46,9.8,8.95,9.66,20998,24849337.0,8.97,1.9,0.18,3.89
857,2004-08-05,9.59,9.7,9.26,9.28,9956,11779128.0,4.55,-3.93,-0.38,1.84
858,2004-08-06,9.27,9.44,9.08,9.1,9039,10466564.0,3.88,-1.94,-0.18,1.67
859,2004-08-09,9.06,9.25,8.97,9.17,6053,6974830.0,3.08,0.77,0.07,1.12
860,2004-08-10,9.19,9.45,9.19,9.4,5278,6211642.0,2.84,2.51,0.23,0.98
861,2004-08-11,9.4,9.45,9.02,9.08,9642,11152620.0,4.57,-3.4,-0.32,1.79
862,2004-08-12,9.05,9.05,8.53,8.64,11701,13035330.0,5.73,-4.85,-0.44,2.17
863,2004-08-13,8.6,8.9,8.6,8.68,4035,4498808.0,3.47,0.46,0.04,0.75
864,2004-08-16,8.6,8.66,8.1,8.17,10307,10963005.0,6.45,-5.88,-0.51,1.91
865,2004-08-17,8.1,8.45,8.1,8.28,4549,4856760.0,4.28,1.35,0.11,0.84
866,2004-08-18,8.3,8.45,7.8,7.85,7281,7726238.0,7.85,-5.19,-0.43,1.35
867,2004-08-19,7.8,7.8,6.98,7.2,15007,14579436.0,10.45,-8.28,-0.65,2.78
868,2004-08-20,7.15,7.44,7.05,7.29,5000,4819599.0,5.42,1.25,0.09,0.93
869,2004-08-23,7.22,7.4,6.53,6.6,7439,6989984.0,11.93,-9.47,-0.69,1.38
870,2004-08-24,6.6,6.78,6.21,6.71,11056,9926323.0,8.64,1.67,0.11,2.05
871,2004-08-25,6.55,6.9,6.52,6.75,6401,5847991.0,5.66,0.6,0.04,1.19
872,2004-08-26,6.73,6.73,6.35,6.39,6388,5685961.0,5.63,-5.33,-0.36,1.18
873,2004-08-27,6.3,6.49,6.01,6.09,7823,6709889.0,7.51,-4.69,-0.3,1.45
874,2004-08-30,6.08,6.25,5.88,6.22,5174,4384396.0,6.08,2.13,0.13,0.96
875,2004-08-31,6.6,6.9,6.42,6.45,10005,8955647.0,7.72,3.7,0.23,1.85
876,2004-09-01,6.52,6.52,6.21,6.25,3532,3081033.0,4.81,-3.1,-0.2,0.65
877,2004-09-02,6.21,6.43,6.1,6.42,4569,3972547.0,5.28,2.72,0.17,0.85
878,2004-09-03,6.42,6.55,6.36,6.42,4158,3682640.0,2.96,0.0,0.0,0.77
879,2004-09-06,6.4,6.55,6.38,6.54,1838,1626400.0,2.65,1.87,0.12,0.34
880,2004-09-07,6.49,6.61,6.49,6.6,2304,2063007.0,1.83,0.92,0.06,0.43
881,2004-09-08,6.65,6.69,6.4,6.48,2683,2392859.0,4.39,-1.82,-0.12,0.5
882,2004-09-09,6.41,6.43,6.18,6.19,3061,2659257.0,3.86,-4.48,-0.29,0.57
883,2004-09-10,6.1,6.22,6.08,6.19,2642,2260816.0,2.26,0.0,0.0,0.49
884,2004-09-13,6.2,6.2,5.46,5.47,6344,5159318.0,11.95,-11.63,-0.72,1.17
885,2004-09-14,5.49,6.07,5.49,5.78,10264,8434291.0,10.6,5.67,0.31,1.9
886,2004-09-15,5.78,6.55,5.78,6.44,16129,14015958.0,13.32,11.42,0.66,2.99
887,2004-09-16,6.58,6.67,6.3,6.66,15092,13421421.0,5.75,3.42,0.22,2.79
888,2004-09-17,6.68,7.02,6.55,6.98,21043,19509501.0,7.06,4.8,0.32,3.9
889,2004-09-20,7.0,7.6,6.9,7.6,26361,25454440.0,10.03,8.88,0.62,4.88
890,2004-09-21,7.73,8.05,7.37,7.65,26437,26885744.0,8.95,0.66,0.05,4.9
891,2004-09-22,7.64,7.73,7.25,7.34,15687,15469578.0,6.27,-4.05,-0.31,2.91
892,2004-09-23,7.34,7.76,7.26,7.76,12208,12034661.0,6.81,5.72,0.42,2.26
893,2004-09-24,7.83,7.95,7.37,7.39,19589,19899977.0,7.47,-4.77,-0.37,3.63
894,2004-09-27,7.49,7.68,7.12,7.15,8914,8690336.0,7.58,-3.25,-0.24,1.65
895,2004-09-28,7.28,7.4,7.12,7.26,4873,4698173.0,3.92,1.54,0.11,0.9
896,2004-09-29,7.33,7.35,7.15,7.15,3897,3758696.0,2.75,-1.52,-0.11,0.72
897,2004-09-30,7.1,7.16,6.66,6.75,8802,8141204.0,6.99,-5.59,-0.4,1.63
898,2004-10-08,6.8,7.25,6.5,7.21,6303,5837019.0,11.11,6.81,0.46,1.17
899,2004-10-11,7.23,7.75,7.1,7.4,14130,13951452.0,9.02,2.64,0.19,2.62
900,2004-10-12,7.4,7.88,7.3,7.63,15885,15929404.0,7.84,3.11,0.23,2.94
901,2004-10-13,7.64,7.76,7.47,7.75,11080,11136775.0,3.8,1.57,0.12,2.05
902,2004-10-14,7.75,7.85,6.8,6.92,10818,10512785.0,13.55,-10.71,-0.83,2.0
903,2004-10-15,6.85,7.2,6.72,7.15,11280,10654844.0,6.94,3.32,0.23,2.09
904,2004-10-18,7.25,7.43,7.1,7.4,7700,7496639.0,4.62,3.5,0.25,1.43
905,2004-10-19,7.65,7.95,7.5,7.58,21118,21418829.0,6.08,2.43,0.18,3.91
906,2004-10-20,7.28,7.53,7.13,7.51,9806,9556256.0,5.28,-0.92,-0.07,1.82
907,2004-10-21,7.51,7.85,7.44,7.78,21464,21753623.0,5.46,3.6,0.27,3.97
908,2004-10-22,7.81,8.28,7.42,8.08,33696,34924218.0,11.05,3.86,0.3,6.24
909,2004-10-25,8.23,8.45,8.01,8.06,34341,36588695.0,5.45,-0.25,-0.02,6.36
910,2004-10-26,8.0,8.25,7.63,8.23,17520,18204832.0,7.69,2.11,0.17,3.24
911,2004-10-27,8.18,8.53,8.12,8.3,20997,22499600.0,4.98,0.85,0.07,3.89
912,2004-10-28,8.2,8.34,7.85,7.95,14674,15346651.0,5.9,-4.22,-0.35,2.72
913,2004-10-29,7.4,8.53,7.22,7.96,23273,24435136.0,16.48,0.13,0.01,4.31
914,2004-11-01,7.95,7.96,7.5,7.59,11532,11630786.0,5.78,-4.65,-0.37,2.14
915,2004-11-02,7.52,7.69,7.4,7.56,7656,7605702.0,3.82,-0.4,-0.03,1.42
916,2004-11-03,7.5,7.76,7.5,7.73,5457,5483214.0,3.44,2.25,0.17,1.01
917,2004-11-04,7.85,7.9,7.44,7.46,7519,7560509.0,5.95,-3.49,-0.27,1.39
918,2004-11-05,7.5,7.61,7.2,7.24,7677,7481001.0,5.5,-2.95,-0.22,1.42
919,2004-11-08,7.2,7.2,6.83,6.94,6863,6436660.0,5.11,-4.14,-0.3,1.27
920,2004-11-09,6.98,7.18,6.98,7.03,5337,5045998.0,2.88,1.3,0.09,0.99
921,2004-11-10,7.08,7.7,7.03,7.68,13996,13820129.0,9.53,9.25,0.65,2.59
922,2004-11-11,7.73,8.07,7.63,7.66,16668,17099501.0,5.73,-0.26,-0.02,3.09
923,2004-11-12,7.65,7.88,7.6,7.76,8039,8157833.0,3.66,1.31,0.1,1.49
924,2004-11-15,7.75,8.2,7.75,8.19,19024,19824902.0,5.8,5.54,0.43,3.52
925,2004-11-16,8.2,8.31,7.98,8.22,17387,18346300.0,4.03,0.37,0.03,3.22
926,2004-11-17,8.18,8.34,8.06,8.26,18372,19542280.0,3.41,0.49,0.04,3.4
927,2004-11-18,8.2,8.45,8.2,8.34,20129,21610577.0,3.03,0.97,0.08,3.73
928,2004-11-19,8.39,8.4,8.1,8.16,10727,11345032.0,3.6,-2.16,-0.18,1.99
929,2004-11-22,8.25,8.39,8.05,8.13,10948,11582769.0,4.17,-0.37,-0.03,2.03
930,2004-11-23,8.2,8.34,8.1,8.15,8138,8634076.0,2.95,0.25,0.02,1.51
931,2004-11-24,8.15,8.15,7.8,7.81,9512,9804856.0,4.29,-4.17,-0.34,1.76
932,2004-11-25,7.8,7.93,7.62,7.78,7694,7802154.0,3.97,-0.38,-0.03,1.42
933,2004-11-26,7.74,7.82,7.62,7.66,3801,3858311.0,2.57,-1.54,-0.12,0.7
934,2004-11-29,7.63,7.77,7.53,7.55,3859,3880630.0,3.13,-1.44,-0.11,0.71
935,2004-11-30,7.89,7.89,7.57,7.73,3327,3340398.0,4.24,2.38,0.18,0.62
936,2004-12-01,7.75,7.98,7.68,7.86,5078,5205047.0,3.88,1.68,0.13,0.94
937,2004-12-02,7.83,8.23,7.76,8.21,10858,11336566.0,5.98,4.45,0.35,2.01
938,2004-12-03,8.3,8.62,8.16,8.44,33750,36557928.0,5.6,2.8,0.23,6.25
939,2004-12-06,8.44,8.47,8.15,8.34,10007,10722476.0,3.79,-1.18,-0.1,1.85
940,2004-12-07,8.48,8.55,7.96,7.98,12182,12845584.0,7.07,-4.32,-0.36,2.26
941,2004-12-08,7.98,8.24,7.95,8.14,4954,5182349.0,3.63,2.01,0.16,0.92
942,2004-12-09,8.14,8.29,7.98,8.14,4998,5275794.0,3.81,0.0,0.0,0.93
943,2004-12-10,8.14,8.14,7.61,7.65,8915,9085917.0,6.51,-6.02,-0.49,1.65
944,2004-12-13,7.6,7.75,7.55,7.65,3182,3200986.0,2.61,0.0,0.0,0.59
945,2004-12-14,7.67,7.78,7.28,7.41,5400,5344484.0,6.54,-3.14,-0.24,1.0
946,2004-12-15,7.41,7.48,6.95,7.26,7579,7241659.0,7.15,-2.02,-0.15,1.4
947,2004-12-16,7.49,7.49,7.18,7.26,2229,2157487.0,4.27,0.0,0.0,0.41
948,2004-12-17,7.2,7.38,7.1,7.1,2002,1921529.0,3.86,-2.2,-0.16,0.37
949,2004-12-20,7.13,7.2,6.9,7.12,2758,2601456.0,4.23,0.28,0.02,0.51
950,2004-12-21,7.12,7.28,7.11,7.15,1318,1261061.0,2.39,0.42,0.03,0.24
951,2004-12-22,7.14,7.65,7.14,7.54,4861,4782485.0,7.13,5.45,0.39,0.9
952,2004-12-23,7.5,7.55,7.21,7.27,2054,2009009.0,4.51,-3.58,-0.27,0.38
953,2004-12-24,7.01,7.42,7.01,7.22,1679,1621018.0,5.64,-0.69,-0.05,0.31
954,2004-12-27,7.08,7.2,6.96,6.99,3596,3397269.0,3.32,-3.19,-0.23,0.67
955,2004-12-28,6.95,7.17,6.8,7.05,4029,3767742.0,5.29,0.86,0.06,0.75
956,2004-12-29,7.1,7.58,7.1,7.2,5378,5233795.0,6.81,2.13,0.15,1.0
957,2004-12-30,7.2,7.2,6.9,7.0,2240,2118695.0,4.17,-2.78,-0.2,0.41
958,2004-12-31,6.9,7.14,6.7,6.78,3672,3409773.0,6.29,-3.14,-0.22,0.68
959,2005-01-04,6.78,6.94,6.5,6.8,1614,1483768.0,6.49,0.29,0.02,0.3
960,2005-01-05,6.8,7.19,6.79,7.08,2400,2262340.0,5.88,4.12,0.28,0.44
961,2005-01-06,7.09,7.09,6.89,6.99,1683,1573656.0,2.82,-1.27,-0.09,0.31
962,2005-01-07,6.9,7.16,6.9,7.01,2077,1960928.0,3.72,0.29,0.02,0.38
963,2005-01-10,6.96,7.16,6.94,7.13,1500,1420965.0,3.14,1.71,0.12,0.28
964,2005-01-11,7.09,7.19,6.99,7.14,1308,1242024.0,2.81,0.14,0.01,0.24
965,2005-01-12,7.14,7.35,6.99,7.33,4841,4659351.0,5.04,2.66,0.19,0.9
966,2005-01-13,7.34,7.79,7.27,7.52,16956,16963099.0,7.09,2.59,0.19,3.14
967,2005-01-14,7.52,7.58,7.16,7.18,5689,5559333.0,5.59,-4.52,-0.34,1.05
968,2005-01-17,7.05,7.3,6.99,7.28,4960,4738743.0,4.32,1.39,0.1,0.92
969,2005-01-18,7.35,7.63,7.2,7.61,8067,7959183.0,5.91,4.53,0.33,1.49
970,2005-01-19,7.6,7.6,7.35,7.4,3842,3789996.0,3.29,-2.76,-0.21,0.71
971,2005-01-20,7.11,7.47,7.11,7.24,3331,3231354.0,4.86,-2.16,-0.16,0.62
972,2005-01-21,7.24,7.3,6.33,6.94,10246,9375429.0,13.4,-4.14,-0.3,1.9
973,2005-01-24,7.1,7.3,7.01,7.17,4702,4498182.0,4.18,3.31,0.23,0.87
974,2005-01-25,7.08,7.08,6.88,6.97,3709,3470479.0,2.79,-2.79,-0.2,0.69
975,2005-01-26,6.9,6.93,6.56,6.63,7722,7016151.0,5.31,-4.88,-0.34,1.43
976,2005-01-27,6.6,6.6,6.33,6.35,5173,4559738.0,4.07,-4.22,-0.28,0.96
977,2005-01-28,6.34,6.5,6.21,6.33,2199,1933043.0,4.57,-0.31,-0.02,0.41
978,2005-01-31,6.32,6.32,5.81,5.83,3887,3250792.0,8.06,-7.9,-0.5,0.72
979,2005-02-01,5.82,6.02,5.8,5.82,2157,1790542.0,3.77,-0.17,-0.01,0.4
980,2005-02-02,5.8,6.46,5.8,6.41,4961,4265844.0,11.34,10.14,0.59,0.92
981,2005-02-03,6.4,6.5,6.14,6.15,3754,3277446.0,5.62,-4.06,-0.26,0.7
982,2005-02-04,6.3,6.39,6.1,6.34,3470,3008082.0,4.72,3.09,0.19,0.64
983,2005-02-16,6.48,6.55,6.35,6.39,2001,1766719.0,3.15,0.79,0.05,0.37
984,2005-02-17,6.27,6.57,6.27,6.52,2393,2121417.0,4.69,2.03,0.13,0.44
985,2005-02-18,6.48,6.48,6.31,6.32,1697,1488712.0,2.61,-3.07,-0.2,0.31
986,2005-02-21,6.33,6.45,6.33,6.43,1422,1250939.0,1.9,1.74,0.11,0.26
987,2005-02-22,6.45,6.66,6.43,6.64,5432,4867156.0,3.58,3.27,0.21,1.01
988,2005-02-23,6.75,6.94,6.57,6.8,7676,7043319.0,5.57,2.41,0.16,1.42
989,2005-02-24,6.76,6.86,6.62,6.75,4905,4479132.0,3.53,-0.74,-0.05,0.91
990,2005-02-25,6.67,6.84,6.67,6.74,6347,5807140.0,2.52,-0.15,-0.01,1.18
991,2005-02-28,6.68,6.85,6.63,6.68,3640,3314009.0,3.26,-0.89,-0.06,0.67
992,2005-03-01,6.64,6.78,6.61,6.7,2391,2169674.0,2.54,0.3,0.02,0.44
993,2005-03-02,6.69,6.8,6.4,6.41,4208,3775838.0,5.97,-4.33,-0.29,0.78
994,2005-03-03,6.4,6.49,6.32,6.41,3597,3167323.0,2.65,0.0,0.0,0.67
995,2005-03-04,6.43,6.57,6.41,6.45,2460,2183126.0,2.5,0.62,0.04,0.46
996,2005-03-07,6.45,6.54,6.33,6.34,2163,1902178.0,3.26,-1.71,-0.11,0.4
997,2005-03-08,6.34,6.54,6.34,6.52,3879,3429646.0,3.15,2.84,0.18,0.72
998,2005-03-09,6.58,6.74,6.55,6.65,4484,4058990.0,2.91,1.99,0.13,0.83
999,2005-03-10,6.61,6.68,6.34,6.38,3317,2948357.0,5.11,-4.06,-0.27,0.61
1000,2005-03-11,6.41,6.53,6.32,6.51,3149,2778963.0,3.29,2.04,0.13,0.58
1001,2005-03-14,6.52,6.56,6.16,6.29,4331,3774863.0,6.14,-3.38,-0.22,0.8
1002,2005-03-15,6.44,6.44,6.18,6.19,2546,2208271.0,4.13,-1.59,-0.1,0.47
1003,2005-03-16,6.19,6.33,6.1,6.13,2857,2451673.0,3.72,-0.97,-0.06,0.53
1004,2005-03-17,6.13,6.26,6.08,6.15,2728,2331576.0,2.94,0.33,0.02,0.51
1005,2005-03-18,6.22,6.29,5.75,5.84,3678,3071616.0,8.78,-5.04,-0.31,0.68
1006,2005-03-21,5.84,5.9,5.3,5.47,4372,3447958.0,10.27,-6.34,-0.37,0.81
1007,2005-03-22,5.48,5.48,4.99,5.0,6028,4553242.0,8.96,-8.59,-0.47,1.12
1008,2005-03-23,4.9,5.13,4.83,5.0,3756,2765063.0,6.0,0.0,0.0,0.7
1009,2005-03-24,4.98,5.14,4.9,5.14,2384,1769606.0,4.8,2.8,0.14,0.44
1010,2005-03-25,5.12,5.2,4.9,4.94,2206,1646678.0,5.84,-3.89,-0.2,0.41
1011,2005-03-28,4.96,5.05,4.72,4.88,2404,1740308.0,6.68,-1.21,-0.06,0.45
1012,2005-03-29,4.82,4.89,4.61,4.65,3532,2523718.0,5.74,-4.71,-0.23,0.65
1013,2005-03-30,4.6,4.6,4.33,4.47,6041,4125235.0,5.81,-3.87,-0.18,1.12
1014,2005-03-31,4.5,4.7,4.5,4.69,6108,4275145.0,4.47,4.92,0.22,1.13
1015,2005-04-01,4.69,5.16,4.41,4.91,6097,4344359.0,15.99,4.69,0.22,1.13
1016,2005-04-04,4.78,4.78,4.5,4.54,4384,3111604.0,5.7,-7.54,-0.37,0.81
1017,2005-04-05,4.5,4.61,4.45,4.46,2317,1603158.0,3.52,-1.76,-0.08,0.43
1018,2005-04-06,4.41,4.5,4.03,4.4,7663,5090552.0,10.54,-1.35,-0.06,1.42
1019,2005-04-07,4.39,4.7,4.27,4.53,7053,4935382.0,9.77,2.95,0.13,1.31
1020,2005-04-08,4.32,4.77,4.32,4.75,5174,3641165.0,9.93,4.86,0.22,0.96
1021,2005-04-11,4.78,4.98,4.67,4.82,7284,5266207.0,6.53,1.47,0.07,1.35
1022,2005-04-12,4.81,4.89,4.57,4.58,3591,2552692.0,6.64,-4.98,-0.24,0.66
1023,2005-04-13,4.75,4.9,4.65,4.85,5196,3730179.0,5.46,5.9,0.27,0.96
1024,2005-04-14,4.87,4.93,4.61,4.62,3725,2644745.0,6.6,-4.74,-0.23,0.69
1025,2005-04-15,4.55,4.58,4.22,4.3,3707,2500553.0,7.79,-6.93,-0.32,0.69
1026,2005-04-18,4.25,4.26,4.0,4.06,4320,2796844.0,6.05,-5.58,-0.24,0.8
1027,2005-04-19,4.06,4.18,4.03,4.14,2037,1323028.0,3.69,1.97,0.08,0.38
1028,2005-04-20,4.06,4.06,3.65,3.71,7988,4897921.0,9.9,-10.39,-0.43,1.48
1029,2005-04-21,3.72,3.78,3.42,3.48,4728,2815625.0,9.7,-6.2,-0.23,0.88
1030,2005-04-22,3.58,3.83,3.54,3.75,9405,5731681.0,8.33,7.76,0.27,1.74
1031,2005-04-25,3.79,3.94,3.32,3.88,11505,7017440.0,16.53,3.47,0.13,2.13
1032,2005-04-26,3.85,4.0,3.65,3.98,9419,5944375.0,9.02,2.58,0.1,1.74
1033,2005-04-27,4.1,4.1,3.57,3.73,6119,3776788.0,13.32,-6.28,-0.25,1.13
1034,2005-04-28,3.62,4.09,3.38,3.9,8697,5390841.0,19.03,4.56,0.17,1.61
1035,2005-04-29,3.88,3.88,3.54,3.6,5653,3442790.0,8.72,-7.69,-0.3,1.05
1036,2005-05-09,3.7,3.7,3.32,3.4,2863,1684429.0,10.56,-5.56,-0.2,0.53
1037,2005-05-10,3.42,3.49,3.2,3.45,3919,2247136.0,8.53,1.47,0.05,0.73
1038,2005-05-11,3.4,3.66,3.32,3.61,5683,3388572.0,9.86,4.64,0.16,1.05
1039,2005-05-12,3.76,3.92,3.63,3.78,10359,6388753.0,8.03,4.71,0.17,1.92
1040,2005-05-13,3.75,3.9,3.66,3.85,6785,4210134.0,6.35,1.85,0.07,1.26
1041,2005-05-16,3.83,3.83,3.68,3.75,3890,2382905.0,3.9,-2.6,-0.1,0.72
1042,2005-05-17,3.73,3.93,3.68,3.87,5800,3633258.0,6.67,3.2,0.12,1.07
1043,2005-05-18,3.89,3.96,3.71,3.95,6580,4103457.0,6.46,2.07,0.08,1.22
1044,2005-05-19,3.88,3.9,3.73,3.83,4607,2870478.0,4.3,-3.04,-0.12,0.85
1045,2005-05-20,3.8,3.88,3.71,3.73,2942,1819790.0,4.44,-2.61,-0.1,0.54
1046,2005-05-23,3.68,3.68,3.42,3.44,4143,2453073.0,6.97,-7.77,-0.29,0.77
1047,2005-05-24,3.59,3.74,3.45,3.63,2755,1659144.0,8.43,5.52,0.19,0.51
1048,2005-05-25,3.7,4.04,3.7,3.93,15271,9610812.0,9.37,8.26,0.3,2.83
1049,2005-05-26,3.84,3.92,3.8,3.8,6804,4260982.0,3.05,-3.31,-0.13,1.26
1050,2005-05-27,3.79,4.19,3.79,3.93,14102,9042794.0,10.53,3.42,0.13,2.61
1051,2005-05-31,3.97,4.09,3.9,4.06,9340,5981209.0,4.83,3.31,0.13,1.73
1052,2005-06-01,4.06,4.08,3.85,3.97,6536,4150918.0,5.67,-2.22,-0.09,1.21
1053,2005-06-02,3.96,4.1,3.86,4.06,8919,5722357.0,6.05,2.27,0.09,1.65
1054,2005-06-03,4.06,4.19,3.87,4.04,9948,6433293.0,7.88,-0.49,-0.02,1.84
1055,2005-06-06,3.96,4.04,3.74,4.01,6841,4304236.0,7.43,-0.74,-0.03,1.27
1056,2005-06-07,4.04,4.32,3.95,4.13,16916,11140861.0,9.23,2.99,0.12,3.13
1057,2005-06-08,4.15,4.75,4.07,4.72,23723,16406225.0,16.46,14.29,0.59,4.39
1058,2005-06-09,4.65,5.16,4.55,4.94,26123,19121366.0,12.92,4.66,0.22,4.84
1059,2005-06-10,4.93,4.93,4.58,4.65,13629,9694251.0,7.09,-5.87,-0.29,2.52
1060,2005-06-13,4.59,4.71,4.41,4.62,7657,5354396.0,6.45,-0.65,-0.03,1.42
1061,2005-06-14,4.66,4.75,4.42,4.44,6670,4659722.0,7.14,-3.9,-0.18,1.24
1062,2005-06-15,4.4,4.43,4.2,4.22,7637,5103695.0,5.18,-4.95,-0.22,1.41
1063,2005-06-16,4.21,4.35,4.11,4.35,5198,3446092.0,5.69,3.08,0.13,0.96
1064,2005-06-17,4.36,4.38,4.2,4.23,3978,2643566.0,4.14,-2.76,-0.12,0.74
1065,2005-06-20,4.2,4.53,4.02,4.52,8582,5788390.0,12.06,6.86,0.29,1.59
1066,2005-06-21,4.53,4.53,4.31,4.35,4631,3147514.0,4.87,-3.76,-0.17,0.86
1067,2005-06-22,4.36,4.42,4.2,4.4,3923,2626530.0,5.06,1.15,0.05,0.73
1068,2005-06-23,4.25,4.42,4.21,4.21,2916,1955944.0,4.77,-4.32,-0.19,0.54
1069,2005-06-24,4.15,4.3,4.13,4.25,3104,2057267.0,4.04,0.95,0.04,0.57
1070,2005-06-27,4.39,4.58,4.35,4.5,7927,5468748.0,5.41,5.88,0.25,1.47
1071,2005-06-28,4.41,4.41,4.2,4.29,3909,2623380.0,4.67,-4.67,-0.21,0.72
1072,2005-06-29,4.23,4.53,4.23,4.4,6946,4752648.0,6.99,2.56,0.11,1.29
1073,2005-06-30,4.36,4.4,4.03,4.06,5951,3939003.0,8.41,-7.73,-0.34,1.1
1074,2005-07-01,4.04,4.09,3.54,3.56,8609,5290996.0,13.55,-12.32,-0.5,1.59
1075,2005-07-04,3.5,3.5,3.28,3.45,4643,2675800.0,6.18,-3.09,-0.11,0.86
1076,2005-07-05,3.45,3.5,3.31,3.4,2030,1181221.0,5.51,-1.45,-0.05,0.38
1077,2005-07-06,3.46,3.5,3.0,3.16,2911,1647255.0,14.71,-7.06,-0.24,0.54
1078,2005-07-07,3.1,3.28,3.02,3.19,2993,1678673.0,8.23,0.95,0.03,0.55
1079,2005-07-08,3.24,3.24,2.94,2.96,3246,1768724.0,9.4,-7.21,-0.23,0.6
1080,2005-07-11,3.05,3.2,2.93,2.94,3569,1950609.0,9.12,-0.68,-0.02,0.66
1081,2005-07-12,2.94,3.26,2.94,3.21,3841,2124199.0,10.88,9.18,0.27,0.71
1082,2005-07-13,3.22,3.25,3.12,3.2,2594,1448741.0,4.05,-0.31,-0.01,0.48
1083,2005-07-14,3.21,3.31,3.18,3.23,2244,1256392.0,4.06,0.94,0.03,0.42
1084,2005-07-15,3.2,3.31,2.73,2.75,5071,2689259.0,17.96,-14.86,-0.48,0.94
1085,2005-07-18,2.75,2.75,2.35,2.4,9313,4464752.0,14.55,-12.73,-0.35,1.72
1086,2005-07-19,2.41,2.59,2.37,2.51,3600,1735198.0,9.17,4.58,0.11,0.67
1087,2005-07-20,2.51,2.59,2.43,2.52,2026,987629.0,6.37,0.4,0.01,0.38
1088,2005-07-21,2.5,2.54,2.17,2.36,4801,2241433.0,14.68,-6.35,-0.16,0.89
1089,2005-07-22,2.45,2.76,2.41,2.63,10806,5339336.0,14.83,11.44,0.27,2.0
1090,2005-07-25,2.56,2.6,2.5,2.55,3653,1789886.0,3.8,-3.04,-0.08,0.68
1091,2005-07-26,2.6,2.87,2.56,2.83,11317,5818916.0,12.16,10.98,0.28,2.1
1092,2005-07-27,2.83,2.97,2.77,2.97,8493,4441384.0,7.07,4.95,0.14,1.57
1093,2005-07-28,2.97,2.97,2.8,2.85,6163,3231006.0,5.72,-4.04,-0.12,1.14
1094,2005-07-29,2.83,2.91,2.77,2.84,4199,2179037.0,4.91,-0.35,-0.01,0.78
1095,2005-08-01,2.84,2.95,2.78,2.93,3679,1922661.0,5.99,3.17,0.09,0.68
1096,2005-08-02,2.93,3.08,2.9,3.05,8874,4745451.0,6.14,4.1,0.12,1.64
1097,2005-08-03,3.05,3.24,2.97,3.09,11367,6234246.0,8.85,1.31,0.04,2.11
1098,2005-08-04,3.05,3.63,2.95,3.63,29071,16981030.0,22.01,17.48,0.54,5.38
1099,2005-08-05,3.82,4.23,3.65,4.23,62042,39210966.0,15.98,16.53,0.6,11.49
1100,2005-08-08,4.23,4.83,3.97,4.59,56273,37020302.0,20.33,8.51,0.36,10.42
1101,2005-08-09,4.45,4.57,4.34,4.51,33840,22962162.0,5.01,-1.74,-0.08,6.27
1102,2005-08-10,4.44,4.52,4.3,4.47,25684,17353252.0,4.88,-0.89,-0.04,4.76
1103,2005-08-11,4.4,4.75,4.32,4.48,35066,24228122.0,9.62,0.22,0.01,6.49
1104,2005-08-12,4.45,4.45,4.12,4.29,32204,21374664.0,7.37,-4.24,-0.19,5.96
1105,2005-08-15,4.28,4.55,4.1,4.5,35180,23514589.0,10.49,4.9,0.21,6.51
1106,2005-08-16,4.4,4.84,4.32,4.65,41310,28673696.0,11.56,3.33,0.15,7.65
1107,2005-08-17,4.6,4.88,4.57,4.87,40724,29057137.0,6.67,4.73,0.22,7.54
1108,2005-08-18,4.82,4.9,4.15,4.15,32846,22913515.0,15.4,-14.78,-0.72,6.08
1109,2005-08-19,4.05,4.23,3.9,4.04,23754,15149611.0,7.95,-2.65,-0.11,4.4
1110,2005-08-22,4.05,4.18,3.98,4.08,11910,7673340.0,4.95,0.99,0.04,2.21
1111,2005-08-23,4.15,4.18,3.91,4.01,9726,6206755.0,6.62,-1.72,-0.07,1.8
1112,2005-08-24,4.0,4.13,3.92,4.05,9157,5847673.0,5.24,1.0,0.04,1.7
1113,2005-08-25,4.06,4.25,4.0,4.25,12120,7856220.0,6.17,4.94,0.2,2.24
1114,2005-08-26,4.25,4.79,4.16,4.54,28637,19558126.0,14.82,6.82,0.29,5.3
1115,2005-08-29,4.51,4.51,4.17,4.25,16472,10990632.0,7.49,-6.39,-0.29,3.05
1116,2005-08-30,4.15,4.32,4.1,4.11,10209,6680539.0,5.18,-3.29,-0.14,1.89
1117,2005-08-31,4.08,4.47,4.06,4.45,14677,9756295.0,9.98,8.27,0.34,2.72
1118,2005-09-01,4.46,5.05,4.46,4.87,46910,33412191.0,13.26,9.44,0.42,8.69
1119,2005-09-02,4.84,5.02,4.59,4.86,28365,20251013.0,8.83,-0.21,-0.01,5.25
1120,2005-09-05,4.93,5.13,4.85,4.91,21247,15520486.0,5.76,1.03,0.05,3.93
1121,2005-09-06,4.91,4.95,4.61,4.73,26477,18841700.0,6.92,-3.67,-0.18,4.9
1122,2005-09-07,4.75,5.08,4.66,5.05,39533,28774845.0,8.88,6.77,0.32,7.32
1123,2005-09-08,5.07,5.09,4.77,5.02,20683,15139903.0,6.34,-0.59,-0.03,3.83
1124,2005-09-09,5.01,5.06,4.83,4.86,12099,8809164.0,4.58,-3.19,-0.16,2.24
1125,2005-09-12,4.84,4.97,4.79,4.84,8850,6383334.0,3.7,-0.41,-0.02,1.64
1126,2005-09-13,4.84,5.07,4.83,5.05,12216,8920340.0,4.96,4.34,0.21,2.26
1127,2005-09-14,5.11,5.18,5.0,5.14,33514,24938976.0,3.56,1.78,0.09,6.21
1128,2005-09-15,5.15,5.2,5.05,5.08,17422,13019152.0,2.92,-1.17,-0.06,3.23
1129,2005-09-16,5.08,5.13,4.8,4.86,14342,10412652.0,6.5,-4.33,-0.22,2.66
1130,2005-09-19,4.85,4.96,4.8,4.96,11277,8154809.0,3.29,2.06,0.1,2.09
1131,2005-09-20,5.0,5.0,4.68,4.76,15141,10811490.0,6.45,-4.03,-0.2,2.8
1132,2005-09-21,4.77,4.81,4.5,4.52,14673,10237927.0,6.51,-5.04,-0.24,2.72
1133,2005-09-22,4.5,4.57,4.21,4.33,11131,7534790.0,7.96,-4.2,-0.19,2.06
1134,2005-09-23,4.33,4.45,4.19,4.21,6835,4570187.0,6.0,-2.77,-0.12,1.27
1135,2005-09-26,4.21,4.31,4.17,4.29,4778,3149641.0,3.33,1.9,0.08,0.88
1136,2005-09-27,4.29,4.35,4.05,4.05,6997,4554908.0,6.99,-5.59,-0.24,1.3
1137,2005-09-28,4.05,4.23,4.03,4.11,4311,2786192.0,4.94,1.48,0.06,0.8
1138,2005-09-29,4.15,4.32,4.1,4.31,9608,6345724.0,5.35,4.87,0.2,1.78
1139,2005-09-30,4.31,4.31,4.19,4.2,6118,4025752.0,2.78,-2.55,-0.11,1.13
1140,2005-10-10,4.16,4.19,3.64,3.69,8415,5238221.0,13.1,-12.14,-0.51,1.56
1141,2005-10-11,3.69,3.96,3.65,3.94,6657,4123770.0,8.4,6.78,0.25,1.23
1142,2005-10-12,3.9,4.0,3.83,3.91,6657,4169346.0,4.31,-0.76,-0.03,1.23
1143,2005-10-13,3.97,4.17,3.97,4.06,9637,6198670.0,5.12,3.84,0.15,1.78
1144,2005-10-14,4.07,4.35,3.85,4.17,15330,9907726.0,12.32,2.71,0.11,2.84
1145,2005-10-17,4.11,4.34,4.02,4.15,10391,6807269.0,7.67,-0.48,-0.02,1.92
1146,2005-10-18,4.12,4.23,4.06,4.21,7561,4919644.0,4.1,1.45,0.06,1.4
1147,2005-10-19,4.22,4.65,4.15,4.35,19357,13049599.0,11.88,3.33,0.14,3.58
1148,2005-10-20,4.28,4.34,3.97,4.18,9409,6089678.0,8.51,-3.91,-0.17,1.74
1149,2005-10-21,4.15,4.37,4.15,4.28,9149,6071496.0,5.26,2.39,0.1,1.69
1150,2005-10-24,4.41,4.58,4.35,4.42,12610,8587859.0,5.37,3.27,0.14,2.34
1151,2005-10-25,4.45,4.45,4.26,4.3,8395,5597058.0,4.3,-2.71,-0.12,1.55
1152,2005-10-26,4.36,4.54,4.22,4.24,16879,11334307.0,7.44,-1.4,-0.06,3.13
1153,2005-10-27,4.24,4.24,3.66,3.73,15472,9583857.0,13.68,-12.03,-0.51,2.87
1154,2005-10-28,3.73,3.85,3.3,3.4,9439,5597081.0,14.75,-8.85,-0.33,1.75
1155,2005-10-31,3.4,3.64,3.4,3.58,6244,3673290.0,7.06,5.29,0.18,1.16
1156,2005-11-01,3.58,3.8,3.3,3.78,10474,6171623.0,13.97,5.59,0.2,1.94
1157,2005-11-02,3.83,4.07,3.75,3.85,15590,9759456.0,8.47,1.85,0.07,2.89
1158,2005-11-03,3.8,3.95,3.73,3.74,7855,4836530.0,5.71,-2.86,-0.11,1.45
1159,2005-11-04,3.8,3.95,3.67,3.83,7054,4365769.0,7.49,2.41,0.09,1.31
1160,2005-11-07,3.83,3.91,3.76,3.87,5912,3656724.0,3.92,1.04,0.04,1.09
1161,2005-11-08,3.84,3.84,3.63,3.76,9203,5588600.0,5.43,-2.84,-0.11,1.7
1162,2005-11-09,3.76,3.86,3.66,3.7,6428,3928993.0,5.32,-1.6,-0.06,1.19
1163,2005-11-10,3.69,3.9,3.45,3.79,15360,9394244.0,12.16,2.43,0.09,2.84
1164,2005-11-11,3.76,3.89,3.75,3.8,10011,6181328.0,3.69,0.26,0.01,1.85
1165,2005-11-14,3.8,3.8,3.68,3.79,3494,2122637.0,3.16,-0.26,-0.01,0.65
1166,2005-11-15,3.81,3.88,3.78,3.82,5174,3200526.0,2.64,0.79,0.03,0.96
1167,2005-11-16,3.79,3.84,3.6,3.83,5172,3141853.0,6.28,0.26,0.01,0.96
1168,2005-11-17,3.83,3.88,3.8,3.82,4811,2979252.0,2.09,-0.26,-0.01,0.89
1169,2005-11-18,3.8,4.0,3.75,3.95,12481,7827367.0,6.54,3.4,0.13,2.31
1170,2005-11-21,3.99,4.07,3.93,3.98,6739,4280466.0,3.54,0.76,0.03,1.25
1171,2005-11-22,3.93,3.97,3.77,3.77,4201,2614744.0,5.03,-5.28,-0.21,0.78
1172,2005-11-23,3.79,3.9,3.77,3.81,3438,2123257.0,3.45,1.06,0.04,0.64
1173,2005-11-24,3.81,3.95,3.81,3.85,4177,2600351.0,3.67,1.05,0.04,0.77
1174,2005-11-25,3.85,3.85,3.77,3.82,2010,1237374.0,2.08,-0.78,-0.03,0.37
1175,2005-11-28,3.82,3.91,3.77,3.83,1830,1127504.0,3.66,0.26,0.01,0.34
1176,2005-11-29,3.82,3.82,3.61,3.62,5256,3170448.0,5.48,-5.48,-0.21,0.97
1177,2005-11-30,3.62,3.66,3.5,3.63,3392,2012740.0,4.42,0.28,0.01,0.63
1178,2005-12-01,3.55,3.66,3.55,3.59,2125,1263491.0,3.03,-1.1,-0.04,0.39
1179,2005-12-02,3.63,3.79,3.59,3.6,3370,2035509.0,5.57,0.28,0.01,0.62
1180,2005-12-05,3.58,3.59,3.31,3.35,7495,4297655.0,7.78,-6.94,-0.25,1.39
1181,2005-12-06,3.31,3.42,3.25,3.41,3810,2175076.0,5.07,1.79,0.06,0.71
1182,2005-12-07,3.47,3.52,3.41,3.43,6652,3867783.0,3.23,0.59,0.02,1.23
1183,2005-12-09,3.21,3.5,3.21,3.45,5445,3114251.0,8.45,0.58,0.02,1.01
1184,2005-12-12,3.25,3.55,3.25,3.48,4406,2567541.0,8.7,0.87,0.03,0.82
1185,2005-12-13,3.48,3.48,3.39,3.45,2525,1461462.0,2.59,-0.86,-0.03,0.47
1186,2005-12-14,3.45,3.58,3.43,3.52,4073,2382582.0,4.35,2.03,0.07,0.75
1187,2005-12-15,3.53,3.6,3.49,3.52,3082,1816776.0,3.13,0.0,0.0,0.57
1188,2005-12-16,3.48,3.56,3.47,3.55,1900,1115741.0,2.56,0.85,0.03,0.35
1189,2005-12-19,3.57,3.57,3.49,3.54,1740,1024325.0,2.25,-0.28,-0.01,0.32
1190,2005-12-20,3.55,3.73,3.55,3.67,8850,5314591.0,5.08,3.67,0.13,1.64
1191,2005-12-21,3.65,3.67,3.52,3.54,4026,2390529.0,4.09,-3.54,-0.13,0.75
1192,2005-12-22,3.53,3.61,3.47,3.6,5358,3153288.0,3.95,1.69,0.06,0.99
1193,2005-12-23,3.61,3.67,3.56,3.6,3699,2202492.0,3.06,0.0,0.0,0.69
1194,2005-12-26,3.59,3.69,3.57,3.66,4767,2857154.0,3.33,1.67,0.06,0.88
1195,2005-12-27,3.65,3.65,3.55,3.62,3425,2038912.0,2.73,-1.09,-0.04,0.63
1196,2005-12-28,3.64,3.72,3.62,3.68,3843,2314708.0,2.76,1.66,0.06,0.71
1197,2005-12-29,3.69,3.87,3.68,3.85,12742,7858719.0,5.16,4.62,0.17,2.36
1198,2005-12-30,3.83,4.01,3.74,3.89,16741,10469550.0,7.01,1.04,0.04,3.1
1199,2006-01-04,3.86,4.12,3.85,4.03,15690,10017936.0,6.94,3.6,0.14,2.91
1200,2006-01-05,4.03,4.1,3.95,4.07,11249,7176082.0,3.72,0.99,0.04,2.08
1201,2006-01-06,4.12,4.43,4.09,4.25,24981,16562729.0,8.35,4.42,0.18,4.63
1202,2006-01-09,4.25,4.42,4.19,4.33,15854,10559733.0,5.41,1.88,0.08,2.94
1203,2006-01-10,4.31,4.41,4.22,4.35,10314,6868566.0,4.39,0.46,0.02,1.91
1204,2006-01-11,4.35,4.41,4.2,4.23,14467,9614662.0,4.83,-2.76,-0.12,2.68
1205,2006-01-12,4.25,4.53,4.23,4.51,17254,11666596.0,7.09,6.62,0.28,3.2
1206,2006-01-13,4.63,4.94,4.57,4.65,31172,22121204.0,8.2,3.1,0.14,5.77
1207,2006-01-16,4.59,4.62,4.33,4.36,13523,9291418.0,6.24,-6.24,-0.29,2.5
1208,2006-01-17,4.35,4.45,4.3,4.4,10066,6758114.0,3.44,0.92,0.04,1.86
1209,2006-01-18,4.45,4.79,4.45,4.77,18514,12937054.0,7.73,8.41,0.37,3.43
1210,2006-01-19,4.9,4.93,4.63,4.78,24776,17719617.0,6.29,0.21,0.01,4.59
1211,2006-01-20,4.8,5.0,4.78,4.82,18312,13223918.0,4.6,0.84,0.04,3.39
1212,2006-01-23,4.88,5.11,4.74,5.1,21300,15511608.0,7.68,5.81,0.28,3.94
1213,2006-01-24,5.12,5.66,5.06,5.36,39483,30508290.0,11.76,5.1,0.26,7.31
1214,2006-01-25,5.43,5.69,5.38,5.56,30572,24123033.0,5.78,3.73,0.2,5.66
1215,2006-02-06,5.65,5.93,5.65,5.77,23210,18922981.0,5.04,3.78,0.21,4.3
1216,2006-02-07,5.77,5.77,5.34,5.5,25408,20006348.0,7.45,-4.68,-0.27,4.71
1217,2006-02-08,5.49,5.55,5.28,5.52,11505,8912251.0,4.91,0.36,0.02,2.13
1218,2006-02-09,5.52,5.52,5.16,5.19,10472,8018971.0,6.52,-5.98,-0.33,1.94
1219,2006-02-10,5.19,5.42,5.19,5.31,7729,5915893.0,4.43,2.31,0.12,1.43
1220,2006-02-13,5.38,5.38,4.95,5.08,8856,6628518.0,8.1,-4.33,-0.23,1.64
1221,2006-02-14,5.05,5.35,5.0,5.35,9598,7263051.0,6.89,5.31,0.27,1.78
1222,2006-02-15,5.4,5.48,5.28,5.45,15084,11675522.0,3.74,1.87,0.1,2.79
1223,2006-02-16,5.55,5.55,5.07,5.1,10514,7957793.0,8.81,-6.42,-0.35,1.95
1224,2006-02-17,5.13,5.13,4.65,4.86,10377,7597396.0,9.41,-4.71,-0.24,1.92
1225,2006-02-20,4.83,5.05,4.63,4.64,8128,5822170.0,8.64,-4.53,-0.22,1.51
1226,2006-02-21,4.61,5.29,4.53,5.25,22618,16438266.0,16.38,13.15,0.61,4.19
1227,2006-02-22,5.21,5.3,4.99,5.1,13498,10113068.0,5.9,-2.86,-0.15,2.5
1228,2006-02-23,5.02,5.17,4.84,4.96,7326,5358694.0,6.47,-2.75,-0.14,1.36
1229,2006-02-24,4.93,5.15,4.91,5.0,5679,4196683.0,4.84,0.81,0.04,1.05
1230,2006-02-27,5.0,5.08,4.8,4.87,5486,3995146.0,5.6,-2.6,-0.13,1.02
1231,2006-02-28,4.83,5.03,4.72,5.02,5850,4219479.0,6.37,3.08,0.15,1.08
1232,2006-03-01,4.99,5.1,4.95,5.01,4639,3432232.0,2.99,-0.2,-0.01,0.86
1233,2006-03-02,4.99,5.03,4.74,4.78,6157,4442433.0,5.79,-4.59,-0.23,1.14
1234,2006-03-03,4.75,4.87,4.63,4.8,7470,5293681.0,5.02,0.42,0.02,1.38
1235,2006-03-06,4.81,4.95,4.67,4.86,7138,5124326.0,5.83,1.25,0.06,1.32
1236,2006-03-07,4.76,4.78,4.6,4.63,6571,4618769.0,3.7,-4.73,-0.23,1.22
1237,2006-03-08,4.73,4.73,4.46,4.6,4957,3436810.0,5.83,-0.65,-0.03,0.92
1238,2006-03-09,4.7,4.7,4.45,4.46,4727,3266726.0,5.43,-3.04,-0.14,0.88
1239,2006-03-10,4.57,4.57,4.4,4.46,3197,2184537.0,3.81,0.0,0.0,0.59
1240,2006-03-13,4.45,4.48,4.33,4.47,5284,3569172.0,3.36,0.22,0.01,0.98
1241,2006-03-14,4.49,4.61,4.47,4.51,4153,2854596.0,3.13,0.89,0.04,0.77
1242,2006-03-15,4.56,4.6,4.45,4.6,4347,3002847.0,3.33,2.0,0.09,0.8
1243,2006-03-16,4.55,4.62,4.52,4.56,3254,2246141.0,2.17,-0.87,-0.04,0.6
1244,2006-03-17,4.56,4.74,4.46,4.69,8897,6194565.0,6.14,2.85,0.13,1.65
1245,2006-03-20,4.65,4.73,4.56,4.7,4538,3183377.0,3.62,0.21,0.01,0.84
1246,2006-03-21,4.68,4.82,4.65,4.71,6561,4659139.0,3.62,0.21,0.01,1.22
1247,2006-03-22,4.66,4.77,4.63,4.71,4775,3362325.0,2.97,0.0,0.0,0.88
1248,2006-03-23,4.72,4.86,4.66,4.85,8528,6079272.0,4.25,2.97,0.14,1.58
1249,2006-03-24,4.86,4.88,4.6,4.61,8271,5854662.0,5.77,-4.95,-0.24,1.53
1250,2006-03-27,4.61,4.66,4.43,4.6,10201,7017565.0,4.99,-0.22,-0.01,1.89
1251,2006-03-28,4.61,4.69,4.57,4.66,7123,4974819.0,2.61,1.3,0.06,1.32
1252,2006-03-29,4.69,4.91,4.69,4.76,17695,12723009.0,4.72,2.15,0.1,3.28
1253,2006-03-30,4.73,4.85,4.61,4.63,8589,6097855.0,5.04,-2.73,-0.13,1.59
1254,2006-03-31,4.6,4.67,4.48,4.56,8196,5640037.0,4.1,-1.51,-0.07,1.52
1255,2006-04-03,4.63,4.73,4.5,4.71,9039,6309610.0,5.04,3.29,0.15,1.67
1256,2006-04-04,4.73,4.99,4.71,4.9,17910,12964307.0,5.94,4.03,0.19,3.32
1257,2006-04-05,4.93,5.02,4.83,4.89,9695,7031209.0,3.88,-0.2,-0.01,1.8
1258,2006-04-06,4.9,5.0,4.81,4.9,12144,8806968.0,3.89,0.2,0.01,2.25
1259,2006-04-07,4.9,5.19,4.86,5.13,22793,16883155.0,6.73,4.69,0.23,4.22
1260,2006-04-10,5.15,5.34,5.13,5.21,19928,15102142.0,4.09,1.56,0.08,3.69
1261,2006-04-11,5.21,5.3,5.02,5.1,12879,9606259.0,5.37,-2.11,-0.11,2.38
1262,2006-04-12,5.1,5.15,4.95,5.0,9687,7145280.0,3.92,-1.96,-0.1,1.79
1263,2006-04-13,4.99,5.18,4.85,4.86,14539,10699118.0,6.6,-2.8,-0.14,2.69
1264,2006-04-14,4.9,4.97,4.74,4.94,8588,6195017.0,4.73,1.65,0.08,1.59
1265,2006-04-17,4.9,5.06,4.83,4.99,9807,7178801.0,4.66,1.01,0.05,1.82
1266,2006-04-18,4.99,5.05,4.85,4.86,8528,6210114.0,4.01,-2.61,-0.13,1.58
1267,2006-04-19,4.85,4.92,4.66,4.72,11632,8253603.0,5.35,-2.88,-0.14,2.15
1268,2006-04-20,4.65,4.71,4.4,4.58,15644,10815655.0,6.57,-2.97,-0.14,2.9
1269,2006-04-21,4.55,4.63,4.45,4.53,9087,6272273.0,3.93,-1.09,-0.05,1.68
1270,2006-04-24,4.53,4.59,4.2,4.26,13557,9086671.0,8.61,-5.96,-0.27,2.51
1271,2006-04-25,4.21,4.24,3.82,4.06,20489,12879206.0,9.86,-4.69,-0.2,3.79
1272,2006-04-26,4.0,4.5,3.9,4.29,19325,12782237.0,14.78,5.67,0.23,3.58
1273,2006-04-27,4.25,4.25,4.07,4.12,9424,6128936.0,4.2,-3.96,-0.17,1.75
1274,2006-04-28,4.07,4.29,3.95,4.08,10203,6622751.0,8.25,-0.97,-0.04,1.89
1275,2006-05-08,4.13,4.55,4.06,4.44,13635,9198274.0,12.01,8.82,0.36,2.52
1276,2006-05-09,4.45,4.8,4.41,4.78,23251,16311618.0,8.78,7.66,0.34,4.31
1277,2006-05-10,4.77,5.34,4.63,5.16,29865,21943195.0,14.85,7.95,0.38,5.53
1278,2006-05-11,5.11,5.57,5.01,5.02,39020,29946756.0,10.85,-2.71,-0.14,7.23
1279,2006-05-12,4.92,5.65,4.92,5.64,41757,32385390.0,14.54,12.35,0.62,7.73
1280,2006-05-15,5.75,6.14,5.53,5.93,45924,37715381.0,10.82,5.14,0.29,8.5
1281,2006-05-16,5.83,6.2,5.3,5.4,36746,29700422.0,15.18,-8.94,-0.53,6.8
1282,2006-05-17,5.35,5.93,5.32,5.74,31894,25541604.0,11.3,6.3,0.34,5.91
1283,2006-05-18,5.68,6.5,5.6,6.49,52652,44393018.0,15.68,13.07,0.75,9.75
1284,2006-05-19,6.46,6.88,6.16,6.57,46813,41783678.0,11.09,1.23,0.08,8.67
1285,2006-05-22,6.69,6.89,6.47,6.65,36845,33414447.0,6.39,1.22,0.08,6.82
1286,2006-05-23,6.67,7.23,6.4,6.8,58164,54071873.0,12.48,2.26,0.15,10.77
1287,2006-05-24,6.9,7.0,5.89,5.93,48023,41305820.0,16.32,-12.79,-0.87,8.89
1288,2006-05-25,5.75,6.14,5.74,6.05,20059,16617540.0,6.75,2.02,0.12,3.71
1289,2006-05-26,6.03,6.55,6.01,6.49,26450,23105098.0,8.93,7.27,0.44,4.9
1290,2006-05-29,6.5,6.85,6.37,6.8,24574,22103670.0,7.4,4.78,0.31,4.55
1291,2006-05-31,6.8,7.02,6.49,6.54,24067,21753520.0,7.79,-3.82,-0.26,4.46
1292,2006-06-01,6.57,7.27,6.57,7.11,35608,33420870.0,10.7,8.72,0.57,6.59
1293,2006-06-02,7.1,7.25,6.8,6.93,24788,23205064.0,6.33,-2.53,-0.18,4.59
1294,2006-06-05,6.95,7.3,6.81,7.3,26267,24870734.0,7.07,5.34,0.37,4.86
1295,2006-06-06,7.15,7.6,7.01,7.33,21753,21095945.0,8.08,0.41,0.03,4.03
1296,2006-06-07,7.15,7.29,6.36,6.36,26131,23671172.0,12.69,-13.23,-0.97,4.84
1297,2006-06-08,6.33,6.4,5.78,6.19,18669,15837107.0,9.75,-2.67,-0.17,3.46
1298,2006-06-09,6.19,6.25,5.75,5.77,15488,12943568.0,8.08,-6.79,-0.42,2.87
1299,2006-06-12,5.65,5.91,5.6,5.83,9283,7544747.0,5.37,1.04,0.06,1.72
1300,2006-06-13,5.81,6.02,5.74,5.9,6962,5729201.0,4.8,1.2,0.07,1.29
1301,2006-06-14,5.75,5.8,5.51,5.62,9862,7850370.0,4.92,-4.75,-0.28,1.83
1302,2006-06-15,5.63,5.8,5.62,5.67,7136,5748106.0,3.2,0.89,0.05,1.32
1303,2006-06-16,5.72,5.91,5.7,5.86,8033,6555622.0,3.7,3.35,0.19,1.49
1304,2006-06-19,5.75,6.05,5.69,5.95,11300,9303371.0,6.14,1.54,0.09,2.09
1305,2006-06-20,5.85,6.14,5.85,6.14,11324,9522365.0,4.87,3.19,0.19,2.1
1306,2006-06-21,6.09,6.15,5.95,6.07,8550,7190511.0,3.26,-1.14,-0.07,1.58
1307,2006-06-22,6.07,6.14,5.9,5.93,6039,5032688.0,3.95,-2.31,-0.14,1.12
1308,2006-06-23,5.94,6.29,5.91,6.23,10245,8694683.0,6.41,5.06,0.3,1.9
1309,2006-07-11,7.09,7.09,7.09,7.09,2681,2530694.0,0.0,13.8,0.86,0.5
1310,2006-07-12,8.03,8.03,7.4,7.7,67731,68327318.0,8.89,8.6,0.61,12.54
1311,2006-07-13,7.53,7.55,6.7,6.7,35465,33294368.0,11.04,-12.99,-1.0,6.57
1312,2006-07-14,6.64,7.25,6.47,6.99,24315,22721764.0,11.64,4.33,0.29,4.5
1313,2006-07-17,6.89,7.3,6.89,7.23,15163,14381586.0,5.87,3.43,0.24,2.81
1314,2006-07-18,7.22,7.25,7.08,7.16,9709,9227051.0,2.35,-0.97,-0.07,1.8
1315,2006-07-19,7.22,7.45,7.15,7.26,19375,18663719.0,4.19,1.4,0.1,3.59
1316,2006-07-20,7.35,7.48,7.07,7.25,22689,21777987.0,5.65,-0.14,-0.01,4.2
1317,2006-08-10,3.63,3.63,3.33,3.52,37868,21824432.0,4.14,-51.45,-3.73,5.01
1318,2006-08-11,3.44,3.57,3.38,3.54,16632,9589901.0,5.4,0.57,0.02,2.2
1319,2006-08-14,3.47,3.5,3.13,3.16,15580,8709426.0,10.45,-10.73,-0.38,2.06
1320,2006-08-15,3.18,3.26,3.07,3.25,12723,6959963.0,6.01,2.85,0.09,1.68
1321,2006-08-16,3.25,3.45,3.17,3.38,13113,7346489.0,8.62,4.0,0.13,1.73
1322,2006-08-17,3.32,3.32,3.2,3.24,8935,4948942.0,3.55,-4.14,-0.14,1.18
1323,2006-08-18,3.25,3.49,3.25,3.29,16295,9260847.0,7.41,1.54,0.05,2.16
1324,2006-08-21,3.05,3.53,2.99,3.45,16382,9194340.0,16.41,4.86,0.16,2.17
1325,2006-08-22,3.44,3.48,3.36,3.4,13971,7987604.0,3.48,-1.45,-0.05,1.85
1326,2006-08-23,3.45,3.51,3.34,3.36,10940,6270784.0,5.0,-1.18,-0.04,1.45
1327,2006-08-24,3.36,3.48,3.27,3.45,10799,6150033.0,6.25,2.68,0.09,1.43
1328,2006-08-25,3.41,3.51,3.4,3.47,13614,7831197.0,3.19,0.58,0.02,1.8
1329,2006-08-28,3.49,3.67,3.48,3.66,27466,16209323.0,5.48,5.48,0.19,3.63
1330,2006-08-29,3.68,3.93,3.66,3.74,42792,25936831.0,7.38,2.19,0.08,5.66
1331,2006-08-30,3.74,3.78,3.66,3.74,12387,7460608.0,3.21,0.0,0.0,1.64
1332,2006-08-31,3.78,3.87,3.7,3.79,11291,6854208.0,4.55,1.34,0.05,1.49
1333,2006-09-01,3.84,3.84,3.48,3.54,11556,6827009.0,9.5,-6.6,-0.25,1.53
1334,2006-09-04,3.54,3.68,3.53,3.64,7789,4612182.0,4.24,2.82,0.1,1.03
1335,2006-09-05,3.6,3.73,3.54,3.7,12333,7324029.0,5.22,1.65,0.06,1.63
1336,2006-09-06,3.69,3.78,3.63,3.72,13926,8349568.0,4.05,0.54,0.02,1.84
1337,2006-09-07,3.72,3.72,3.46,3.54,9784,5737632.0,6.99,-4.84,-0.18,1.29
1338,2006-09-08,3.53,3.6,3.49,3.5,6958,4059890.0,3.11,-1.13,-0.04,0.92
1339,2006-09-11,3.49,3.54,3.3,3.52,11288,6450927.0,6.86,0.57,0.02,1.49
1340,2006-09-12,3.52,3.6,3.46,3.56,11935,6960102.0,3.98,1.14,0.04,1.58
1341,2006-09-13,3.55,3.63,3.51,3.58,12603,7411351.0,3.37,0.56,0.02,1.67
1342,2006-09-14,3.58,3.77,3.57,3.76,42545,25420135.0,5.59,5.03,0.18,5.63
1343,2006-09-15,3.74,3.82,3.65,3.75,20386,12285898.0,4.52,-0.27,-0.01,2.7
1344,2006-09-18,3.73,3.81,3.65,3.8,17506,10566475.0,4.27,1.33,0.05,2.32
1345,2006-09-19,3.81,3.82,3.73,3.74,12846,7793749.0,2.37,-1.58,-0.06,1.7
1346,2006-09-20,3.7,3.7,3.62,3.65,9908,5897790.0,2.14,-2.41,-0.09,1.31
1347,2006-09-21,3.64,3.7,3.58,3.6,10923,6460920.0,3.29,-1.37,-0.05,1.44
1348,2006-09-22,3.63,3.84,3.52,3.66,20740,12471105.0,8.89,1.67,0.06,2.74
1349,2006-09-25,3.66,3.98,3.62,3.92,49727,30698900.0,9.84,7.1,0.26,6.58
1350,2006-09-26,3.94,4.05,3.86,3.94,36894,23103317.0,4.85,0.51,0.02,4.88
1351,2006-09-27,3.92,4.03,3.81,4.01,18628,11579346.0,5.58,1.78,0.07,2.46
1352,2006-09-28,4.03,4.54,3.94,4.3,58418,38477542.0,14.96,7.23,0.29,7.73
1353,2006-09-29,4.29,4.82,4.27,4.76,80136,55674216.0,12.79,10.7,0.46,10.6
1354,2006-10-09,4.83,5.2,4.77,4.88,66342,47972826.0,9.03,2.52,0.12,8.78
1355,2006-10-10,4.82,4.93,4.68,4.82,37520,26639997.0,5.12,-1.23,-0.06,4.96
1356,2006-10-11,4.8,4.84,4.5,4.6,31650,21905736.0,7.05,-4.56,-0.22,4.19
1357,2006-10-12,4.6,4.66,4.48,4.52,22165,15262532.0,3.91,-1.74,-0.08,2.93
1358,2006-10-13,4.46,4.63,4.46,4.57,14498,9952308.0,3.76,1.11,0.05,1.92
1359,2006-10-16,4.57,4.78,4.52,4.64,20778,14462472.0,5.69,1.53,0.07,2.75
1360,2006-10-17,4.67,4.68,4.31,4.34,20954,14180574.0,7.97,-6.47,-0.3,2.77
1361,2006-10-18,4.29,4.68,4.28,4.55,22898,15714164.0,9.22,4.84,0.21,3.03
1362,2006-10-19,4.56,4.68,4.46,4.56,15985,10970987.0,4.84,0.22,0.01,2.11
1363,2006-10-20,4.53,4.62,4.38,4.43,13281,9038451.0,5.26,-2.85,-0.13,1.76
1364,2006-10-23,4.43,4.53,4.04,4.1,21424,14003969.0,11.06,-7.45,-0.33,2.83
1365,2006-10-24,4.1,4.32,4.1,4.29,14758,9618961.0,5.37,4.63,0.19,1.95
1366,2006-10-25,4.34,4.36,4.2,4.32,14111,9297173.0,3.73,0.7,0.03,1.87
1367,2006-10-26,4.26,4.63,4.23,4.6,31556,21511409.0,9.26,6.48,0.28,4.17
1368,2006-10-27,4.57,4.74,4.46,4.5,30085,20749925.0,6.09,-2.17,-0.1,3.98
1369,2006-10-30,4.58,4.61,4.06,4.34,20578,13650827.0,12.22,-3.56,-0.16,2.72
1370,2006-10-31,4.31,4.58,4.22,4.58,20011,13475207.0,8.29,5.53,0.24,2.65
1371,2006-11-01,4.59,4.78,4.43,4.75,39891,27715609.0,7.64,3.71,0.17,5.28
1372,2006-11-02,4.79,4.86,4.56,4.76,40779,28717479.0,6.32,0.21,0.01,5.39
1373,2006-11-03,4.74,4.77,4.54,4.59,26878,18655962.0,4.83,-3.57,-0.17,3.56
1374,2006-11-06,4.59,4.8,4.45,4.62,24305,17001791.0,7.63,0.65,0.03,3.21
1375,2006-11-07,4.61,4.65,4.4,4.42,20064,13609412.0,5.41,-4.33,-0.2,2.65
1376,2006-11-08,4.39,4.39,4.21,4.24,19028,12514730.0,4.07,-4.07,-0.18,2.52
1377,2006-11-09,4.22,4.37,4.22,4.27,9934,6557639.0,3.54,0.71,0.03,1.31
1378,2006-11-10,4.27,4.37,4.02,4.08,17480,11330790.0,8.2,-4.45,-0.19,2.31
1379,2006-11-13,4.02,4.18,3.7,3.82,16395,10174848.0,11.76,-6.37,-0.26,2.17
1380,2006-11-14,3.85,4.43,3.85,4.43,29596,19077201.0,15.18,15.97,0.61,3.91
1381,2006-11-15,4.43,4.69,4.26,4.54,45388,30816313.0,9.71,2.48,0.11,6.0
1382,2006-11-16,4.5,4.66,4.32,4.41,32626,22208326.0,7.49,-2.86,-0.13,4.32
1383,2006-11-17,4.41,4.52,4.25,4.44,18116,12145394.0,6.12,0.68,0.03,2.4
1384,2006-11-20,4.42,4.65,4.4,4.56,29291,20058374.0,5.63,2.7,0.12,3.87
1385,2006-11-21,4.5,4.55,4.23,4.36,20506,13692062.0,7.02,-4.39,-0.2,2.71
1386,2006-11-22,4.32,5.03,4.32,4.73,59069,41505251.0,16.28,8.49,0.37,7.81
1387,2006-11-23,4.73,5.09,4.61,5.05,70768,51256330.0,10.15,6.77,0.32,9.36
1388,2006-11-24,5.0,5.11,4.89,4.98,38387,27934643.0,4.36,-1.39,-0.07,5.08
1389,2006-11-27,4.99,5.25,4.88,5.2,40326,29917328.0,7.43,4.42,0.22,5.33
1390,2006-11-28,5.18,5.29,5.02,5.16,38901,28907719.0,5.19,-0.77,-0.04,5.15
1391,2006-11-29,5.03,5.49,4.78,5.37,48186,36160319.0,13.76,4.07,0.21,6.37
1392,2006-11-30,5.31,5.42,5.24,5.35,41360,31498966.0,3.35,-0.37,-0.02,5.47
1393,2006-12-01,5.35,5.51,5.1,5.12,47292,35918959.0,7.66,-4.3,-0.23,6.26
1394,2006-12-04,5.11,5.6,5.0,5.48,69156,53156390.0,11.72,7.03,0.36,9.15
1395,2006-12-05,5.4,5.67,5.33,5.45,52556,41055301.0,6.2,-0.55,-0.03,6.95
1396,2006-12-06,5.38,6.02,5.38,5.88,108195,87468829.0,11.74,7.89,0.43,14.31
1397,2006-12-07,5.83,6.29,5.65,5.67,107989,89507372.0,10.88,-3.57,-0.21,14.28
1398,2006-12-08,5.51,5.59,4.87,4.87,59455,44250772.0,12.7,-14.11,-0.8,7.86
1399,2006-12-11,4.98,5.2,4.81,5.16,30074,22065818.0,8.01,5.95,0.29,3.98
1400,2006-12-12,5.08,5.2,4.82,4.96,28869,20994399.0,7.36,-3.88,-0.2,3.82
1401,2006-12-13,4.91,5.05,4.78,4.87,23011,16503090.0,5.44,-1.81,-0.09,3.04
1402,2006-12-14,4.89,5.07,4.85,5.05,20615,14951705.0,4.52,3.7,0.18,2.73
1403,2006-12-15,5.08,5.23,4.99,5.2,30929,22926480.0,4.75,2.97,0.15,4.09
1404,2006-12-18,5.19,5.23,5.03,5.12,25773,19123356.0,3.85,-1.54,-0.08,3.41
1405,2006-12-19,5.12,5.49,5.1,5.46,54298,41434372.0,7.62,6.64,0.34,7.18
1406,2006-12-20,5.41,5.45,5.2,5.39,28631,21929640.0,4.58,-1.28,-0.07,3.79
1407,2006-12-21,5.39,5.5,5.05,5.14,31104,23640929.0,8.35,-4.64,-0.25,4.11
1408,2006-12-22,5.03,5.13,4.88,4.93,21521,15669988.0,4.86,-4.09,-0.21,2.85
1409,2006-12-25,4.95,5.08,4.85,4.93,19146,13911717.0,4.67,0.0,0.0,2.53
1410,2006-12-26,4.95,4.96,4.77,4.89,19698,14120406.0,3.85,-0.81,-0.04,2.61
1411,2006-12-27,4.95,5.09,4.9,4.96,17469,12754090.0,3.89,1.43,0.07,2.31
1412,2006-12-28,4.96,5.03,4.55,4.59,27721,19449620.0,9.68,-7.46,-0.37,3.67
1413,2006-12-29,4.61,4.75,4.55,4.6,19935,13806653.0,4.36,0.22,0.01,2.64
1414,2007-01-04,4.61,4.67,4.4,4.54,22925,15676672.0,5.87,-1.3,-0.06,3.03
1415,2007-01-05,4.5,4.85,4.45,4.79,18967,13175368.0,8.81,5.51,0.25,2.51
1416,2007-01-08,4.76,5.04,4.75,5.04,25062,18106927.0,6.05,5.22,0.25,3.32
1417,2007-01-09,5.04,5.18,4.98,5.13,29631,21818632.0,3.97,1.79,0.09,3.92
1418,2007-01-10,5.11,5.32,5.01,5.27,33269,24891975.0,6.04,2.73,0.14,4.4
1419,2007-01-11,5.27,5.57,5.19,5.35,50030,38542593.0,7.21,1.52,0.08,6.62
1420,2007-01-12,5.32,5.43,4.88,4.89,27941,20743470.0,10.28,-8.6,-0.46,3.7
1421,2007-01-15,4.86,5.27,4.79,5.25,30406,22458477.0,9.82,7.36,0.36,4.02
1422,2007-01-16,5.3,5.49,5.18,5.31,35137,26756235.0,5.9,1.14,0.06,4.65
1423,2007-01-17,5.31,5.88,5.16,5.72,94847,73972097.0,13.56,7.72,0.41,12.55
1424,2007-01-18,5.6,5.78,5.33,5.68,53697,42451514.0,7.87,-0.7,-0.04,7.1
1425,2007-01-19,5.7,6.0,5.66,5.86,56724,46034924.0,5.99,3.17,0.18,7.5
1426,2007-01-22,5.93,6.2,5.9,6.19,75172,62857541.0,5.12,5.63,0.33,9.94
1427,2007-01-23,6.2,6.25,5.62,5.91,64976,53229762.0,10.18,-4.52,-0.28,8.59
1428,2007-01-24,5.95,6.47,5.78,6.26,81805,69675560.0,11.68,5.92,0.35,10.82
1429,2007-01-25,6.28,6.28,5.71,5.73,53510,44318323.0,9.11,-8.47,-0.53,7.08
1430,2007-01-26,5.67,5.8,5.33,5.67,39229,30901442.0,8.2,-1.05,-0.06,5.19
1431,2007-01-29,5.7,6.2,5.7,6.13,56484,47012522.0,8.82,8.11,0.46,7.47
1432,2007-01-30,6.15,6.33,5.92,6.11,59335,50049407.0,6.69,-0.33,-0.02,7.85
1433,2007-01-31,6.2,6.65,5.83,5.91,92304,79867399.0,13.42,-3.27,-0.2,12.21
1434,2007-02-01,5.76,6.19,5.46,6.07,58806,47540080.0,12.35,2.71,0.16,7.78
1435,2007-02-02,6.03,6.46,6.03,6.2,82391,70566918.0,7.08,2.14,0.13,10.9
1436,2007-02-05,6.37,6.88,6.23,6.72,108874,95990098.0,10.48,8.39,0.52,14.4
1437,2007-02-06,6.74,6.79,6.46,6.71,63859,56864130.0,4.91,-0.15,-0.01,8.45
1438,2007-02-07,6.73,6.91,6.5,6.9,70091,62814683.0,6.11,2.83,0.19,9.27
1439,2007-02-08,6.88,6.9,6.59,6.65,48449,43586053.0,4.49,-3.62,-0.25,6.41
1440,2007-02-09,6.67,6.73,6.41,6.51,34473,30513701.0,4.81,-2.11,-0.14,4.56
1441,2007-02-12,6.5,6.67,6.46,6.62,33696,29955704.0,3.23,1.69,0.11,4.46
1442,2007-02-13,6.61,6.99,6.56,6.86,46685,42643785.0,6.5,3.63,0.24,6.18
1443,2007-02-14,6.85,6.98,6.76,6.89,43173,39631088.0,3.21,0.44,0.03,5.71
1444,2007-02-15,6.85,7.18,6.82,7.09,46918,43768750.0,5.22,2.9,0.2,6.21
1445,2007-02-16,7.12,7.54,7.02,7.32,52384,50228536.0,7.33,3.24,0.23,6.93
1446,2007-02-26,7.4,7.85,7.15,7.81,54036,53314405.0,9.56,6.69,0.49,7.15
1447,2007-02-27,7.86,7.94,6.8,6.8,83516,80948844.0,14.6,-12.93,-1.01,11.05
1448,2007-02-28,6.62,7.32,6.62,7.25,52900,49776497.0,10.29,6.62,0.45,7.0
1449,2007-03-01,7.2,7.2,6.51,6.73,48832,44695352.0,9.52,-7.17,-0.52,6.46
1450,2007-03-02,6.74,7.05,6.74,6.88,32828,30229703.0,4.61,2.23,0.15,4.34
1451,2007-03-05,6.88,7.09,6.4,6.69,37174,33525504.0,10.03,-2.76,-0.19,4.92
1452,2007-03-06,6.61,6.78,6.47,6.7,25248,22584608.0,4.63,0.15,0.01,3.34
1453,2007-03-07,6.7,6.97,6.67,6.93,30384,27917828.0,4.48,3.43,0.23,4.02
1454,2007-03-08,6.93,7.07,6.85,7.06,29969,27782148.0,3.17,1.88,0.13,3.96
1455,2007-03-09,7.07,7.07,6.82,6.89,30657,28276414.0,3.54,-2.41,-0.17,4.06
1456,2007-03-12,6.89,7.24,6.85,7.21,43114,40424236.0,5.66,4.64,0.32,5.7
1457,2007-03-13,7.2,7.69,7.18,7.64,77820,75993570.0,7.07,5.96,0.43,10.29
1458,2007-03-14,7.55,7.8,7.3,7.69,78123,77009958.0,6.54,0.65,0.05,10.33
1459,2007-03-15,7.71,7.93,7.62,7.66,59375,59721134.0,4.03,-0.39,-0.03,7.85
1460,2007-03-16,7.68,7.71,7.16,7.26,50284,49072955.0,7.18,-5.22,-0.4,6.65
1461,2007-03-19,6.99,7.43,6.88,7.34,31570,30048816.0,7.58,1.1,0.08,4.18
1462,2007-03-20,7.29,7.63,7.28,7.46,29667,29070336.0,4.77,1.63,0.12,3.92
1463,2007-03-21,7.44,7.83,7.44,7.8,48458,48433197.0,5.23,4.56,0.34,6.41
1464,2007-03-22,7.82,7.98,7.6,7.67,49654,50355461.0,4.87,-1.67,-0.13,6.57
1465,2007-03-23,7.7,8.12,7.7,8.1,66793,68363881.0,5.48,5.61,0.43,8.84
1466,2007-03-26,8.39,9.09,8.39,8.62,84056,92653701.0,8.64,6.42,0.52,11.12
1467,2007-03-27,8.58,8.8,8.47,8.67,47201,51589803.0,3.83,0.58,0.05,6.24
1468,2007-03-28,8.15,8.4,7.61,8.22,68832,71414728.0,9.11,-5.19,-0.45,9.1
1469,2007-03-29,8.2,8.21,7.55,7.6,58401,59389455.0,8.03,-7.54,-0.62,7.72
1470,2007-03-30,7.58,7.85,7.52,7.76,30703,30760850.0,4.34,2.11,0.16,4.06
1471,2007-04-02,7.77,8.06,7.71,8.06,37932,38826816.0,4.51,3.87,0.3,5.02
1472,2007-04-03,8.1,8.21,7.8,7.97,30582,31452395.0,5.09,-1.12,-0.09,4.05
1473,2007-04-04,7.97,8.4,7.91,8.29,53069,55839630.0,6.15,4.02,0.32,7.02
1474,2007-04-05,8.32,8.39,8.11,8.36,32463,34351187.0,3.38,0.84,0.07,4.29
1475,2007-04-06,8.24,8.5,8.2,8.44,35710,38200803.0,3.59,0.96,0.08,4.72
1476,2007-04-09,8.48,8.79,8.47,8.59,47342,51694179.0,3.79,1.78,0.15,6.26
1477,2007-04-10,8.66,8.75,8.18,8.51,32451,34904654.0,6.64,-0.93,-0.08,4.29
1478,2007-04-11,8.51,8.89,8.3,8.86,63203,68890772.0,6.93,4.11,0.35,8.36
1479,2007-04-12,8.78,9.0,8.7,8.96,49789,55580493.0,3.39,1.13,0.1,6.59
1480,2007-04-13,8.87,9.13,8.55,8.6,50491,56405800.0,6.47,-4.02,-0.36,6.68
1481,2007-04-16,8.54,9.03,8.54,8.94,49541,55319272.0,5.7,3.95,0.34,6.55
1482,2007-04-17,8.98,9.5,8.7,9.42,74792,85033216.0,8.95,5.37,0.48,9.89
1483,2007-04-18,9.3,9.5,9.06,9.41,58858,68498343.0,4.67,-0.11,-0.01,7.79
1484,2007-04-19,9.37,9.37,8.24,8.45,56423,62872582.0,12.01,-10.2,-0.96,7.46
1485,2007-04-23,9.48,9.53,9.21,9.53,51512,60332151.0,3.79,12.78,1.08,6.81
1486,2007-04-24,10.1,10.16,9.61,9.74,101684,123743436.0,5.77,2.2,0.21,13.45
1487,2007-04-25,9.6,10.07,9.4,10.03,74462,90412577.0,6.88,2.98,0.29,9.85
1488,2007-04-26,9.95,10.25,9.82,10.0,48075,59337837.0,4.29,-0.3,-0.03,6.36
1489,2007-04-27,10.03,10.5,9.93,10.48,76691,96702205.0,5.7,4.8,0.48,10.14
1490,2007-04-30,10.45,11.48,10.31,11.16,79861,105455986.0,11.16,6.49,0.68,10.56
1491,2007-05-08,11.58,12.34,11.25,11.68,70512,99227956.0,9.77,4.66,0.52,9.33
1492,2007-05-09,11.5,11.97,10.93,11.63,75535,104422860.0,8.9,-0.43,-0.05,9.99
1493,2007-05-10,11.71,12.15,11.64,11.88,54006,76856224.0,4.39,2.15,0.25,7.14
1494,2007-05-11,11.8,11.8,11.1,11.32,44915,61373866.0,5.89,-4.71,-0.56,5.94
1495,2007-05-14,11.1,11.66,10.98,11.39,35687,49142448.0,6.01,0.62,0.07,4.72
1496,2007-05-15,11.37,11.45,10.4,10.42,54981,72757435.0,9.22,-8.52,-0.97,7.27
1497,2007-05-16,10.42,10.92,10.32,10.89,39794,51536088.0,5.76,4.51,0.47,5.26
1498,2007-05-17,10.92,11.55,10.92,11.47,47477,64656875.0,5.79,5.33,0.58,6.28
1499,2007-05-18,11.39,11.66,11.15,11.41,41131,56492137.0,4.45,-0.52,-0.06,5.44
1500,2007-05-21,10.72,11.8,10.71,11.67,49105,67384634.0,9.55,2.28,0.26,6.5
1501,2007-05-22,11.82,12.2,11.7,11.98,60684,86857365.0,4.28,2.66,0.31,8.03
1502,2007-05-23,12.2,12.69,12.0,12.44,58109,85202634.0,5.76,3.84,0.46,7.69
1503,2007-05-24,12.5,12.78,11.5,12.08,62734,90000214.0,10.29,-2.89,-0.36,8.3
1504,2007-05-25,12.0,12.96,11.7,12.89,85291,127142250.0,10.43,6.71,0.81,11.28
1505,2007-05-28,13.05,13.7,12.95,13.2,84681,132717217.0,5.82,2.4,0.31,11.2
1506,2007-05-29,13.15,13.4,12.74,13.32,49608,76623037.0,5.0,0.91,0.12,6.56
1507,2007-05-30,12.0,12.99,11.76,11.76,60193,87322682.0,9.23,-11.71,-1.56,7.96
1508,2007-05-31,11.5,11.58,10.35,10.63,55441,72077409.0,10.46,-9.61,-1.13,7.33
1509,2007-06-01,10.65,11.0,9.34,9.34,55877,68590034.0,15.62,-12.14,-1.29,7.39
1510,2007-06-04,9.34,9.4,8.18,8.18,52047,55619527.0,13.06,-12.42,-1.16,6.88
1511,2007-06-05,7.45,8.52,7.13,8.49,69015,68625463.0,16.99,3.79,0.31,9.13
1512,2007-06-06,8.45,8.78,7.93,8.45,55047,59096927.0,10.01,-0.47,-0.04,7.28
1513,2007-06-07,8.42,9.0,8.21,8.99,54512,59756160.0,9.35,6.39,0.54,7.21
1514,2007-06-08,8.95,9.19,8.8,8.93,54824,61899220.0,4.34,-0.67,-0.06,7.25
1515,2007-06-11,8.96,9.22,8.9,9.04,42385,48093456.0,3.58,1.23,0.11,5.61
1516,2007-06-12,8.99,8.99,7.93,8.92,54104,58958434.0,11.73,-1.33,-0.12,7.16
1517,2007-06-13,8.98,9.6,8.9,9.48,57219,66275380.0,7.85,6.28,0.56,7.57
1518,2007-06-14,9.56,9.73,9.09,9.5,50023,58610947.0,6.75,0.21,0.02,6.62
1519,2007-06-15,9.44,9.66,9.16,9.29,39730,46079131.0,5.26,-2.21,-0.21,5.26
1520,2007-06-18,9.51,9.91,9.46,9.79,49105,58745540.0,4.84,5.38,0.5,6.5
1521,2007-06-19,9.78,10.07,9.64,10.02,41894,50845255.0,4.39,2.35,0.23,5.54
1522,2007-06-20,10.08,10.15,9.34,9.39,43640,52717115.0,8.08,-6.29,-0.63,5.77
1523,2007-06-21,9.26,9.54,8.81,9.13,39303,44812345.0,7.77,-2.77,-0.26,5.2
1524,2007-06-22,9.13,9.26,7.99,7.99,45125,48241288.0,13.91,-12.49,-1.14,5.97
1525,2007-06-25,7.92,8.21,6.99,7.13,40692,40120632.0,15.27,-10.76,-0.86,5.38
1526,2007-06-26,6.86,7.73,6.66,7.67,31391,29968636.0,15.01,7.57,0.54,4.15
1527,2007-06-27,7.66,7.82,7.47,7.75,24872,24652719.0,4.56,1.04,0.08,3.29
1528,2007-06-28,7.84,7.86,6.76,6.84,24388,23531692.0,14.19,-11.74,-0.91,3.23
1529,2007-06-29,6.56,7.16,6.34,6.84,27763,24915301.0,11.99,0.0,0.0,3.67
1530,2007-07-02,6.76,7.34,6.76,7.3,23500,21946249.0,8.48,6.73,0.46,3.11
1531,2007-07-03,7.3,7.46,7.04,7.34,21827,20776875.0,5.75,0.55,0.04,2.89
1532,2007-07-04,7.44,7.51,6.98,7.05,17578,16780068.0,7.22,-3.95,-0.29,2.33
1533,2007-07-05,6.89,6.96,6.49,6.51,21185,18945225.0,6.67,-7.66,-0.54,2.8
1534,2007-07-06,6.51,7.25,6.51,7.15,21482,19556645.0,11.37,9.83,0.64,2.84
1535,2007-07-09,7.18,7.44,7.09,7.38,26898,25713112.0,4.9,3.22,0.23,3.56
1536,2007-07-10,7.16,7.38,6.98,7.08,17297,16187926.0,5.42,-4.07,-0.3,2.29
1537,2007-07-11,7.06,7.44,7.02,7.37,18547,17662642.0,5.93,4.1,0.29,2.45
1538,2007-07-12,7.36,7.49,7.27,7.4,15591,14996580.0,2.99,0.41,0.03,2.06
1539,2007-07-13,7.37,7.4,7.11,7.21,10215,9651301.0,3.92,-2.57,-0.19,1.35
1540,2007-07-16,7.25,7.25,6.81,6.83,9987,9211388.0,6.1,-5.27,-0.38,1.32
1541,2007-07-17,6.77,7.26,6.76,7.12,11414,10661622.0,7.32,4.25,0.29,1.51
1542,2007-07-18,7.16,7.3,7.02,7.23,10907,10274576.0,3.93,1.54,0.11,1.44
1543,2007-07-19,7.22,7.45,7.04,7.42,19367,18442842.0,5.67,2.63,0.19,2.56
1544,2007-07-20,7.43,7.75,7.38,7.61,26132,25643925.0,4.99,2.56,0.19,3.46
1545,2007-07-23,7.56,8.6,7.56,8.6,57245,59143492.0,13.67,13.01,0.99,7.57
1546,2007-07-24,8.76,8.86,8.49,8.66,72532,79238115.0,4.3,0.7,0.06,9.59
1547,2007-07-25,8.57,9.26,8.56,9.08,59450,66238962.0,8.08,4.85,0.42,7.86
1548,2007-07-26,9.15,9.32,8.87,9.16,76082,86569231.0,4.96,0.88,0.08,10.06
1549,2007-07-27,9.09,9.46,8.83,9.35,55050,63068107.0,6.88,2.07,0.19,7.28
1550,2007-07-30,9.26,9.66,9.18,9.53,54005,63233920.0,5.13,1.93,0.18,7.14
1551,2007-07-31,9.66,9.7,9.32,9.51,33701,39574954.0,3.99,-0.21,-0.02,4.46
1552,2007-08-01,9.51,9.76,8.56,8.57,47294,54177502.0,12.62,-9.88,-0.94,6.26
1553,2007-08-02,8.68,9.04,8.36,8.91,29756,32845492.0,7.93,3.97,0.34,3.94
1554,2007-08-03,9.01,9.06,8.58,8.86,31280,34590019.0,5.39,-0.56,-0.05,4.14
1555,2007-08-06,8.86,9.21,8.86,9.19,28533,32087740.0,3.95,3.72,0.33,3.77
1556,2007-08-08,8.94,9.21,8.56,8.75,23749,26172270.0,7.07,-4.79,-0.44,3.14
1557,2007-08-09,8.68,9.18,8.67,9.08,24900,27926237.0,5.83,3.77,0.33,3.29
1558,2007-08-10,8.95,9.15,8.26,8.37,99514,106112281.0,9.8,-7.82,-0.71,10.15
1559,2007-08-13,8.37,8.74,8.27,8.49,55852,59836179.0,5.62,1.43,0.12,5.7
1560,2007-08-14,8.46,8.95,8.45,8.84,35373,38738772.0,5.89,4.12,0.35,3.61
1561,2007-08-15,8.87,8.91,8.26,8.5,26625,28738998.0,7.35,-3.85,-0.34,2.72
1562,2007-08-16,8.46,8.95,8.37,8.88,29877,32854772.0,6.82,4.47,0.38,3.05
1563,2007-08-17,8.91,9.17,8.76,8.99,45265,50796516.0,4.62,1.24,0.11,4.62
1564,2007-08-20,9.21,9.44,9.07,9.28,42196,48433268.0,4.12,3.23,0.29,4.3
1565,2007-08-21,9.31,9.44,9.07,9.31,40827,46923254.0,3.99,0.32,0.03,4.16
1566,2007-08-22,9.18,9.74,9.13,9.49,55814,65555333.0,6.55,1.93,0.18,5.69
1567,2007-08-23,9.51,9.64,9.29,9.46,34140,39885165.0,3.69,-0.32,-0.03,3.48
1568,2007-08-24,9.44,9.61,9.16,9.44,38338,44567309.0,4.76,-0.21,-0.02,3.91
1569,2007-08-27,9.46,9.74,9.28,9.72,56781,66846135.0,4.87,2.97,0.28,5.79
1570,2007-08-28,9.76,9.76,9.37,9.45,32851,38822937.0,4.01,-2.78,-0.27,3.35
1571,2007-08-29,9.41,9.41,8.88,9.01,42527,48174478.0,5.61,-4.66,-0.44,4.34
1572,2007-08-30,9.11,10.14,9.11,10.14,82390,98743383.0,11.43,12.54,1.13,8.4
1573,2007-08-31,10.18,10.24,9.83,10.12,66306,81481915.0,4.04,-0.2,-0.02,6.76
1574,2007-09-03,10.24,10.56,10.11,10.43,72261,90959224.0,4.45,3.06,0.31,7.37
1575,2007-09-04,10.54,11.06,10.02,10.35,88757,113622770.0,9.97,-0.77,-0.08,9.05
1576,2007-09-05,10.36,10.55,9.96,10.45,49945,62775859.0,5.7,0.97,0.1,5.09
1577,2007-09-06,10.64,10.69,10.06,10.23,42761,53909788.0,6.03,-2.11,-0.22,4.36
1578,2007-09-07,10.14,10.21,9.66,9.69,47346,57125724.0,5.38,-5.28,-0.54,4.83
1579,2007-09-10,9.63,10.06,9.56,10.01,31920,38593574.0,5.16,3.3,0.32,3.26
1580,2007-09-11,10.01,10.11,8.79,9.35,44958,53437511.0,13.19,-6.59,-0.66,4.59
1581,2007-09-13,9.46,9.91,9.18,9.88,42510,49935444.0,7.81,5.67,0.53,4.34
1582,2007-09-14,10.04,10.07,9.63,9.94,78240,94842581.0,4.45,0.61,0.06,7.98
1583,2007-09-17,9.76,10.22,9.64,10.17,54197,66359723.0,5.84,2.31,0.23,5.53
1584,2007-09-18,10.16,10.21,9.71,9.95,35019,42681034.0,4.92,-2.16,-0.22,3.57
1585,2007-09-19,10.0,10.31,9.89,10.11,54160,67009201.0,4.22,1.61,0.16,5.52
1586,2007-09-20,10.09,10.28,9.94,10.19,44324,54879842.0,3.36,0.79,0.08,4.52
1587,2007-09-21,10.19,10.28,9.26,9.71,47469,56941498.0,10.01,-4.71,-0.48,4.84
1588,2007-09-24,9.71,9.89,9.31,9.68,26360,31202296.0,5.97,-0.31,-0.03,2.69
1589,2007-09-25,9.71,9.94,9.29,9.49,25012,29405593.0,6.71,-1.96,-0.19,2.55
1590,2007-09-26,9.56,9.59,9.06,9.26,21699,25016764.0,5.58,-2.42,-0.23,2.21
1591,2007-09-27,9.28,9.56,9.13,9.46,16102,18680673.0,4.64,2.16,0.2,1.64
1592,2007-09-28,9.48,9.82,9.46,9.71,25965,30899758.0,3.81,2.64,0.25,2.65
1593,2007-10-08,9.84,10.14,9.62,10.08,45605,55364298.0,5.36,3.81,0.37,4.65
1594,2007-10-09,10.11,10.32,10.01,10.13,88586,110193212.0,3.08,0.5,0.05,9.04
1595,2007-10-10,10.17,10.17,9.73,9.85,37245,45372868.0,4.34,-2.76,-0.28,3.8
1596,2007-10-11,9.85,9.96,9.46,9.58,33357,39657910.0,5.08,-2.74,-0.27,3.4
1597,2007-10-12,9.46,9.64,8.4,8.96,47737,53121210.0,12.94,-6.47,-0.62,4.87
1598,2007-10-15,9.11,9.94,8.37,9.67,54529,61987363.0,17.52,7.92,0.71,5.56
1599,2007-10-16,9.74,9.76,9.31,9.73,39696,46682334.0,4.65,0.62,0.06,4.05
1600,2007-10-17,9.76,10.24,9.48,10.02,93434,113938172.0,7.81,2.98,0.29,9.53
1601,2007-10-18,9.85,9.96,9.41,9.48,32033,38063997.0,5.49,-5.39,-0.54,3.27
1602,2007-10-19,9.48,9.74,8.97,9.03,26073,30315605.0,8.12,-4.75,-0.45,2.66
1603,2007-10-22,8.91,8.91,8.26,8.29,22434,24223985.0,7.2,-8.19,-0.74,2.29
1604,2007-10-23,8.33,9.34,8.33,8.93,43827,49345132.0,12.18,7.72,0.64,4.47
1605,2007-10-24,8.68,8.88,8.26,8.29,29345,31586482.0,6.94,-7.17,-0.64,2.99
1606,2007-10-25,8.11,8.16,7.24,7.24,34627,33835843.0,11.1,-12.67,-1.05,3.53
1607,2007-10-26,7.11,7.45,7.11,7.36,16084,15362498.0,4.7,1.66,0.12,1.64
1608,2007-10-29,7.39,7.54,7.15,7.45,12427,11852954.0,5.3,1.22,0.09,1.27
1609,2007-10-30,7.46,7.72,7.38,7.72,11784,11507054.0,4.56,3.62,0.27,1.2
1610,2007-10-31,7.77,8.16,7.77,7.96,19094,19514577.0,5.05,3.11,0.24,1.95
1611,2007-11-01,7.98,7.98,7.54,7.56,12731,12682709.0,5.53,-5.03,-0.4,1.3
1612,2007-11-02,7.46,7.54,7.16,7.31,12919,12398636.0,5.03,-3.31,-0.25,1.32
1613,2007-11-05,7.25,7.75,7.17,7.63,12375,12158764.0,7.93,4.38,0.32,1.26
1614,2007-11-06,7.63,7.92,7.52,7.74,10944,10952959.0,5.24,1.44,0.11,1.12
1615,2007-11-07,7.66,7.85,7.37,7.66,7196,7090044.0,6.2,-1.03,-0.08,0.73
1616,2007-11-08,7.64,7.89,7.44,7.53,14137,14077654.0,5.87,-1.7,-0.13,1.44
1617,2007-11-09,7.46,8.22,7.37,7.97,34084,34770646.0,11.29,5.84,0.44,3.48
1618,2007-11-12,7.78,8.43,7.71,8.22,35519,36844919.0,9.03,3.14,0.25,3.62
1619,2007-11-13,8.21,8.31,7.98,8.15,22259,23136573.0,4.01,-0.85,-0.07,2.27
1620,2007-11-14,8.18,8.45,8.09,8.37,19725,20757165.0,4.42,2.7,0.22,2.01
1621,2007-11-15,8.37,8.71,8.01,8.26,29762,31641623.0,8.36,-1.31,-0.11,3.04
1622,2007-11-16,8.11,8.16,7.87,8.09,15396,15774249.0,3.51,-2.06,-0.17,1.57
1623,2007-11-19,8.16,8.44,8.01,8.36,15399,16235044.0,5.32,3.34,0.27,1.57
1624,2007-11-20,8.37,8.6,8.22,8.56,20348,21787986.0,4.55,2.39,0.2,2.08
1625,2007-11-22,8.15,8.31,7.48,7.62,22564,22868899.0,9.7,-10.98,-0.94,2.3
1626,2007-11-23,7.61,8.31,7.46,8.1,21432,21949893.0,11.15,6.3,0.48,2.19
1627,2007-11-26,8.23,8.4,7.96,8.09,18229,19082620.0,5.43,-0.12,-0.01,1.86
1628,2007-11-27,7.97,8.39,7.97,8.14,12001,12570552.0,5.19,0.62,0.05,1.22
1629,2007-11-28,8.14,8.44,8.07,8.14,10882,11443256.0,4.55,0.0,0.0,1.11
1630,2007-11-29,8.36,8.6,8.19,8.49,20547,21942438.0,5.04,4.3,0.35,2.1
1631,2007-11-30,8.51,8.61,8.14,8.2,13429,14273228.0,5.54,-3.42,-0.29,1.37
1632,2007-12-03,8.32,8.51,8.2,8.37,8649,9170229.0,3.78,2.07,0.17,0.88
1633,2007-12-04,8.36,8.56,8.31,8.33,8213,8776779.0,2.99,-0.48,-0.04,0.84
1634,2007-12-05,8.41,8.46,8.21,8.42,16979,17957038.0,3.0,1.08,0.09,1.73
1635,2007-12-06,8.44,8.87,8.28,8.73,34795,37871668.0,7.01,3.68,0.31,3.55
1636,2007-12-07,8.58,8.86,8.56,8.77,21718,23845178.0,3.44,0.46,0.04,2.22
1637,2007-12-10,8.7,9.16,8.6,9.0,29035,32653661.0,6.39,2.62,0.23,2.96
1638,2007-12-11,9.01,9.22,8.87,9.15,21396,24244293.0,3.89,1.67,0.15,2.18
1639,2007-12-12,9.11,9.24,8.97,9.03,17888,20292544.0,2.95,-1.31,-0.12,1.82
1640,2007-12-13,9.04,9.3,8.74,8.76,18791,21197507.0,6.2,-2.99,-0.27,1.92
1641,2007-12-14,8.66,9.13,8.57,9.1,15676,17363291.0,6.39,3.88,0.34,1.6
1642,2007-12-17,9.12,9.49,9.09,9.25,21019,24390793.0,4.4,1.65,0.15,2.14
1643,2007-12-18,9.18,9.59,9.14,9.16,15475,17929132.0,4.86,-0.97,-0.09,1.58
1644,2007-12-19,9.21,9.74,9.21,9.5,26976,31756702.0,5.79,3.71,0.34,2.75
1645,2007-12-20,9.49,9.63,9.39,9.53,14644,17179796.0,2.53,0.32,0.03,1.49
1646,2007-12-21,9.45,9.82,9.38,9.7,22286,26596328.0,4.62,1.78,0.17,2.27
1647,2007-12-24,9.73,10.08,9.66,9.72,29178,35325434.0,4.33,0.21,0.02,2.98
1648,2007-12-25,9.74,9.9,9.61,9.87,22886,27453982.0,2.98,1.54,0.15,2.33
1649,2007-12-26,9.91,10.12,9.76,10.01,23312,28420930.0,3.65,1.42,0.14,2.38
1650,2007-12-27,10.31,11.04,10.31,10.37,91497,118286189.0,7.29,3.6,0.36,9.33
1651,2007-12-28,10.36,10.72,10.16,10.6,43415,55095599.0,5.4,2.22,0.23,4.43
1652,2008-01-02,10.67,11.06,10.48,10.92,48874,64117288.0,5.47,3.02,0.32,4.99
1653,2008-01-03,10.94,11.15,10.73,10.95,38249,50495444.0,3.85,0.27,0.03,3.9
1654,2008-01-04,10.88,11.04,10.56,10.82,33608,43552857.0,4.38,-1.19,-0.13,3.43
1655,2008-01-07,10.84,11.33,10.64,11.16,45157,60011823.0,6.38,3.14,0.34,4.61
1656,2008-01-08,11.18,11.45,10.57,10.67,42990,57045756.0,7.89,-4.39,-0.49,4.39
1657,2008-01-09,10.61,11.04,10.54,10.99,23494,30743406.0,4.69,3.0,0.32,2.4
1658,2008-01-10,10.97,11.38,10.91,11.37,38640,51983199.0,4.28,3.46,0.38,3.94
1659,2008-01-11,11.36,11.52,10.92,11.17,30894,41680553.0,5.28,-1.76,-0.2,3.15
1660,2008-01-14,11.11,11.32,10.94,11.09,23115,30908390.0,3.4,-0.72,-0.08,2.36
1661,2008-01-15,11.09,11.37,11.0,11.36,30623,41217591.0,3.34,2.43,0.27,3.12
1662,2008-01-16,11.37,11.46,10.91,10.95,30604,41094845.0,4.84,-3.61,-0.41,3.12
1663,2008-01-17,10.86,11.25,10.02,10.5,42218,54405458.0,11.23,-4.11,-0.45,4.31
1664,2008-01-18,10.5,10.91,10.31,10.89,33429,43238484.0,5.71,3.71,0.39,3.41
1665,2008-01-21,10.91,11.66,10.76,10.82,59736,80572438.0,8.26,-0.64,-0.07,6.09
1666,2008-01-22,10.56,10.75,9.51,9.51,38958,47358781.0,11.46,-12.11,-1.31,3.97
1667,2008-01-23,9.39,10.22,9.39,10.21,40492,49073177.0,8.73,7.36,0.7,4.13
1668,2008-01-24,10.24,10.94,10.06,10.7,45202,58112456.0,8.62,4.8,0.49,4.61
1669,2008-01-25,10.71,11.16,10.32,10.46,40272,52525984.0,7.85,-2.24,-0.24,4.11
1670,2008-01-28,10.45,10.45,9.28,9.56,32691,39356594.0,11.19,-8.6,-0.9,3.33
1671,2008-01-29,9.71,10.24,9.71,10.08,19626,23950160.0,5.54,5.44,0.52,2.0
1672,2008-01-30,10.21,10.34,9.63,10.06,20178,24774974.0,7.04,-0.2,-0.02,2.06
1673,2008-01-31,10.06,10.15,9.4,9.44,15384,18559315.0,7.46,-6.16,-0.62,1.57
1674,2008-02-01,9.46,9.61,8.27,8.59,33512,36566457.0,14.19,-9.0,-0.85,3.42
1675,2008-02-04,8.81,9.55,8.81,9.54,19497,22317330.0,8.61,11.06,0.95,1.99
1676,2008-02-05,9.44,9.72,9.26,9.52,15723,18451906.0,4.82,-0.21,-0.02,1.6
1677,2008-02-13,9.33,9.74,9.28,9.54,13162,15536710.0,4.83,0.21,0.02,1.34
1678,2008-02-14,9.64,10.18,9.64,10.14,25360,30960431.0,5.66,6.29,0.6,2.59
1679,2008-02-15,10.09,10.54,9.86,10.25,40405,50673318.0,6.71,1.08,0.11,4.12
1680,2008-02-18,10.31,10.65,10.26,10.37,26527,33660730.0,3.8,1.17,0.12,2.71
1681,2008-02-19,10.49,10.66,10.32,10.54,20210,25760292.0,3.28,1.64,0.17,2.06
1682,2008-02-20,10.62,10.62,10.16,10.18,21291,26785162.0,4.36,-3.42,-0.36,2.17
1683,2008-02-21,10.21,11.03,10.09,10.86,43699,56532244.0,9.23,6.68,0.68,4.46
1684,2008-02-22,10.81,11.07,10.36,10.66,31199,40454444.0,6.54,-1.84,-0.2,3.18
1685,2008-02-25,10.65,10.86,9.96,10.04,28317,35869245.0,8.44,-5.82,-0.62,2.89
1686,2008-02-26,10.41,10.73,9.99,10.38,19376,24219874.0,7.37,3.39,0.34,1.98
1687,2008-02-27,10.51,11.19,10.41,11.01,48777,64377925.0,7.51,6.07,0.63,4.98
1688,2008-02-28,11.02,11.14,10.76,10.92,28954,38307746.0,3.45,-0.82,-0.09,2.95
1689,2008-02-29,10.96,11.26,10.9,11.07,23035,30702840.0,3.3,1.37,0.15,2.35
1690,2008-03-03,11.06,11.5,10.83,11.43,38026,51544643.0,6.05,3.25,0.36,3.88
1691,2008-03-04,11.49,11.98,11.16,11.22,50940,70686614.0,7.17,-1.84,-0.21,5.2
1692,2008-03-05,11.24,11.66,10.92,11.63,33513,45128341.0,6.6,3.65,0.41,3.42
1693,2008-03-06,11.75,12.34,11.16,11.39,53371,75439056.0,10.15,-2.06,-0.24,5.44
1694,2008-03-07,11.36,11.53,10.84,11.04,28822,38599543.0,6.06,-3.07,-0.35,2.94
1695,2008-03-10,10.86,11.04,10.66,10.72,17041,22247089.0,3.44,-2.9,-0.32,1.74
1696,2008-03-11,10.61,11.25,10.54,11.24,19628,25797726.0,6.62,4.85,0.52,2.0
1697,2008-03-12,11.56,11.57,10.76,10.8,17010,22780804.0,7.21,-3.91,-0.44,1.74
1698,2008-03-13,10.66,11.07,10.02,10.91,28759,36897715.0,9.72,1.02,0.11,2.93
1699,2008-03-14,10.76,10.88,10.46,10.54,12906,16625190.0,3.85,-3.39,-0.37,1.32
1700,2008-03-17,10.36,10.56,9.26,9.28,23392,28125489.0,12.33,-11.95,-1.26,2.39
1701,2008-03-18,9.28,9.55,8.19,8.72,22564,25068654.0,14.66,-6.03,-0.56,2.3
1702,2008-03-19,9.01,9.53,8.66,9.2,18374,20878438.0,9.98,5.5,0.48,1.87
1703,2008-03-20,8.96,9.85,8.47,9.71,22363,25872317.0,15.0,5.54,0.51,2.28
1704,2008-03-21,9.64,9.93,9.47,9.72,14233,17060792.0,4.74,0.1,0.01,1.45
1705,2008-03-24,9.66,10.14,9.64,9.66,19103,23055930.0,5.14,-0.62,-0.06,1.95
1706,2008-03-25,9.51,10.06,9.28,10.02,15415,18424962.0,8.07,3.73,0.36,1.57
1707,2008-03-26,10.01,10.15,9.47,9.8,11189,13576007.0,6.79,-2.2,-0.22,1.14
1708,2008-03-27,9.64,9.64,8.76,8.82,15444,17704210.0,8.98,-10.0,-0.98,1.58
1709,2008-03-28,8.62,9.25,8.36,9.17,16421,18239387.0,10.09,3.97,0.35,1.68
1710,2008-03-31,8.78,9.56,8.78,9.06,14070,16105252.0,8.51,-1.2,-0.11,1.44
1711,2008-04-01,8.79,9.24,7.93,7.93,19369,20307480.0,14.46,-12.47,-1.13,1.98
1712,2008-04-02,8.17,8.21,7.05,7.18,16987,16618294.0,14.63,-9.46,-0.75,1.73
1713,2008-04-03,6.95,7.52,6.76,7.3,12012,11215020.0,10.58,1.67,0.12,1.23
1714,2008-04-07,7.16,7.84,7.05,7.69,12522,12305376.0,10.82,5.34,0.39,1.28
1715,2008-04-08,7.74,8.05,7.64,7.87,12146,12290141.0,5.33,2.34,0.18,1.24
1716,2008-04-09,7.84,8.06,7.18,7.28,13824,13748258.0,11.18,-7.5,-0.59,1.41
1717,2008-04-10,7.21,7.46,6.87,7.45,13604,12851604.0,8.1,2.34,0.17,1.39
1718,2008-04-11,7.56,7.84,7.36,7.61,11311,11168855.0,6.44,2.15,0.16,1.15
1719,2008-04-14,7.41,7.41,6.63,6.63,17795,16244032.0,10.25,-12.88,-0.98,1.82
1720,2008-04-15,6.38,6.91,6.38,6.89,10433,9286895.0,7.99,3.92,0.26,1.06
1721,2008-04-16,6.76,7.02,6.66,6.76,9952,9041200.0,5.22,-1.89,-0.13,1.02
1722,2008-04-17,6.7,6.94,5.91,6.18,13084,11287796.0,15.24,-8.58,-0.58,1.33
1723,2008-04-18,6.41,6.41,5.66,5.72,11354,9362127.0,12.14,-7.44,-0.46,1.16
1724,2008-04-21,6.24,6.41,5.66,6.03,15552,12895196.0,13.11,5.42,0.31,1.59
1725,2008-04-22,5.94,6.02,5.3,5.91,10136,8053370.0,11.94,-1.99,-0.12,1.03
1726,2008-04-23,5.89,6.25,5.77,6.16,10873,9011691.0,8.12,4.23,0.25,1.11
1727,2008-04-24,6.96,7.0,6.56,6.99,32917,29940994.0,7.14,13.47,0.83,3.36
1728,2008-04-25,6.76,7.19,6.72,6.85,23304,21421231.0,6.72,-2.0,-0.14,2.38
1729,2008-04-28,6.77,6.89,6.56,6.67,16558,14844686.0,4.82,-2.63,-0.18,1.69
1730,2008-04-29,6.76,6.87,6.6,6.84,13693,12332409.0,4.05,2.55,0.17,1.4
1731,2008-04-30,6.9,7.21,6.86,7.13,18672,17411700.0,5.12,4.24,0.29,1.9
1732,2008-05-05,7.16,7.45,7.03,7.36,21089,20016619.0,5.89,3.23,0.23,2.15
1733,2008-05-06,7.3,7.43,7.06,7.23,21162,20015779.0,5.03,-1.77,-0.13,2.16
1734,2008-05-07,7.19,7.55,6.85,6.86,25007,23734284.0,9.68,-5.12,-0.37,2.55
1735,2008-05-08,6.76,7.77,6.68,7.77,73147,72209144.0,15.89,13.27,0.91,7.46
1736,2008-05-09,8.23,8.57,7.8,8.3,116305,121425481.0,9.91,6.82,0.53,11.86
1737,2008-05-12,8.01,8.35,7.85,8.11,46366,47902691.0,6.02,-2.29,-0.19,4.73
1738,2008-05-13,7.76,8.04,7.41,7.72,44260,44194773.0,7.77,-4.81,-0.39,4.51
1739,2008-05-14,7.62,8.2,7.62,8.15,28923,29745497.0,7.51,5.57,0.43,2.95
1740,2008-05-15,8.13,8.13,7.76,7.78,26626,27080351.0,4.54,-4.54,-0.37,2.72
1741,2008-05-19,7.71,7.78,7.36,7.64,18679,18371272.0,5.4,-1.8,-0.14,1.91
1742,2008-05-20,7.58,7.69,6.65,6.67,25491,24061965.0,13.61,-12.7,-0.97,2.6
1743,2008-05-21,6.56,6.94,6.2,6.89,19571,17219799.0,11.09,3.3,0.22,2.0
1744,2008-05-22,6.73,7.36,6.66,7.0,22199,20651418.0,10.16,1.6,0.11,2.26
1745,2008-05-23,7.0,7.92,6.92,7.92,51161,50609623.0,14.29,13.14,0.92,5.22
1746,2008-05-26,8.66,8.94,8.11,8.29,158779,172541367.0,10.48,4.67,0.37,16.2
1747,2008-05-27,7.92,8.31,7.24,7.93,71952,71126216.0,12.91,-4.34,-0.36,7.34
1748,2008-05-28,7.73,8.08,7.64,7.95,47777,48405658.0,5.55,0.25,0.02,4.87
1749,2008-05-29,7.84,8.44,7.64,7.97,49797,51501344.0,10.06,0.25,0.02,5.08
1750,2008-06-02,7.76,8.82,7.43,8.73,60450,62433753.0,17.44,9.54,0.76,6.17
1751,2008-06-03,8.73,9.41,7.91,7.99,115190,127196490.0,17.18,-8.48,-0.74,11.75
1752,2008-06-04,7.76,7.76,7.22,7.34,44521,43244427.0,6.76,-8.14,-0.65,4.54
1753,2008-06-05,7.41,7.6,7.1,7.26,20095,19273690.0,6.81,-1.09,-0.08,2.05
1754,2008-06-06,7.27,7.51,6.84,7.0,22688,21056575.0,9.23,-3.58,-0.26,2.31
1755,2008-06-10,6.66,6.67,6.08,6.08,22966,19514611.0,8.43,-13.14,-0.92,2.34
1756,2008-06-11,5.87,6.32,5.86,5.99,22006,18368540.0,7.57,-1.48,-0.09,2.24
1757,2008-06-12,6.01,6.11,5.56,5.89,21133,17085576.0,9.18,-1.67,-0.1,2.16
1758,2008-06-13,6.04,6.21,5.36,5.37,15218,12055502.0,14.43,-8.83,-0.52,1.55
1759,2008-06-16,4.97,5.54,4.97,5.09,17438,13003920.0,10.61,-5.21,-0.28,1.78
1760,2008-06-17,5.09,5.33,4.75,4.78,19081,14012125.0,11.39,-6.09,-0.31,1.95
1761,2008-06-18,4.72,5.25,4.47,5.17,21355,15283238.0,16.32,8.16,0.39,2.18
1762,2008-06-19,5.06,5.15,4.43,4.43,18077,12658445.0,13.93,-14.31,-0.74,1.84
1763,2008-06-20,4.32,4.88,4.06,4.51,20105,13530261.0,18.51,1.81,0.08,2.05
1764,2008-06-23,4.44,4.63,4.28,4.36,10004,6723501.0,7.76,-3.33,-0.15,1.02
1765,2008-06-24,4.44,4.84,4.35,4.71,15711,10844167.0,11.24,8.03,0.35,1.6
1766,2008-06-25,4.71,5.04,4.67,5.03,17879,12787367.0,7.86,6.79,0.32,1.82
1767,2008-06-26,5.01,5.24,4.91,5.15,21085,15378266.0,6.56,2.39,0.12,2.15
1768,2008-06-27,4.87,4.96,4.74,4.91,31742,22447519.0,4.27,-4.66,-0.24,3.24
1769,2008-06-30,4.92,5.1,4.72,4.97,33408,23993048.0,7.74,1.22,0.06,3.41
1770,2008-07-01,5.01,5.01,4.61,4.69,12785,8954911.0,8.05,-5.63,-0.28,1.3
1771,2008-07-02,4.69,5.14,4.69,4.84,18667,13322519.0,9.59,3.2,0.15,1.9
1772,2008-07-03,4.67,5.17,4.48,5.06,27826,20000166.0,14.26,4.55,0.22,2.84
1773,2008-07-04,5.06,5.16,4.86,4.96,13885,10066275.0,5.93,-1.98,-0.1,1.42
1774,2008-07-07,4.95,5.37,4.91,5.33,17603,13161767.0,9.27,7.46,0.37,1.8
1775,2008-07-08,5.43,5.54,5.26,5.44,16854,12690220.0,5.25,2.06,0.11,1.72
1776,2008-07-09,5.46,5.65,5.38,5.59,23389,17928723.0,4.96,2.76,0.15,2.39
1777,2008-07-10,5.51,5.79,5.38,5.44,22693,17566660.0,7.33,-2.68,-0.15,2.31
1778,2008-07-11,5.48,5.62,5.27,5.61,18657,14125644.0,6.43,3.13,0.17,1.9
1779,2008-07-14,5.51,5.76,5.47,5.72,15622,12174686.0,5.17,1.96,0.11,1.59
1780,2008-07-15,5.77,5.77,5.36,5.72,21727,16680513.0,7.17,0.0,0.0,2.22
1781,2008-07-16,5.56,6.01,5.22,5.31,42976,33882584.0,13.81,-7.17,-0.41,4.38
1782,2008-07-17,5.51,5.51,4.91,4.99,23611,17392300.0,11.3,-6.03,-0.32,2.41
1783,2008-07-18,5.16,5.44,4.76,5.31,18179,13116525.0,13.63,6.41,0.32,1.85
1784,2008-07-21,5.23,5.59,5.15,5.55,19390,14666802.0,8.29,4.52,0.24,1.98
1785,2008-07-22,5.51,5.78,5.46,5.69,19605,15235696.0,5.77,2.52,0.14,2.0
1786,2008-07-23,5.79,6.47,5.71,6.47,82706,69117879.0,13.36,13.71,0.78,8.44
1787,2008-07-24,6.59,6.84,6.14,6.57,106055,91209316.0,10.82,1.55,0.1,10.82
1788,2008-07-25,6.41,6.9,6.31,6.6,74040,65194006.0,8.98,0.46,0.03,7.55
1789,2008-07-28,6.66,6.84,6.52,6.6,44070,38882221.0,4.85,0.0,0.0,4.5
1790,2008-07-29,6.45,6.67,6.17,6.44,34883,29717461.0,7.58,-2.42,-0.16,3.56
1791,2008-07-30,6.56,6.82,6.51,6.74,45535,40365908.0,4.81,4.66,0.3,4.64
1792,2008-07-31,6.91,7.63,6.47,6.54,106590,99813538.0,17.21,-2.97,-0.2,10.87
1793,2008-08-01,7.01,7.01,6.18,6.8,80965,70264013.0,12.69,3.98,0.26,8.26
1794,2008-08-04,6.44,6.59,5.96,6.0,50227,42110589.0,9.26,-11.76,-0.8,5.12
1795,2008-08-05,6.06,6.25,5.86,5.88,28358,23157670.0,6.5,-2.0,-0.12,2.89
1796,2008-08-06,5.89,6.37,5.68,6.11,39413,32047582.0,11.73,3.91,0.23,4.02
1797,2008-08-07,6.15,6.61,6.05,6.23,31225,26152833.0,9.17,1.96,0.12,3.19
1798,2008-08-08,6.22,6.24,5.39,5.39,23801,18784023.0,13.64,-13.48,-0.84,2.43
1799,2008-08-11,5.13,5.41,4.64,4.64,17179,12039158.0,14.29,-13.91,-0.75,1.59
1800,2008-08-12,4.56,4.61,4.14,4.36,17050,11158437.0,10.13,-6.03,-0.28,1.58
1801,2008-08-13,4.31,4.51,4.09,4.41,14587,9412810.0,9.63,1.15,0.05,1.35
1802,2008-08-14,4.45,4.62,4.26,4.52,14240,9484948.0,8.16,2.49,0.11,1.32
1803,2008-08-15,4.52,4.59,4.36,4.39,13081,8655411.0,5.09,-2.88,-0.13,1.21
1804,2008-08-18,4.41,4.53,3.74,3.77,18936,11639778.0,18.0,-14.12,-0.62,1.75
1805,2008-08-19,3.71,3.99,3.63,3.96,16380,9881478.0,9.55,5.04,0.19,1.52
1806,2008-08-21,4.41,4.5,4.14,4.14,36829,23800793.0,9.09,4.55,0.18,3.41
1807,2008-08-22,4.02,4.12,3.87,4.05,16550,10152095.0,6.04,-2.17,-0.09,1.53
1808,2008-08-25,4.06,4.23,3.97,4.07,13532,8446171.0,6.42,0.49,0.02,1.25
1809,2008-08-26,4.01,4.01,3.61,3.73,12064,7123879.0,9.83,-8.35,-0.34,1.12
1810,2008-08-27,3.61,3.83,3.53,3.76,8557,4996266.0,8.04,0.8,0.03,0.79
1811,2008-08-28,3.76,3.83,3.66,3.76,5758,3400306.0,4.52,0.0,0.0,0.53
1812,2008-08-29,3.8,4.03,3.76,3.94,11313,6846836.0,7.18,4.79,0.18,1.05
1813,2008-09-01,3.76,3.99,3.69,3.77,7252,4301029.0,7.61,-4.31,-0.17,0.67
1814,2008-09-02,3.82,4.22,3.74,4.13,19892,12325436.0,12.73,9.55,0.36,1.84
1815,2008-09-03,4.09,4.09,3.82,3.98,16163,9837287.0,6.54,-3.63,-0.15,1.5
1816,2008-09-04,4.01,4.13,3.92,4.05,8440,5211252.0,5.28,1.76,0.07,0.78
1817,2008-09-05,3.88,3.88,3.66,3.68,10858,6418252.0,5.43,-9.14,-0.37,1.01
1818,2008-09-08,3.76,3.78,3.41,3.46,9522,5450174.0,10.05,-5.98,-0.22,0.88
1819,2008-09-09,3.66,3.66,3.44,3.58,5887,3328373.0,6.36,3.47,0.12,0.55
1820,2008-09-10,3.56,3.88,3.53,3.75,12723,7495421.0,9.78,4.75,0.17,1.18
1821,2008-09-11,3.75,3.77,3.53,3.59,6478,3735641.0,6.4,-4.27,-0.16,0.6
1822,2008-09-12,3.52,3.71,3.52,3.58,6193,3562534.0,5.29,-0.28,-0.01,0.57
1823,2008-09-16,3.61,3.87,3.5,3.53,14237,8290872.0,10.34,-1.4,-0.05,1.32
1824,2008-09-17,3.51,3.62,3.29,3.35,9975,5567854.0,9.35,-5.1,-0.18,0.92
1825,2008-09-18,3.24,3.4,2.84,3.23,19117,9963305.0,16.72,-3.58,-0.12,1.77
1826,2008-09-19,3.7,3.77,3.62,3.77,19302,11335844.0,4.64,16.72,0.54,1.79
1827,2008-09-22,4.08,4.32,3.78,4.0,36085,22356590.0,14.32,6.1,0.23,3.34
1828,2008-09-23,3.81,3.81,3.47,3.53,20216,11740965.0,8.5,-11.75,-0.47,1.87
1829,2008-09-24,3.47,3.83,3.36,3.8,15969,9226877.0,13.31,7.65,0.27,1.48
1830,2008-09-25,3.82,3.98,3.73,3.84,22308,13369715.0,6.58,1.05,0.04,2.07
1831,2008-09-26,3.93,3.95,3.71,3.79,13718,8160684.0,6.25,-1.3,-0.05,1.27
1832,2008-10-06,3.54,3.61,3.36,3.52,10321,5805138.0,6.6,-7.12,-0.27,0.96
1833,2008-10-07,3.29,3.58,3.27,3.47,7698,4285400.0,8.81,-1.42,-0.05,0.71
1834,2008-10-09,3.55,3.55,3.22,3.24,8450,4665179.0,9.51,-6.63,-0.23,0.78
1835,2008-10-10,3.16,3.16,2.77,2.78,11507,5791351.0,12.04,-14.2,-0.46,1.07
1836,2008-10-13,2.7,2.91,2.56,2.9,10690,5204068.0,12.59,4.32,0.12,0.99
1837,2008-10-14,3.11,3.11,2.71,2.72,12342,6266881.0,13.79,-6.21,-0.18,1.14
1838,2008-10-15,2.76,2.79,2.61,2.7,5387,2601723.0,6.62,-0.74,-0.02,0.5
1839,2008-10-16,2.56,2.94,2.36,2.55,13109,6320078.0,21.48,-5.56,-0.15,1.21
1840,2008-10-17,2.64,2.75,2.54,2.63,6917,3306503.0,8.24,3.14,0.08,0.64
1841,2008-10-20,2.65,2.79,2.58,2.78,6475,3148514.0,7.98,5.7,0.15,0.6
1842,2008-10-21,2.81,2.88,2.71,2.75,7704,3812502.0,6.12,-1.08,-0.03,0.71
1843,2008-10-22,2.74,2.77,2.55,2.56,7241,3458802.0,8.0,-6.91,-0.19,0.67
1844,2008-10-23,2.46,2.66,2.38,2.62,4722,2211997.0,10.94,2.34,0.06,0.44
1845,2008-10-24,2.65,2.69,2.48,2.58,5718,2703287.0,8.02,-1.53,-0.04,0.53
1846,2008-10-27,2.6,2.6,2.13,2.14,11917,5344863.0,18.22,-17.05,-0.44,1.1
1847,2008-10-28,2.04,2.31,1.99,2.26,10505,4543214.0,14.95,5.61,0.12,0.97
1848,2008-10-29,2.35,2.41,2.08,2.08,8660,3824250.0,14.6,-7.96,-0.18,0.8
1849,2008-10-30,2.14,2.24,2.04,2.17,10084,4335628.0,9.62,4.33,0.09,0.93
1850,2008-10-31,2.3,2.3,2.14,2.16,8701,3771089.0,7.37,-0.46,-0.01,0.81
1851,2008-11-03,2.16,2.22,2.07,2.11,4424,1893863.0,6.94,-2.31,-0.05,0.41
1852,2008-11-04,2.16,2.16,1.96,2.06,7629,3191261.0,9.48,-2.37,-0.05,0.71
1853,2008-11-05,2.11,2.24,2.02,2.23,13292,5737547.0,10.68,8.25,0.17,1.23
1854,2008-11-06,2.14,2.21,2.08,2.2,9004,3857300.0,5.83,-1.35,-0.03,0.83
1855,2008-11-07,2.14,2.41,2.12,2.35,26846,12020309.0,13.18,6.82,0.15,2.49
1856,2008-11-10,2.36,2.8,2.36,2.8,39675,18969304.0,18.72,19.15,0.45,3.68
1857,2008-11-11,2.93,3.29,2.74,3.23,104549,55159624.0,19.64,15.36,0.43,9.69
1858,2008-11-12,3.08,3.34,3.01,3.3,115700,61357528.0,10.22,2.17,0.07,10.72
1859,2008-11-13,3.19,3.51,3.11,3.4,114887,62151672.0,12.12,3.03,0.1,10.64
1860,2008-11-14,3.33,3.66,3.21,3.65,101344,55891755.0,13.24,7.35,0.25,9.39
1861,2008-11-17,3.48,3.91,3.46,3.73,80758,47042276.0,12.33,2.19,0.08,7.48
1862,2008-11-18,3.64,3.7,3.14,3.14,63069,34550029.0,15.01,-15.82,-0.59,5.84
1863,2008-11-19,3.44,3.67,3.42,3.67,28687,16602370.0,7.96,16.88,0.53,2.66
1864,2008-11-20,4.25,4.25,4.25,4.25,63554,40610827.0,0.0,15.8,0.58,5.89
1865,2008-11-21,4.11,4.15,3.62,3.78,118255,71089954.0,12.47,-11.06,-0.47,10.96
1866,2008-11-24,3.75,3.8,3.24,3.26,49635,27858522.0,14.81,-13.76,-0.52,4.6
1867,2008-11-25,3.38,3.6,3.21,3.48,43238,23799293.0,11.96,6.75,0.22,4.01
1868,2008-11-26,3.51,3.55,3.25,3.28,38003,21128302.0,8.62,-5.75,-0.2,3.52
1869,2008-11-27,3.6,3.66,3.27,3.29,49460,27767739.0,11.89,0.3,0.01,4.58
1870,2008-11-28,3.16,3.38,3.14,3.27,24871,13442555.0,7.29,-0.61,-0.02,2.3
1871,2008-12-01,3.35,3.52,3.24,3.49,32648,18178486.0,8.56,6.73,0.22,3.02
1872,2008-12-02,3.3,3.86,3.26,3.64,50824,29311934.0,17.19,4.3,0.15,4.71
1873,2008-12-03,3.69,3.91,3.64,3.86,46915,27800366.0,7.42,6.04,0.22,4.35
1874,2008-12-04,3.86,4.11,3.67,3.71,57844,35041747.0,11.4,-3.89,-0.15,5.36
1875,2008-12-05,3.76,4.06,3.76,4.0,59765,36432667.0,8.09,7.82,0.29,5.54
1876,2008-12-08,4.04,4.32,3.96,4.26,57975,36559061.0,9.0,6.5,0.26,5.37
1877,2008-12-09,4.19,4.23,3.97,4.01,34950,21706809.0,6.1,-5.87,-0.25,3.24
1878,2008-12-10,4.02,4.2,3.89,4.18,35312,22008297.0,7.73,4.24,0.17,3.27
1879,2008-12-11,4.13,4.21,3.88,3.91,25004,15457357.0,7.89,-6.46,-0.27,2.32
1880,2008-12-12,3.86,4.28,3.73,4.17,84718,52808233.0,14.07,6.65,0.26,7.85
1881,2008-12-15,4.37,4.61,4.15,4.2,83794,54681689.0,11.03,0.72,0.03,7.76
1882,2008-12-16,4.07,4.08,3.57,3.95,49776,29726551.0,12.14,-5.95,-0.25,4.61
1883,2008-12-17,3.9,4.24,3.88,4.1,40866,25280696.0,9.11,3.8,0.15,3.79
1884,2008-12-18,4.05,4.32,3.96,4.29,44223,27986003.0,8.78,4.63,0.19,4.1
1885,2008-12-19,4.26,4.43,4.17,4.26,36119,23298010.0,6.06,-0.7,-0.03,3.35
1886,2008-12-22,4.18,4.64,4.18,4.53,63919,42637610.0,10.8,6.34,0.27,5.92
1887,2008-12-23,4.51,4.53,3.96,3.97,41747,26656039.0,12.58,-12.36,-0.56,3.87
1888,2008-12-24,3.88,4.04,3.62,3.72,29408,17595124.0,10.58,-6.3,-0.25,2.72
1889,2008-12-25,3.72,3.96,3.56,3.71,21241,12521764.0,10.75,-0.27,-0.01,1.97
1890,2008-12-26,3.76,3.95,3.63,3.78,19696,11683266.0,8.63,1.89,0.07,1.82
1891,2008-12-29,3.76,3.81,3.48,3.73,14370,8286722.0,8.73,-1.32,-0.05,1.33
1892,2008-12-30,3.73,3.91,3.59,3.84,18600,11039685.0,8.58,2.95,0.11,1.72
1893,2008-12-31,3.93,4.08,3.79,3.98,32103,19581677.0,7.55,3.65,0.14,2.97
1894,2009-01-05,4.3,4.34,4.04,4.19,40109,25331715.0,7.54,5.28,0.21,3.72
1895,2009-01-06,4.14,4.54,4.08,4.48,52181,33864668.0,10.98,6.92,0.29,4.83
1896,2009-01-07,4.44,4.62,4.3,4.32,52511,34452273.0,7.14,-3.57,-0.16,4.87
1897,2009-01-08,4.24,4.24,3.86,3.91,37155,22860802.0,8.8,-9.49,-0.41,3.44
1898,2009-01-09,3.92,4.03,3.86,4.02,25521,15552747.0,4.35,2.81,0.11,2.36
1899,2009-01-12,4.01,4.14,3.96,4.04,22653,14064833.0,4.48,0.5,0.02,2.1
1900,2009-01-13,3.94,4.09,3.81,3.82,17900,10907025.0,6.93,-5.45,-0.22,1.66
1901,2009-01-14,3.77,4.03,3.77,4.02,18130,11044161.0,6.81,5.24,0.2,1.68
1902,2009-01-15,3.99,4.19,3.96,4.12,27331,17128586.0,5.72,2.49,0.1,2.53
1903,2009-01-16,4.12,4.27,4.12,4.18,27137,17246621.0,3.64,1.46,0.06,2.51
1904,2009-01-19,4.21,4.34,4.12,4.26,25848,16484186.0,5.26,1.91,0.08,2.39
1905,2009-01-20,4.25,4.26,4.12,4.25,16471,10425876.0,3.29,-0.23,-0.01,1.53
1906,2009-01-21,4.21,4.26,4.08,4.11,17541,11086125.0,4.24,-3.29,-0.14,1.63
1907,2009-01-22,4.16,4.26,4.12,4.22,20089,12752402.0,3.41,2.68,0.11,1.86
1908,2009-01-23,4.25,4.42,4.15,4.18,35664,22984280.0,6.4,-0.95,-0.04,3.3
1909,2009-02-02,4.19,4.4,4.17,4.36,28341,18327432.0,5.5,4.31,0.18,2.63
1910,2009-02-03,4.34,4.57,4.33,4.55,43193,28670598.0,5.5,4.36,0.19,4.0
1911,2009-02-04,4.58,4.71,4.51,4.7,57098,38604501.0,4.4,3.3,0.15,5.29
1912,2009-02-06,4.64,4.96,4.58,4.95,71149,49566013.0,8.09,5.32,0.25,6.59
1913,2009-02-09,5.0,5.1,4.76,5.02,69352,49262636.0,6.87,1.41,0.07,6.43
1914,2009-02-10,5.0,5.12,4.89,5.09,48239,34456617.0,4.58,1.39,0.07,4.47
1915,2009-02-11,4.96,5.22,4.91,5.05,60404,43633314.0,6.09,-0.79,-0.04,5.6
1916,2009-02-12,5.08,5.32,4.97,5.28,51852,37790041.0,6.93,4.55,0.23,4.8
1917,2009-02-13,5.34,5.49,5.2,5.42,65640,49207899.0,5.49,2.65,0.14,6.08
1918,2009-02-16,5.41,5.66,5.26,5.59,60859,46384316.0,7.38,3.14,0.17,5.64
1919,2009-02-17,5.51,5.51,5.11,5.14,56638,41929249.0,7.16,-8.05,-0.45,5.25
1920,2009-02-18,4.98,5.15,4.76,4.8,43045,30731057.0,7.59,-6.61,-0.34,3.99
1921,2009-02-19,5.01,5.11,4.8,4.95,31188,22110974.0,6.46,3.13,0.15,2.89
1922,2009-02-20,5.06,5.66,5.06,5.66,125626,96294180.0,12.12,14.34,0.71,11.64
1923,2009-02-23,5.78,5.79,5.46,5.7,118875,92797210.0,5.83,0.71,0.04,11.01
1924,2009-02-24,5.46,5.61,5.02,5.2,73712,55563499.0,10.35,-8.77,-0.5,6.83
1925,2009-02-25,5.24,5.33,4.97,5.26,48314,35197957.0,6.92,1.15,0.06,4.48
1926,2009-02-26,5.2,5.34,4.52,4.66,43119,30637823.0,15.59,-11.41,-0.6,3.99
1927,2009-02-27,4.54,4.65,4.02,4.24,42855,27475291.0,13.52,-9.01,-0.42,3.97
1928,2009-03-02,4.23,4.4,4.16,4.34,29270,18850219.0,5.66,2.36,0.1,2.71
1929,2009-03-03,4.25,4.91,4.06,4.86,59877,40038117.0,19.59,11.98,0.52,5.55
1930,2009-03-04,4.93,5.24,4.92,5.23,88620,64033601.0,6.58,7.61,0.37,8.21
1931,2009-03-05,5.27,5.34,4.98,5.15,72821,53219962.0,6.88,-1.53,-0.08,6.75
1932,2009-03-06,4.98,5.13,4.86,5.01,27203,19497097.0,5.24,-2.72,-0.14,2.52
1933,2009-03-09,4.98,5.16,4.61,4.62,27092,19081534.0,10.98,-7.78,-0.39,2.51
1934,2009-03-10,4.56,4.78,4.51,4.76,19679,13419895.0,5.84,3.03,0.14,1.82
1935,2009-03-11,4.92,4.95,4.67,4.74,22570,15730209.0,5.88,-0.42,-0.02,2.09
1936,2009-03-12,4.74,5.06,4.61,5.05,34832,24483120.0,9.49,6.54,0.31,3.23
1937,2009-03-13,5.11,5.11,4.84,4.86,28026,19967078.0,5.35,-3.76,-0.19,2.6
1938,2009-03-16,4.81,5.26,4.76,5.25,42351,30662267.0,10.29,8.02,0.39,3.92
1939,2009-03-17,5.31,5.66,5.26,5.58,96130,73441802.0,7.62,6.29,0.33,8.91
1940,2009-03-18,5.58,5.65,5.44,5.51,60405,46426290.0,3.76,-1.25,-0.07,5.6
1941,2009-03-19,5.51,5.74,5.48,5.58,44075,34163877.0,4.72,1.27,0.07,4.08
1942,2009-03-20,5.55,5.64,5.26,5.36,41286,31146537.0,6.81,-3.94,-0.22,3.83
1943,2009-03-23,5.35,5.65,5.35,5.56,35119,26945744.0,5.6,3.73,0.2,3.25
1944,2009-03-24,5.59,5.74,5.51,5.56,43109,33506403.0,4.14,0.0,0.0,3.99
1945,2009-03-25,5.62,6.02,5.56,5.58,55119,43727428.0,8.27,0.36,0.02,5.11
1946,2009-03-26,5.48,5.73,5.39,5.71,37830,29168612.0,6.09,2.33,0.13,3.5
1947,2009-03-27,5.71,6.09,5.56,6.01,67604,53974358.0,9.28,5.25,0.3,6.26
1948,2009-03-30,5.94,6.22,5.87,6.01,45307,37099481.0,5.82,0.0,0.0,4.2
1949,2009-03-31,5.81,6.41,5.66,6.33,63526,52070869.0,12.48,5.32,0.32,5.89
1950,2009-04-01,6.45,7.18,6.37,6.88,169986,153131395.0,12.8,8.69,0.55,15.75
1951,2009-05-07,7.78,7.78,7.78,7.78,46271,45900862.0,0.0,13.08,0.9,4.29
1952,2009-05-08,8.22,8.22,7.21,7.23,189504,184700200.0,12.98,-7.07,-0.55,17.56
1953,2009-05-11,7.16,7.26,6.72,6.73,96699,88080953.0,7.47,-6.92,-0.5,8.96
1954,2009-05-12,6.66,6.89,6.58,6.88,39527,35117118.0,4.61,2.23,0.15,3.66
1955,2009-05-14,6.81,7.23,6.68,7.06,61902,56337114.0,7.99,2.62,0.18,5.74
1956,2009-05-15,7.09,7.13,6.81,6.94,42883,38926085.0,4.53,-1.7,-0.12,3.97
1957,2009-05-18,6.86,6.93,6.63,6.84,37244,33083328.0,4.32,-1.44,-0.1,3.45
1958,2009-05-19,6.94,7.24,6.87,7.01,78150,71843334.0,5.41,2.49,0.17,7.24
1959,2009-05-20,6.97,7.03,6.73,6.76,40104,36093996.0,4.28,-3.57,-0.25,3.72
1960,2009-05-21,6.76,6.81,6.42,6.56,32022,27972086.0,5.77,-2.96,-0.2,2.97
1961,2009-05-22,6.54,6.73,6.48,6.62,23053,20203587.0,3.81,0.91,0.06,2.14
1962,2009-05-25,6.37,6.93,6.33,6.79,41446,36459396.0,9.06,2.57,0.17,3.84
1963,2009-05-26,6.82,7.03,6.71,6.79,38297,34642111.0,4.71,0.0,0.0,3.55
1964,2009-05-27,6.85,7.0,6.79,6.85,26293,23768106.0,3.09,0.88,0.06,2.44
1965,2009-06-01,6.89,7.1,6.87,6.96,30725,28042058.0,3.36,1.61,0.11,2.85
1966,2009-06-02,6.96,7.14,6.94,7.0,40207,36857566.0,2.87,0.57,0.04,3.73
1967,2009-06-03,7.0,7.06,6.9,7.03,31762,28999059.0,2.29,0.43,0.03,2.94
1968,2009-06-04,7.02,7.14,6.67,6.83,38671,34763232.0,6.69,-2.84,-0.2,3.58
1969,2009-06-05,6.91,6.92,6.71,6.74,22203,19866276.0,3.07,-1.32,-0.09,2.06
1970,2009-06-08,6.76,6.89,6.7,6.78,22414,20075070.0,2.82,0.59,0.04,2.08
1971,2009-06-09,6.81,6.83,6.62,6.78,19309,17092817.0,3.1,0.0,0.0,1.79
1972,2009-06-10,6.84,7.06,6.81,7.01,42098,38410462.0,3.69,3.39,0.23,3.9
1973,2009-06-11,7.01,7.16,6.87,6.94,38842,35664257.0,4.14,-1.0,-0.07,3.6
1974,2009-06-12,6.87,7.01,6.63,6.69,29943,26782662.0,5.48,-3.6,-0.25,2.77
1975,2009-06-15,6.72,6.9,6.66,6.88,14868,13247131.0,3.59,2.84,0.19,1.38
1976,2009-06-16,6.82,7.14,6.77,7.07,38892,35531012.0,5.38,2.76,0.19,3.6
1977,2009-06-17,7.05,7.21,6.93,7.15,40012,36902615.0,3.96,1.13,0.08,3.71
1978,2009-06-18,7.15,7.19,7.03,7.12,32145,29731994.0,2.24,-0.42,-0.03,2.98
1979,2009-06-19,7.09,7.43,7.09,7.4,64237,60509575.0,4.78,3.93,0.28,5.95
1980,2009-06-22,7.49,7.51,7.12,7.16,40039,37922482.0,5.27,-3.24,-0.24,3.71
1981,2009-06-23,7.02,7.16,6.9,6.98,26884,24615385.0,3.63,-2.51,-0.18,2.49
1982,2009-06-24,6.99,7.12,6.97,7.02,22716,20818766.0,2.15,0.57,0.04,2.1
1983,2009-06-25,7.05,7.28,7.0,7.27,38135,35424483.0,3.99,3.56,0.25,3.53
1984,2009-06-26,7.27,7.27,7.07,7.1,19850,18408684.0,2.75,-2.34,-0.17,1.84
1985,2009-06-29,7.06,7.17,7.05,7.09,23302,21521941.0,1.69,-0.14,-0.01,2.16
1986,2009-06-30,7.13,7.25,7.03,7.1,20338,18890762.0,3.1,0.14,0.01,1.88
1987,2009-07-01,7.04,7.21,7.03,7.08,18409,17030048.0,2.54,-0.28,-0.02,1.71
1988,2009-07-02,7.08,7.19,6.99,7.05,27857,25652000.0,2.82,-0.42,-0.03,2.58
1989,2009-07-03,7.02,7.14,6.97,7.12,24005,22096203.0,2.41,0.99,0.07,2.22
1990,2009-07-06,7.12,7.39,7.09,7.37,46853,43939273.0,4.21,3.51,0.25,4.34
1991,2009-07-07,7.31,7.56,7.25,7.42,48160,45982356.0,4.21,0.68,0.05,4.46
1992,2009-07-08,7.4,7.67,7.35,7.66,51054,49240044.0,4.31,3.23,0.24,4.73
1993,2009-07-09,7.71,8.09,7.64,8.05,71259,71512415.0,5.87,5.09,0.39,6.6
1994,2009-07-10,8.05,8.14,7.72,7.81,48221,48124442.0,5.22,-2.98,-0.24,4.47
1995,2009-07-13,7.72,7.89,7.7,7.78,43798,43210401.0,2.43,-0.38,-0.03,4.06
1996,2009-07-14,7.73,7.96,7.73,7.88,34767,34602169.0,2.96,1.29,0.1,3.22
1997,2009-07-15,7.92,7.92,7.74,7.82,37710,37317489.0,2.28,-0.76,-0.06,3.49
1998,2009-07-16,7.89,7.96,7.75,7.93,38623,38447022.0,2.69,1.41,0.11,3.58
1999,2009-07-17,7.91,8.32,7.88,8.03,63410,64860488.0,5.55,1.26,0.1,5.87
2000,2009-07-20,7.93,8.36,7.93,8.23,52705,54405062.0,5.35,2.49,0.2,4.88
2001,2009-07-21,8.27,8.27,7.72,7.77,48497,48861304.0,6.68,-5.59,-0.46,4.49
2002,2009-07-22,7.71,7.95,7.71,7.89,29753,29539566.0,3.09,1.54,0.12,2.76
2003,2009-07-23,7.94,8.59,7.89,8.38,79488,82948475.0,8.87,6.21,0.49,7.36
2004,2009-07-24,8.66,8.74,8.16,8.44,59189,61770648.0,6.92,0.72,0.06,5.48
2005,2009-07-27,8.42,9.49,8.42,9.48,121911,137724296.0,12.68,12.32,1.04,11.29
2006,2009-07-28,9.3,9.76,9.2,9.31,81702,94110400.0,5.91,-1.79,-0.17,7.57
2007,2009-07-29,9.22,9.47,8.17,8.36,71608,77685601.0,13.96,-10.2,-0.95,6.63
2008,2009-07-30,8.38,9.16,8.29,9.15,67756,73270776.0,10.41,9.45,0.79,6.28
2009,2009-07-31,9.23,9.69,8.79,9.56,80182,91891688.0,9.84,4.48,0.41,7.43
2010,2009-08-03,9.49,9.61,9.25,9.53,49646,57215714.0,3.77,-0.31,-0.03,4.6
2011,2009-08-04,9.49,9.49,8.93,9.27,43058,48506360.0,5.88,-2.73,-0.26,3.99
2012,2009-08-05,9.27,9.4,8.86,9.11,35896,40264563.0,5.83,-1.73,-0.16,3.33
2013,2009-08-06,9.01,9.01,8.58,8.71,29579,32213898.0,4.72,-4.39,-0.4,2.74
2014,2009-08-07,8.62,9.12,8.62,8.91,38083,41888034.0,5.74,2.3,0.2,3.53
2015,2009-08-10,9.03,9.35,8.83,8.98,30654,34172219.0,5.84,0.79,0.07,1.55
2016,2009-08-11,8.87,9.0,8.71,8.91,17057,18716289.0,3.23,-0.78,-0.07,0.86
2017,2009-08-12,8.89,8.89,7.97,8.0,38398,39873666.0,10.33,-10.21,-0.91,1.94
2018,2009-08-13,8.04,8.22,7.89,8.02,23173,23508970.0,4.13,0.25,0.02,1.17
2019,2009-08-14,8.09,8.19,7.45,7.47,28143,27652730.0,9.23,-6.86,-0.55,1.42
2020,2009-08-17,7.39,7.47,6.95,6.96,26566,24601529.0,6.96,-6.83,-0.51,1.34
2021,2009-08-18,7.01,7.12,6.79,7.04,28946,26200313.0,4.74,1.15,0.08,1.46
2022,2009-08-19,7.02,7.11,6.23,6.46,25911,22866471.0,12.5,-8.24,-0.58,1.31
2023,2009-08-20,6.42,6.79,6.42,6.74,16307,14203932.0,5.73,4.33,0.28,0.82
2024,2009-08-21,6.73,7.26,6.7,7.16,28721,26186110.0,8.31,6.23,0.42,1.45
2025,2009-08-24,7.21,7.3,6.92,7.19,29624,27307590.0,5.31,0.42,0.03,1.5
2026,2009-08-25,7.11,7.18,6.79,7.06,28914,26172253.0,5.42,-1.81,-0.13,1.46
2027,2009-08-26,7.01,7.48,6.99,7.44,31681,29782854.0,6.94,5.38,0.38,1.6
2028,2009-08-27,7.39,8.21,7.29,8.01,58322,57507120.0,12.37,7.66,0.57,2.95
2029,2009-08-28,7.86,7.86,7.19,7.32,43781,41763916.0,8.36,-8.61,-0.69,2.21
2030,2009-08-31,7.23,7.23,6.44,6.5,26194,23189367.0,10.79,-11.2,-0.82,1.32
2031,2009-09-01,6.34,6.81,6.34,6.57,12498,10869938.0,7.23,1.08,0.07,0.63
2032,2009-09-02,6.43,6.74,6.37,6.62,9794,8521596.0,5.63,0.76,0.05,0.49
2033,2009-09-03,6.59,7.0,6.53,6.97,17471,15654781.0,7.1,5.29,0.35,0.88
2034,2009-09-04,6.96,7.15,6.91,7.03,17680,16117598.0,3.44,0.86,0.06,0.89
2035,2009-09-07,7.06,7.24,7.01,7.11,20688,19058994.0,3.27,1.14,0.08,1.04
2036,2009-09-08,7.04,7.25,6.93,7.21,17639,16268755.0,4.5,1.41,0.1,0.89
2037,2009-09-09,7.21,7.44,7.16,7.4,27510,25849450.0,3.88,2.64,0.19,1.39
2038,2009-09-10,7.3,7.48,7.23,7.35,19474,18401979.0,3.38,-0.68,-0.05,0.98
2039,2009-09-11,7.26,7.65,7.24,7.47,24176,23132035.0,5.58,1.63,0.12,1.22
2040,2009-09-14,7.46,7.76,7.42,7.68,29682,28847811.0,4.55,2.81,0.21,1.5
2041,2009-09-15,7.67,8.09,7.65,7.91,56830,56925122.0,5.73,2.99,0.23,2.87
2042,2009-09-16,7.87,8.35,7.74,8.11,70564,71822897.0,7.71,2.53,0.2,3.56
2043,2009-09-17,8.32,8.89,8.21,8.72,98321,104944853.0,8.38,7.52,0.61,4.97
2044,2009-09-18,8.76,8.83,7.75,8.04,79746,82677433.0,12.39,-7.8,-0.68,4.03
2045,2009-09-21,7.82,8.29,7.67,8.25,40422,40561338.0,7.71,2.61,0.21,2.04
2046,2009-09-22,8.09,8.24,7.85,7.86,28626,29016122.0,4.73,-4.73,-0.39,1.45
2047,2009-09-23,7.81,8.16,7.61,7.66,31354,31102414.0,7.0,-2.54,-0.2,1.58
2048,2009-09-24,7.63,7.63,7.17,7.36,24767,23514810.0,6.01,-3.92,-0.3,1.25
2049,2009-09-25,7.35,7.59,7.31,7.4,16412,15683564.0,3.8,0.54,0.04,0.83
2050,2009-09-28,7.49,7.56,6.81,6.93,17862,16585352.0,10.14,-6.35,-0.47,0.9
2051,2009-09-29,6.94,6.99,6.57,6.69,15667,13835144.0,6.06,-3.46,-0.24,0.79
2052,2009-09-30,6.88,6.97,6.67,6.68,13790,12317128.0,4.48,-0.15,-0.01,0.7
2053,2009-10-09,6.81,7.19,6.8,7.18,18059,16496410.0,5.84,7.49,0.5,0.91
2054,2009-10-12,7.1,7.66,7.06,7.44,26016,24754273.0,8.36,3.62,0.26,1.31
2055,2009-10-13,7.33,7.49,7.3,7.47,16230,15430877.0,2.55,0.4,0.03,0.82
2056,2009-10-14,7.51,7.71,7.48,7.57,21136,20465905.0,3.08,1.34,0.1,1.07
2057,2009-10-15,7.52,7.71,7.46,7.58,13400,12920976.0,3.3,0.13,0.01,0.68
2058,2009-10-16,7.59,7.68,7.31,7.46,20374,19408573.0,4.88,-1.58,-0.12,1.03
2059,2009-10-19,7.55,7.76,7.43,7.72,23430,22730304.0,4.42,3.49,0.26,1.18
2060,2009-10-20,7.71,7.9,7.67,7.88,26113,25875835.0,2.98,2.07,0.16,1.32
2061,2009-10-21,7.9,7.9,7.66,7.68,21625,21333995.0,3.05,-2.54,-0.2,1.09
2062,2009-10-22,7.65,7.95,7.56,7.94,27746,27472446.0,5.08,3.39,0.26,1.4
2063,2009-10-23,7.98,8.09,7.91,7.97,32159,32409487.0,2.27,0.38,0.03,1.62
2064,2009-10-26,7.91,8.09,7.83,8.0,25104,25301651.0,3.26,0.38,0.03,1.27
2065,2009-10-27,7.91,7.91,7.57,7.58,26915,26343667.0,4.25,-5.25,-0.42,1.36
2066,2009-10-28,7.59,7.82,7.39,7.76,30633,29647008.0,5.67,2.37,0.18,1.55
2067,2009-10-29,7.51,7.8,7.41,7.73,19691,19230602.0,5.03,-0.39,-0.03,0.99
2068,2009-10-30,7.96,8.07,7.73,7.83,40518,40677368.0,4.4,1.29,0.1,2.05
2069,2009-11-02,7.66,8.46,7.61,8.39,60150,62030447.0,10.86,7.15,0.56,3.04
2070,2009-11-03,8.42,8.56,8.29,8.53,47203,49719658.0,3.22,1.67,0.14,2.38
2071,2009-11-04,8.53,8.69,8.41,8.61,50382,53518245.0,3.28,0.94,0.08,2.54
2072,2009-11-05,8.62,8.63,8.4,8.54,33326,35335303.0,2.67,-0.81,-0.07,1.68
2073,2009-11-06,8.61,8.72,8.51,8.6,40304,43138444.0,2.46,0.7,0.06,2.04
2074,2009-11-09,8.61,8.69,8.53,8.66,28764,30782692.0,1.86,0.7,0.06,1.45
2075,2009-11-10,8.69,8.74,8.5,8.54,29759,31793720.0,2.77,-1.39,-0.12,1.5
2076,2009-11-11,8.53,9.01,8.46,8.92,62669,68294297.0,6.44,4.45,0.38,3.17
2077,2009-11-12,8.89,8.99,8.78,8.82,28343,31063571.0,2.35,-1.12,-0.1,1.43
2078,2009-11-13,8.77,9.17,8.77,9.0,36655,40447727.0,4.54,2.04,0.18,1.85
2079,2009-11-16,9.06,9.29,9.02,9.12,49587,55689527.0,3.0,1.33,0.12,2.5
2080,2009-11-17,9.16,9.26,9.01,9.26,35205,39526895.0,2.74,1.54,0.14,1.78
2081,2009-11-18,9.25,9.45,9.12,9.31,33417,38066046.0,3.56,0.54,0.05,1.69
2082,2009-11-19,9.22,9.85,9.22,9.63,73952,87085552.0,6.77,3.44,0.32,3.73
2083,2009-11-20,9.63,9.99,9.48,9.88,50529,59999965.0,5.3,2.6,0.25,2.55
2084,2009-11-23,10.03,10.28,9.79,10.02,61999,74914361.0,4.96,1.42,0.14,3.13
2085,2009-11-24,10.1,10.1,8.91,9.09,68737,80723486.0,11.88,-9.28,-0.93,3.47
2086,2009-11-25,9.11,9.58,9.11,9.56,50333,57478913.0,5.17,5.17,0.47,2.54
2087,2009-11-26,9.5,9.66,8.71,8.87,61604,69348675.0,9.94,-7.22,-0.69,3.11
2088,2009-11-27,8.79,8.99,8.53,8.57,42264,45882898.0,5.19,-3.38,-0.3,2.13
2089,2009-11-30,8.71,9.14,8.62,9.04,30054,32990182.0,6.07,5.48,0.47,1.52
2090,2009-12-01,9.04,9.5,9.04,9.41,41061,46807006.0,5.09,4.09,0.37,2.07
2091,2009-12-02,9.44,10.56,9.44,10.56,111769,135962518.0,11.9,12.22,1.15,5.64
2092,2009-12-03,10.76,11.58,10.57,11.19,177808,233722940.0,9.56,5.97,0.63,8.98
2093,2009-12-04,10.96,11.8,10.01,11.66,190409,246226472.0,16.0,4.2,0.47,9.62
2094,2009-12-07,11.36,11.79,11.12,11.32,125007,169111543.0,5.75,-2.92,-0.34,6.31
2095,2009-12-08,11.34,11.34,10.67,10.85,80174,104113933.0,5.92,-4.15,-0.47,4.05
2096,2009-12-09,10.75,11.05,10.59,10.76,49536,64027758.0,4.24,-0.83,-0.09,2.5
2097,2009-12-10,10.82,10.96,10.57,10.72,37120,47580541.0,3.62,-0.37,-0.04,1.87
2098,2009-12-11,10.73,10.89,10.51,10.6,42008,53695396.0,3.54,-1.12,-0.12,2.12
2099,2009-12-14,10.55,10.56,9.91,10.25,51946,63914251.0,6.13,-3.3,-0.35,2.62
2100,2009-12-15,10.27,10.79,10.19,10.63,57467,72627951.0,5.85,3.71,0.38,2.9
2101,2009-12-16,10.63,10.69,10.28,10.34,33432,42036474.0,3.86,-2.73,-0.29,1.69
2102,2009-12-17,10.43,10.71,10.26,10.34,48362,60705716.0,4.35,0.0,0.0,2.44
2103,2009-12-18,10.19,10.4,9.57,9.68,48471,58641606.0,8.03,-6.38,-0.66,2.45
2104,2009-12-21,9.7,10.15,9.6,10.07,36939,44065093.0,5.68,4.03,0.39,1.87
2105,2009-12-22,10.1,10.35,9.79,9.85,48758,59217544.0,5.56,-2.18,-0.22,2.46
2106,2009-12-23,10.04,11.04,10.04,11.04,194550,251946505.0,10.15,12.08,1.19,9.83
2107,2009-12-24,10.91,11.36,10.74,11.31,186405,244848854.0,5.62,2.45,0.27,9.41
2108,2009-12-25,11.06,11.59,11.01,11.05,121796,162869972.0,5.13,-2.3,-0.26,6.15
2109,2009-12-28,11.16,11.56,11.14,11.37,90007,120856804.0,3.8,2.9,0.32,4.55
2110,2009-12-29,11.39,11.69,11.12,11.32,72145,97239098.0,5.01,-0.44,-0.05,3.64
2111,2009-12-30,11.28,11.44,10.8,11.04,76259,99914582.0,5.65,-2.47,-0.28,3.85
2112,2009-12-31,11.0,11.55,11.0,11.4,77396,104134790.0,4.98,3.26,0.36,3.91
2113,2010-01-04,11.4,12.02,11.22,11.81,99024,136987356.0,7.02,3.6,0.41,5.0
2114,2010-01-05,11.78,12.21,11.51,12.03,95042,133385019.0,5.93,1.86,0.22,4.8
2115,2010-01-06,11.92,12.16,11.71,11.78,65549,91453333.0,3.74,-2.08,-0.25,3.31
2116,2010-01-07,11.71,11.79,11.17,11.3,68546,92816831.0,5.26,-4.07,-0.48,3.46
2117,2010-01-08,11.26,11.76,11.21,11.64,55423,74926289.0,4.87,3.01,0.34,2.8
2118,2010-01-11,12.04,12.88,11.76,12.47,147503,212911150.0,9.62,7.13,0.83,7.45
2119,2010-01-12,12.39,13.91,12.35,13.4,174153,269427238.0,12.51,7.46,0.93,8.8
2120,2010-01-13,13.21,14.95,13.04,14.95,230390,380167412.0,14.25,11.57,1.55,11.64
2121,2010-01-14,16.65,16.65,15.32,16.35,218806,395416878.0,8.9,9.36,1.4,11.05
2122,2010-01-15,15.91,15.99,15.42,15.56,140762,249517212.0,3.49,-4.83,-0.79,7.11
2123,2010-01-18,15.5,15.84,15.29,15.81,103914,183982063.0,3.53,1.61,0.25,5.25
2124,2010-01-19,15.71,15.83,15.11,15.27,95821,167298041.0,4.55,-3.42,-0.54,4.84
2125,2010-01-20,15.36,15.66,13.55,13.77,149493,247672446.0,13.82,-9.82,-1.5,7.55
2126,2010-01-21,13.79,14.06,13.51,13.7,81314,129311008.0,3.99,-0.51,-0.07,4.11
2127,2010-01-22,13.41,13.61,12.61,13.09,109299,165856785.0,7.3,-4.45,-0.61,5.52
2128,2010-01-25,12.99,13.4,12.83,13.05,64421,98116570.0,4.35,-0.31,-0.04,3.25
2129,2010-01-26,13.05,13.26,12.46,12.78,56194,83494764.0,6.13,-2.07,-0.27,2.84
2130,2010-01-27,12.79,13.76,12.55,13.22,122493,188857000.0,9.47,3.44,0.44,6.19
2131,2010-01-28,13.14,13.67,13.01,13.37,84562,130358510.0,4.99,1.13,0.15,4.27
2132,2010-01-29,13.16,13.76,13.06,13.4,95327,148454984.0,5.24,0.22,0.03,4.81
2133,2010-02-01,13.22,13.4,12.03,12.13,97033,141212153.0,10.22,-9.48,-1.27,4.9
2134,2010-02-02,12.3,12.9,11.91,12.42,92932,134305732.0,8.16,2.39,0.29,4.69
2135,2010-02-03,12.23,12.71,11.71,12.66,72510,104216670.0,8.05,1.93,0.24,3.66
2136,2010-02-04,12.51,13.4,12.21,13.2,98637,149575724.0,9.4,4.27,0.54,4.98
2137,2010-02-05,12.71,13.13,12.43,12.62,60689,90041213.0,5.3,-4.39,-0.58,3.07
2138,2010-02-08,12.62,13.12,12.61,12.78,25987,38718659.0,4.04,1.27,0.16,1.31
2139,2010-02-09,12.7,12.83,12.46,12.69,25960,38283698.0,2.9,-0.7,-0.09,1.31
2140,2010-02-10,12.93,13.09,12.8,13.01,45344,68088514.0,2.29,2.52,0.32,2.29
2141,2010-02-11,12.99,13.11,12.7,12.72,27133,40589363.0,3.15,-2.23,-0.29,1.37
2142,2010-02-12,12.79,13.08,12.67,12.9,28422,42600487.0,3.22,1.42,0.18,1.44
2143,2010-02-22,12.91,13.34,12.81,13.08,44357,67577208.0,4.11,1.4,0.18,2.24
2144,2010-02-23,13.09,14.6,13.09,14.6,135335,215976413.0,11.54,11.62,1.52,6.84
2145,2010-02-24,14.49,14.9,14.09,14.65,124125,206199130.0,5.55,0.34,0.05,6.27
2146,2010-02-25,14.7,14.93,14.48,14.86,97612,164064701.0,3.07,1.43,0.21,4.93
2147,2010-02-26,14.79,15.13,14.43,14.58,88372,149193373.0,4.71,-1.88,-0.28,4.46
2148,2010-03-01,14.46,14.87,14.15,14.77,71316,118115989.0,4.94,1.3,0.19,3.6
2149,2010-03-02,14.77,15.39,14.5,14.97,88536,151684066.0,6.03,1.35,0.2,4.47
2150,2010-03-03,14.8,15.46,14.79,15.19,72165,124456961.0,4.48,1.47,0.22,3.64
2151,2010-03-04,15.17,15.4,13.92,14.14,84388,141633029.0,9.74,-6.91,-1.05,4.26
2152,2010-03-05,14.14,14.39,13.7,13.9,47648,76724853.0,4.88,-1.7,-0.24,2.41
2153,2010-03-08,14.01,14.28,13.91,14.06,32542,52489388.0,2.66,1.15,0.16,1.64
2154,2010-03-09,14.07,14.07,13.76,13.94,27701,44300710.0,2.2,-0.85,-0.12,1.4
2155,2010-03-10,13.97,14.39,13.88,14.05,41818,67998403.0,3.66,0.79,0.11,2.11
2156,2010-03-11,13.97,14.11,13.21,13.4,65650,102558463.0,6.41,-4.63,-0.65,3.32
2157,2010-03-12,13.39,13.46,13.03,13.07,38216,58343706.0,3.21,-2.46,-0.33,1.93
2158,2010-03-15,13.08,13.11,12.81,12.91,25759,38698002.0,2.3,-1.22,-0.16,1.3
2159,2010-03-16,12.92,13.18,12.89,13.18,22756,34438663.0,2.25,2.09,0.27,1.15
2160,2010-03-17,13.29,14.27,13.18,14.22,66839,106048781.0,8.27,7.89,1.04,3.38
2161,2010-03-18,14.39,14.71,14.08,14.2,81720,134852320.0,4.43,-0.14,-0.02,4.13
2162,2010-03-19,14.12,14.68,14.11,14.31,50656,83477731.0,4.01,0.77,0.11,2.56
2163,2010-03-22,14.31,14.57,14.18,14.49,40298,66419951.0,2.73,1.26,0.18,2.04
2164,2010-03-23,14.48,14.88,14.2,14.28,47898,79598178.0,4.69,-1.45,-0.21,2.42
2165,2010-03-24,14.21,14.5,14.02,14.11,35327,57411866.0,3.36,-1.19,-0.17,1.78
2166,2010-03-25,14.11,15.16,14.07,14.65,127723,214469472.0,7.73,3.83,0.54,6.45
2167,2010-03-26,14.66,14.75,14.2,14.53,63497,105015314.0,3.75,-0.82,-0.12,3.21
2168,2010-03-29,14.47,14.64,14.12,14.38,52396,85986940.0,3.58,-1.03,-0.15,2.65
2169,2010-03-30,14.4,14.79,14.39,14.46,41498,69134941.0,2.78,0.56,0.08,2.1
2170,2010-03-31,14.45,14.9,14.42,14.69,56757,95313255.0,3.32,1.59,0.23,2.87
2171,2010-04-01,14.71,15.01,14.61,15.01,65751,111443179.0,2.72,2.18,0.32,3.32
2172,2010-04-02,14.98,15.11,14.76,14.85,47785,81221372.0,2.33,-1.07,-0.16,2.41
2173,2010-04-06,14.84,14.9,14.41,14.62,49789,83054728.0,3.3,-1.55,-0.23,2.51
2174,2010-04-07,14.61,15.0,14.52,14.99,51661,87324424.0,3.28,2.53,0.37,2.61
2175,2010-04-08,14.95,14.96,14.62,14.79,34356,58057465.0,2.27,-1.33,-0.2,1.74
2176,2010-04-09,15.19,15.76,15.09,15.11,91010,159033735.0,4.53,2.16,0.32,4.6
2177,2010-04-12,15.17,15.74,14.93,15.54,87384,153590815.0,5.36,2.85,0.43,4.41
2178,2010-04-13,15.41,15.86,14.31,14.92,87298,150598666.0,9.97,-3.99,-0.62,4.41
2179,2010-04-14,15.01,15.01,14.65,14.79,46834,79089741.0,2.41,-0.87,-0.13,2.37
2180,2010-04-15,14.82,14.97,14.41,14.49,43205,72338826.0,3.79,-2.03,-0.3,2.18
2181,2010-04-16,14.41,14.8,14.41,14.58,26377,44080434.0,2.69,0.62,0.09,1.33
2182,2010-04-19,14.3,14.78,13.6,13.62,44993,73111699.0,8.09,-6.58,-0.96,2.27
2183,2010-04-20,13.61,13.89,13.23,13.81,30049,47216358.0,4.85,1.4,0.19,1.52
2184,2010-04-21,13.82,14.51,13.82,14.41,32475,53135047.0,5.0,4.34,0.6,1.64
2185,2010-04-22,14.41,14.81,14.14,14.53,40976,67981443.0,4.65,0.83,0.12,2.07
2186,2010-04-23,14.55,14.82,14.14,14.24,29420,48597374.0,4.68,-2.0,-0.29,1.49
2187,2010-04-26,14.21,14.59,13.92,14.32,30627,50306604.0,4.71,0.56,0.08,1.55
2188,2010-04-27,14.22,14.26,12.93,13.55,41355,65055182.0,9.29,-5.38,-0.77,2.09
2189,2010-04-28,13.4,13.73,13.0,13.16,35647,54748854.0,5.39,-2.88,-0.39,1.8
2190,2010-04-29,13.16,13.39,13.11,13.23,27551,42242746.0,2.13,0.53,0.07,1.39
2191,2010-04-30,13.11,13.18,11.74,12.04,37024,53260432.0,10.88,-8.99,-1.19,1.87
2192,2010-05-04,11.76,12.29,11.71,11.96,21117,29881981.0,4.82,-0.66,-0.08,1.07
2193,2010-05-05,11.9,12.52,11.77,12.51,26415,37819708.0,6.27,4.6,0.55,1.33
2194,2010-05-06,12.51,12.74,11.97,12.04,29021,41857753.0,6.16,-3.76,-0.47,1.47
2195,2010-05-07,11.86,11.96,11.41,11.5,28231,38859571.0,4.57,-4.49,-0.54,1.43
2196,2010-05-10,11.59,11.73,10.71,11.08,28339,37511017.0,8.87,-3.65,-0.42,1.43
2197,2010-05-11,11.41,11.61,10.79,10.9,27128,36050883.0,7.4,-1.62,-0.18,1.37
2198,2010-05-12,10.8,11.18,10.29,10.63,22973,29501367.0,8.17,-2.48,-0.27,1.16
2199,2010-05-13,10.56,11.19,10.47,11.18,28967,37596472.0,6.77,5.17,0.55,1.46
2200,2010-05-14,11.11,11.41,11.01,11.31,33623,44916823.0,3.58,1.16,0.13,1.7
2201,2010-05-17,11.11,11.19,10.02,10.07,32526,41335402.0,10.34,-10.96,-1.24,1.64
2202,2010-05-18,10.23,10.6,9.79,10.45,31065,38323366.0,8.04,3.77,0.38,1.57
2203,2010-05-19,10.4,11.05,10.11,10.78,42153,53579869.0,9.0,3.16,0.33,2.13
2204,2010-05-21,10.06,11.08,9.81,10.94,36936,46771092.0,11.78,1.48,0.16,1.87
2205,2010-05-24,10.98,11.8,10.98,11.62,50358,68160303.0,7.5,6.22,0.68,2.54
2206,2010-05-25,11.41,11.69,11.19,11.38,36571,49478157.0,4.3,-2.07,-0.24,1.85
2207,2010-05-26,11.38,11.56,11.19,11.3,25463,34218312.0,3.25,-0.7,-0.08,1.29
2208,2010-05-27,11.31,11.69,11.11,11.59,35671,48271898.0,5.13,2.57,0.29,1.8
2209,2010-05-28,11.73,12.07,11.59,11.77,45624,63492269.0,4.14,1.55,0.18,2.3
2210,2010-05-31,11.74,11.74,11.04,11.08,30086,40545624.0,5.95,-5.86,-0.69,1.52
2211,2010-06-01,10.96,11.16,10.36,10.68,30353,38882458.0,7.22,-3.61,-0.4,1.53
2212,2010-06-02,10.56,11.05,10.41,11.04,23711,30441952.0,5.99,3.37,0.36,1.2
2213,2010-06-03,11.06,11.41,10.91,10.92,34909,46361481.0,4.53,-1.09,-0.12,1.76
2214,2010-06-04,10.83,11.24,10.81,11.14,18472,24334757.0,3.94,2.01,0.22,0.93
2215,2010-06-07,10.9,11.48,10.79,11.4,34286,45721428.0,6.19,2.33,0.26,1.73
2216,2010-06-08,11.51,11.78,11.36,11.63,39035,53252617.0,3.68,2.02,0.23,1.97
2217,2010-06-09,11.73,11.86,11.46,11.86,38166,52490109.0,3.44,1.98,0.23,1.93
2218,2010-06-10,11.76,12.11,11.66,11.9,40426,56584217.0,3.79,0.34,0.04,2.04
2219,2010-06-17,11.92,12.05,11.41,11.48,32534,44689412.0,5.38,-3.53,-0.42,1.64
2220,2010-06-18,11.41,11.47,10.69,10.8,29085,38422072.0,6.79,-5.92,-0.68,1.47
2221,2010-06-21,10.69,11.2,10.63,11.19,18934,24751343.0,5.28,3.61,0.39,0.96
2222,2010-06-22,11.11,11.33,11.07,11.23,15454,20584568.0,2.32,0.36,0.04,0.78
2223,2010-06-23,11.16,11.47,11.06,11.45,26586,35684322.0,3.65,1.96,0.22,1.34
2224,2010-06-24,11.52,11.59,11.19,11.3,21633,29158202.0,3.49,-1.31,-0.15,1.09
2225,2010-06-25,11.29,11.36,10.83,10.97,22665,29830741.0,4.69,-2.92,-0.33,1.14
2226,2010-06-28,10.84,11.14,10.64,10.73,15131,19559152.0,4.56,-2.19,-0.24,0.76
2227,2010-06-29,10.73,10.86,9.86,9.91,26921,33090802.0,9.32,-7.64,-0.82,1.36
2228,2010-06-30,9.71,10.06,9.54,9.66,17466,20581003.0,5.25,-2.52,-0.25,0.88
2229,2010-07-01,9.66,9.95,9.57,9.68,13935,16588909.0,3.93,0.21,0.02,0.7
2230,2010-07-02,9.63,9.78,9.05,9.55,18936,21824124.0,7.54,-1.34,-0.13,0.96
2231,2010-07-05,9.43,9.55,9.1,9.51,12051,13792401.0,4.71,-0.42,-0.04,0.61
2232,2010-07-06,9.49,9.89,9.4,9.84,19398,22957175.0,5.15,3.47,0.33,0.98
2233,2010-07-07,9.94,10.1,9.79,10.07,18153,21568989.0,3.15,2.34,0.23,0.92
2234,2010-07-08,10.06,10.17,9.82,9.88,12442,14785319.0,3.48,-1.89,-0.19,0.63
2235,2010-07-09,9.76,10.35,9.76,10.31,22972,27849783.0,5.97,4.35,0.43,1.16
2236,2010-07-12,10.34,10.43,10.24,10.34,17923,22022726.0,1.84,0.29,0.03,0.91
2237,2010-07-13,10.2,10.26,9.87,10.13,17129,20623274.0,3.77,-2.03,-0.21,0.87
2238,2010-07-14,10.23,10.44,10.13,10.24,18885,23150254.0,3.06,1.09,0.11,0.95
2239,2010-07-15,10.25,10.4,9.89,9.91,16353,19786736.0,4.98,-3.22,-0.33,0.83
2240,2010-07-16,9.81,10.03,9.67,9.96,14972,17649472.0,3.63,0.5,0.05,0.76
2241,2010-07-19,9.86,10.32,9.72,10.3,24173,29103033.0,6.02,3.41,0.34,1.22
2242,2010-07-20,10.31,10.71,10.26,10.67,34370,42942212.0,4.37,3.59,0.37,1.74
2243,2010-07-21,10.64,10.82,10.52,10.58,28400,35849654.0,2.81,-0.84,-0.09,1.43
2244,2010-07-22,10.48,10.9,10.48,10.88,27950,35494550.0,3.97,2.84,0.3,1.41
2245,2010-07-23,10.88,10.89,10.61,10.79,26997,34265206.0,2.57,-0.83,-0.09,1.36
2246,2010-07-26,10.79,11.04,10.78,10.93,28450,36557965.0,2.41,1.3,0.14,1.44
2247,2010-07-27,10.88,11.2,10.74,11.07,39396,50851035.0,4.21,1.28,0.14,1.99
2248,2010-07-28,11.15,11.63,11.06,11.53,61061,81791246.0,5.15,4.16,0.46,3.08
2249,2010-07-29,11.46,11.61,11.29,11.54,41739,55856248.0,2.78,0.09,0.01,2.11
2250,2010-07-30,11.41,11.55,11.22,11.39,30476,40634696.0,2.86,-1.3,-0.15,1.54
2251,2010-08-02,11.39,11.58,11.29,11.55,30822,41390292.0,2.55,1.4,0.16,1.56
2252,2010-08-03,11.65,11.9,11.32,11.34,41553,56395304.0,5.02,-1.82,-0.21,2.1
2253,2010-08-04,11.32,11.66,11.25,11.65,31745,42388367.0,3.62,2.73,0.31,1.6
2254,2010-08-05,11.57,11.75,11.4,11.53,27329,36902631.0,3.0,-1.03,-0.12,1.38
2255,2010-08-06,11.56,11.86,11.31,11.86,47734,64795411.0,4.77,2.86,0.33,2.41
2256,2010-08-09,11.84,12.0,11.73,11.98,44641,61684680.0,2.28,1.01,0.12,2.25
2257,2010-08-10,11.99,11.99,11.31,11.33,37822,51402141.0,5.68,-5.43,-0.65,1.91
2258,2010-08-11,11.26,11.57,11.26,11.51,27097,36256685.0,2.74,1.59,0.18,1.37
2259,2010-08-12,11.32,11.51,11.08,11.14,29069,38482966.0,3.74,-3.21,-0.37,1.47
2260,2010-08-13,11.28,11.41,11.11,11.39,21006,27850046.0,2.69,2.24,0.25,1.06
2261,2010-08-16,11.41,11.82,11.32,11.75,39257,53325377.0,4.39,3.16,0.36,1.98
2262,2010-08-17,11.74,11.89,11.64,11.85,37286,51189381.0,2.13,0.85,0.1,1.88
2263,2010-08-18,11.86,12.2,11.57,12.07,51803,71706551.0,5.32,1.86,0.22,2.62
2264,2010-08-19,12.08,12.29,11.94,12.04,49561,69541769.0,2.9,-0.25,-0.03,2.5
2265,2010-08-20,11.96,12.31,11.83,12.03,50288,70365258.0,3.99,-0.08,-0.01,2.54
2266,2010-08-23,12.14,12.66,12.12,12.56,71129,102096626.0,4.49,4.41,0.53,3.59
2267,2010-08-24,12.5,12.6,12.16,12.46,47934,68720603.0,3.5,-0.8,-0.1,2.42
2268,2010-08-25,12.21,12.24,11.8,12.14,59323,82971797.0,3.53,-2.57,-0.32,3.0
2269,2010-08-26,12.16,12.23,11.96,12.14,50027,70319812.0,2.22,0.0,0.0,2.53
2270,2010-08-27,12.17,12.31,12.09,12.21,35646,50368090.0,1.81,0.58,0.07,1.8
2271,2010-08-30,12.31,12.52,12.23,12.43,37650,53932245.0,2.38,1.8,0.22,1.9
2272,2010-08-31,12.34,12.58,12.13,12.57,54137,77496201.0,3.62,1.13,0.14,2.73
2273,2010-09-01,12.63,12.91,12.06,12.42,57416,82991763.0,6.76,-1.19,-0.15,2.9
2274,2010-09-02,12.56,12.8,12.35,12.64,49046,71154021.0,3.62,1.77,0.22,2.48
2275,2010-09-03,12.66,12.79,12.41,12.6,40550,59056353.0,3.01,-0.32,-0.04,2.05
2276,2010-09-06,12.59,12.84,12.4,12.45,36748,53238442.0,3.49,-1.19,-0.15,1.86
2277,2010-09-07,12.45,12.56,12.26,12.48,25734,36850506.0,2.41,0.24,0.03,1.3
2278,2010-09-08,12.45,12.45,12.22,12.38,27238,38845589.0,1.84,-0.8,-0.1,1.38
2279,2010-09-09,12.46,12.63,12.18,12.25,39466,56708149.0,3.63,-1.05,-0.13,1.99
2280,2010-09-10,12.27,12.34,11.94,12.25,31890,44924713.0,3.27,0.0,0.0,1.61
2281,2010-09-13,12.26,12.57,12.21,12.56,41988,60314398.0,2.94,2.53,0.31,2.12
2282,2010-09-14,12.57,12.89,12.48,12.86,70333,103191803.0,3.26,2.39,0.3,3.55
2283,2010-09-15,12.86,12.86,12.38,12.42,42270,61482180.0,3.73,-3.42,-0.44,2.13
2284,2010-09-16,12.43,12.51,11.64,12.1,42819,59582213.0,7.0,-2.58,-0.32,2.16
2285,2010-09-17,12.05,12.23,11.94,12.1,28943,40615433.0,2.4,0.0,0.0,1.46
2286,2010-09-20,12.07,12.18,11.89,12.08,28373,39716268.0,2.4,-0.17,-0.02,1.43
2287,2010-09-21,12.04,12.46,12.04,12.36,39516,56023617.0,3.48,2.32,0.28,2.0
2288,2010-09-27,12.49,12.67,12.36,12.58,28082,40691799.0,2.51,1.78,0.22,1.42
2289,2010-09-28,12.58,12.65,12.44,12.5,26623,38499306.0,1.67,-0.64,-0.08,1.34
2290,2010-09-29,12.49,12.61,11.96,11.98,28054,40084803.0,5.2,-4.16,-0.52,1.42
2291,2010-09-30,12.0,12.42,11.91,12.24,16648,23498049.0,4.26,2.17,0.26,0.84
2292,2010-10-08,12.32,12.6,12.22,12.5,26828,38639352.0,3.1,2.12,0.26,1.35
2293,2010-10-11,12.51,12.87,12.43,12.73,42199,61577727.0,3.52,1.84,0.23,2.13
2294,2010-10-12,12.74,12.94,12.62,12.77,39364,57925507.0,2.51,0.31,0.04,1.99
2295,2010-10-13,12.77,13.17,12.68,13.0,42560,63233441.0,3.84,1.8,0.23,2.15
2296,2010-10-14,13.11,13.11,12.16,12.24,46807,67706772.0,7.31,-5.85,-0.76,2.36
2297,2010-10-15,12.17,12.46,11.86,12.05,43270,60911675.0,4.9,-1.55,-0.19,2.19
2298,2010-10-18,11.97,12.06,11.17,11.61,39076,53056081.0,7.39,-3.65,-0.44,1.97
2299,2010-10-19,11.52,12.14,11.52,12.09,26757,37203801.0,5.34,4.13,0.48,1.35
2300,2010-10-20,11.92,12.26,11.82,12.07,32999,46252687.0,3.64,-0.17,-0.02,1.67
2301,2010-10-21,12.07,12.41,11.91,12.36,38261,53972824.0,4.14,2.4,0.29,1.93
2302,2010-10-22,12.42,12.73,12.27,12.66,56325,81037218.0,3.72,2.43,0.3,2.84
2303,2010-10-25,12.65,12.93,12.57,12.73,45366,66436689.0,2.84,0.55,0.07,2.29
2304,2010-10-26,12.79,13.01,12.69,12.9,55018,81285391.0,2.51,1.34,0.17,2.78
2305,2010-10-27,12.94,13.07,12.44,12.5,57376,84850260.0,4.88,-3.1,-0.4,2.9
2306,2010-10-28,12.51,13.23,12.47,13.2,63096,93312613.0,6.08,5.6,0.7,3.19
2307,2010-10-29,13.27,13.27,12.96,13.14,59928,90200551.0,2.35,-0.45,-0.06,3.03
2308,2010-11-01,13.41,13.74,13.17,13.55,68231,105236845.0,4.34,3.12,0.41,3.45
2309,2010-11-02,13.55,13.71,13.2,13.27,61948,95336622.0,3.76,-2.07,-0.28,3.13
2310,2010-11-03,13.27,13.98,13.14,13.25,64977,101001769.0,6.33,-0.15,-0.02,3.28
2311,2010-11-04,13.11,13.63,13.11,13.54,46672,71929807.0,3.92,2.19,0.29,2.36
2312,2010-11-05,13.61,14.32,13.6,13.99,73663,117447535.0,5.32,3.32,0.45,3.72
2313,2010-11-08,14.31,14.32,13.81,14.1,53582,85638843.0,3.65,0.79,0.11,2.71
2314,2010-11-09,14.08,14.24,13.88,14.08,48402,77333351.0,2.55,-0.14,-0.02,2.44
2315,2010-11-10,14.26,14.61,14.06,14.27,57739,94074752.0,3.91,1.35,0.19,2.92
2316,2010-11-11,14.16,14.41,13.84,13.84,61405,98390385.0,3.99,-3.01,-0.43,3.1
2317,2010-11-12,13.73,13.74,12.42,12.55,62979,94742994.0,9.54,-9.32,-1.29,3.18
2318,2010-11-15,12.37,13.26,12.37,13.12,31914,47232806.0,7.09,4.54,0.57,1.61
2319,2010-11-16,13.11,13.72,12.7,13.53,59306,90160180.0,7.77,3.13,0.41,3.0
2320,2010-11-17,13.21,13.53,12.59,12.75,42554,63990173.0,6.95,-5.76,-0.78,2.15
2321,2010-11-18,12.87,13.04,12.66,12.88,19108,28330048.0,2.98,1.02,0.13,0.97
2322,2010-11-19,13.02,14.11,13.02,14.05,84000,131133097.0,8.46,9.08,1.17,4.24
2323,2010-11-22,14.01,15.0,14.01,14.32,124168,204661769.0,7.05,1.92,0.27,6.27
2324,2010-11-23,14.06,14.74,13.6,14.46,71348,114467860.0,7.96,0.98,0.14,3.6
2325,2010-11-24,14.51,14.91,14.39,14.66,69623,115408958.0,3.6,1.38,0.2,3.52
2326,2010-11-25,14.67,14.71,14.3,14.55,52441,86274402.0,2.8,-0.75,-0.11,2.65
2327,2010-11-26,14.44,14.53,14.04,14.41,42090,68349714.0,3.37,-0.96,-0.14,2.13
2328,2010-11-29,14.35,14.82,14.18,14.61,43664,72171398.0,4.44,1.39,0.2,2.21
2329,2010-11-30,14.49,14.53,13.24,13.72,62606,98341509.0,8.83,-6.09,-0.89,3.16
2330,2010-12-01,13.61,14.06,13.48,14.01,33994,53528397.0,4.23,2.11,0.29,1.72
2331,2010-12-02,14.24,14.5,13.92,14.25,52527,85102641.0,4.14,1.71,0.24,2.65
2332,2010-12-03,14.25,14.45,13.72,14.07,31002,49435053.0,5.12,-1.26,-0.18,1.57
2333,2010-12-06,13.97,14.14,13.35,13.36,39143,60626848.0,5.61,-5.05,-0.71,1.98
2334,2010-12-07,13.35,13.64,13.18,13.59,16777,25805183.0,3.44,1.72,0.23,0.85
2335,2010-12-08,13.53,13.79,13.46,13.54,21100,32830526.0,2.43,-0.37,-0.05,1.07
2336,2010-12-09,13.43,13.56,13.09,13.2,21030,31970216.0,3.47,-2.51,-0.34,1.06
2337,2010-12-10,13.25,13.93,13.16,13.87,39301,61384100.0,5.83,5.08,0.67,1.98
2338,2010-12-13,14.11,14.56,14.06,14.24,42493,68875181.0,3.6,2.67,0.37,2.15
2339,2010-12-14,14.21,14.81,14.16,14.65,54250,89620797.0,4.56,2.88,0.41,2.74
2340,2010-12-15,14.7,14.81,14.29,14.33,39944,65790702.0,3.55,-2.18,-0.32,2.02
2341,2010-12-16,14.33,15.34,14.33,14.91,77248,130352774.0,7.05,4.05,0.58,3.9
2342,2010-12-17,14.85,15.36,14.69,15.27,54683,92796240.0,4.49,2.41,0.36,2.76
2343,2010-12-20,15.27,15.36,14.32,14.73,64656,108249082.0,6.81,-3.54,-0.54,3.27
2344,2010-12-21,14.81,14.99,14.49,14.96,32758,54844322.0,3.39,1.56,0.23,1.65
2345,2010-12-22,14.91,15.32,14.68,14.72,41092,69864897.0,4.28,-1.6,-0.24,2.08
2346,2010-12-23,14.86,14.9,14.26,14.29,34388,56441128.0,4.35,-2.92,-0.43,1.74
2347,2010-12-24,14.29,14.45,13.73,14.03,34598,55081675.0,5.04,-1.82,-0.26,1.75
2348,2010-12-27,13.97,14.41,13.57,13.7,28444,45414967.0,5.99,-2.35,-0.33,1.44
2349,2010-12-28,13.61,13.75,13.27,13.57,24318,37593874.0,3.5,-0.95,-0.13,1.23
2350,2010-12-29,13.58,13.96,13.57,13.95,19755,31092196.0,2.87,2.8,0.38,1.0
2351,2010-12-30,13.91,14.13,13.78,14.03,19258,30634744.0,2.51,0.57,0.08,0.97
2352,2010-12-31,14.06,14.43,14.02,14.39,25112,40681944.0,2.92,2.57,0.36,1.27
2353,2011-01-04,14.43,14.53,14.27,14.49,28611,46839602.0,1.81,0.69,0.1,1.44
2354,2011-01-05,14.41,14.88,14.18,14.58,37645,62500046.0,4.83,0.62,0.09,1.9
2355,2011-01-06,14.56,14.74,14.37,14.67,33633,55539497.0,2.54,0.62,0.09,1.7
2356,2011-01-07,14.58,15.61,14.48,15.39,98222,168119356.0,7.7,4.91,0.72,4.96
2357,2011-01-10,15.29,15.52,14.96,15.41,69834,120039890.0,3.64,0.13,0.02,3.53
2358,2011-01-11,15.29,15.29,14.53,14.66,40048,66866709.0,4.93,-4.87,-0.75,2.02
2359,2011-01-12,14.62,14.94,14.26,14.48,30315,50143370.0,4.64,-1.23,-0.18,1.53
2360,2011-01-13,14.57,14.89,14.46,14.62,25579,42493825.0,2.97,0.97,0.14,1.29
2361,2011-01-14,14.61,14.61,13.96,13.99,37157,59532674.0,4.45,-4.31,-0.63,1.88
2362,2011-01-17,13.86,14.16,13.67,13.77,33098,52550219.0,3.5,-1.57,-0.22,1.67
2363,2011-01-18,13.66,13.94,13.56,13.8,17440,27449654.0,2.76,0.22,0.03,0.88
2364,2011-01-19,13.76,14.32,13.72,14.31,25802,41281828.0,4.35,3.7,0.51,1.3
2365,2011-01-20,14.31,14.73,13.56,13.6,43722,70743149.0,8.18,-4.96,-0.71,2.21
2366,2011-01-21,13.61,13.85,13.31,13.42,36505,56631571.0,3.97,-1.32,-0.18,1.84
2367,2011-01-24,13.46,13.57,12.41,12.44,45996,68148973.0,8.64,-7.3,-0.98,2.32
2368,2011-01-25,12.46,12.52,11.78,11.97,26846,37760333.0,5.95,-3.78,-0.47,1.36
2369,2011-01-26,12.26,12.36,11.98,12.09,19843,27963049.0,3.17,1.0,0.12,1.0
2370,2011-01-27,12.26,12.7,12.11,12.66,22073,31725839.0,4.88,4.71,0.57,1.11
2371,2011-01-28,12.69,12.82,12.5,12.73,17467,25540871.0,2.53,0.55,0.07,0.88
2372,2011-01-31,12.66,12.91,12.43,12.87,21017,30652499.0,3.77,1.1,0.14,1.06
2373,2011-02-01,12.87,13.37,12.74,13.11,24910,37444587.0,4.9,1.86,0.24,1.26
2374,2011-02-09,12.95,13.54,12.82,13.24,24980,37986367.0,5.49,0.99,0.13,1.26
2375,2011-02-10,13.36,13.56,13.11,13.49,22064,33859041.0,3.4,1.89,0.25,1.11
2376,2011-02-11,13.51,13.54,13.33,13.41,20490,31519559.0,1.56,-0.59,-0.08,1.03
2377,2011-02-14,13.37,13.67,13.37,13.58,25813,39922124.0,2.24,1.27,0.17,1.3
2378,2011-02-15,13.58,13.68,13.36,13.38,30864,47755396.0,2.36,-1.47,-0.2,1.56
2379,2011-02-16,13.36,14.05,13.32,14.04,39628,62213974.0,5.46,4.93,0.66,2.0
2380,2011-02-17,14.04,14.54,13.77,13.99,46905,75409746.0,5.48,-0.36,-0.05,2.37
2381,2011-02-18,13.81,14.06,13.52,13.54,25433,39989834.0,3.86,-3.22,-0.45,1.28
2382,2011-02-21,13.61,14.33,13.56,14.32,42899,68618177.0,5.69,5.76,0.78,2.17
2383,2011-02-22,14.3,14.3,13.65,13.72,45424,72284513.0,4.54,-4.19,-0.6,2.29
2384,2011-02-23,13.72,14.13,13.66,14.11,25371,40248715.0,3.43,2.84,0.39,1.28
2385,2011-02-24,14.13,14.23,13.77,14.18,31634,50442541.0,3.26,0.5,0.07,1.6
2386,2011-02-25,14.06,14.42,13.96,14.26,40150,64979152.0,3.24,0.56,0.08,2.03
2387,2011-02-28,14.22,14.58,14.06,14.44,31746,51964687.0,3.65,1.26,0.18,1.6
2388,2011-03-01,14.48,14.58,14.2,14.3,35591,58128782.0,2.63,-0.97,-0.14,1.8
2389,2011-03-02,14.2,14.28,13.77,14.25,31602,50521503.0,3.57,-0.35,-0.05,1.6
2390,2011-03-03,14.24,14.28,13.84,13.86,26213,41935650.0,3.09,-2.74,-0.39,1.32
2391,2011-03-04,13.89,14.16,13.88,14.15,14826,23700474.0,2.02,2.09,0.29,0.75
2392,2011-03-07,14.16,14.33,14.06,14.13,28394,45783507.0,1.91,-0.14,-0.02,1.43
2393,2011-03-08,14.18,14.43,14.18,14.31,26611,43249771.0,1.77,1.27,0.18,1.34
2394,2011-03-09,14.34,14.92,14.21,14.85,75587,125506547.0,4.96,3.77,0.54,3.82
2395,2011-03-10,14.91,15.11,14.57,14.69,69858,117166128.0,3.64,-1.08,-0.16,3.53
2396,2011-03-11,14.59,15.1,14.43,14.77,57508,96093003.0,4.56,0.54,0.08,2.9
2397,2011-03-14,14.75,15.32,14.71,15.15,51279,87574338.0,4.13,2.57,0.38,2.59
2398,2011-03-15,15.09,15.09,14.39,14.77,49229,81854928.0,4.62,-2.51,-0.38,2.49
2399,2011-03-16,14.77,15.13,14.48,15.11,41163,69164656.0,4.4,2.3,0.34,2.08
2400,2011-03-17,14.86,15.46,14.72,14.78,49388,84180432.0,4.9,-2.18,-0.33,2.49
2401,2011-03-18,15.04,15.11,14.78,15.0,22647,38241443.0,2.23,1.49,0.22,1.14
2402,2011-03-21,15.04,15.06,14.62,14.67,21396,35862726.0,2.93,-2.2,-0.33,1.08
2403,2011-03-22,14.75,14.76,14.24,14.73,29883,49098767.0,3.54,0.41,0.06,1.51
2404,2011-03-23,14.77,14.89,14.53,14.8,19127,31904643.0,2.44,0.48,0.07,0.97
2405,2011-03-24,14.8,15.12,14.78,14.88,23764,40151843.0,2.3,0.54,0.08,1.2
2406,2011-03-25,14.76,14.88,14.64,14.73,25323,42304753.0,1.61,-1.01,-0.15,1.28
2407,2011-03-28,14.86,15.21,14.69,15.07,38043,64148966.0,3.53,2.31,0.34,1.92
2408,2011-03-29,15.07,15.13,14.38,14.41,36395,60629128.0,4.98,-4.38,-0.66,1.84
2409,2011-03-30,14.34,14.59,14.11,14.15,24813,40359160.0,3.33,-1.8,-0.26,1.25
2410,2011-03-31,14.2,14.38,13.56,13.76,33179,52669055.0,5.8,-2.76,-0.39,1.68
2411,2011-04-01,13.76,14.0,13.36,13.8,17211,26870910.0,4.65,0.29,0.04,0.87
2412,2011-04-06,13.79,13.87,13.66,13.76,16990,26732072.0,1.52,-0.29,-0.04,0.86
2413,2011-04-07,13.77,13.98,13.73,13.84,19963,31581051.0,1.82,0.58,0.08,1.01
2414,2011-04-08,13.84,13.99,13.82,13.87,23822,37704338.0,1.23,0.22,0.03,1.2
2415,2011-04-11,13.87,13.93,13.36,13.44,25951,40513142.0,4.11,-3.1,-0.43,1.31
2416,2011-04-12,13.26,13.56,13.24,13.37,18858,28930765.0,2.38,-0.52,-0.07,0.95
2417,2011-04-13,13.3,13.68,13.3,13.67,10876,16823139.0,2.84,2.24,0.3,0.55
2418,2011-04-14,13.68,13.78,13.56,13.63,15380,24004724.0,1.61,-0.29,-0.04,0.78
2419,2011-04-15,13.62,13.66,13.27,13.49,13266,20402376.0,2.86,-1.03,-0.14,0.67
2420,2011-04-18,13.49,13.55,13.26,13.46,16170,24793379.0,2.15,-0.22,-0.03,0.82
2421,2011-04-19,13.36,13.46,12.99,13.24,18925,28607839.0,3.49,-1.63,-0.22,0.96
2422,2011-04-20,13.19,13.54,13.14,13.49,11830,18100076.0,3.02,1.89,0.25,0.6
2423,2011-04-21,13.62,13.62,13.29,13.35,19336,29656754.0,2.45,-1.04,-0.14,0.98
2424,2011-04-25,13.34,13.34,12.85,12.89,17342,25915623.0,3.67,-3.45,-0.46,0.88
2425,2011-04-26,12.85,12.91,12.62,12.63,9871,14499474.0,2.25,-2.02,-0.26,0.5
2426,2011-04-27,12.8,12.86,12.38,12.5,11420,16613083.0,3.8,-1.03,-0.13,0.58
2427,2011-04-28,12.61,12.75,12.1,12.25,11571,16650189.0,5.2,-2.0,-0.25,0.58
2428,2011-04-29,12.34,12.56,12.18,12.56,8423,12072784.0,3.1,2.53,0.31,0.43
2429,2011-05-03,12.67,12.94,12.58,12.86,13829,20337288.0,2.87,2.39,0.3,0.7
2430,2011-05-04,12.91,13.16,12.57,12.75,17358,25778310.0,4.59,-0.86,-0.11,0.88
2431,2011-05-05,12.59,13.01,12.59,12.86,8048,11894673.0,3.29,0.86,0.11,0.41
2432,2011-05-06,12.76,13.17,12.75,13.02,13050,19544469.0,3.27,1.24,0.16,0.66
2433,2011-05-09,13.16,13.3,12.95,13.05,7938,11898748.0,2.69,0.23,0.03,0.4
2434,2011-05-10,13.05,13.21,12.97,13.1,7735,11617732.0,1.84,0.38,0.05,0.39
2435,2011-05-11,13.16,13.21,12.92,13.04,8944,13435904.0,2.21,-0.46,-0.06,0.45
2436,2011-05-12,12.94,13.06,12.74,12.78,8777,13042387.0,2.45,-1.99,-0.26,0.44
2437,2011-05-13,12.73,13.16,12.56,13.16,13247,19722028.0,4.69,2.97,0.38,0.67
2438,2011-05-16,13.21,13.21,12.99,13.07,12817,19271594.0,1.67,-0.68,-0.09,0.65
2439,2011-05-17,13.01,13.06,12.79,12.91,10836,16102589.0,2.07,-1.22,-0.16,0.55
2440,2011-05-18,12.86,13.07,12.75,13.01,11125,16561627.0,2.48,0.77,0.1,0.56
2441,2011-05-19,13.06,13.23,12.97,13.1,11810,17794903.0,2.0,0.69,0.09,0.6
2442,2011-05-20,13.1,13.21,12.98,13.16,8985,13527759.0,1.76,0.46,0.06,0.45
2443,2011-05-23,13.11,13.16,12.33,12.35,10863,15926555.0,6.31,-6.16,-0.81,0.55
2444,2011-05-24,12.35,12.51,12.21,12.48,7141,10210097.0,2.43,1.05,0.13,0.36
2445,2011-05-25,12.41,12.62,12.17,12.2,6443,9255370.0,3.61,-2.24,-0.28,0.33
2446,2011-05-26,12.22,12.46,11.98,12.02,7742,10974764.0,3.93,-1.48,-0.18,0.39
2447,2011-05-27,12.08,12.15,11.61,11.64,9344,12894079.0,4.49,-3.16,-0.38,0.47
2448,2011-05-30,11.81,11.81,11.41,11.43,5902,7978766.0,3.44,-1.8,-0.21,0.3
2449,2011-05-31,11.44,11.71,11.25,11.69,8901,11965367.0,4.02,2.27,0.26,0.45
2450,2011-06-01,11.72,11.8,11.6,11.72,5465,7452371.0,1.71,0.26,0.03,0.28
2451,2011-06-02,11.62,11.76,11.34,11.49,7884,10609378.0,3.58,-1.96,-0.23,0.4
2452,2011-06-03,11.38,11.81,11.38,11.75,7778,10594598.0,3.74,2.26,0.26,0.39
2453,2011-06-07,11.72,12.04,11.67,11.99,8217,11309689.0,3.15,2.04,0.24,0.42
2454,2011-06-08,11.89,12.11,11.84,11.99,8919,12430741.0,2.25,0.0,0.0,0.45
2455,2011-06-09,11.96,12.03,11.69,11.7,8061,11163004.0,2.84,-2.42,-0.29,0.41
2456,2011-06-10,11.66,11.95,11.54,11.89,7892,10752249.0,3.5,1.62,0.19,0.4
2457,2011-06-13,11.89,11.96,11.71,11.93,9389,12911078.0,2.1,0.34,0.04,0.47
2458,2011-06-14,11.88,12.04,11.79,12.01,8453,11733765.0,2.1,0.67,0.08,0.43
2459,2011-06-15,12.05,12.12,11.76,11.82,5481,7521352.0,3.0,-1.58,-0.19,0.28
2460,2011-06-16,11.67,11.79,11.37,11.4,9063,12034376.0,3.55,-3.55,-0.42,0.46
2461,2011-06-17,11.41,11.64,11.26,11.28,5904,7739900.0,3.33,-1.05,-0.12,0.3
2462,2011-06-20,11.41,11.41,10.91,10.93,5402,6908235.0,4.43,-3.1,-0.35,0.27
2463,2011-06-21,11.08,11.14,10.93,11.13,5334,6832061.0,1.92,1.83,0.2,0.27
2464,2011-06-22,11.22,11.26,10.91,11.08,5001,6406479.0,3.14,-0.45,-0.05,0.25
2465,2011-06-23,11.01,11.43,10.95,11.37,6651,8638868.0,4.33,2.62,0.29,0.34
2466,2011-06-24,11.37,11.7,11.28,11.68,11005,14650489.0,3.69,2.73,0.31,0.56
2467,2011-06-27,11.69,11.85,11.62,11.75,10118,13636440.0,1.97,0.6,0.07,0.51
2468,2011-06-28,11.79,11.86,11.66,11.76,6267,8459347.0,1.7,0.09,0.01,0.32
2469,2011-06-29,11.76,11.86,11.61,11.63,6231,8387354.0,2.13,-1.11,-0.13,0.31
2470,2011-06-30,11.61,11.86,11.61,11.79,8423,11385794.0,2.15,1.38,0.16,0.43
2471,2011-07-01,11.88,11.88,11.71,11.75,9213,12462430.0,1.44,-0.34,-0.04,0.47
2472,2011-07-04,11.82,12.08,11.8,12.06,12842,17618835.0,2.38,2.64,0.31,0.65
2473,2011-07-05,12.16,12.16,11.97,12.15,11400,15744072.0,1.58,0.75,0.09,0.58
2474,2011-07-06,12.07,12.15,11.96,12.12,8840,12179535.0,1.56,-0.25,-0.03,0.45
2475,2011-07-07,12.12,12.28,11.97,11.98,12940,17918957.0,2.56,-1.16,-0.14,0.65
2476,2011-07-08,11.98,12.13,11.96,12.07,9976,13760673.0,1.42,0.75,0.09,0.5
2477,2011-07-11,12.06,12.53,11.96,12.47,21592,30306796.0,4.72,3.31,0.4,1.09
2478,2011-07-12,12.34,12.98,12.26,12.7,27574,39287371.0,5.77,1.84,0.23,1.39
2479,2011-07-13,12.55,13.1,12.52,12.8,59795,86764826.0,4.57,0.79,0.1,3.02
2480,2011-07-14,12.76,12.83,12.64,12.75,29388,42437146.0,1.48,-0.39,-0.05,1.48
2481,2011-07-15,12.69,12.84,12.59,12.74,16281,23493176.0,1.96,-0.08,-0.01,0.82
2482,2011-07-18,12.73,12.84,12.58,12.74,18627,26933270.0,2.04,0.0,0.0,0.94
2483,2011-07-19,12.72,12.72,12.33,12.39,15479,21988034.0,3.06,-2.75,-0.35,0.78
2484,2011-07-20,12.44,12.53,12.36,12.43,9316,13209931.0,1.37,0.32,0.04,0.47
2485,2011-07-21,12.44,12.63,12.25,12.52,23891,33879674.0,3.06,0.72,0.09,1.21
2486,2011-07-22,12.49,12.96,12.46,12.8,31585,45763391.0,3.99,2.24,0.28,1.6
2487,2011-07-25,12.73,13.13,12.42,12.63,53785,78528504.0,5.55,-1.33,-0.17,2.72
2488,2011-07-26,12.57,13.03,12.44,12.98,34270,50033495.0,4.67,2.77,0.35,1.73
2489,2011-07-27,13.01,13.4,12.88,13.21,41621,62261566.0,4.01,1.77,0.23,2.1
2490,2011-07-28,13.09,13.8,13.07,13.74,64419,98613280.0,5.53,4.01,0.53,3.25
2491,2011-07-29,13.76,13.91,13.54,13.63,50693,78370224.0,2.69,-0.8,-0.11,2.56
2492,2011-08-01,13.7,14.36,13.46,14.15,52157,82345889.0,6.6,3.82,0.52,2.63
2493,2011-08-02,14.19,14.26,13.78,14.16,42366,66896936.0,3.39,0.07,0.01,2.14
2494,2011-08-03,13.98,14.2,13.66,13.86,39978,62553675.0,3.81,-2.12,-0.3,2.02
2495,2011-08-04,13.85,13.98,13.63,13.68,17479,27131899.0,2.53,-1.3,-0.18,0.88
2496,2011-08-05,13.27,14.32,13.16,14.27,51689,80217513.0,8.48,4.31,0.59,2.61
2497,2011-08-08,14.06,14.3,13.27,13.46,53401,82886677.0,7.22,-5.68,-0.81,2.7
2498,2011-08-09,13.04,13.44,12.56,13.21,31996,47084920.0,6.54,-1.86,-0.25,1.62
2499,2011-08-10,13.38,13.82,13.38,13.54,29865,45740440.0,3.33,2.5,0.33,1.51
2500,2011-08-11,13.22,13.89,13.16,13.87,27751,42818440.0,5.39,2.44,0.33,1.4
2501,2011-08-12,13.86,14.11,13.67,13.74,28339,44356950.0,3.17,-0.94,-0.13,1.43
2502,2011-08-15,13.76,13.91,13.51,13.87,25231,38996687.0,2.91,0.95,0.13,1.27
2503,2011-08-16,13.86,13.92,13.56,13.73,15160,23442117.0,2.6,-1.01,-0.14,0.77
2504,2011-08-17,13.76,13.78,13.52,13.58,15119,23268412.0,1.89,-1.09,-0.15,0.76
2505,2011-08-18,13.45,13.73,13.24,13.25,17000,25891814.0,3.61,-2.43,-0.33,0.86
2506,2011-08-19,13.06,13.16,12.74,12.99,16061,23583170.0,3.17,-1.96,-0.26,0.81
2507,2011-08-22,12.97,13.09,12.79,12.86,9792,14380598.0,2.31,-1.0,-0.13,0.49
2508,2011-08-23,12.92,13.09,12.77,13.05,12783,18779228.0,2.49,1.48,0.19,0.65
2509,2011-08-24,13.06,13.34,12.96,13.1,16387,24437303.0,2.91,0.38,0.05,0.83
2510,2011-08-25,13.11,13.44,13.06,13.38,14308,21502338.0,2.9,2.14,0.28,0.72
2511,2011-08-26,13.39,13.51,13.26,13.4,10496,15868072.0,1.87,0.15,0.02,0.53
2512,2011-08-29,13.45,13.51,13.31,13.4,10019,15176652.0,1.49,0.0,0.0,0.51
2513,2011-08-30,13.5,13.55,12.95,12.97,21411,32115208.0,4.48,-3.21,-0.43,1.08
2514,2011-08-31,12.96,13.96,12.91,13.86,44242,67803936.0,8.1,6.86,0.89,2.23
2515,2011-09-01,13.84,14.12,13.71,13.85,39210,61549493.0,2.96,-0.07,-0.01,1.98
2516,2011-09-02,13.81,14.03,13.57,13.82,13550,20990788.0,3.32,-0.22,-0.03,0.68
2517,2011-09-05,13.71,14.21,13.56,13.83,18414,28705458.0,4.7,0.07,0.01,0.93
2518,2011-09-06,13.44,13.83,13.09,13.23,31348,47035504.0,5.35,-4.34,-0.6,1.58
2519,2011-09-07,13.11,13.44,13.11,13.38,11409,17161463.0,2.49,1.13,0.15,0.58
2520,2011-09-08,13.5,13.56,13.27,13.29,11334,17184496.0,2.17,-0.67,-0.09,0.57
2521,2011-09-09,13.49,13.51,13.17,13.49,11283,17054030.0,2.56,1.5,0.2,0.57
2522,2011-09-13,13.35,14.01,13.16,13.87,30031,46257977.0,6.3,2.82,0.38,1.52
2523,2011-09-14,13.83,14.24,13.72,14.15,42230,66469398.0,3.75,2.02,0.28,2.13
2524,2011-09-15,14.14,14.15,13.9,14.05,20258,31956974.0,1.77,-0.71,-0.1,1.02
2525,2011-09-16,14.05,14.56,14.02,14.13,42820,69055385.0,3.84,0.57,0.08,2.16
2526,2011-09-19,13.96,14.09,13.74,13.77,19258,30015621.0,2.48,-2.55,-0.36,0.97
2527,2011-09-20,13.78,14.06,13.58,13.95,15893,24775198.0,3.49,1.31,0.18,0.8
2528,2011-09-21,13.91,14.63,13.76,14.48,49625,80093964.0,6.24,3.8,0.53,2.51
2529,2011-09-22,14.31,14.58,14.13,14.2,32254,51721865.0,3.11,-1.93,-0.28,1.63
2530,2011-09-23,13.88,14.15,13.77,13.97,24292,38030840.0,2.68,-1.62,-0.23,1.23
2531,2011-09-26,13.82,14.11,13.56,13.57,14727,22842114.0,3.94,-2.86,-0.4,0.74
2532,2011-09-27,13.71,13.99,13.59,13.76,12186,18907934.0,2.95,1.4,0.19,0.62
2533,2011-09-28,13.82,14.07,13.07,13.23,19081,29394226.0,7.27,-3.85,-0.53,0.96
2534,2011-09-29,13.54,13.54,12.3,12.35,26064,37678622.0,9.37,-6.65,-0.88,1.32
2535,2011-09-30,12.41,12.57,11.86,12.07,15398,21320114.0,5.75,-2.27,-0.28,0.78
2536,2011-10-10,12.21,12.24,12.01,12.02,5572,7702864.0,1.91,-0.41,-0.05,0.28
2537,2011-10-11,12.36,12.46,11.44,11.62,17913,24383725.0,8.49,-3.33,-0.4,0.9
2538,2011-10-12,11.62,12.15,11.46,12.08,15826,21563762.0,5.94,3.96,0.46,0.8
2539,2011-10-13,12.01,12.35,12.0,12.22,12821,17922238.0,2.9,1.16,0.14,0.65
2540,2011-10-14,12.26,12.31,11.94,12.15,6670,9223888.0,3.03,-0.57,-0.07,0.34
2541,2011-10-17,12.37,12.37,12.06,12.16,8457,11793588.0,2.55,0.08,0.01,0.43
2542,2011-10-18,12.16,12.16,11.74,11.78,13782,18812977.0,3.45,-3.13,-0.38,0.7
2543,2011-10-19,11.86,11.91,11.56,11.69,7760,10422239.0,2.97,-0.76,-0.09,0.39
2544,2011-10-20,11.49,11.62,10.96,11.12,15945,20627565.0,5.65,-4.88,-0.57,0.81
2545,2011-10-21,11.11,11.16,10.81,10.87,11595,14703728.0,3.15,-2.25,-0.25,0.59
2546,2011-10-24,10.9,11.07,10.52,11.06,9271,11698313.0,5.06,1.75,0.19,0.47
2547,2011-10-25,11.05,11.34,10.95,11.29,13965,18036584.0,3.53,2.08,0.23,0.71
2548,2011-10-26,11.25,11.51,11.06,11.19,18099,23622309.0,3.99,-0.89,-0.1,0.91
2549,2011-10-27,11.31,11.53,11.2,11.29,12542,16435483.0,2.95,0.89,0.1,0.63
2550,2011-10-28,11.41,11.68,11.32,11.64,14629,19341356.0,3.19,3.1,0.35,0.74
2551,2011-10-31,11.64,11.71,11.34,11.67,30238,40003282.0,3.18,0.26,0.03,1.53
2552,2011-11-01,11.54,11.71,11.38,11.57,15054,20020743.0,2.83,-0.86,-0.1,0.76
2553,2011-11-02,11.41,11.98,11.29,11.93,24195,32480688.0,5.96,3.11,0.36,1.22
2554,2011-11-03,11.97,12.33,11.89,11.91,30951,42889503.0,3.69,-0.17,-0.02,1.56
2555,2011-11-04,11.98,12.15,11.56,12.07,16129,22129696.0,4.95,1.34,0.16,0.81
2556,2011-11-07,12.11,12.39,11.99,12.1,15666,21854123.0,3.31,0.25,0.03,0.79
2557,2011-11-08,12.11,12.31,11.86,11.92,13086,18076214.0,3.72,-1.49,-0.18,0.66
2558,2011-11-09,11.95,12.08,11.81,12.06,11824,16180802.0,2.27,1.17,0.14,0.6
2559,2011-11-10,11.96,12.48,11.85,12.29,37067,51984561.0,5.22,1.91,0.23,1.87
2560,2011-11-11,12.29,12.45,12.22,12.43,17650,24832730.0,1.87,1.14,0.14,0.89
2561,2011-11-14,12.51,12.6,12.37,12.48,14004,19945402.0,1.85,0.4,0.05,0.71
2562,2011-11-15,12.59,12.74,12.45,12.59,17200,24642246.0,2.32,0.88,0.11,0.87
2563,2011-11-16,12.65,12.73,12.21,12.24,20135,28518894.0,4.13,-2.78,-0.35,1.02
2564,2011-11-17,12.18,12.41,12.16,12.25,10873,15224102.0,2.04,0.08,0.01,0.55
2565,2011-11-18,12.24,12.24,11.9,12.04,13413,18483903.0,2.78,-1.71,-0.21,0.68
2566,2011-11-21,12.14,12.22,11.92,12.1,7703,10645570.0,2.49,0.5,0.06,0.39
2567,2011-11-22,12.06,12.18,11.9,12.13,6012,8291257.0,2.31,0.25,0.03,0.3
2568,2011-11-23,12.19,12.25,11.94,11.95,5540,7650472.0,2.56,-1.48,-0.18,0.28
2569,2011-11-24,11.91,12.04,11.69,11.96,6805,9280083.0,2.93,0.08,0.01,0.34
2570,2011-11-25,11.96,12.03,11.71,11.75,4526,6160226.0,2.68,-1.76,-0.21,0.23
2571,2011-11-28,11.71,11.85,11.61,11.75,6196,8343001.0,2.04,0.0,0.0,0.31
2572,2011-11-29,11.9,11.97,11.68,11.94,4489,6100735.0,2.47,1.62,0.19,0.23
2573,2011-11-30,11.89,11.94,11.04,11.05,13464,17648287.0,7.54,-7.45,-0.89,0.68
2574,2011-12-01,11.48,11.56,11.16,11.16,13408,17554406.0,3.62,1.0,0.11,0.68
2575,2011-12-02,11.15,11.15,10.74,10.85,7053,8919368.0,3.67,-2.78,-0.31,0.36
2576,2011-12-05,10.85,10.86,10.28,10.36,7677,9423294.0,5.35,-4.52,-0.49,0.39
2577,2011-12-06,10.46,10.6,10.34,10.5,4337,5288009.0,2.51,1.35,0.14,0.22
2578,2011-12-07,10.51,10.67,10.36,10.48,5454,6675166.0,2.95,-0.19,-0.02,0.28
2579,2011-12-08,10.41,10.7,10.26,10.48,7354,8988446.0,4.2,0.0,0.0,0.37
2580,2011-12-09,10.36,10.6,10.36,10.49,4985,6105724.0,2.29,0.1,0.01,0.25
2581,2011-12-12,10.35,10.56,10.31,10.49,2584,3156099.0,2.38,0.0,0.0,0.13
2582,2011-12-13,10.49,10.49,9.76,9.91,8463,9955517.0,6.96,-5.53,-0.58,0.43
2583,2011-12-14,9.91,9.97,9.56,9.64,5261,6039955.0,4.14,-2.72,-0.27,0.27
2584,2011-12-15,9.57,9.64,9.35,9.37,5457,6126112.0,3.01,-2.8,-0.27,0.28
2585,2011-12-16,9.43,9.75,9.36,9.73,7184,8079674.0,4.16,3.84,0.36,0.36
2586,2011-12-19,9.71,9.91,9.46,9.85,8508,9704023.0,4.62,1.23,0.12,0.43
2587,2011-12-20,9.88,9.93,9.63,9.71,5585,6451981.0,3.05,-1.42,-0.14,0.28
2588,2011-12-21,9.81,9.84,9.36,9.46,5802,6588468.0,4.94,-2.57,-0.25,0.29
2589,2011-12-22,9.26,9.34,8.47,8.93,11335,12090043.0,9.2,-5.6,-0.53,0.57
2590,2011-12-23,8.59,9.12,8.59,8.92,4972,5312654.0,5.94,-0.11,-0.01,0.25
2591,2011-12-26,9.02,9.25,8.94,9.0,6981,7570256.0,3.48,0.9,0.08,0.35
2592,2011-12-27,8.86,9.14,8.64,8.69,5187,5464640.0,5.56,-3.44,-0.31,0.26
2593,2011-12-28,8.39,8.66,8.14,8.41,11782,11852381.0,5.98,-3.22,-0.28,0.6
2594,2011-12-29,8.37,8.53,8.27,8.45,7264,7403827.0,3.09,0.48,0.04,0.37
2595,2011-12-30,8.64,8.64,8.41,8.54,7934,8123532.0,2.72,1.07,0.09,0.4
2596,2012-01-04,8.71,8.71,8.07,8.15,6372,6493294.0,7.49,-4.57,-0.39,0.32
2597,2012-01-05,8.1,8.22,7.46,7.53,11198,10605436.0,9.33,-7.61,-0.62,0.57
2598,2012-01-06,7.53,7.64,7.24,7.62,10516,9582555.0,5.31,1.2,0.09,0.53
2599,2012-01-09,7.46,8.14,7.4,8.08,11199,10716770.0,9.71,6.04,0.46,0.57
2600,2012-01-10,8.06,8.54,7.98,8.5,16842,16991010.0,6.93,5.2,0.42,0.85
2601,2012-01-11,8.5,8.68,8.37,8.52,9854,10151968.0,3.65,0.24,0.02,0.5
2602,2012-01-12,8.55,8.71,8.41,8.48,8432,8667705.0,3.52,-0.47,-0.04,0.43
2603,2012-01-13,8.56,8.56,7.96,8.09,12036,11988523.0,7.08,-4.6,-0.39,0.61
2604,2012-01-16,7.96,8.08,7.57,7.61,5869,5633647.0,6.3,-5.93,-0.48,0.3
2605,2012-01-17,7.61,8.25,7.54,8.19,11404,11077360.0,9.33,7.62,0.58,0.58
2606,2012-01-18,8.19,8.41,8.06,8.07,8816,8777555.0,4.27,-1.47,-0.12,0.45
2607,2012-01-19,8.07,8.21,7.97,8.14,7324,7212052.0,2.97,0.87,0.07,0.37
2608,2012-01-20,8.14,8.34,8.14,8.3,5802,5803254.0,2.46,1.97,0.16,0.29
2609,2012-01-30,8.3,8.41,8.26,8.26,7011,7053961.0,1.81,-0.48,-0.04,0.35
2610,2012-01-31,8.16,8.36,8.07,8.33,6030,6009103.0,3.51,0.85,0.07,0.3
2611,2012-02-01,8.26,8.51,8.2,8.29,7259,7307246.0,3.72,-0.48,-0.04,0.37
2612,2012-02-02,8.36,8.46,8.21,8.45,7095,7174094.0,3.02,1.93,0.16,0.36
2613,2012-02-03,8.45,8.74,8.42,8.65,13482,13909686.0,3.79,2.37,0.2,0.68
2614,2012-02-27,9.69,9.69,9.69,9.69,1407,1608224.0,0.0,12.02,1.04,0.07
2615,2012-02-28,10.83,10.83,10.83,10.83,4291,5393523.0,0.0,11.76,1.14,0.22
2616,2012-02-29,12.09,12.09,12.09,12.09,69558,96198410.0,0.0,11.63,1.26,3.51
2617,2012-03-01,13.26,13.26,12.2,12.69,176501,254112671.0,8.77,4.96,0.6,8.91
2618,2012-03-02,12.59,12.96,12.34,12.66,98277,140143716.0,4.89,-0.24,-0.03,4.96
2619,2012-03-05,12.48,14.1,12.47,13.63,145594,219078391.0,12.88,7.66,0.97,7.35
2620,2012-03-06,13.27,13.51,12.93,13.3,89557,133875197.0,4.26,-2.42,-0.33,4.52
2621,2012-03-07,13.06,13.51,12.81,12.85,66259,98914431.0,5.26,-3.38,-0.45,3.35
2622,2012-03-08,12.83,13.03,12.79,13.0,49320,72175843.0,1.87,1.17,0.15,2.49
2623,2012-03-09,13.06,13.5,12.91,13.27,58630,88050434.0,4.54,2.08,0.27,2.96
2624,2012-03-12,13.27,13.91,13.06,13.54,76345,116615409.0,6.41,2.03,0.27,3.86
2625,2012-03-13,13.36,15.06,13.27,14.63,129615,208193452.0,13.22,8.05,1.09,6.55
2626,2012-03-14,14.51,15.76,13.76,14.46,177040,292297824.0,13.67,-1.16,-0.17,8.94
2627,2012-03-15,14.15,15.66,13.51,15.39,125150,204573897.0,14.87,6.43,0.93,6.32
2628,2012-03-16,15.27,16.14,14.8,15.31,102167,175564306.0,8.71,-0.52,-0.08,5.16
2629,2012-03-19,15.29,15.43,14.46,14.62,73201,121524563.0,6.34,-4.51,-0.69,3.7
2630,2012-03-20,14.64,14.81,13.86,13.94,59212,95052468.0,6.5,-4.65,-0.68,2.99
2631,2012-03-21,13.95,14.0,13.14,13.66,62788,95997988.0,6.17,-2.01,-0.28,3.17
2632,2012-03-22,13.56,13.9,13.33,13.68,32650,50252999.0,4.17,0.15,0.02,1.65
2633,2012-03-23,13.56,13.86,12.88,13.04,40970,61667152.0,7.16,-4.68,-0.64,2.07
2634,2012-03-26,13.03,13.25,12.92,13.24,21976,32637300.0,2.53,1.53,0.2,1.11
2635,2012-03-27,13.14,13.33,12.66,12.74,33704,49666785.0,5.06,-3.78,-0.5,1.7
2636,2012-03-28,12.74,12.76,12.15,12.16,43548,61367843.0,4.79,-4.55,-0.58,2.2
2637,2012-03-29,11.92,12.38,11.58,12.16,32407,44710189.0,6.58,0.0,0.0,1.64
2638,2012-03-30,12.07,12.28,11.14,11.36,44236,59242292.0,9.38,-6.58,-0.8,2.23
2639,2012-04-05,11.27,11.91,11.26,11.87,27806,37131678.0,5.72,4.49,0.51,1.4
2640,2012-04-06,11.86,12.44,11.76,12.24,32613,45368414.0,5.73,3.12,0.37,1.65
2641,2012-04-09,12.13,12.26,11.54,11.55,28020,38067287.0,5.88,-5.64,-0.69,1.42
2642,2012-04-10,11.48,11.72,10.87,11.69,41289,53421790.0,7.36,1.21,0.14,2.09
2643,2012-04-11,11.38,12.2,11.31,12.15,59395,79893957.0,7.61,3.93,0.46,3.0
2644,2012-04-12,12.13,12.21,11.78,12.19,41590,57240660.0,3.54,0.33,0.04,2.1
2645,2012-04-13,12.19,12.43,11.99,12.25,41290,57692792.0,3.61,0.49,0.06,2.09
2646,2012-04-17,12.32,12.76,11.63,11.65,47475,66141818.0,9.22,-4.9,-0.6,2.4
2647,2012-04-18,11.67,12.01,11.38,12.0,27925,37686373.0,5.41,3.0,0.35,1.41
2648,2012-04-19,11.94,13.18,11.81,12.97,63893,90847485.0,11.42,8.08,0.97,3.23
2649,2012-04-20,12.74,13.04,12.5,12.85,44799,64977097.0,4.16,-0.93,-0.12,2.26
2650,2012-04-23,12.8,13.01,12.54,12.97,37268,54174025.0,3.66,0.93,0.12,1.88
2651,2012-04-24,12.82,12.97,12.16,12.48,38221,54524469.0,6.25,-3.78,-0.49,1.93
2652,2012-04-25,12.34,12.7,12.34,12.51,24311,34725164.0,2.88,0.24,0.03,1.23
2653,2012-04-26,12.48,12.51,11.82,11.96,33301,46099090.0,5.52,-4.4,-0.55,1.68
2654,2012-04-27,11.97,12.27,11.81,11.95,16894,23352178.0,3.85,-0.08,-0.01,0.85
2655,2012-05-02,12.12,12.23,11.58,12.08,23745,32449576.0,5.44,1.09,0.13,1.2
2656,2012-05-03,12.06,12.4,11.96,12.21,20845,29095678.0,3.64,1.08,0.13,1.05
2657,2012-05-04,12.16,12.38,12.05,12.27,17643,24709741.0,2.7,0.49,0.06,0.89
2658,2012-05-07,12.24,12.93,12.24,12.69,41953,60391332.0,5.62,3.42,0.42,2.12
2659,2012-05-08,12.69,12.89,12.45,12.84,32165,46531400.0,3.47,1.18,0.15,1.62
2660,2012-05-09,12.84,12.85,12.26,12.27,26231,37400349.0,4.6,-4.44,-0.57,1.32
2661,2012-05-10,12.31,12.62,12.31,12.39,17733,25178329.0,2.53,0.98,0.12,0.9
2662,2012-05-11,12.41,12.54,12.03,12.08,17281,24197811.0,4.12,-2.5,-0.31,0.87
2663,2012-05-14,12.14,12.25,11.93,12.07,13700,18939363.0,2.65,-0.08,-0.01,0.69
2664,2012-05-15,11.92,12.04,11.61,11.87,14999,20298942.0,3.56,-1.66,-0.2,0.76
2665,2012-05-17,11.74,11.78,11.38,11.72,17260,23010624.0,3.37,-1.26,-0.15,0.87
2666,2012-05-18,11.66,11.78,11.39,11.4,11733,15616563.0,3.33,-2.73,-0.32,0.59
2667,2012-05-21,11.43,11.61,11.39,11.48,8871,11740681.0,1.93,0.7,0.08,0.45
2668,2012-05-22,11.51,11.84,11.51,11.75,9281,12465769.0,2.87,2.35,0.27,0.47
2669,2012-05-23,11.75,11.87,11.29,11.37,14843,19642597.0,4.94,-3.23,-0.38,0.75
2670,2012-05-24,11.41,11.55,11.38,11.5,8229,10875989.0,1.5,1.14,0.13,0.42
2671,2012-05-25,11.55,11.61,11.37,11.39,9376,12385824.0,2.09,-0.96,-0.11,0.47
2672,2012-05-28,11.41,11.51,11.06,11.48,10497,13691378.0,3.95,0.79,0.09,0.53
2673,2012-05-29,11.56,11.81,11.44,11.74,16010,21441692.0,3.22,2.26,0.26,0.81
2674,2012-05-30,11.78,12.07,11.6,11.99,18555,25316098.0,4.0,2.13,0.25,0.94
2675,2012-05-31,11.94,12.16,11.76,11.97,15947,21820334.0,3.34,-0.17,-0.02,0.81
2676,2012-06-01,11.98,12.1,11.68,11.79,11513,15635973.0,3.51,-1.5,-0.18,0.58
2677,2012-06-04,11.66,11.66,11.13,11.14,17064,22292215.0,4.5,-5.51,-0.65,0.86
2678,2012-06-05,11.14,11.34,10.97,11.05,9210,11852350.0,3.32,-0.81,-0.09,0.47
2679,2012-06-06,11.05,11.21,10.82,10.87,7770,9889239.0,3.53,-1.63,-0.18,0.39
2680,2012-06-07,11.05,11.14,10.26,10.4,15461,19184265.0,8.1,-4.32,-0.47,0.78
2681,2012-06-08,10.41,10.56,10.24,10.33,11758,14238365.0,3.08,-0.67,-0.07,0.59
2682,2012-06-11,10.37,10.59,10.24,10.45,11761,14306585.0,3.39,1.16,0.12,0.59
2683,2012-06-12,10.4,10.41,10.16,10.17,11563,13872331.0,2.39,-2.68,-0.28,0.58
2684,2012-06-13,10.2,10.58,10.2,10.55,11681,14183276.0,3.74,3.74,0.38,0.59
2685,2012-06-14,10.44,10.56,10.37,10.47,8471,10352291.0,1.8,-0.76,-0.08,0.43
2686,2012-06-15,10.44,10.58,10.29,10.46,6562,8005783.0,2.77,-0.1,-0.01,0.33
2687,2012-06-18,10.65,10.65,10.51,10.55,6487,7992678.0,1.34,0.86,0.09,0.33
2688,2012-06-19,10.46,10.67,10.34,10.64,10097,12414988.0,3.13,0.85,0.09,0.51
2689,2012-06-20,10.61,10.81,10.59,10.68,9557,11883487.0,2.07,0.38,0.04,0.48
2690,2012-06-21,10.58,10.79,10.31,10.36,10586,12982312.0,4.49,-3.0,-0.32,0.53
2691,2012-06-25,10.16,10.26,9.96,10.04,9011,10639160.0,2.9,-3.09,-0.32,0.46
2692,2012-06-26,10.03,10.22,9.78,10.19,6312,7405195.0,4.38,1.49,0.15,0.32
2693,2012-06-27,10.19,10.27,10.09,10.17,4470,5330337.0,1.77,-0.2,-0.02,0.23
2694,2012-06-28,10.27,10.27,9.79,9.84,4920,5669056.0,4.72,-3.24,-0.33,0.25
2695,2012-06-29,9.72,10.0,9.68,9.98,4095,4665509.0,3.25,1.42,0.14,0.21
2696,2012-07-02,10.05,10.16,9.95,10.12,4843,5613422.0,2.1,1.4,0.14,0.24
2697,2012-07-03,10.08,10.24,9.96,10.17,5818,6784898.0,2.77,0.49,0.05,0.29
2698,2012-07-04,10.21,10.22,9.96,9.98,6776,7890737.0,2.56,-1.87,-0.19,0.34
2699,2012-07-05,9.98,9.98,9.66,9.77,5619,6342533.0,3.21,-2.1,-0.21,0.28
2700,2012-07-06,9.87,9.89,9.52,9.88,7365,8308452.0,3.79,1.13,0.11,0.37
2701,2012-07-09,9.87,9.87,9.28,9.3,10269,11365541.0,5.97,-5.87,-0.58,0.52
2702,2012-07-10,9.21,9.41,9.13,9.21,6500,6995413.0,3.01,-0.97,-0.09,0.33
2703,2012-07-11,9.07,9.31,9.07,9.26,3627,3906279.0,2.61,0.54,0.05,0.18
2704,2012-07-12,9.26,9.53,9.16,9.44,6396,6976886.0,4.0,1.94,0.18,0.32
2705,2012-07-13,9.42,9.55,9.34,9.35,4115,4507220.0,2.22,-0.95,-0.09,0.21
2706,2012-07-16,9.39,9.46,8.87,8.89,5660,6017043.0,6.31,-4.92,-0.46,0.29
2707,2012-07-17,8.96,9.05,8.74,9.04,5169,5398355.0,3.49,1.69,0.15,0.26
2708,2012-07-18,9.03,9.09,8.76,9.03,5236,5469173.0,3.65,-0.11,-0.01,0.26
2709,2012-07-19,8.96,9.61,8.96,9.48,12854,14104436.0,7.2,4.98,0.45,0.65
2710,2012-07-20,9.46,9.58,9.39,9.43,7404,8153940.0,2.0,-0.53,-0.05,0.37
2711,2012-07-23,9.41,9.41,9.08,9.24,5736,6192320.0,3.5,-2.01,-0.19,0.29
2712,2012-07-24,9.1,9.6,9.09,9.44,6991,7673738.0,5.52,2.16,0.2,0.35
2713,2012-07-25,9.34,9.53,9.34,9.51,4624,5088868.0,2.01,0.74,0.07,0.23
2714,2012-07-26,9.42,9.6,9.28,9.36,7806,8579965.0,3.36,-1.58,-0.15,0.39
2715,2012-07-27,9.36,9.61,9.34,9.55,6479,7130076.0,2.88,2.03,0.19,0.33
2716,2012-07-30,9.55,9.61,9.26,9.3,6091,6705701.0,3.66,-2.62,-0.25,0.31
2717,2012-07-31,9.3,9.3,8.66,8.68,8490,8848392.0,6.88,-6.67,-0.62,0.43
2718,2012-08-01,8.64,8.88,8.62,8.74,5587,5769062.0,3.0,0.69,0.06,0.28
2719,2012-08-02,8.74,8.84,8.67,8.72,2724,2801947.0,1.95,-0.23,-0.02,0.14
2720,2012-08-03,8.72,9.18,8.64,9.09,7964,8368680.0,6.19,4.24,0.37,0.4
2721,2012-08-06,9.14,9.45,9.03,9.41,7502,8112499.0,4.62,3.52,0.32,0.38
2722,2012-08-07,9.37,9.6,9.28,9.52,8193,9038944.0,3.4,1.17,0.11,0.41
2723,2012-08-08,9.53,9.75,9.46,9.53,9550,10647200.0,3.05,0.11,0.01,0.48
2724,2012-08-09,9.48,9.67,9.39,9.66,9635,10706170.0,2.94,1.36,0.13,0.49
2725,2012-08-10,9.74,9.83,9.6,9.74,8664,9745968.0,2.38,0.83,0.08,0.44
2726,2012-08-13,9.74,9.74,9.39,9.4,7081,7853111.0,3.59,-3.49,-0.34,0.36
2727,2012-08-14,9.36,9.52,9.11,9.38,9074,9825244.0,4.36,-0.21,-0.02,0.46
2728,2012-08-15,9.41,9.47,9.04,9.12,7243,7775937.0,4.58,-2.77,-0.26,0.37
2729,2012-08-16,8.97,9.22,8.97,9.14,4921,5249778.0,2.74,0.22,0.02,0.25
2730,2012-08-17,9.14,9.23,9.06,9.19,3179,3386750.0,1.86,0.55,0.05,0.16
2731,2012-08-20,9.13,9.15,8.86,9.12,4638,4890017.0,3.16,-0.76,-0.07,0.23
2732,2012-08-21,9.12,9.51,8.96,9.46,8296,9020254.0,6.03,3.73,0.34,0.42
2733,2012-08-22,9.45,9.56,9.21,9.28,6817,7408958.0,3.7,-1.9,-0.18,0.34
2734,2012-08-23,9.42,9.46,9.25,9.46,6438,7032049.0,2.26,1.94,0.18,0.33
2735,2012-08-24,9.54,9.54,9.27,9.28,5872,6371363.0,2.85,-1.9,-0.18,0.3
2736,2012-08-27,9.16,9.26,8.97,9.03,6194,6607241.0,3.13,-2.69,-0.25,0.31
2737,2012-08-28,9.12,9.3,9.0,9.1,3725,3977615.0,3.32,0.78,0.07,0.19
2738,2012-08-29,9.05,9.53,9.04,9.32,7983,8695044.0,5.38,2.42,0.22,0.4
2739,2012-08-30,9.39,10.41,9.26,10.41,64856,76821388.0,12.34,11.7,1.09,3.28
2740,2012-08-31,10.31,10.61,10.07,10.38,49211,58390177.0,5.19,-0.29,-0.03,2.49
2741,2012-09-03,10.31,10.6,10.11,10.58,36226,43261112.0,4.72,1.93,0.2,1.83
2742,2012-09-04,10.55,10.64,10.36,10.5,29326,35232957.0,2.65,-0.76,-0.08,1.48
2743,2012-09-05,10.41,10.94,10.31,10.52,43036,52617872.0,6.0,0.19,0.02,2.17
2744,2012-09-06,10.56,10.57,10.31,10.42,19045,22732014.0,2.47,-0.95,-0.1,0.96
2745,2012-09-07,10.45,10.86,10.45,10.71,29598,36191280.0,3.93,2.78,0.29,1.49
2746,2012-09-10,10.75,11.26,10.71,11.02,28905,36384828.0,5.14,2.89,0.31,1.46
2747,2012-09-11,10.96,11.01,10.78,10.86,13743,17071363.0,2.09,-1.45,-0.16,0.69
2748,2012-09-12,10.88,10.96,10.46,10.84,21566,26371321.0,4.6,-0.18,-0.02,1.09
2749,2012-09-13,10.81,11.3,10.71,11.0,31906,40182713.0,5.44,1.48,0.16,1.61
2750,2012-09-14,10.91,11.61,10.91,11.24,34369,44258321.0,6.36,2.18,0.24,1.74
2751,2012-09-17,11.11,11.11,10.47,10.49,23816,29291415.0,5.69,-6.67,-0.75,1.2
2752,2012-09-18,10.43,10.7,10.29,10.57,12646,15203016.0,3.91,0.76,0.08,0.64
2753,2012-09-19,10.58,11.02,10.43,10.79,15975,19698471.0,5.58,2.08,0.22,0.81
2754,2012-09-20,10.67,10.75,10.03,10.08,17907,21281203.0,6.67,-6.58,-0.71,0.9
2755,2012-09-21,10.08,10.31,10.01,10.11,7887,9244864.0,2.98,0.3,0.03,0.4
2756,2012-09-24,10.06,10.29,9.84,10.25,6543,7665760.0,4.45,1.38,0.14,0.33
2757,2012-09-25,10.16,10.25,10.01,10.07,4414,5145575.0,2.34,-1.76,-0.18,0.22
2758,2012-09-26,10.04,10.5,10.04,10.4,15148,17897868.0,4.57,3.28,0.33,0.77
2759,2012-09-27,10.25,10.69,10.25,10.47,15243,18361881.0,4.23,0.67,0.07,0.77
2760,2012-09-28,10.47,10.65,10.37,10.52,10333,12467141.0,2.67,0.48,0.05,0.52
2761,2012-10-08,10.54,10.63,10.39,10.45,6217,7476470.0,2.28,-0.67,-0.07,0.31
2762,2012-10-09,10.52,10.7,10.41,10.67,11965,14542366.0,2.78,2.11,0.22,0.6
2763,2012-10-10,10.67,10.83,10.58,10.7,10769,13158568.0,2.34,0.28,0.03,0.54
2764,2012-10-11,10.69,10.69,10.42,10.42,10669,12849127.0,2.52,-2.62,-0.28,0.54
2765,2012-10-12,10.46,10.56,10.18,10.25,7530,8927691.0,3.65,-1.63,-0.17,0.38
2766,2012-10-15,10.18,10.34,10.04,10.33,7837,9168328.0,2.93,0.78,0.08,0.4
2767,2012-10-16,10.26,10.35,10.18,10.21,4847,5731200.0,1.65,-1.16,-0.12,0.24
2768,2012-10-17,10.28,10.31,10.11,10.22,4157,4878798.0,1.96,0.1,0.01,0.21
2769,2012-10-18,10.22,10.38,10.2,10.3,6968,8264293.0,1.76,0.78,0.08,0.35
2770,2012-10-19,10.46,10.46,10.26,10.45,5988,7140015.0,1.94,1.46,0.15,0.3
2771,2012-10-22,10.43,10.43,10.21,10.35,4922,5829198.0,2.11,-0.96,-0.1,0.25
2772,2012-10-23,10.35,10.41,10.29,10.35,4991,5935347.0,1.16,0.0,0.0,0.25
2773,2012-10-24,10.31,10.41,10.23,10.24,4965,5883430.0,1.74,-1.06,-0.11,0.25
2774,2012-10-25,10.18,10.33,10.12,10.18,4412,5194378.0,2.05,-0.59,-0.06,0.22
2775,2012-10-26,10.11,10.18,9.54,9.67,9967,11338546.0,6.29,-5.01,-0.51,0.5
2776,2012-10-29,9.67,9.67,9.26,9.4,4913,5402914.0,4.24,-2.79,-0.27,0.25
2777,2012-10-30,9.38,9.63,9.36,9.44,2657,2918137.0,2.87,0.43,0.04,0.13
2778,2012-10-31,9.59,9.76,9.47,9.73,6219,6976562.0,3.07,3.07,0.29,0.31
2779,2012-11-01,9.71,9.9,9.68,9.75,5293,6005339.0,2.26,0.21,0.02,0.27
2780,2012-11-02,9.73,9.85,9.72,9.78,3618,4091269.0,1.33,0.31,0.03,0.18
2781,2012-11-05,9.78,9.81,9.67,9.74,3424,3859329.0,1.43,-0.41,-0.04,0.17
2782,2012-11-06,9.88,9.88,9.46,9.56,4617,5119250.0,4.31,-1.85,-0.18,0.23
2783,2012-11-07,9.56,9.6,9.44,9.51,3945,4356579.0,1.67,-0.52,-0.05,0.2
2784,2012-11-08,9.51,9.65,9.28,9.3,5140,5664171.0,3.89,-2.21,-0.21,0.26
2785,2012-11-09,9.3,9.54,9.24,9.28,2919,3169389.0,3.23,-0.22,-0.02,0.15
2786,2012-11-12,9.26,9.5,9.26,9.41,2443,2666314.0,2.59,1.4,0.13,0.12
2787,2012-11-13,9.41,9.52,9.21,9.24,3726,4056697.0,3.29,-1.81,-0.17,0.19
2788,2012-11-14,9.21,9.28,8.98,9.07,4503,4794621.0,3.25,-1.84,-0.17,0.23
2789,2012-11-15,9.03,9.14,8.75,8.77,5184,5428815.0,4.3,-3.31,-0.3,0.26
2790,2012-11-16,8.77,8.86,8.67,8.83,3476,3572695.0,2.17,0.68,0.06,0.18
2791,2012-11-19,8.82,8.96,8.64,8.95,2693,2791903.0,3.62,1.36,0.12,0.14
2792,2012-11-20,8.95,9.01,8.82,8.91,2224,2334222.0,2.12,-0.45,-0.04,0.11
2793,2012-11-21,8.84,9.22,8.73,9.09,4578,4836975.0,5.5,2.02,0.18,0.23
2794,2012-11-22,9.02,9.02,8.75,8.79,3696,3845419.0,2.97,-3.3,-0.3,0.19
2795,2012-11-23,8.74,9.04,8.73,8.96,3452,3616540.0,3.53,1.93,0.17,0.17
2796,2012-11-26,9.06,9.06,8.86,8.92,2581,2705932.0,2.23,-0.45,-0.04,0.13
2797,2012-11-27,8.92,8.94,8.43,8.51,4161,4229950.0,5.72,-4.6,-0.41,0.21
2798,2012-11-28,8.43,8.49,8.16,8.17,2776,2736219.0,3.88,-4.0,-0.34,0.14
2799,2012-11-29,8.17,8.36,8.06,8.09,1715,1674235.0,3.67,-0.98,-0.08,0.09
2800,2012-11-30,8.12,8.21,8.1,8.19,1687,1637805.0,1.36,1.24,0.1,0.09
2801,2012-12-03,8.21,8.24,7.82,7.83,2614,2499159.0,5.13,-4.4,-0.36,0.13
2802,2012-12-04,7.81,7.97,7.68,7.95,2898,2713687.0,3.7,1.53,0.12,0.15
2803,2012-12-05,7.95,8.39,7.95,8.29,5974,5847850.0,5.53,4.28,0.34,0.3
2804,2012-12-06,8.29,8.5,8.23,8.38,6075,6034380.0,3.26,1.09,0.09,0.31
2805,2012-12-07,8.21,8.59,8.2,8.59,6822,6850504.0,4.65,2.51,0.21,0.34
2806,2012-12-10,8.62,8.76,8.5,8.72,7869,7989945.0,3.03,1.51,0.13,0.4
2807,2012-12-11,8.66,8.69,8.51,8.54,5512,5584123.0,2.06,-2.06,-0.18,0.28
2808,2012-12-12,8.47,8.68,8.36,8.52,4570,4579172.0,3.75,-0.23,-0.02,0.23
2809,2012-12-13,8.62,8.62,8.29,8.35,3365,3352193.0,3.87,-2.0,-0.17,0.17
2810,2012-12-14,8.26,8.75,8.26,8.7,8509,8667141.0,5.87,4.19,0.35,0.43
2811,2012-12-17,8.67,9.56,8.67,9.3,23407,25170922.0,10.23,6.9,0.6,1.18
2812,2012-12-18,9.22,9.36,9.14,9.17,9219,9934805.0,2.37,-1.4,-0.13,0.47
2813,2012-12-19,9.14,9.32,9.13,9.19,4493,4819361.0,2.07,0.22,0.02,0.23
2814,2012-12-20,9.14,9.44,9.14,9.27,8500,9217196.0,3.26,0.87,0.08,0.43
2815,2012-12-21,9.27,9.44,9.14,9.24,7587,8188653.0,3.24,-0.32,-0.03,0.38
2816,2012-12-24,9.16,9.44,9.11,9.34,5481,5947819.0,3.57,1.08,0.1,0.28
2817,2012-12-25,9.34,9.66,9.26,9.63,14830,16437964.0,4.28,3.1,0.29,0.75
2818,2012-12-26,9.65,9.9,9.65,9.85,11916,13531655.0,2.6,2.28,0.22,0.6
2819,2012-12-31,10.99,10.99,10.23,10.25,27887,33606511.0,7.72,4.06,0.4,1.41
2820,2013-01-04,10.31,10.38,9.91,10.02,14677,17054230.0,4.59,-2.24,-0.23,0.74
2821,2013-01-07,10.0,10.25,9.98,10.11,6697,7805821.0,2.69,0.9,0.09,0.34
2822,2013-01-08,10.04,10.64,9.96,10.51,15454,18367383.0,6.73,3.96,0.4,0.78
2823,2013-01-09,10.46,10.54,10.27,10.32,10950,13106968.0,2.57,-1.81,-0.19,0.55
2824,2013-01-10,10.27,10.48,10.27,10.34,8378,9964333.0,2.03,0.19,0.02,0.42
2825,2013-01-11,10.44,10.58,10.01,10.04,12410,14719616.0,5.51,-2.9,-0.3,0.63
2826,2013-01-14,9.97,10.46,9.89,10.4,13059,15355557.0,5.68,3.59,0.36,0.66
2827,2013-01-15,10.46,10.6,10.38,10.57,16942,20370972.0,2.12,1.63,0.17,0.86
2828,2013-01-16,10.51,10.54,10.24,10.33,12940,15449272.0,2.84,-2.27,-0.24,0.65
2829,2013-01-17,10.32,10.33,10.07,10.12,9213,10775767.0,2.52,-2.03,-0.21,0.47
2830,2013-01-18,10.16,10.35,10.1,10.3,7494,8816679.0,2.47,1.78,0.18,0.38
2831,2013-01-21,10.31,10.52,10.31,10.38,10364,12407427.0,2.04,0.78,0.08,0.52
2832,2013-01-22,10.35,10.52,10.1,10.17,12286,14633836.0,4.05,-2.02,-0.21,0.62
2833,2013-01-23,10.17,10.3,10.0,10.16,10087,11747971.0,2.95,-0.1,-0.01,0.51
2834,2013-01-24,10.18,10.36,9.79,9.83,14119,16398560.0,5.61,-3.25,-0.33,0.71
2835,2013-01-25,9.91,9.99,9.81,9.86,6083,6948860.0,1.83,0.31,0.03,0.31
2836,2013-01-28,9.9,10.14,9.76,10.12,8102,9375115.0,3.85,2.64,0.26,0.41
2837,2013-01-29,10.2,10.32,10.12,10.26,8968,10562678.0,1.98,1.38,0.14,0.45
2838,2013-01-30,10.27,10.38,10.21,10.28,9400,11106267.0,1.66,0.19,0.02,0.47
2839,2013-01-31,10.28,10.28,10.1,10.26,5151,6049261.0,1.75,-0.19,-0.02,0.26
2840,2013-02-01,10.26,10.64,10.15,10.61,14525,17356464.0,4.78,3.41,0.35,0.73
2841,2013-02-04,10.56,10.73,10.46,10.62,16091,19568154.0,2.54,0.09,0.01,0.81
2842,2013-02-05,10.55,10.58,10.26,10.58,9347,11185991.0,3.01,-0.38,-0.04,0.47
2843,2013-02-06,10.6,11.04,10.57,10.76,16070,19902093.0,4.44,1.7,0.18,0.81
2844,2013-02-07,10.76,10.86,10.64,10.74,7176,8821092.0,2.04,-0.19,-0.02,0.36
2845,2013-02-08,10.71,10.98,10.71,10.81,8573,10614139.0,2.51,0.65,0.07,0.43
2846,2013-02-18,10.86,11.29,10.8,11.06,15050,18935875.0,4.53,2.31,0.25,0.76
2847,2013-02-19,11.06,11.16,10.86,10.91,10104,12615907.0,2.71,-1.36,-0.15,0.51
2848,2013-02-20,10.91,11.01,10.82,10.98,9524,11858670.0,1.74,0.64,0.07,0.48
2849,2013-02-21,10.98,10.98,10.54,10.65,11824,14523603.0,4.01,-3.01,-0.33,0.6
2850,2013-02-22,10.56,10.83,10.51,10.69,6962,8546141.0,3.0,0.38,0.04,0.35
2851,2013-02-25,10.79,10.91,10.64,10.84,5861,7214611.0,2.53,1.4,0.15,0.3
2852,2013-02-26,10.71,10.9,10.64,10.66,8953,11000433.0,2.4,-1.66,-0.18,0.45
2853,2013-02-27,10.65,10.8,10.58,10.61,5638,6878010.0,2.06,-0.47,-0.05,0.28
2854,2013-02-28,10.62,10.99,10.62,10.95,15287,18950334.0,3.49,3.2,0.34,0.77
2855,2013-03-01,11.01,11.21,10.86,11.16,17424,22008067.0,3.2,1.92,0.21,0.88
2856,2013-03-04,11.12,11.12,10.81,10.82,17574,21890148.0,2.78,-3.05,-0.34,0.89
2857,2013-03-05,10.82,11.04,10.82,11.04,8857,11083832.0,2.03,2.03,0.22,0.45
2858,2013-03-06,11.04,12.09,11.04,11.84,38729,51452350.0,9.51,7.25,0.8,1.96
2859,2013-03-07,11.76,12.01,11.59,11.72,22611,30095336.0,3.55,-1.01,-0.12,1.14
2860,2013-03-08,11.77,12.06,11.73,11.95,17656,23728363.0,2.82,1.96,0.23,0.89
2861,2013-03-11,12.01,12.81,11.79,12.61,40726,56672910.0,8.54,5.52,0.66,2.06
2862,2013-03-12,12.46,12.59,11.66,11.72,31986,43589890.0,7.38,-7.06,-0.89,1.62
2863,2013-03-13,11.64,11.79,11.32,11.57,12933,16933317.0,4.01,-1.28,-0.15,0.65
2864,2013-03-14,11.53,11.72,11.45,11.7,9115,11978785.0,2.33,1.12,0.13,0.46
2865,2013-03-15,11.7,11.96,11.63,11.7,12704,16984534.0,2.82,0.0,0.0,0.64
2866,2013-03-18,11.71,11.74,11.21,11.3,13262,17171734.0,4.53,-3.42,-0.4,0.67
2867,2013-03-19,11.26,11.39,10.89,11.06,10467,13217737.0,4.42,-2.12,-0.24,0.53
2868,2013-03-20,11.06,11.41,11.06,11.35,8539,10944602.0,3.16,2.62,0.29,0.43
2869,2013-03-21,11.37,11.66,11.28,11.5,10448,13649978.0,3.35,1.32,0.15,0.53
2870,2013-03-22,11.48,11.65,11.45,11.59,7624,9990605.0,1.74,0.78,0.09,0.39
2871,2013-03-25,11.59,12.26,11.59,12.12,25069,34195856.0,5.78,4.57,0.53,1.27
2872,2013-03-26,12.87,13.49,12.58,12.68,60405,87362076.0,7.51,4.62,0.56,3.05
2873,2013-03-27,12.76,13.99,12.74,13.14,44060,65384649.0,9.86,3.63,0.46,2.23
2874,2013-03-28,12.66,13.06,12.26,12.74,38413,55012725.0,6.09,-3.04,-0.4,1.94
2875,2013-03-29,12.88,14.17,12.88,14.17,127066,197191358.0,10.13,11.22,1.43,6.42
2876,2013-04-01,14.59,15.74,14.59,15.74,116514,196916379.0,8.12,11.08,1.57,5.88
2877,2013-04-02,15.96,17.21,15.66,16.88,261482,467438816.0,9.85,7.24,1.14,13.21
2878,2013-04-03,16.8,17.05,15.62,15.87,151221,270300832.0,8.47,-5.98,-1.01,7.64
2879,2013-04-08,15.57,17.61,15.47,17.61,161666,292149104.0,13.48,10.96,1.74,8.16
2880,2013-04-09,17.76,18.3,17.16,17.4,114291,220016129.0,6.47,-1.19,-0.21,5.77
2881,2013-04-10,17.15,17.77,16.47,17.3,69584,129699424.0,7.47,-0.57,-0.1,3.51
2882,2013-04-11,17.16,17.41,16.74,16.95,47478,88022607.0,3.87,-2.02,-0.35,2.4
2883,2013-04-12,16.86,17.15,16.06,16.99,59395,108183209.0,6.43,0.24,0.04,3.0
2884,2013-04-15,16.69,16.97,16.19,16.63,40731,73834065.0,4.59,-2.12,-0.36,2.06
2885,2013-04-16,16.46,17.62,16.07,17.36,73540,137176629.0,9.32,4.39,0.73,3.71
2886,2013-04-17,17.3,18.06,16.83,17.0,60980,115312605.0,7.09,-2.07,-0.36,3.08
2887,2013-04-18,16.96,17.29,16.59,17.17,44944,83232732.0,4.12,1.0,0.17,2.27
2888,2013-04-19,17.02,17.95,16.97,17.33,62158,118113757.0,5.71,0.93,0.16,3.14
2889,2013-04-22,17.2,18.81,16.66,18.54,99621,192271879.0,12.41,6.98,1.21,5.03
2890,2013-04-23,18.36,19.06,17.97,18.73,94141,189460622.0,5.88,1.02,0.19,4.75
2891,2013-04-24,18.46,20.46,18.19,20.42,89734,190405128.0,12.12,9.02,1.69,4.53
2892,2013-04-25,20.25,20.84,18.22,18.22,100760,210863315.0,12.83,-10.77,-2.2,5.09
2893,2013-04-26,17.34,17.76,16.26,16.71,104834,192868698.0,8.23,-8.29,-1.51,5.29
2894,2013-05-02,16.02,16.87,16.02,16.65,39477,71058053.0,5.09,-0.36,-0.06,1.99
2895,2013-05-03,16.71,17.16,16.36,16.82,56257,102776714.0,4.8,1.02,0.17,2.84
2896,2013-05-06,17.05,18.66,16.79,18.14,90699,177949484.0,11.12,7.85,1.32,4.58
2897,2013-05-07,18.06,18.09,17.47,17.63,40178,77354376.0,3.42,-2.81,-0.51,2.03
2898,2013-05-08,17.53,18.21,17.53,17.82,32722,63135353.0,3.86,1.08,0.19,1.65
2899,2013-05-09,17.65,17.74,16.51,17.03,57881,106911408.0,6.9,-4.43,-0.79,2.92
2900,2013-05-10,16.61,17.12,16.14,16.68,32250,58321297.0,5.75,-2.06,-0.35,1.63
2901,2013-05-13,16.68,18.3,16.36,17.56,57171,108390523.0,11.63,5.28,0.88,2.89
2902,2013-05-14,17.67,17.67,16.91,17.08,25760,48172444.0,4.33,-2.73,-0.48,1.3
2903,2013-05-15,17.08,17.42,16.66,17.14,37738,69437802.0,4.45,0.35,0.06,1.91
2904,2013-05-16,17.36,18.32,17.36,17.54,69365,134137159.0,5.6,2.33,0.4,3.5
2905,2013-05-17,17.24,17.82,16.64,17.71,48468,91121118.0,6.73,0.97,0.17,2.45
2906,2013-05-20,18.3,18.4,17.26,17.85,84712,163720246.0,6.44,0.79,0.14,4.28
2907,2013-05-21,17.71,18.95,17.46,18.67,108822,217396945.0,8.35,4.59,0.82,5.5
2908,2013-05-22,18.61,18.61,18.01,18.18,53218,105691847.0,3.21,-2.62,-0.49,2.69
2909,2013-05-23,18.18,18.61,17.82,17.9,53650,105423239.0,4.35,-1.54,-0.28,2.71
2910,2013-05-24,17.87,18.33,17.75,18.18,38347,75166681.0,3.24,1.56,0.28,1.94
2911,2013-05-27,17.96,17.96,16.98,17.16,87533,165104933.0,5.39,-5.61,-1.02,4.42
2912,2013-05-28,17.18,17.25,16.68,16.78,54905,101033638.0,3.32,-2.21,-0.38,2.77
2913,2013-05-29,16.79,17.04,16.54,16.9,36410,66710265.0,2.98,0.72,0.12,1.84
2914,2013-05-30,16.89,17.19,16.54,16.57,39457,72396388.0,3.85,-1.95,-0.33,1.99
2915,2013-05-31,16.64,16.84,16.56,16.64,30762,56008028.0,1.69,0.42,0.07,1.55
2916,2013-06-03,16.64,16.96,16.64,16.75,34144,62668385.0,1.92,0.66,0.11,1.72
2917,2013-06-04,16.76,16.89,14.92,15.15,56630,97708900.0,11.76,-9.55,-1.6,2.86
2918,2013-06-05,14.96,15.46,14.92,15.09,29281,48966881.0,3.56,-0.4,-0.06,1.48
2919,2013-06-06,15.04,15.2,14.4,14.47,33285,54070782.0,5.3,-4.11,-0.62,1.68
2920,2013-06-07,14.49,14.7,14.15,14.65,32290,51596990.0,3.8,1.24,0.18,1.63
2921,2013-06-13,14.45,14.55,13.74,14.22,50979,79516894.0,5.53,-2.94,-0.43,2.57
2922,2013-06-14,14.27,14.75,14.01,14.62,36121,57527958.0,5.2,2.81,0.4,1.82
2923,2013-06-17,14.61,15.15,14.54,14.8,37811,61842739.0,4.17,1.23,0.18,1.91
2924,2013-06-18,14.75,14.94,14.39,14.73,26703,43194182.0,3.72,-0.47,-0.07,1.35
2925,2013-06-19,14.64,14.64,14.03,14.37,23709,37437856.0,4.14,-2.44,-0.36,1.2
2926,2013-06-20,14.34,14.61,13.84,13.9,20069,31792788.0,5.36,-3.27,-0.47,1.01
2927,2013-06-21,13.46,13.71,12.94,13.27,39002,57597883.0,5.54,-4.53,-0.63,1.97
2928,2013-06-24,13.27,13.53,12.46,12.53,32397,47323319.0,8.06,-5.58,-0.74,1.64
2929,2013-06-25,12.44,13.09,11.68,12.84,44843,63005345.0,11.25,2.47,0.31,2.26
2930,2013-06-26,12.71,13.29,12.64,13.17,44201,64152117.0,5.06,2.57,0.33,2.23
2931,2013-06-27,13.18,13.56,12.65,12.72,37264,54477697.0,6.91,-3.42,-0.45,1.88
2932,2013-06-28,12.57,13.1,12.26,13.07,30091,43040327.0,6.6,2.75,0.35,1.52
2933,2013-07-01,12.86,13.14,12.15,12.46,58261,81634391.0,7.57,-4.67,-0.61,2.94
2934,2013-07-02,12.57,13.41,12.41,13.39,76005,109434768.0,8.03,7.46,0.93,3.84
2935,2013-07-03,13.26,13.41,12.62,13.23,56215,82069082.0,5.9,-1.19,-0.16,2.84
2936,2013-07-04,13.19,13.38,12.87,13.18,45283,66397637.0,3.85,-0.38,-0.05,2.29
2937,2013-07-05,13.19,13.3,12.67,12.98,42104,61241514.0,4.78,-1.52,-0.2,2.13
2938,2013-07-08,12.47,12.56,11.71,11.83,47805,64584079.0,6.55,-8.86,-1.15,2.41
2939,2013-07-09,11.91,11.94,11.23,11.4,44639,57147058.0,6.0,-3.63,-0.43,2.25
2940,2013-07-10,11.36,12.36,11.34,12.22,47573,62934708.0,8.95,7.19,0.82,2.4
2941,2013-07-11,12.22,12.93,12.11,12.64,54209,74880003.0,6.71,3.44,0.42,2.74
2942,2013-07-12,12.51,12.98,12.44,12.73,42639,59754008.0,4.27,0.71,0.09,2.15
2943,2013-07-15,13.07,13.21,12.84,13.19,56206,80897390.0,2.91,3.61,0.46,2.84
2944,2013-07-16,13.07,13.36,12.86,13.25,42274,61236430.0,3.79,0.45,0.06,2.14
2945,2013-07-17,13.26,13.81,13.07,13.34,67529,99776652.0,5.58,0.68,0.09,3.41
2946,2013-07-18,13.27,14.21,12.86,14.16,88839,132421262.0,10.12,6.15,0.82,4.49
2947,2013-07-19,14.06,14.59,13.26,13.34,76532,117733922.0,9.39,-5.79,-0.82,3.87
2948,2013-07-22,13.36,13.79,13.35,13.66,59873,89306766.0,3.3,2.4,0.32,3.02
2949,2013-07-23,15.15,15.16,14.71,15.16,63798,105139229.0,3.29,10.98,1.5,3.22
2950,2013-07-24,15.56,15.92,14.84,15.7,178680,299138064.0,7.12,3.56,0.54,9.02
2951,2013-07-25,15.26,15.43,14.07,14.17,116289,186108110.0,8.66,-9.75,-1.53,5.87
2952,2013-07-26,13.81,14.46,13.66,13.79,65751,100333779.0,5.65,-2.68,-0.38,3.32
2953,2013-07-29,13.56,13.56,12.66,12.79,54408,78752024.0,6.53,-7.25,-1.0,2.75
2954,2013-07-30,12.91,12.95,12.14,12.47,36024,49805921.0,6.33,-2.5,-0.32,1.82
2955,2013-07-31,12.56,13.14,12.56,12.66,39496,55986372.0,4.65,1.52,0.19,1.99
2956,2013-08-01,12.67,13.24,12.48,13.19,35024,50034200.0,6.0,4.19,0.53,1.77
2957,2013-08-02,13.16,13.49,13.02,13.33,37334,54568513.0,3.56,1.06,0.14,1.89
2958,2013-08-05,13.34,13.52,13.16,13.45,28886,42459575.0,2.7,0.9,0.12,1.46
2959,2013-08-06,13.45,13.79,13.12,13.71,48075,71228685.0,4.98,1.93,0.26,2.43
2960,2013-08-07,13.71,13.71,13.11,13.23,40189,59053453.0,4.38,-3.5,-0.48,2.03
2961,2013-08-08,13.24,14.25,13.06,13.8,72697,110120328.0,8.99,4.31,0.57,3.67
2962,2013-08-09,13.79,13.91,13.31,13.76,43446,65077462.0,4.35,-0.29,-0.04,2.19
2963,2013-08-12,13.62,13.79,13.46,13.75,38237,57202290.0,2.4,-0.07,-0.01,1.93
2964,2013-08-13,13.58,13.89,13.58,13.85,27836,42017029.0,2.25,0.73,0.1,1.41
2965,2013-08-14,13.93,14.16,13.78,13.91,39554,60504427.0,2.74,0.43,0.06,2.0
2966,2013-08-15,14.14,14.58,13.87,13.89,46445,72183552.0,5.1,-0.14,-0.02,2.35
2967,2013-08-16,13.66,13.81,13.14,13.16,49459,73076604.0,4.82,-5.26,-0.73,2.5
2968,2013-08-19,13.2,13.87,13.19,13.86,45695,68337541.0,5.17,5.32,0.7,2.31
2969,2013-08-20,14.16,15.04,13.88,14.63,108922,173379599.0,8.37,5.56,0.77,5.5
2970,2013-08-21,14.42,14.61,14.35,14.56,46181,72887744.0,1.78,-0.48,-0.07,2.33
2971,2013-08-22,14.54,15.05,14.48,14.59,45095,72512914.0,3.91,0.21,0.03,2.28
2972,2013-08-23,14.92,14.92,14.36,14.86,66324,106299826.0,3.84,1.85,0.27,3.35
2973,2013-08-26,14.89,15.46,14.89,15.31,63903,105641009.0,3.84,3.03,0.45,3.23
2974,2013-08-27,15.21,15.34,14.7,15.0,37353,60831080.0,4.18,-2.02,-0.31,1.89
2975,2013-08-28,14.81,14.81,14.38,14.47,40405,64109027.0,2.87,-3.53,-0.53,2.04
2976,2013-08-29,14.37,14.74,14.14,14.72,26782,42086163.0,4.15,1.73,0.25,1.35
2977,2013-08-30,14.61,14.65,14.02,14.36,27796,43454643.0,4.28,-2.45,-0.36,1.4
2978,2013-09-02,14.34,14.61,13.96,14.57,18298,28672936.0,4.53,1.46,0.21,0.92
2979,2013-09-03,14.52,14.64,14.34,14.63,23153,36698449.0,2.06,0.41,0.06,1.17
2980,2013-09-04,14.76,14.76,14.16,14.29,24887,38958333.0,4.1,-2.32,-0.34,1.26
2981,2013-09-05,14.13,14.42,14.12,14.14,18614,28987245.0,2.1,-1.05,-0.15,0.94
2982,2013-09-06,14.54,15.13,14.46,14.84,63478,102793993.0,4.74,4.95,0.7,3.21
2983,2013-09-09,14.82,14.98,14.59,14.92,32040,51574852.0,2.63,0.54,0.08,1.62
2984,2013-09-10,14.79,14.96,14.56,14.8,24031,38575292.0,2.68,-0.8,-0.12,1.21
2985,2013-09-11,14.66,14.84,13.87,13.91,43274,67101492.0,6.55,-6.01,-0.89,2.19
2986,2013-09-12,13.86,14.2,13.78,13.95,20295,31049198.0,3.02,0.29,0.04,1.03
2987,2013-09-13,14.28,14.32,13.94,14.0,17739,27315631.0,2.72,0.36,0.05,0.9
2988,2013-09-16,13.91,14.84,13.87,14.8,42289,66112721.0,6.93,5.71,0.8,2.14
2989,2013-09-17,14.74,14.74,14.04,14.13,40278,63297311.0,4.73,-4.53,-0.67,2.03
2990,2013-09-18,14.06,14.19,13.83,14.14,17404,26700597.0,2.55,0.07,0.01,0.88
2991,2013-09-23,14.21,14.78,14.1,14.76,41832,66225498.0,4.81,4.38,0.62,2.11
2992,2013-09-24,14.64,14.88,14.36,14.53,37338,59376750.0,3.52,-1.56,-0.23,1.89
2993,2013-09-25,14.56,14.76,14.33,14.53,26923,42735997.0,2.96,0.0,0.0,1.36
2994,2013-09-26,14.38,14.54,14.05,14.06,24009,37571175.0,3.37,-3.23,-0.47,1.21
2995,2013-09-27,14.06,14.3,13.86,13.91,14761,22809323.0,3.13,-1.07,-0.15,0.75
2996,2013-09-30,13.92,14.42,13.91,14.32,16047,24743106.0,3.67,2.95,0.41,0.81
2997,2013-10-08,14.16,14.81,14.16,14.66,36167,57734393.0,4.54,2.37,0.34,1.83
2998,2013-10-09,14.56,14.83,14.54,14.76,27989,45000580.0,1.98,0.68,0.1,1.41
2999,2013-10-10,14.86,15.22,14.49,14.55,34349,55503709.0,4.95,-1.42,-0.21,1.73
3000,2013-10-11,14.66,14.83,14.45,14.71,30266,48308263.0,2.61,1.1,0.16,1.53
3001,2013-10-14,14.72,14.82,14.34,14.45,36870,58384578.0,3.26,-1.77,-0.26,1.86
3002,2013-10-15,14.47,15.24,14.45,15.15,64663,104871432.0,5.47,4.84,0.7,3.27
3003,2013-10-16,14.99,15.24,14.43,14.69,48561,78362335.0,5.35,-3.04,-0.46,2.45
3004,2013-10-17,14.74,15.2,14.46,15.05,41144,66874781.0,5.04,2.45,0.36,2.08
3005,2013-10-18,15.07,16.64,15.06,15.8,89031,153939228.0,10.5,4.98,0.75,4.5
3006,2013-10-21,15.63,16.34,15.63,16.13,56666,98376787.0,4.49,2.09,0.33,2.86
3007,2013-10-22,16.06,16.06,15.74,15.86,53682,92396110.0,1.98,-1.67,-0.27,2.71
3008,2013-10-23,15.86,16.23,15.59,15.66,46289,79322908.0,4.04,-1.26,-0.2,2.34
3009,2013-10-24,15.46,15.63,15.04,15.11,22922,37926190.0,3.77,-3.51,-0.55,1.16
3010,2013-10-25,15.11,15.3,14.26,14.3,32918,52776458.0,6.88,-5.36,-0.81,1.66
3011,2013-10-28,14.21,14.49,13.84,14.08,23832,36891737.0,4.55,-1.54,-0.22,1.2
3012,2013-10-29,14.15,14.24,12.54,12.93,52078,74022858.0,12.07,-8.17,-1.15,2.63
3013,2013-10-30,12.79,12.96,12.6,12.93,17878,25301717.0,2.78,0.0,0.0,0.9
3014,2013-10-31,12.82,12.83,11.66,12.17,23478,31636365.0,9.05,-5.88,-0.76,1.19
3015,2013-11-01,12.06,12.35,11.92,12.12,12750,17172929.0,3.53,-0.41,-0.05,0.64
3016,2013-11-04,12.21,12.27,12.11,12.21,8408,11384592.0,1.32,0.74,0.09,0.42
3017,2013-11-05,12.21,12.3,11.87,12.27,17292,23119384.0,3.52,0.49,0.06,0.87
3018,2013-11-06,12.25,12.47,12.01,12.31,14124,19262927.0,3.75,0.33,0.04,0.71
3019,2013-11-07,12.31,12.37,11.71,11.73,15295,20345215.0,5.36,-4.71,-0.58,0.77
3020,2013-11-08,11.72,11.82,11.44,11.52,12466,16106407.0,3.24,-1.79,-0.21,0.63
3021,2013-11-11,11.56,11.65,11.28,11.59,8120,10390616.0,3.21,0.61,0.07,0.41
3022,2013-11-12,11.71,12.0,11.56,11.93,11202,14807806.0,3.8,2.93,0.34,0.57
3023,2013-11-13,12.02,12.18,11.77,11.78,11314,15067180.0,3.44,-1.26,-0.15,0.57
3024,2013-11-14,11.78,12.06,11.64,12.01,7704,10186530.0,3.57,1.95,0.23,0.39
3025,2013-11-15,11.97,12.43,11.97,12.27,19657,26762562.0,3.83,2.16,0.26,0.99
3026,2013-11-18,12.26,12.61,12.16,12.48,18122,24919787.0,3.67,1.71,0.21,0.92
3027,2013-11-19,12.48,12.61,12.24,12.39,15017,20685541.0,2.96,-0.72,-0.09,0.76
3028,2013-11-20,12.48,12.89,12.48,12.7,22554,31658444.0,3.31,2.5,0.31,1.14
3029,2013-11-21,12.59,12.85,12.53,12.73,20695,29057009.0,2.52,0.24,0.03,1.05
3030,2013-11-22,12.74,12.8,12.51,12.52,13123,18271350.0,2.28,-1.65,-0.21,0.66
3031,2013-11-25,12.52,12.81,12.38,12.64,20785,29072887.0,3.43,0.96,0.12,1.05
3032,2013-11-26,12.57,13.58,12.47,12.98,39601,56957583.0,8.78,2.69,0.34,2.0
3033,2013-11-27,12.86,13.21,12.7,13.08,36686,52363167.0,3.93,0.77,0.1,1.85
3034,2013-11-28,13.1,13.39,12.87,13.32,34177,49467949.0,3.98,1.83,0.24,1.73
3035,2013-11-29,13.16,13.48,13.11,13.38,25981,38135374.0,2.78,0.45,0.06,1.31
3036,2013-12-02,13.06,13.11,12.06,12.15,29072,40587769.0,7.85,-9.19,-1.23,1.47
3037,2013-12-03,11.91,12.86,11.91,12.85,19256,26699280.0,7.82,5.76,0.7,0.97
3038,2013-12-04,12.81,13.14,12.67,12.87,28182,40172458.0,3.66,0.16,0.02,1.42
3039,2013-12-05,13.1,13.16,12.61,12.66,20791,29306062.0,4.27,-1.63,-0.21,1.05
3040,2013-12-06,12.56,12.71,12.49,12.51,9111,12687427.0,1.74,-1.18,-0.15,0.46
3041,2013-12-09,12.47,12.64,12.47,12.57,8620,11983295.0,1.36,0.48,0.06,0.44
3042,2013-12-10,12.65,12.7,12.3,12.34,15017,20689628.0,3.18,-1.83,-0.23,0.76
3043,2013-12-11,12.39,12.45,12.09,12.19,8499,11553994.0,2.92,-1.22,-0.15,0.43
3044,2013-12-12,12.18,12.34,12.16,12.33,13724,18644915.0,1.48,1.15,0.14,0.69
3045,2013-12-13,12.24,12.8,12.09,12.7,23395,32413573.0,5.76,3.0,0.37,1.18
3046,2013-12-16,12.58,12.64,12.21,12.25,14660,20160562.0,3.39,-3.54,-0.45,0.74
3047,2013-12-17,12.32,12.35,12.01,12.13,7628,10265271.0,2.78,-0.98,-0.12,0.39
3048,2013-12-18,12.13,12.24,12.02,12.18,5152,6952656.0,1.81,0.41,0.05,0.26
3049,2013-12-19,12.14,12.31,12.03,12.06,7121,9619896.0,2.3,-0.99,-0.12,0.36
3050,2013-12-20,12.13,12.13,11.58,11.62,10007,13115250.0,4.56,-3.65,-0.44,0.51
3051,2013-12-23,11.62,11.83,11.47,11.73,6049,7878308.0,3.1,0.95,0.11,0.31
3052,2013-12-24,11.73,12.05,11.44,11.79,6745,8871941.0,5.2,0.51,0.06,0.34
3053,2013-12-25,11.77,11.94,11.69,11.93,7708,10176638.0,2.12,1.19,0.14,0.39
3054,2013-12-26,11.96,11.96,11.58,11.69,8928,11676120.0,3.19,-2.01,-0.24,0.45
3055,2013-12-27,11.66,12.35,11.56,12.03,12232,16288282.0,6.76,2.91,0.34,0.62
3056,2013-12-30,12.06,12.18,11.88,12.07,10498,14054217.0,2.49,0.33,0.04,0.53
3057,2013-12-31,11.91,12.22,11.91,12.04,7625,10228868.0,2.57,-0.25,-0.03,0.39
3058,2014-01-02,12.04,13.38,11.98,13.38,57285,81050091.0,11.63,11.13,1.34,2.89
3059,2014-01-03,13.02,13.26,12.74,12.86,50041,71592468.0,3.89,-3.89,-0.52,2.53
3060,2014-01-06,12.87,12.87,12.31,12.35,26359,36636945.0,4.35,-3.97,-0.51,1.33
3061,2014-01-07,12.36,12.66,12.28,12.38,23925,32997347.0,3.08,0.24,0.03,1.21
3062,2014-01-08,12.38,12.73,12.31,12.6,24211,33694379.0,3.39,1.78,0.22,1.22
3063,2014-01-09,12.58,12.99,12.37,12.64,31873,44802952.0,4.92,0.32,0.04,1.61
3064,2014-01-10,12.44,12.54,11.64,11.68,24693,33230430.0,7.12,-7.59,-0.96,1.25
3065,2014-01-13,11.74,11.82,11.26,11.62,22865,29439268.0,4.79,-0.51,-0.06,1.15
3066,2014-01-14,11.62,11.89,11.48,11.87,11763,15387787.0,3.53,2.15,0.25,0.59
3067,2014-01-15,11.87,11.96,11.67,11.83,11894,15669457.0,2.44,-0.34,-0.04,0.6
3068,2014-01-16,11.81,11.94,11.81,11.87,9542,12592264.0,1.1,0.34,0.04,0.48
3069,2014-01-17,11.84,12.07,11.67,11.96,13679,18128978.0,3.37,0.76,0.09,0.69
3070,2014-01-20,11.87,12.01,11.52,11.55,11732,15344013.0,4.1,-3.43,-0.41,0.59
3071,2014-01-21,11.58,12.02,11.55,11.99,14120,18566846.0,4.07,3.81,0.44,0.71
3072,2014-01-22,11.97,12.54,11.82,12.28,25075,33885224.0,6.01,2.42,0.29,1.27
3073,2014-01-23,12.23,12.41,12.12,12.29,15632,21277114.0,2.36,0.08,0.01,0.79
3074,2014-01-24,12.17,12.51,12.17,12.42,24657,33831361.0,2.77,1.06,0.13,1.25
3075,2014-01-27,12.36,12.42,12.11,12.21,18656,25370062.0,2.5,-1.69,-0.21,0.94
3076,2014-01-28,12.07,12.27,11.61,11.73,27243,36073353.0,5.41,-3.93,-0.48,1.38
3077,2014-01-29,11.74,12.07,11.72,11.96,16968,22437522.0,2.98,1.96,0.23,0.86
3078,2014-01-30,11.96,12.63,11.95,12.12,15534,20966164.0,5.69,1.34,0.16,0.78
3079,2014-02-07,12.1,12.59,11.83,12.52,21862,29969568.0,6.27,3.3,0.4,1.1
3080,2014-02-10,12.52,12.94,12.48,12.92,32766,46069516.0,3.67,3.19,0.4,1.65
3081,2014-02-11,12.91,12.99,12.59,12.72,25208,35525464.0,3.1,-1.55,-0.2,1.27
3082,2014-02-12,12.72,13.07,12.64,12.98,29778,42394002.0,3.38,2.04,0.26,1.5
3083,2014-02-13,13.26,13.55,12.67,12.7,43551,62783593.0,6.78,-2.16,-0.28,2.2
3084,2014-02-14,12.7,12.93,12.5,12.85,29638,41779656.0,3.39,1.18,0.15,1.5
3085,2014-02-17,12.99,13.34,12.81,13.29,46323,66761125.0,4.12,3.42,0.44,2.34
3086,2014-02-18,13.29,13.47,13.11,13.46,45929,67215779.0,2.71,1.28,0.17,2.32
3087,2014-02-19,13.47,13.51,13.07,13.21,34012,49615506.0,3.27,-1.86,-0.25,1.72
3088,2014-02-20,13.24,13.25,12.81,12.9,25044,35944972.0,3.33,-2.35,-0.31,1.26
3089,2014-02-21,12.91,13.12,12.67,12.88,18187,25860675.0,3.49,-0.16,-0.02,0.92
3090,2014-02-24,12.87,13.26,12.64,13.13,23608,33622717.0,4.81,1.94,0.25,1.19
3091,2014-02-25,13.15,13.31,12.16,12.42,36136,51466762.0,8.76,-5.41,-0.71,1.83
3092,2014-02-26,12.23,12.35,11.94,12.15,20669,27895036.0,3.3,-2.17,-0.27,1.04
3093,2014-02-27,12.15,12.31,11.66,11.81,22991,30848573.0,5.35,-2.8,-0.34,1.16
3094,2014-02-28,11.84,12.05,11.58,12.0,13162,17403268.0,3.98,1.61,0.19,0.66
3095,2014-03-03,12.01,12.45,11.8,12.36,16916,22800291.0,5.42,3.0,0.36,0.85
3096,2014-03-04,12.31,12.58,12.07,12.47,18937,25893813.0,4.13,0.89,0.11,0.96
3097,2014-03-05,12.46,12.51,12.26,12.33,11899,16368508.0,2.0,-1.12,-0.14,0.6
3098,2014-03-06,12.34,12.44,12.11,12.31,11030,15028564.0,2.68,-0.16,-0.02,0.56
3099,2014-03-07,12.36,12.36,12.06,12.13,16110,21769190.0,2.44,-1.46,-0.18,0.81
3100,2014-03-10,12.06,12.19,11.56,11.58,13992,18341064.0,5.19,-4.53,-0.55,0.71
3101,2014-03-11,11.51,11.66,11.27,11.53,29856,38119586.0,3.37,-0.43,-0.05,1.51
3102,2014-03-12,11.53,11.8,11.32,11.73,13562,17418371.0,4.16,1.73,0.2,0.68
3103,2014-03-13,11.64,11.85,11.51,11.76,8274,10793669.0,2.9,0.26,0.03,0.42
3104,2014-03-14,11.69,12.21,11.47,11.97,15601,20452427.0,6.29,1.79,0.21,0.79
3105,2014-03-17,12.14,12.25,11.94,12.08,22438,29998790.0,2.59,0.92,0.11,1.13
3106,2014-03-18,12.06,12.11,11.97,12.01,13113,17525236.0,1.16,-0.58,-0.07,0.66
3107,2014-03-19,12.08,12.08,11.74,11.87,10781,14213648.0,2.83,-1.17,-0.14,0.54
3108,2014-03-20,11.81,11.94,11.56,11.59,12154,15884045.0,3.2,-2.36,-0.28,0.61
3109,2014-03-21,11.56,11.86,11.37,11.82,11566,15035578.0,4.23,1.98,0.23,0.58
3110,2014-03-24,11.88,11.93,11.75,11.86,12390,16319570.0,1.52,0.34,0.04,0.63
3111,2014-03-25,11.82,12.14,11.77,12.11,13093,17401799.0,3.12,2.11,0.25,0.66
3112,2014-03-26,12.06,12.34,11.99,12.14,21026,28384109.0,2.89,0.25,0.03,1.06
3113,2014-03-27,12.15,12.15,11.76,11.79,15626,20737003.0,3.21,-2.88,-0.35,0.79
3114,2014-03-28,11.76,11.95,11.63,11.64,8937,11687435.0,2.71,-1.27,-0.15,0.45
3115,2014-03-31,11.55,11.72,11.44,11.61,7325,9452551.0,2.41,-0.26,-0.03,0.37
3116,2014-04-01,11.66,11.73,11.57,11.71,5293,6883068.0,1.38,0.86,0.1,0.27
3117,2014-04-02,11.83,11.83,11.59,11.66,7199,9361143.0,2.05,-0.43,-0.05,0.36
3118,2014-04-03,11.66,11.72,11.56,11.57,5731,7418300.0,1.37,-0.77,-0.09,0.29
3119,2014-04-04,11.57,11.76,11.51,11.75,6525,8489449.0,2.16,1.56,0.18,0.33
3120,2014-04-08,11.69,11.83,11.66,11.79,13036,17082673.0,1.45,0.34,0.04,0.66
3121,2014-04-09,11.81,11.92,11.79,11.9,9985,13182470.0,1.1,0.93,0.11,0.5
3122,2014-04-10,11.96,11.96,11.8,11.92,10047,13295341.0,1.34,0.17,0.02,0.51
3123,2014-04-11,11.86,12.99,11.79,12.22,37978,52086284.0,10.07,2.52,0.3,1.92
3124,2014-04-14,12.36,12.64,12.21,12.41,27172,37288173.0,3.52,1.55,0.19,1.37
3125,2014-04-15,12.33,12.66,12.26,12.42,17843,24535202.0,3.22,0.08,0.01,0.9
3126,2014-04-16,12.34,12.63,12.32,12.53,22829,31674344.0,2.5,0.89,0.11,1.15
3127,2014-04-17,12.53,12.66,12.36,12.38,16625,23001081.0,2.39,-1.2,-0.15,0.84
3128,2014-04-18,12.22,12.36,12.14,12.23,15036,20412443.0,1.78,-1.21,-0.15,0.76
3129,2014-04-21,12.23,12.36,12.01,12.14,16874,22842858.0,2.86,-0.74,-0.09,0.85
3130,2014-04-22,12.06,12.2,11.66,11.84,15607,20692465.0,4.45,-2.47,-0.3,0.79
3131,2014-04-23,11.87,11.94,11.72,11.81,8632,11363826.0,1.86,-0.25,-0.03,0.44
3132,2014-04-24,11.75,12.0,11.69,11.81,8342,11005369.0,2.62,0.0,0.0,0.42
3133,2014-04-25,11.82,11.82,11.53,11.57,8958,11656989.0,2.46,-2.03,-0.24,0.45
3134,2014-04-28,11.56,11.6,10.54,10.55,13419,16670350.0,9.16,-8.82,-1.02,0.68
3135,2014-04-29,10.56,10.82,10.55,10.77,8978,10818519.0,2.56,2.09,0.22,0.45
3136,2014-04-30,10.78,11.07,10.71,10.91,7874,9671712.0,3.34,1.3,0.14,0.4
3137,2014-05-05,10.92,11.12,10.84,11.07,4611,5685049.0,2.57,1.47,0.16,0.23
3138,2014-05-06,11.07,11.2,11.02,11.08,9254,11536194.0,1.63,0.09,0.01,0.47
3139,2014-05-07,11.0,11.11,10.58,10.73,8092,9872477.0,4.78,-3.16,-0.35,0.41
3140,2014-05-08,10.73,10.99,10.64,10.8,5695,6915443.0,3.26,0.65,0.07,0.29
3141,2014-05-09,10.76,10.83,10.53,10.7,7813,9366507.0,2.78,-0.93,-0.1,0.39
3142,2014-05-12,10.86,11.05,10.78,10.97,7953,9772078.0,2.52,2.52,0.27,0.4
3143,2014-05-13,11.03,11.06,10.88,11.05,6364,7847709.0,1.64,0.73,0.08,0.32
3144,2014-05-14,11.01,11.16,10.94,10.94,5981,7386676.0,1.99,-1.0,-0.11,0.3
3145,2014-05-15,10.94,10.94,10.56,10.6,12833,15451258.0,3.47,-3.11,-0.34,0.65
3146,2014-05-16,10.54,10.64,10.41,10.6,6635,7886132.0,2.17,0.0,0.0,0.34
3147,2014-05-19,10.61,10.61,10.41,10.52,6018,7120518.0,1.89,-0.75,-0.08,0.3
3148,2014-05-20,10.64,10.71,10.53,10.6,5464,6517315.0,1.71,0.76,0.08,0.28
3149,2014-05-21,10.57,10.75,10.42,10.73,5566,6664164.0,3.11,1.23,0.13,0.28
3150,2014-05-22,10.68,10.82,10.62,10.63,5225,6311177.0,1.86,-0.93,-0.1,0.26
3151,2014-05-23,10.66,10.84,10.59,10.83,8903,10706281.0,2.35,1.88,0.2,0.45
3152,2014-05-26,10.89,11.31,10.79,11.04,21807,26959722.0,4.8,1.94,0.21,1.1
3153,2014-05-27,11.02,11.03,10.82,10.82,9686,11831523.0,1.9,-1.99,-0.22,0.49
3154,2014-05-28,10.84,11.23,10.81,11.23,19421,24180725.0,3.88,3.79,0.41,0.98
3155,2014-05-29,11.25,11.25,10.93,10.98,10452,12948806.0,2.85,-2.23,-0.25,0.53
3156,2014-05-30,11.11,11.25,10.94,11.23,13955,17404159.0,2.82,2.28,0.25,0.7
3157,2014-06-03,11.23,11.24,11.09,11.16,7762,9693955.0,1.34,-0.62,-0.07,0.39
3158,2014-06-04,11.1,11.16,10.81,10.9,7690,9405741.0,3.14,-2.33,-0.26,0.39
3159,2014-06-05,10.9,11.09,10.72,11.06,7169,8826629.0,3.39,1.47,0.16,0.36
3160,2014-06-06,11.06,11.07,10.86,10.92,6401,7873098.0,1.9,-1.27,-0.14,0.32
3161,2014-06-09,10.87,10.99,10.73,10.76,7301,8906191.0,2.38,-1.47,-0.16,0.37
3162,2014-06-10,10.76,10.98,10.65,10.89,9199,11170418.0,3.07,1.21,0.13,0.46
3163,2014-06-11,10.89,11.27,10.84,11.2,19615,24507199.0,3.95,2.85,0.31,0.99
3164,2014-06-12,11.2,11.31,11.05,11.23,13456,16898990.0,2.32,0.27,0.03,0.68
3165,2014-06-13,11.26,11.62,11.14,11.39,19060,24363755.0,4.27,1.42,0.16,0.96
3166,2014-06-16,11.41,11.55,11.31,11.39,10173,12991201.0,2.11,0.0,0.0,0.51
3167,2014-06-17,11.39,11.46,11.2,11.28,9582,12110930.0,2.28,-0.97,-0.11,0.48
3168,2014-06-18,11.28,11.46,11.24,11.29,9314,11802004.0,1.95,0.09,0.01,0.47
3169,2014-06-19,11.29,11.4,10.67,10.74,12222,15068372.0,6.47,-4.87,-0.55,0.62
3170,2014-06-20,10.8,10.93,10.66,10.83,11950,14459562.0,2.51,0.84,0.09,0.6
3171,2014-06-23,10.86,11.05,10.82,10.93,10326,12689008.0,2.12,0.92,0.1,0.52
3172,2014-06-24,10.93,11.03,10.89,11.01,6898,8495492.0,1.28,0.73,0.08,0.35
3173,2014-06-25,11.02,11.07,10.86,11.01,6835,8395817.0,1.91,0.0,0.0,0.35
3174,2014-06-26,11.01,11.32,10.98,11.26,16991,21251305.0,3.09,2.27,0.25,0.86
3175,2014-06-27,11.23,11.45,11.17,11.39,15216,19296581.0,2.49,1.15,0.13,0.77
3176,2014-06-30,11.39,11.56,11.36,11.47,12053,15405956.0,1.76,0.7,0.08,0.61
3177,2014-07-01,11.52,11.66,11.41,11.65,20879,26818257.0,2.18,1.57,0.18,1.05
3178,2014-07-02,11.69,11.75,11.54,11.64,14155,18354405.0,1.8,-0.09,-0.01,0.71
3179,2014-07-03,11.64,11.67,11.51,11.66,11431,14805420.0,1.37,0.17,0.02,0.58
3180,2014-07-04,11.66,11.76,11.52,11.6,10109,13086449.0,2.06,-0.51,-0.06,0.51
3181,2014-07-07,11.51,11.75,11.51,11.63,9369,12153184.0,2.07,0.26,0.03,0.47
3182,2014-07-08,11.62,11.99,11.6,11.91,22685,29886695.0,3.35,2.41,0.28,1.15
3183,2014-07-09,11.9,12.03,11.69,11.7,22010,29047218.0,2.85,-1.76,-0.21,1.11
3184,2014-07-10,11.47,11.93,11.47,11.79,14102,18491489.0,3.93,0.77,0.09,0.71
3185,2014-07-11,11.85,12.56,11.85,12.16,45477,61645596.0,6.02,3.14,0.37,2.3
3186,2014-07-14,13.06,13.51,12.76,13.51,127176,188055440.0,6.17,11.1,1.35,6.42
3187,2014-07-15,13.86,14.51,13.32,14.03,177882,270092192.0,8.81,3.85,0.52,8.98
3188,2014-07-16,13.79,14.14,13.2,13.42,79341,118626375.0,6.7,-4.35,-0.61,4.01
3189,2014-07-17,13.5,14.02,13.31,13.5,68186,102088601.0,5.29,0.6,0.08,3.44
3190,2014-07-18,12.66,13.06,12.24,12.92,80194,112682840.0,6.07,-4.3,-0.58,4.05
3191,2014-07-21,12.75,12.86,12.42,12.68,43992,61482218.0,3.41,-1.86,-0.24,2.22
3192,2014-07-22,12.7,12.95,12.46,12.94,52685,74143954.0,3.86,2.05,0.26,2.66
3193,2014-07-23,12.81,12.93,12.58,12.64,33470,47177976.0,2.7,-2.32,-0.3,1.69
3194,2014-07-24,12.47,12.71,12.07,12.43,38844,53230659.0,5.06,-1.66,-0.21,1.96
3195,2014-07-25,12.36,12.61,12.28,12.54,20348,28155645.0,2.65,0.88,0.11,1.03
3196,2014-07-28,12.7,13.2,12.53,13.11,49999,71097275.0,5.34,4.55,0.57,2.53
3197,2014-07-29,13.38,13.65,13.16,13.23,53645,78552379.0,3.74,0.92,0.12,2.71
3198,2014-07-30,13.08,13.44,12.95,13.28,38840,56503721.0,3.7,0.38,0.05,1.96
3199,2014-07-31,13.16,13.48,13.07,13.45,40534,59520884.0,3.09,1.28,0.17,2.05
3200,2014-08-01,13.19,13.37,12.91,12.95,39477,57186636.0,3.42,-3.72,-0.5,1.99
3201,2014-08-04,13.66,13.75,13.32,13.39,56409,83733935.0,3.32,3.4,0.44,2.85
3202,2014-08-05,13.31,13.54,13.22,13.49,35723,52718729.0,2.39,0.75,0.1,1.8
3203,2014-08-06,13.37,13.42,13.16,13.35,25086,36661247.0,1.93,-1.04,-0.14,1.27
3204,2014-08-07,13.31,13.39,13.18,13.28,22114,32339610.0,1.57,-0.52,-0.07,1.12
3205,2014-08-08,13.26,13.34,13.16,13.3,15873,23180794.0,1.36,0.15,0.02,0.8
3206,2014-08-11,13.32,13.73,13.26,13.67,42058,62889848.0,3.53,2.78,0.37,2.12
3207,2014-08-12,13.53,13.82,13.51,13.57,33128,49593518.0,2.27,-0.73,-0.1,1.67
3208,2014-08-13,13.56,13.82,13.26,13.74,38581,57347382.0,4.13,1.25,0.17,1.95
3209,2014-08-14,13.66,13.86,13.33,13.46,29307,43768460.0,3.86,-2.04,-0.28,1.48
3210,2014-08-15,13.38,14.32,13.38,14.06,72811,112156187.0,6.98,4.46,0.6,3.68
3211,2014-08-18,14.06,14.54,13.97,14.36,70434,110247724.0,4.05,2.13,0.3,3.56
3212,2014-08-19,14.27,14.43,13.96,14.22,54327,84034453.0,3.27,-0.97,-0.14,2.74
3213,2014-08-20,14.31,14.48,13.97,14.04,41987,65461500.0,3.59,-1.27,-0.18,2.12
3214,2014-08-21,13.99,14.28,13.78,14.14,33026,50376847.0,3.56,0.71,0.1,1.67
3215,2014-08-22,14.11,14.3,14.02,14.14,26520,41078414.0,1.98,0.0,0.0,1.34
3216,2014-08-25,14.13,14.24,13.85,13.86,20401,31244637.0,2.76,-1.98,-0.28,1.03
3217,2014-08-26,13.89,14.06,13.39,13.54,29957,45062952.0,4.83,-2.31,-0.32,1.51
3218,2014-08-27,13.41,13.63,13.41,13.51,14798,21973969.0,1.62,-0.22,-0.03,0.75
3219,2014-08-28,13.58,13.63,13.13,13.22,17777,26109109.0,3.7,-2.15,-0.29,0.9
3220,2014-08-29,13.19,13.62,13.17,13.54,18527,27406513.0,3.4,2.42,0.32,0.94
3221,2014-09-01,13.74,14.31,13.71,14.14,40447,62506238.0,4.43,4.43,0.6,2.04
3222,2014-09-02,14.2,14.41,14.08,14.31,42034,65604294.0,2.33,1.2,0.17,2.12
3223,2014-09-03,14.24,14.49,14.13,14.42,46854,73427073.0,2.52,0.77,0.11,2.37
3224,2014-09-04,14.46,15.24,14.3,14.87,66393,107364079.0,6.52,3.12,0.45,3.35
3225,2014-09-05,14.76,15.16,14.72,15.0,50475,82139089.0,2.96,0.87,0.13,2.55
3226,2014-09-09,15.11,15.77,15.11,15.35,63193,106108329.0,4.4,2.33,0.35,3.19
3227,2014-09-10,15.25,15.43,15.01,15.41,30467,50534515.0,2.74,0.39,0.06,1.54
3228,2014-09-11,15.26,15.81,14.91,14.98,49567,82338351.0,5.84,-2.79,-0.43,2.5
3229,2014-09-12,14.86,15.51,14.77,15.47,42277,70083467.0,4.94,3.27,0.49,2.14
3230,2014-09-15,15.5,16.15,15.37,15.64,73353,125612386.0,5.04,1.1,0.17,3.7
3231,2014-09-16,15.64,15.81,14.56,14.67,61478,101607289.0,7.99,-6.2,-0.97,3.1
3232,2014-09-17,14.84,14.84,14.28,14.69,40689,64684007.0,3.82,0.14,0.02,2.06
3233,2014-09-18,14.66,15.1,14.56,15.08,31591,51161734.0,3.68,2.65,0.39,1.6
3234,2014-09-19,15.08,15.39,14.89,15.33,38598,63735138.0,3.32,1.66,0.25,1.95
3235,2014-09-22,15.26,15.26,14.77,14.86,22252,36287585.0,3.2,-3.07,-0.47,1.12
3236,2014-09-23,14.83,15.66,14.83,15.64,51289,85912934.0,5.59,5.25,0.78,2.59
3237,2014-09-24,15.62,15.79,15.46,15.64,37081,62881050.0,2.11,0.0,0.0,1.87
3238,2014-09-25,15.74,15.82,15.54,15.56,38458,65310031.0,1.79,-0.51,-0.08,1.94
3239,2014-09-26,15.49,16.46,15.34,16.07,56354,97887957.0,7.2,3.28,0.51,2.85
3240,2014-09-29,16.06,16.43,15.94,16.18,41116,71888348.0,3.05,0.68,0.11,2.08
3241,2014-09-30,16.16,16.82,16.11,16.44,49832,89048736.0,4.39,1.61,0.26,2.52
3242,2014-10-08,16.37,16.73,16.31,16.44,27723,49366981.0,2.55,0.0,0.0,1.4
3243,2014-10-09,16.44,16.47,15.86,16.24,36360,63648273.0,3.71,-1.22,-0.2,1.84
3244,2014-10-10,16.28,16.28,15.95,16.04,26436,45984469.0,2.03,-1.23,-0.2,1.34
3245,2014-10-13,16.04,16.17,15.69,16.04,33271,57590410.0,2.99,0.0,0.0,1.68
3246,2014-10-14,15.96,16.22,15.84,16.18,27608,48009408.0,2.37,0.87,0.14,1.39
3247,2014-10-15,16.15,16.22,15.77,15.86,29844,51453412.0,2.78,-1.98,-0.32,1.51
3248,2014-10-16,15.86,16.2,15.73,15.92,37863,65913555.0,2.96,0.38,0.06,1.91
3249,2014-10-17,15.95,16.08,14.9,15.03,47520,79365688.0,7.41,-5.59,-0.89,2.4
3250,2014-10-20,15.11,15.34,15.09,15.22,21913,36246252.0,1.66,1.26,0.19,1.11
3251,2014-10-21,15.25,15.34,14.94,15.0,18591,30649477.0,2.63,-1.45,-0.22,0.94
3252,2014-10-22,15.04,15.31,14.79,14.81,22436,36728231.0,3.47,-1.27,-0.19,1.13
3253,2014-10-23,14.76,14.89,14.37,14.42,26979,42867764.0,3.51,-2.63,-0.39,1.36
3254,2014-10-24,14.56,15.11,14.47,15.04,29884,48436544.0,4.44,4.3,0.62,1.51
3255,2014-10-27,15.05,15.56,14.76,15.18,26754,44348247.0,5.32,0.93,0.14,1.35
3256,2014-10-28,15.25,15.48,15.23,15.43,18983,31715386.0,1.65,1.65,0.25,0.96
3257,2014-10-29,15.46,15.81,15.43,15.6,33224,56208252.0,2.46,1.1,0.17,1.68
3258,2014-10-30,15.58,15.86,15.46,15.54,23401,39866251.0,2.56,-0.38,-0.06,1.18
3259,2014-10-31,15.61,15.68,15.3,15.51,24987,42080835.0,2.45,-0.19,-0.03,1.26
3260,2014-11-03,15.48,15.71,15.37,15.51,22557,38030266.0,2.19,0.0,0.0,1.14
3261,2014-11-04,15.59,16.01,15.47,15.98,34863,59657518.0,3.48,3.03,0.47,1.76
3262,2014-11-05,15.95,16.12,15.77,15.82,27318,47211551.0,2.19,-1.0,-0.16,1.38
3263,2014-11-06,15.71,15.85,15.49,15.76,17648,29989817.0,2.28,-0.38,-0.06,0.89
3264,2014-11-07,15.56,15.91,15.02,15.23,29897,50443184.0,5.65,-3.36,-0.53,1.51
3265,2014-11-10,15.24,15.42,15.16,15.35,16454,27338390.0,1.71,0.79,0.12,0.83
3266,2014-11-11,15.41,15.62,14.65,14.66,41299,67502286.0,6.32,-4.5,-0.69,2.09
3267,2014-11-12,14.46,15.14,14.46,15.1,23210,37537165.0,4.64,3.0,0.44,1.17
3268,2014-11-13,15.14,16.66,15.14,16.42,98470,170808304.0,10.07,8.74,1.32,4.97
3269,2014-11-14,16.24,16.41,15.93,16.15,45847,80037525.0,2.92,-1.64,-0.27,2.32
3270,2014-11-17,16.36,17.15,16.15,16.25,59744,107487999.0,6.19,0.62,0.1,3.02
3271,2014-11-18,16.1,16.23,15.77,16.06,35448,61450557.0,2.83,-1.17,-0.19,1.79
3272,2014-11-19,16.13,16.78,15.95,16.62,39426,69895825.0,5.17,3.49,0.56,1.99
3273,2014-11-20,16.42,16.64,16.33,16.37,25795,45936147.0,1.87,-1.5,-0.25,1.3
3274,2014-11-21,16.35,17.02,16.14,16.78,41471,74541273.0,5.38,2.5,0.41,2.09
3275,2014-11-24,16.85,17.02,16.69,16.89,34812,63312960.0,1.97,0.66,0.11,1.76
3276,2014-11-25,16.93,17.85,16.81,17.6,49550,93118618.0,6.16,4.2,0.71,2.5
3277,2014-11-26,18.06,18.16,17.29,17.59,44600,84680915.0,4.94,-0.06,-0.01,2.25
3278,2014-11-27,17.72,17.82,17.36,17.44,43958,83063915.0,2.62,-0.85,-0.15,2.22
3279,2014-11-28,17.41,17.42,16.44,16.64,81738,148108820.0,5.62,-4.59,-0.8,4.13
3280,2014-12-01,16.67,16.76,15.66,16.21,52922,92399842.0,6.61,-2.58,-0.43,2.67
3281,2014-12-02,16.19,16.8,16.06,16.68,39648,71027880.0,4.57,2.9,0.47,2.0
3282,2014-12-03,16.68,16.74,16.26,16.56,35785,63695315.0,2.88,-0.72,-0.12,1.81
3283,2014-12-04,16.56,16.87,16.47,16.83,44929,81176930.0,2.42,1.63,0.27,2.27
3284,2014-12-05,16.82,16.82,15.75,16.47,49223,86613913.0,6.36,-2.14,-0.36,2.49
3285,2014-12-08,15.97,17.14,15.97,17.07,68609,122963785.0,7.1,3.64,0.6,3.47
3286,2014-12-09,17.05,17.05,15.68,15.72,52720,93377340.0,8.03,-7.91,-1.35,2.66
3287,2014-12-10,14.66,15.62,14.66,15.51,47349,78445623.0,6.11,-1.34,-0.21,2.39
3288,2014-12-11,15.34,15.44,15.03,15.22,46027,75915829.0,2.64,-1.87,-0.29,2.32
3289,2014-12-12,15.25,15.63,15.15,15.47,28654,48066653.0,3.15,1.64,0.25,1.45
3290,2014-12-15,15.35,15.82,15.27,15.8,34221,57997517.0,3.56,2.13,0.33,1.73
3291,2014-12-16,15.81,15.93,15.37,15.46,38903,65449125.0,3.54,-2.15,-0.34,1.96
3292,2014-12-17,15.34,15.44,15.1,15.15,33745,55656537.0,2.2,-2.01,-0.31,1.7
3293,2014-12-18,15.09,15.41,14.92,15.16,24316,39983132.0,3.23,0.07,0.01,1.23
3294,2014-12-19,15.18,15.18,14.36,14.72,38476,61645997.0,5.41,-2.9,-0.44,1.94
3295,2014-12-22,14.67,14.67,13.27,13.6,37715,57227498.0,9.51,-7.61,-1.12,1.9
3296,2014-12-23,13.46,13.93,13.32,13.35,21812,32630717.0,4.49,-1.84,-0.25,1.1
3297,2014-12-24,13.46,13.88,13.46,13.84,20493,30871704.0,3.15,3.67,0.49,1.03
3298,2014-12-25,14.09,14.11,13.78,13.98,13139,20104259.0,2.38,1.01,0.14,0.66
3299,2014-12-26,14.04,14.27,13.88,13.91,21267,32736831.0,2.79,-0.5,-0.07,1.07
3300,2014-12-29,13.86,13.97,13.4,13.49,23337,34815056.0,4.1,-3.02,-0.42,1.18
3301,2014-12-30,13.59,13.71,13.35,13.69,14846,22062208.0,2.67,1.48,0.2,0.75
3302,2014-12-31,13.71,13.74,13.54,13.73,15204,22760683.0,1.46,0.29,0.04,0.77
3303,2015-01-05,13.74,13.95,13.46,13.83,20384,30640570.0,3.57,0.73,0.1,1.03
3304,2015-01-06,13.86,14.21,13.75,14.18,24009,37020469.0,3.33,2.53,0.35,1.21
3305,2015-01-07,14.17,14.17,13.87,13.98,24707,37835591.0,2.12,-1.41,-0.2,1.25
3306,2015-01-08,13.9,14.1,13.72,13.9,21187,32283470.0,2.72,-0.57,-0.08,1.07
3307,2015-01-09,13.9,13.99,13.72,13.74,17754,26961496.0,1.94,-1.15,-0.16,0.9
3308,2015-01-12,13.59,13.61,13.31,13.34,20493,30273927.0,2.18,-2.91,-0.4,1.04
3309,2015-01-13,13.3,13.97,13.28,13.92,25174,37899148.0,5.17,4.35,0.58,1.27
3310,2015-01-14,13.88,13.96,13.71,13.78,14435,21938942.0,1.8,-1.01,-0.14,0.73
3311,2015-01-15,13.72,13.93,13.72,13.81,12140,18404906.0,1.52,0.22,0.03,0.61
3312,2015-01-16,13.91,14.15,13.87,14.12,25616,39366340.0,2.03,2.24,0.31,1.29
3313,2015-01-19,13.81,14.18,13.46,13.64,32369,49214542.0,5.1,-3.4,-0.48,1.63
3314,2015-01-20,13.71,14.16,13.71,14.15,28619,44034123.0,3.3,3.74,0.51,1.45
3315,2015-01-21,14.19,14.65,14.19,14.54,42197,66924440.0,3.25,2.76,0.39,2.13
3316,2015-01-22,14.52,15.03,14.31,15.01,42465,68485739.0,4.95,3.23,0.47,2.14
3317,2015-01-23,15.04,15.04,14.55,14.66,33656,54011354.0,3.26,-2.33,-0.35,1.7
3318,2015-01-26,14.67,14.82,14.64,14.8,23452,37742429.0,1.23,0.95,0.14,1.18
3319,2015-01-27,14.86,14.99,14.53,14.68,31944,51408001.0,3.11,-0.81,-0.12,1.61
3320,2015-01-28,14.6,14.82,14.52,14.66,19714,31525894.0,2.04,-0.14,-0.02,1.0
3321,2015-01-29,14.51,14.66,14.36,14.41,22202,35163853.0,2.05,-1.71,-0.25,1.12
3322,2015-01-30,14.42,14.51,14.25,14.32,18389,28892133.0,1.8,-0.62,-0.09,0.93
3323,2015-02-02,14.24,14.53,14.17,14.47,18391,28965912.0,2.51,1.05,0.15,0.93
3324,2015-02-03,14.37,14.75,14.37,14.71,26059,41641569.0,2.63,1.66,0.24,1.32
3325,2015-02-04,14.74,14.77,14.46,14.53,18004,28753636.0,2.11,-1.22,-0.18,0.91
3326,2015-02-05,14.71,14.74,14.48,14.57,23828,38092113.0,1.79,0.28,0.04,1.2
3327,2015-02-06,14.59,14.62,13.76,13.92,23609,36671301.0,5.9,-4.46,-0.65,1.19
3328,2015-02-09,13.85,14.12,13.77,13.8,13243,20240552.0,2.51,-0.86,-0.12,0.67
3329,2015-02-10,13.81,14.15,13.8,14.14,14355,22051464.0,2.54,2.46,0.34,0.73
3330,2015-02-11,14.14,14.33,14.07,14.27,13394,20881764.0,1.84,0.92,0.13,0.68
3331,2015-02-12,14.29,14.75,14.22,14.51,25562,40576519.0,3.71,1.68,0.24,1.29
3332,2015-02-13,14.57,14.81,14.54,14.63,24650,39429882.0,1.86,0.83,0.12,1.24
3333,2015-02-16,14.6,15.36,14.57,15.28,45301,74364415.0,5.4,4.44,0.65,2.29
3334,2015-02-17,15.21,15.39,15.06,15.33,25149,41618193.0,2.16,0.33,0.05,1.27
3335,2015-02-25,15.29,15.48,15.14,15.4,31237,51989829.0,2.22,0.46,0.07,1.58
3336,2015-02-26,15.36,15.43,15.15,15.35,30442,50504087.0,1.82,-0.32,-0.05,1.54
3337,2015-02-27,15.47,15.75,15.46,15.56,39289,66570121.0,1.89,1.37,0.21,1.98
3338,2015-03-02,15.56,15.81,15.46,15.68,35848,60813818.0,2.25,0.77,0.12,1.81
3339,2015-03-03,15.56,15.56,15.27,15.29,33306,55958626.0,1.85,-2.49,-0.39,1.68
3340,2015-03-04,15.26,15.67,15.26,15.66,35452,59713327.0,2.68,2.42,0.37,1.79
3341,2015-03-05,15.67,16.0,15.6,15.85,47224,80873240.0,2.55,1.21,0.19,2.39
3342,2015-03-06,15.92,15.92,15.52,15.59,28700,48909196.0,2.52,-1.64,-0.26,1.45
3343,2015-03-09,15.58,15.73,15.31,15.66,23273,39298257.0,2.69,0.45,0.07,1.18
3344,2015-03-10,15.71,16.03,15.66,15.85,39051,67305089.0,2.36,1.21,0.19,1.97
3345,2015-03-11,15.82,16.26,15.64,16.18,61429,106808008.0,3.91,2.08,0.33,3.1
3346,2015-03-12,16.13,16.2,15.7,15.8,35229,60963449.0,3.09,-2.35,-0.38,1.78
3347,2015-03-13,15.81,16.02,15.66,15.98,30394,52310005.0,2.28,1.14,0.18,1.54
3348,2015-03-16,16.02,16.59,16.02,16.44,57123,100912380.0,3.57,2.88,0.46,2.89
3349,2015-03-17,16.4,16.86,16.32,16.54,61598,110379756.0,3.28,0.61,0.1,3.11
3350,2015-03-18,16.5,16.89,16.43,16.87,55569,100470579.0,2.78,2.0,0.33,2.81
3351,2015-03-19,16.87,17.13,16.66,16.99,55207,100382400.0,2.79,0.71,0.12,2.79
3352,2015-03-20,17.26,17.29,16.87,17.05,49896,91695091.0,2.47,0.35,0.06,2.52
3353,2015-03-23,17.09,18.0,16.96,17.64,81692,154057003.0,6.1,3.46,0.59,4.13
3354,2015-03-24,17.57,17.88,16.57,17.39,84189,156840789.0,7.43,-1.42,-0.25,4.25
3355,2015-03-25,17.3,18.1,17.01,17.83,82005,156305373.0,6.27,2.53,0.44,4.14
3356,2015-03-26,17.58,18.31,17.37,17.51,73767,141067338.0,5.27,-1.79,-0.32,3.73
3357,2015-03-27,17.51,17.86,17.24,17.69,52706,99607534.0,3.54,1.03,0.18,2.66
3358,2015-03-30,17.69,18.26,17.57,17.87,62376,119901963.0,3.9,1.02,0.18,3.15
3359,2015-03-31,17.96,18.31,17.82,17.84,67027,130044554.0,2.74,-0.17,-0.03,3.39
3360,2015-04-01,17.76,18.66,17.66,18.53,78509,153412351.0,5.61,3.87,0.69,3.97
3361,2015-04-02,18.54,19.22,18.25,19.19,90896,181234259.0,5.23,3.56,0.66,4.59
3362,2015-04-03,19.25,19.6,18.82,19.21,73770,151172860.0,4.06,0.1,0.02,3.73
3363,2015-04-07,19.37,20.16,19.37,19.58,69986,147636164.0,4.11,1.93,0.37,3.53
3364,2015-04-08,19.56,19.76,18.41,18.85,75754,154168685.0,6.89,-3.73,-0.73,3.83
3365,2015-04-09,18.92,18.96,17.86,18.53,63993,125811850.0,5.84,-1.7,-0.32,3.23
3366,2015-04-10,18.34,19.34,18.34,19.26,61668,125115536.0,5.4,3.94,0.73,3.11
3367,2015-04-13,19.31,20.34,19.26,19.93,71940,152123697.0,5.61,3.48,0.67,3.63
3368,2015-04-14,19.91,20.86,19.44,20.76,79746,171120631.0,7.12,4.16,0.83,4.03
3369,2015-04-15,20.65,21.13,19.56,19.6,76789,166902239.0,7.56,-5.59,-1.16,3.88
3370,2015-04-16,19.56,20.26,18.76,20.02,59895,125558508.0,7.65,2.14,0.42,3.02
3371,2015-04-17,20.27,20.56,19.79,19.9,72554,155414354.0,3.85,-0.6,-0.12,3.66
3372,2015-04-20,19.66,19.82,18.87,18.93,62051,128132122.0,4.77,-4.87,-0.97,3.13
3373,2015-04-21,18.86,19.7,18.86,19.62,45440,94095514.0,4.44,3.65,0.69,2.29
3374,2015-04-22,19.6,20.44,19.59,20.08,65224,139921447.0,4.33,2.34,0.46,3.29
3375,2015-04-23,20.16,21.01,20.07,20.72,77477,169705291.0,4.68,3.19,0.64,3.91
3376,2015-04-24,20.17,20.61,19.94,20.42,60549,130937309.0,3.23,-1.45,-0.3,3.06
3377,2015-04-27,20.71,20.91,19.86,20.4,69343,150474622.0,5.14,-0.1,-0.02,3.5
3378,2015-04-28,20.22,20.39,19.61,19.85,49571,105375799.0,3.82,-2.7,-0.55,2.5
3379,2015-04-29,19.75,21.97,19.68,21.97,112340,251125748.0,11.54,10.68,2.12,5.67
3380,2015-04-30,21.5,21.8,20.84,21.01,112335,254039201.0,4.37,-4.37,-0.96,5.67
3381,2015-05-04,20.99,21.11,20.36,20.92,53557,118427357.0,3.57,-0.43,-0.09,2.7
3382,2015-05-05,20.86,20.92,19.32,20.08,60652,130764846.0,7.65,-4.02,-0.84,3.06
3383,2015-05-06,20.09,20.67,19.17,19.43,68150,146763787.0,7.47,-3.24,-0.65,3.44
3384,2015-05-07,19.41,19.57,18.63,18.66,42384,86694429.0,4.84,-3.96,-0.77,2.14
3385,2015-05-08,18.95,19.45,18.68,19.42,47457,96817092.0,4.13,4.07,0.76,2.4
3386,2015-05-11,19.72,20.64,19.51,20.6,65738,141981880.0,5.82,6.08,1.18,3.32
3387,2015-05-12,20.55,21.16,20.27,21.02,85054,188138735.0,4.32,2.04,0.42,4.3
3388,2015-05-13,20.78,23.26,20.58,23.26,152028,367054096.0,12.75,10.66,2.24,7.68
3389,2015-05-14,24.01,25.21,23.36,23.69,184873,471305664.0,7.95,1.85,0.43,9.34
3390,2015-05-15,23.27,24.1,22.66,23.15,87027,213622851.0,6.08,-2.28,-0.54,4.4
3391,2015-05-18,22.83,24.06,22.8,23.42,72718,180450116.0,5.44,1.17,0.27,3.67
3392,2015-05-19,23.51,24.01,23.25,23.87,73910,184860399.0,3.25,1.92,0.45,3.73
3393,2015-05-20,23.85,25.16,23.54,23.63,85862,221885482.0,6.79,-1.01,-0.24,4.34
3394,2015-05-21,23.94,26.06,23.94,25.76,109920,291691072.0,8.97,9.01,2.13,5.55
3395,2015-05-22,26.16,26.16,24.21,25.15,105675,279602480.0,7.57,-2.37,-0.61,5.34
3396,2015-05-25,25.1,25.89,24.67,25.69,80354,214840591.0,4.85,2.15,0.54,4.06
3397,2015-05-26,25.66,27.15,25.37,26.83,84462,233165194.0,6.93,4.44,1.14,4.27
3398,2015-05-27,26.66,26.83,25.67,26.37,79197,218949872.0,4.32,-1.71,-0.46,4.0
3399,2015-05-28,26.38,28.03,23.66,24.41,89030,246841592.0,16.57,-7.43,-1.96,4.5
3400,2015-05-29,24.26,25.6,22.81,24.73,71791,184979017.0,11.43,1.31,0.32,3.63
3401,2015-06-01,24.8,26.85,24.66,26.56,84276,231131289.0,8.86,7.4,1.83,4.26
3402,2015-06-02,27.16,29.35,26.86,29.35,130896,385218096.0,9.38,10.5,2.79,6.61
3403,2015-06-03,29.17,29.21,27.77,28.87,97560,291492656.0,4.91,-1.64,-0.48,4.93
3404,2015-06-04,28.57,28.92,26.34,27.83,68092,197377508.0,8.94,-3.6,-1.04,3.44
3405,2015-06-05,27.96,28.96,27.66,28.22,90901,270284240.0,4.67,1.4,0.39,4.59
3406,2015-06-08,28.31,28.34,26.56,27.0,87669,250052544.0,6.31,-4.32,-1.22,4.43
3407,2015-06-09,26.66,27.46,26.51,26.97,55501,157331714.0,3.52,-0.11,-0.03,2.8
3408,2015-06-10,26.66,27.85,26.34,27.49,57445,164952618.0,5.6,1.93,0.52,2.9
3409,2015-06-11,27.46,28.25,27.06,28.14,67376,195934836.0,4.33,2.36,0.65,3.4
3410,2015-06-12,28.25,28.75,28.04,28.34,73770,219132211.0,2.52,0.71,0.2,3.73
3411,2015-06-15,28.21,30.51,28.21,28.91,104789,322031184.0,8.12,2.01,0.57,5.29
3412,2015-06-16,28.36,28.36,26.64,26.96,67805,195623702.0,5.95,-6.75,-1.95,3.42
3413,2015-06-17,26.94,27.36,25.01,27.12,76636,212782196.0,8.72,0.59,0.16,3.87
3414,2015-06-18,26.88,28.88,26.69,27.27,96184,282070160.0,8.08,0.55,0.15,4.86
3415,2015-06-19,26.44,27.15,24.41,24.41,58627,157290836.0,10.05,-10.49,-2.86,2.96
3416,2015-06-23,23.76,24.46,21.86,24.04,67917,167979753.0,10.65,-1.52,-0.37,3.43
3417,2015-06-24,24.55,25.26,24.07,24.74,68267,178195308.0,4.95,2.91,0.7,3.45
3418,2015-06-25,24.91,25.27,23.07,23.75,54370,140732397.0,8.89,-4.0,-0.99,2.75
3419,2015-06-26,23.16,23.16,21.24,21.24,66852,155075591.0,8.08,-10.57,-2.51,3.38
3420,2015-06-29,21.96,22.03,18.98,19.08,89870,193423929.0,14.36,-10.17,-2.16,4.54
3421,2015-06-30,18.48,20.51,17.09,20.49,73870,149239076.0,17.92,7.39,1.41,3.73
3422,2015-07-01,20.45,21.75,18.76,19.47,75234,167097635.0,14.59,-4.98,-1.02,3.8
3423,2015-07-02,19.56,20.23,17.62,17.86,73190,147045752.0,13.41,-8.27,-1.61,3.7
3424,2015-07-03,17.56,18.46,15.94,15.94,78503,141877258.0,14.11,-10.75,-1.92,3.96
3425,2015-07-06,17.67,17.67,14.21,14.47,104004,175493185.0,21.71,-9.22,-1.47,5.25
3426,2015-07-07,14.15,14.15,12.89,12.89,55722,80575332.0,8.71,-10.92,-1.58,2.81
3427,2015-07-08,11.47,11.96,11.47,11.47,98123,126010052.0,3.8,-11.02,-1.42,4.96
3428,2015-07-09,10.86,12.75,10.86,12.75,87773,119248912.0,16.48,11.16,1.28,4.43
3429,2015-07-10,13.56,14.16,13.31,14.16,48925,74960241.0,6.67,11.06,1.41,2.47
3430,2015-07-13,15.16,15.71,14.77,15.71,130649,220591584.0,6.64,10.95,1.55,6.6
3431,2015-07-14,15.66,17.26,15.19,16.08,168573,294935408.0,13.18,2.36,0.37,8.51
3432,2015-07-15,15.66,15.66,14.34,14.34,92681,150241096.0,8.21,-10.82,-1.74,4.68
3433,2015-07-16,13.66,15.26,13.17,14.92,62719,99363069.0,14.57,4.04,0.58,3.17
3434,2015-07-17,15.06,16.45,14.89,16.05,82488,140360015.0,10.46,7.57,1.13,4.17
3435,2015-07-20,15.99,16.76,15.74,16.52,108865,192013042.0,6.36,2.93,0.47,5.5
3436,2015-07-21,15.77,16.92,15.77,16.58,81416,145412251.0,6.96,0.36,0.06,4.11
3437,2015-07-22,16.46,17.09,16.17,16.91,83419,150850345.0,5.55,1.99,0.33,4.21
3438,2015-07-23,17.03,18.4,16.86,17.98,110715,208122964.0,9.11,6.33,1.07,5.59
3439,2015-07-24,17.96,18.31,17.14,17.37,105542,201364102.0,6.51,-3.39,-0.61,5.33
3440,2015-07-27,16.76,17.63,15.51,15.51,78442,139848316.0,12.2,-10.71,-1.86,3.96
3441,2015-07-28,14.41,15.46,13.84,14.28,85691,134099053.0,10.44,-7.93,-1.23,4.33
3442,2015-07-29,14.74,15.61,13.82,15.55,69464,110395738.0,12.54,8.89,1.27,3.51
3443,2015-07-30,15.36,16.16,14.76,15.19,68522,116005089.0,9.0,-2.32,-0.36,3.46
3444,2015-07-31,14.96,15.4,14.48,14.77,47274,76538674.0,6.06,-2.76,-0.42,2.39
3445,2015-08-03,14.27,14.66,13.36,13.79,54164,82925867.0,8.8,-6.64,-0.98,2.74
3446,2015-08-04,13.87,15.29,13.79,15.29,66969,105731188.0,10.88,10.88,1.5,3.38
3447,2015-08-05,15.05,15.62,14.66,14.97,65933,108469295.0,6.28,-2.09,-0.32,3.33
3448,2015-08-06,14.51,15.4,14.44,15.12,44059,71656127.0,6.41,1.0,0.15,2.23
3449,2015-08-07,15.28,16.22,15.27,16.14,62032,105528917.0,6.28,6.75,1.02,3.13
3450,2015-08-10,16.22,17.5,16.22,17.22,92612,166965373.0,7.93,6.69,1.08,4.68
3451,2015-08-11,17.19,17.4,16.76,17.07,77614,142066589.0,3.72,-0.87,-0.15,3.92
3452,2015-08-12,16.9,17.39,16.66,17.07,72121,132547111.0,4.28,0.0,0.0,3.64
3453,2015-08-13,16.91,17.94,16.77,17.78,69145,127490391.0,6.85,4.16,0.71,3.49
3454,2015-08-14,17.76,18.08,17.34,17.49,78090,148338120.0,4.16,-1.63,-0.29,3.94
3455,2015-08-17,17.44,18.34,17.07,18.25,89539,170286636.0,7.26,4.35,0.76,4.52
3456,2015-08-18,18.26,18.61,16.3,16.3,95003,177194685.0,12.66,-10.68,-1.95,4.8
3457,2015-08-19,15.76,16.96,14.86,16.84,75818,130139834.0,12.88,3.31,0.54,3.83
3458,2015-08-20,16.27,17.94,16.27,16.69,86003,158366857.0,9.92,-0.89,-0.15,4.34
3459,2015-08-21,15.96,16.56,15.23,15.51,64075,109574054.0,7.97,-7.07,-1.18,3.24
3460,2015-08-24,14.62,14.65,13.84,13.84,40802,62345561.0,5.22,-10.77,-1.67,2.06
3461,2015-08-25,12.33,13.16,12.33,12.33,44635,61272720.0,6.0,-10.91,-1.51,2.25
3462,2015-08-26,12.46,13.32,11.77,12.04,71330,98875513.0,12.57,-2.35,-0.29,3.6
3463,2015-08-27,12.56,13.14,11.93,13.1,42392,58573661.0,10.05,8.8,1.06,2.14
3464,2015-08-28,13.31,14.51,13.09,14.45,64608,95949776.0,10.84,10.31,1.35,3.26
3465,2015-08-31,14.01,14.06,13.35,13.37,55638,82943538.0,4.91,-7.47,-1.08,2.81
3466,2015-09-01,13.32,13.32,11.91,11.99,53358,73017689.0,10.55,-10.32,-1.38,2.69
3467,2015-09-02,11.08,12.51,11.08,11.43,36368,47205922.0,11.93,-4.67,-0.56,1.84
3468,2015-09-07,11.76,12.34,11.73,11.97,34461,45899793.0,5.34,4.72,0.54,1.74
3469,2015-09-08,11.93,13.06,11.72,12.93,33765,45681459.0,11.19,8.02,0.96,1.71
3470,2015-09-09,12.89,13.71,12.78,13.43,48078,69958087.0,7.19,3.87,0.5,2.43
3471,2015-09-10,13.01,13.45,12.98,13.05,25691,37097758.0,3.5,-2.83,-0.38,1.3
3472,2015-09-11,13.07,13.56,13.04,13.28,25958,37783550.0,3.98,1.76,0.23,1.31
3473,2015-09-14,13.45,13.64,11.83,11.83,46836,63860316.0,13.63,-10.92,-1.45,2.37
3474,2015-09-15,11.66,11.78,10.83,10.96,32474,40856837.0,8.03,-7.35,-0.87,1.64
3475,2015-09-16,11.07,12.18,11.07,12.1,36615,47246418.0,10.13,10.4,1.14,1.85
3476,2015-09-17,11.96,12.56,11.79,11.85,40729,54864388.0,6.36,-2.07,-0.25,2.06
3477,2015-09-18,11.95,12.21,11.68,12.02,27354,35980828.0,4.47,1.43,0.17,1.38
3478,2015-09-21,11.76,12.94,11.66,12.87,46150,63732701.0,10.65,7.07,0.85,2.33
3479,2015-09-22,12.75,13.06,12.63,12.94,42166,59450318.0,3.34,0.54,0.07,2.13
3480,2015-09-23,12.59,12.95,12.53,12.83,33627,46942030.0,3.25,-0.85,-0.11,1.7
3481,2015-09-24,12.81,14.24,12.81,13.66,70687,104777568.0,11.15,6.47,0.83,3.57
3482,2015-09-25,13.36,13.54,12.51,12.59,43213,61655750.0,7.54,-7.83,-1.07,2.18
3483,2015-09-28,12.55,12.99,12.37,12.92,33831,47364404.0,4.92,2.62,0.33,1.71
3484,2015-09-29,12.64,12.83,12.47,12.73,27588,38382534.0,2.79,-1.47,-0.19,1.39
3485,2015-09-30,12.75,12.95,12.59,12.7,29240,40963154.0,2.83,-0.24,-0.03,1.48
3486,2015-10-08,13.26,14.09,13.0,14.09,69318,103228974.0,8.58,10.94,1.39,3.5
3487,2015-10-09,14.77,15.14,14.42,14.68,114297,182586333.0,5.11,4.19,0.59,5.77
3488,2015-10-12,14.65,15.89,14.46,15.57,127902,208061790.0,9.74,6.06,0.89,6.46
3489,2015-10-13,15.15,15.58,14.98,15.36,88803,146611249.0,3.85,-1.35,-0.21,4.48
3490,2015-10-14,15.26,15.35,14.84,14.87,50446,82475892.0,3.32,-3.19,-0.49,2.55
3491,2015-10-15,15.23,16.04,15.14,15.84,90622,153117584.0,6.05,6.52,0.97,4.58
3492,2015-10-16,15.69,15.86,15.2,15.76,75653,127293899.0,4.17,-0.51,-0.08,3.82
3493,2015-10-19,15.76,15.85,15.29,15.73,49283,82877826.0,3.55,-0.19,-0.03,2.49
3494,2015-10-20,15.69,16.24,15.63,16.06,69350,119286589.0,3.88,2.1,0.33,3.5
3495,2015-10-21,16.06,16.07,14.33,14.39,75247,124667859.0,10.83,-10.4,-1.67,3.8
3496,2015-10-22,14.42,15.13,14.42,15.06,46285,74665858.0,4.93,4.66,0.67,2.34
3497,2015-10-23,15.09,15.75,15.07,15.57,48577,80946001.0,4.52,3.39,0.51,2.45
3498,2015-10-26,15.67,15.99,15.46,15.85,74730,126642121.0,3.4,1.8,0.28,3.77
3499,2015-10-27,15.73,15.86,14.86,15.76,53898,89959750.0,6.31,-0.57,-0.09,2.72
3500,2015-10-28,15.73,16.12,15.33,15.46,56873,96838362.0,5.01,-1.9,-0.3,2.87
3501,2015-10-29,15.54,16.08,15.44,15.9,55260,94463307.0,4.14,2.85,0.44,2.79
3502,2015-10-30,15.92,16.33,15.44,15.99,67935,116844351.0,5.6,0.57,0.09,3.43
3503,2015-11-02,15.55,16.06,15.33,15.43,45266,76549295.0,4.57,-3.5,-0.56,2.29
3504,2015-11-03,15.36,15.64,15.04,15.14,37587,62144834.0,3.89,-1.88,-0.29,1.9
3505,2015-11-04,15.21,16.26,15.21,16.1,63254,108005631.0,6.94,6.34,0.96,3.19
3506,2015-11-05,16.14,16.65,15.84,16.42,96346,169043001.0,5.03,1.99,0.32,4.87
3507,2015-11-06,16.31,16.92,16.28,16.83,78333,140522470.0,3.9,2.5,0.41,3.96
3508,2015-11-09,16.55,16.88,16.28,16.71,75076,134079844.0,3.57,-0.71,-0.12,3.79
3509,2015-11-10,16.68,18.25,16.26,17.41,118573,219136708.0,11.91,4.19,0.7,5.99
3510,2015-11-11,17.62,19.28,17.62,19.28,88295,177270531.0,9.53,10.74,1.87,4.46
3511,2015-11-12,21.33,21.33,19.81,21.33,251592,549158032.0,7.88,10.63,2.05,12.71
3512,2015-11-13,21.76,22.49,19.77,21.01,210935,476096976.0,12.75,-1.5,-0.32,10.65
3513,2015-11-16,21.04,23.01,20.96,22.02,194497,450085424.0,9.76,4.81,1.01,9.82
3514,2015-11-17,22.16,23.26,21.04,21.33,171088,401689680.0,10.08,-3.13,-0.69,8.64
3515,2015-11-18,21.07,21.73,20.16,20.67,117424,259589218.0,7.36,-3.09,-0.66,5.93
3516,2015-11-19,20.91,22.86,20.81,22.86,149890,354712160.0,9.92,10.6,2.19,7.57
3517,2015-11-20,25.27,25.27,24.07,25.27,294593,773712080.0,5.25,10.54,2.41,14.88
3518,2015-11-23,24.48,24.93,23.37,23.97,195326,497677472.0,6.17,-5.14,-1.3,9.86
3519,2015-11-24,23.64,24.42,23.51,24.24,98104,248171766.0,3.8,1.13,0.27,4.95
3520,2015-11-25,23.94,25.12,23.7,24.53,152022,390171632.0,5.86,1.2,0.29,7.68
3521,2015-11-26,24.41,24.45,23.06,23.29,108390,270359728.0,5.67,-5.06,-1.24,5.47
3522,2015-11-27,23.2,23.63,20.84,20.98,114904,269104208.0,11.98,-9.92,-2.31,5.8
3523,2015-11-30,20.76,21.91,19.89,21.44,94711,210329194.0,9.63,2.19,0.46,4.78
3524,2015-12-01,21.38,21.41,20.17,20.72,74376,163673902.0,5.78,-3.36,-0.72,3.76
3525,2015-12-02,20.71,20.95,19.24,20.15,68900,146726892.0,8.25,-2.75,-0.57,3.48
3526,2015-12-03,20.16,20.91,20.16,20.89,65947,144117817.0,3.72,3.67,0.74,3.33
3527,2015-12-04,20.71,21.61,20.58,21.03,80197,178443092.0,4.93,0.67,0.14,4.05
3528,2015-12-07,21.2,21.59,20.89,21.5,68689,154124880.0,3.33,2.23,0.47,3.47
3529,2015-12-08,21.16,21.31,20.58,20.7,61236,135623114.0,3.4,-3.72,-0.8,3.09
3530,2015-12-09,20.66,21.05,20.34,20.82,48221,105754874.0,3.43,0.58,0.12,2.44
3531,2015-12-10,20.86,21.64,20.66,21.05,71987,161551656.0,4.71,1.1,0.23,3.64
3532,2015-12-11,20.82,21.33,20.64,21.22,56272,125641065.0,3.28,0.81,0.17,2.84
3533,2015-12-14,20.77,21.38,20.64,21.35,50955,113249684.0,3.49,0.61,0.13,2.57
3534,2015-12-15,21.41,23.61,21.34,22.48,101694,243240150.0,10.63,5.29,1.13,5.14
3535,2015-12-16,22.36,23.46,22.21,22.97,99084,239991915.0,5.56,2.18,0.49,5.0
3536,2015-12-17,22.94,23.36,22.91,23.09,90803,220965544.0,1.96,0.52,0.12,4.59
3537,2015-12-18,22.96,23.61,22.65,22.7,58718,142372414.0,4.16,-1.69,-0.39,2.97
3538,2015-12-21,22.57,22.74,21.96,22.33,52970,124487643.0,3.44,-1.63,-0.37,2.68
3539,2015-12-22,22.36,22.84,22.16,22.61,46978,111321425.0,3.05,1.25,0.28,2.37
3540,2015-12-23,22.55,22.56,21.36,21.49,66521,153812784.0,5.31,-4.95,-1.12,3.36
3541,2015-12-24,21.2,21.76,20.82,21.62,48461,108844234.0,4.37,0.6,0.13,2.45
3542,2015-12-25,21.59,22.34,21.46,22.14,46291,107995201.0,4.07,2.41,0.52,2.34
3543,2015-12-28,22.48,22.92,21.34,21.61,64406,151880160.0,7.14,-2.39,-0.53,3.25
3544,2015-12-29,21.53,22.74,21.18,22.63,71211,166177710.0,7.22,4.72,1.02,3.6
3545,2015-12-30,22.61,24.06,22.41,23.73,122543,303074672.0,7.29,4.86,1.1,6.19
3546,2015-12-31,23.41,23.69,22.63,22.68,70280,171029614.0,4.47,-4.42,-1.05,3.55
3547,2016-01-04,22.37,22.7,20.29,20.33,49704,112584609.0,10.63,-10.36,-2.35,2.51
3548,2016-01-05,19.26,20.86,18.41,19.86,70418,147633342.0,12.05,-2.31,-0.47,3.56
3549,2016-01-06,19.97,20.34,19.26,20.17,48938,103544191.0,5.44,1.56,0.31,2.47
3550,2016-01-07,19.68,19.68,18.03,18.03,10987,21746224.0,8.18,-10.61,-2.14,0.55
3551,2016-01-08,18.31,18.65,16.26,17.75,57761,109300184.0,13.26,-1.55,-0.28,2.92
3552,2016-01-11,16.93,17.26,15.85,15.85,46467,82913479.0,7.94,-10.7,-1.9,2.35
3553,2016-01-12,15.57,16.26,15.16,15.72,41099,69535600.0,6.94,-0.82,-0.13,2.08
3554,2016-01-13,15.76,16.09,14.56,14.58,40179,67218521.0,9.73,-7.25,-1.14,2.03
3555,2016-01-14,13.97,15.62,13.91,15.36,44891,71920058.0,11.73,5.35,0.78,2.27
3556,2016-01-15,15.21,15.42,14.07,14.31,42053,67542153.0,8.79,-6.84,-1.05,2.12
3557,2016-01-18,13.76,15.09,13.57,14.69,66960,105390601.0,10.62,2.66,0.38,3.38
3558,2016-01-19,14.56,15.71,14.48,15.65,67805,111290102.0,8.37,6.54,0.96,3.42
3559,2016-01-20,15.36,15.86,15.2,15.36,54041,90456920.0,4.22,-1.85,-0.29,2.73
3560,2016-01-21,15.02,15.76,14.64,14.73,54233,89334713.0,7.29,-4.1,-0.63,2.74
3561,2016-01-22,14.92,15.51,14.62,15.44,51339,83794505.0,6.04,4.82,0.71,2.59
3562,2016-01-25,15.64,16.26,15.64,16.05,66264,114007816.0,4.02,3.95,0.61,3.35
3563,2016-01-26,15.66,15.85,14.32,14.32,59060,96717802.0,9.53,-10.78,-1.73,2.98
3564,2016-01-27,14.33,14.49,13.08,14.09,58230,87621124.0,9.85,-1.61,-0.23,2.94
3565,2016-01-28,14.13,15.06,13.56,13.62,66991,104800971.0,10.65,-3.34,-0.47,3.38
3566,2016-01-29,13.61,14.59,13.61,14.36,45490,70073623.0,7.2,5.43,0.74,2.3
3567,2016-02-01,14.3,14.91,14.18,14.52,57226,90562967.0,5.08,1.11,0.16,2.89
3568,2016-02-02,14.51,15.41,14.51,15.39,58377,95648950.0,6.2,5.99,0.87,2.95
3569,2016-02-03,15.09,15.7,14.88,15.61,56577,93328949.0,5.33,1.43,0.22,2.86
3570,2016-02-04,15.66,16.05,15.52,15.78,62321,106071967.0,3.4,1.09,0.17,3.15
3571,2016-02-05,15.71,15.85,15.39,15.48,40610,68152316.0,2.92,-1.9,-0.3,2.05
3572,2016-02-15,14.77,16.03,14.66,15.58,56364,93516597.0,8.85,0.65,0.1,2.85
3573,2016-02-16,15.74,16.59,15.74,16.43,63080,110653516.0,5.46,5.46,0.85,3.19
3574,2016-02-17,16.41,17.45,16.26,17.36,93728,170152393.0,7.24,5.66,0.93,4.73
3575,2016-02-18,17.45,17.63,16.97,17.01,83504,154619241.0,3.8,-2.02,-0.35,4.22
3576,2016-02-19,17.01,18.84,16.92,18.84,105096,206231603.0,11.29,10.76,1.83,5.31
3577,2016-02-22,20.06,20.85,19.15,20.85,203795,431239712.0,9.02,10.67,2.01,10.29
3578,2016-02-23,20.69,20.72,19.84,20.23,159547,342613904.0,4.22,-2.97,-0.62,8.06
3579,2016-02-24,19.92,20.35,19.12,19.88,131643,275384400.0,6.08,-1.73,-0.35,6.65
3580,2016-02-25,19.56,19.7,17.77,17.77,100917,201915024.0,9.71,-10.61,-2.11,5.1
3581,2016-02-26,17.66,18.51,16.92,17.73,126998,241807782.0,8.95,-0.23,-0.04,6.41
3582,2016-02-29,17.56,17.56,15.83,15.83,96341,166358702.0,9.76,-10.72,-1.9,4.87
3583,2016-03-01,15.57,17.08,14.96,16.65,120237,207677857.0,13.39,5.18,0.82,6.07
3584,2016-03-02,16.36,17.87,16.26,17.65,112931,207317494.0,9.67,6.01,1.0,5.7
3585,2016-03-03,17.51,18.61,17.28,17.57,113429,217731060.0,7.54,-0.45,-0.08,5.73
3586,2016-03-04,17.36,18.01,16.06,16.44,112822,206840966.0,11.1,-6.43,-1.13,5.7
3587,2016-03-07,16.46,17.57,16.46,17.38,74752,138207844.0,6.75,5.72,0.94,3.78
3588,2016-03-08,17.3,17.57,15.62,17.39,77688,139904820.0,11.22,0.06,0.01,3.92
3589,2016-03-09,16.76,17.42,16.48,16.76,62104,113049360.0,5.41,-3.62,-0.63,3.14
3590,2016-03-10,16.66,17.04,15.76,15.99,57082,101306158.0,7.64,-4.59,-0.77,2.88
3591,2016-03-11,15.64,16.26,15.56,16.01,35453,60990605.0,4.38,0.13,0.02,1.79
3592,2016-03-14,16.31,17.64,16.31,17.07,63798,116666390.0,8.31,6.62,1.06,3.22
3593,2016-03-15,16.96,17.22,16.82,16.92,51043,93282952.0,2.34,-0.88,-0.15,2.58
3594,2016-03-16,17.11,17.34,16.28,16.89,58708,106436298.0,6.26,-0.18,-0.03,2.97
3595,2016-03-17,16.96,18.28,16.94,17.96,98764,186090947.0,7.93,6.34,1.07,4.99
3596,2016-03-18,17.97,18.92,17.87,18.72,103004,203281212.0,5.85,4.23,0.76,5.2
3597,2016-03-21,18.96,19.56,18.64,19.16,106528,216140141.0,4.91,2.35,0.44,5.38
3598,2016-03-22,18.74,19.36,18.66,18.96,69867,141745886.0,3.65,-1.04,-0.2,3.53
3599,2016-03-23,18.78,19.73,18.76,19.25,72196,147796333.0,5.12,1.53,0.29,3.65
3600,2016-03-24,19.21,19.23,18.46,18.47,72094,145250478.0,4.0,-4.05,-0.78,3.64
3601,2016-03-25,18.35,19.71,18.34,19.43,97134,198528349.0,7.42,5.2,0.96,4.91
3602,2016-03-28,19.85,20.16,18.76,18.96,81646,168871103.0,7.21,-2.42,-0.47,4.12
3603,2016-03-29,18.94,19.26,18.44,18.95,66182,132937332.0,4.32,-0.05,-0.01,3.34
3604,2016-03-30,19.16,20.38,19.03,20.34,104923,220060085.0,7.12,7.34,1.39,5.3
3605,2016-03-31,20.4,20.41,19.83,20.06,81272,173195542.0,2.85,-1.38,-0.28,4.1
3606,2016-04-01,19.88,19.95,18.96,19.54,77743,160066059.0,4.94,-2.59,-0.52,3.93
3607,2016-04-05,19.51,20.45,19.28,20.38,72883,154752424.0,5.99,4.3,0.84,3.68
3608,2016-04-06,20.15,20.54,19.82,20.16,58942,126198353.0,3.53,-1.08,-0.22,2.98
3609,2016-04-07,20.36,20.73,19.76,19.85,74800,160985450.0,4.81,-1.54,-0.31,3.78
3610,2016-04-08,19.46,19.63,18.81,19.49,57312,117245329.0,4.13,-1.81,-0.36,2.89
3611,2016-04-11,19.61,20.51,19.61,20.42,62262,133303139.0,4.62,4.77,0.93,3.14
3612,2016-04-12,20.36,20.39,19.55,19.98,51676,109312976.0,4.11,-2.15,-0.44,2.61
3613,2016-04-13,20.13,21.21,20.04,20.68,98584,216036347.0,5.86,3.5,0.7,4.98
3614,2016-04-14,20.68,21.36,20.54,21.12,72870,161842241.0,3.97,2.13,0.44,3.68
3615,2016-04-15,20.66,20.91,20.23,20.63,86424,189183200.0,3.22,-2.32,-0.49,4.36
3616,2016-04-18,20.36,20.4,20.01,20.28,51963,111203155.0,1.89,-1.7,-0.35,2.62
3617,2016-04-19,20.45,20.55,20.01,20.3,42467,91439282.0,2.66,0.1,0.02,2.14
3618,2016-04-20,20.38,20.5,18.15,18.37,88617,179084751.0,11.58,-9.51,-1.93,4.48
3619,2016-04-21,18.06,18.7,17.88,17.98,54077,105790729.0,4.46,-2.12,-0.39,2.73
3620,2016-04-22,17.86,18.45,17.76,18.3,39783,77253318.0,3.84,1.78,0.32,2.01
3621,2016-04-25,18.23,18.3,17.77,18.08,38191,73547869.0,2.9,-1.2,-0.22,1.93
3622,2016-04-26,18.14,18.73,18.06,18.7,40667,79780933.0,3.71,3.43,0.62,2.05
3623,2016-04-27,18.67,18.99,18.27,18.54,39262,78304141.0,3.85,-0.86,-0.16,1.98
3624,2016-04-28,18.47,18.88,18.11,18.79,33185,65437793.0,4.15,1.35,0.25,1.68
3625,2016-04-29,18.66,18.94,18.55,18.6,26053,51919528.0,2.08,-1.01,-0.19,1.32
3626,2016-05-03,18.56,19.33,18.39,19.32,62509,126705757.0,5.05,3.87,0.72,3.16
3627,2016-05-04,19.22,19.55,18.96,19.07,52905,107953441.0,3.05,-1.29,-0.25,2.67
3628,2016-05-05,19.14,19.22,18.86,19.16,36878,74864497.0,1.89,0.47,0.09,1.86
3629,2016-05-06,19.16,19.31,17.56,17.6,74588,146398524.0,9.13,-8.14,-1.56,3.77
3630,2016-05-09,17.49,17.54,16.56,16.64,53939,98036473.0,5.57,-5.45,-0.96,2.72
3631,2016-05-10,16.76,16.91,16.57,16.72,23497,42350535.0,2.04,0.48,0.08,1.19
3632,2016-05-11,16.86,16.9,16.27,16.36,24586,43886049.0,3.77,-2.15,-0.36,1.24
3633,2016-05-12,15.96,16.26,15.68,16.18,37599,64464272.0,3.55,-1.1,-0.18,1.9
3634,2016-05-13,16.04,16.38,15.87,15.98,25719,44773891.0,3.15,-1.24,-0.2,1.3
3635,2016-05-16,15.85,16.29,15.76,16.28,38662,66892617.0,3.32,1.88,0.3,1.95
3636,2016-05-17,16.28,16.44,15.94,16.24,34611,60460409.0,3.07,-0.25,-0.04,1.75
3637,2016-05-18,15.96,16.09,15.18,15.49,43446,73131730.0,5.6,-4.62,-0.75,2.19
3638,2016-05-19,15.54,16.03,15.46,15.81,36172,61767855.0,3.68,2.07,0.32,1.83
3639,2016-05-20,15.66,16.21,15.39,16.15,34125,58470357.0,5.19,2.15,0.34,1.72
3640,2016-05-23,16.15,16.55,16.1,16.49,39567,69860209.0,2.79,2.11,0.34,2.0
3641,2016-05-24,16.51,16.51,16.04,16.18,26348,45937312.0,2.85,-1.88,-0.31,1.33
3642,2016-05-25,16.41,16.6,16.04,16.16,28495,50105117.0,3.46,-0.12,-0.02,1.44
3643,2016-05-26,16.21,16.36,15.59,16.34,31784,54825179.0,4.76,1.11,0.18,1.61
3644,2016-05-27,16.23,16.71,16.09,16.52,41229,73244521.0,3.79,1.1,0.18,2.08
3645,2016-05-30,16.27,16.7,15.96,16.39,32631,57450533.0,4.48,-0.79,-0.13,1.65
3646,2016-05-31,16.39,17.34,16.39,17.3,54477,99444550.0,5.8,5.55,0.91,2.75
3647,2016-06-01,17.31,17.59,17.23,17.38,55445,103501782.0,2.08,0.46,0.08,2.8
3648,2016-06-02,17.33,17.76,17.28,17.64,48410,90936088.0,2.76,1.5,0.26,2.44
3649,2016-06-03,17.75,18.56,17.54,18.08,62004,119934595.0,5.78,2.49,0.44,3.13
3650,2016-06-06,18.14,18.46,17.84,18.08,44864,86814668.0,3.43,0.0,0.0,2.27
3651,2016-06-07,18.08,18.08,17.66,17.99,32447,61922328.0,2.32,-0.5,-0.09,1.64
3652,2016-06-08,17.98,18.42,17.57,18.16,39065,75202390.0,4.72,0.94,0.17,1.97
3653,2016-06-13,17.69,17.95,16.66,16.76,46327,86695672.0,7.1,-7.71,-1.4,2.34
3654,2016-06-14,16.73,16.9,16.56,16.77,28516,51226803.0,2.03,0.06,0.01,1.44
3655,2016-06-15,16.61,17.76,16.46,17.51,44021,81742688.0,7.75,4.41,0.74,2.22
3656,2016-06-16,17.37,18.05,17.37,17.92,49416,93602750.0,3.88,2.34,0.41,2.5
3657,2016-06-17,18.01,18.36,17.64,17.87,50578,97285989.0,4.02,-0.28,-0.05,2.55
3658,2016-06-20,17.73,19.78,17.66,19.78,132336,271274944.0,11.86,10.69,1.91,6.68
3659,2016-06-21,20.32,20.47,19.14,19.49,133707,283476336.0,6.72,-1.47,-0.29,6.75
3660,2016-06-22,19.37,20.38,19.35,19.97,107041,225467946.0,5.28,2.46,0.48,5.41
3661,2016-06-23,20.67,21.42,20.01,20.13,127075,279251168.0,7.06,0.8,0.16,6.42
3662,2016-06-24,19.72,19.74,18.56,19.32,112918,231546577.0,5.86,-4.02,-0.81,5.7
3663,2016-06-27,19.13,20.35,19.13,20.15,75271,158620557.0,6.31,4.3,0.83,3.8
3664,2016-06-28,19.98,20.54,19.68,20.11,63432,135253515.0,4.27,-0.2,-0.04,3.2
3665,2016-06-29,20.34,20.34,19.64,19.67,52631,110450074.0,3.48,-2.19,-0.44,2.66
3666,2016-06-30,19.67,20.16,19.5,19.99,46798,98478257.0,3.36,1.63,0.32,2.36
3667,2016-07-01,20.01,21.52,20.01,20.58,91672,202233487.0,7.55,2.95,0.59,4.63
3668,2016-07-04,20.21,21.16,19.87,20.99,78563,170972541.0,6.27,1.99,0.41,3.97
3669,2016-07-05,21.03,21.72,20.87,20.94,71175,159081930.0,4.05,-0.24,-0.05,3.59
3670,2016-07-06,20.77,20.96,20.44,20.85,46078,100426713.0,2.48,-0.43,-0.09,2.33
3671,2016-07-07,20.73,20.86,20.27,20.75,45413,98399289.0,2.83,-0.48,-0.1,2.29
3672,2016-07-08,20.66,21.46,20.55,20.59,54035,119530955.0,4.39,-0.77,-0.16,2.73
3673,2016-07-11,21.15,21.69,20.66,20.72,76830,171951725.0,5.0,0.63,0.13,3.88
3674,2016-07-12,20.76,20.89,19.89,20.58,63277,135901979.0,4.83,-0.68,-0.14,3.2
3675,2016-07-13,20.65,21.37,20.25,21.17,69455,152836200.0,5.44,2.87,0.59,3.51
3676,2016-07-14,21.14,21.72,20.86,21.62,82227,184995184.0,4.06,2.13,0.45,4.15
3677,2016-07-15,21.63,21.66,20.99,21.15,49042,109760422.0,3.1,-2.17,-0.47,2.48
3678,2016-07-18,20.94,21.05,20.54,20.82,37735,82863424.0,2.41,-1.56,-0.33,1.91
3679,2016-07-19,20.75,21.16,20.59,21.15,29574,65186643.0,2.74,1.59,0.33,1.49
3680,2016-07-20,21.02,21.29,20.74,20.92,28633,63529076.0,2.6,-1.09,-0.23,1.45
3681,2016-07-21,20.83,22.28,20.65,21.57,87807,198555639.0,7.79,3.11,0.65,4.43
3682,2016-07-22,21.57,22.18,21.36,21.82,68207,156332571.0,3.8,1.16,0.25,3.44
3683,2016-07-25,21.74,22.7,21.63,22.2,79279,186331150.0,4.9,1.74,0.38,4.0
3684,2016-07-26,22.03,22.4,21.77,22.06,46152,106579327.0,2.84,-0.63,-0.14,2.33
3685,2016-07-27,22.04,22.18,19.74,19.99,103273,225934933.0,11.06,-9.38,-2.07,5.22
3686,2016-07-28,19.86,20.2,19.24,19.6,45381,94439992.0,4.8,-1.95,-0.39,2.29
3687,2016-07-29,19.56,19.86,19.07,19.32,30483,62799909.0,4.03,-1.43,-0.28,1.54
3688,2016-08-01,19.24,19.24,18.44,18.84,46211,91791785.0,4.14,-2.48,-0.48,2.33
3689,2016-08-02,18.85,19.21,18.76,19.2,22720,45928105.0,2.39,1.91,0.36,1.15
3690,2016-08-03,19.19,19.53,19.06,19.33,27835,57021638.0,2.45,0.68,0.13,1.41
3691,2016-08-04,19.22,19.63,19.19,19.37,26460,54277100.0,2.28,0.21,0.04,1.34
3692,2016-08-05,19.44,19.78,19.29,19.37,30405,62875676.0,2.53,0.0,0.0,1.54
3693,2016-08-08,19.36,20.11,19.29,20.08,38692,80819556.0,4.23,3.67,0.71,1.95
3694,2016-08-09,20.06,20.16,19.92,20.13,30151,63805476.0,1.2,0.25,0.05,1.52
3695,2016-08-10,20.01,20.24,19.87,19.92,23394,49525332.0,1.84,-1.04,-0.21,1.18
3696,2016-08-11,19.91,19.96,19.31,19.31,28183,58336211.0,3.26,-3.06,-0.61,1.42
3697,2016-08-12,19.31,19.7,19.18,19.65,22532,46286922.0,2.69,1.76,0.34,1.14
3698,2016-08-15,19.57,20.42,19.57,20.24,39081,83001803.0,4.33,3.0,0.59,1.97
3699,2016-08-16,20.27,20.64,20.27,20.44,28123,60739303.0,1.83,0.99,0.2,1.42
3700,2016-08-17,20.56,20.63,20.26,20.59,32130,69352652.0,1.81,0.73,0.15,1.62
3701,2016-08-18,20.51,20.86,20.31,20.44,30413,66093748.0,2.67,-0.73,-0.15,1.54
3702,2016-08-19,20.39,20.58,20.21,20.42,22061,47503048.0,1.81,-0.1,-0.02,1.11
3703,2016-08-22,20.33,20.4,19.91,19.95,23332,49602133.0,2.4,-2.3,-0.47,1.18
3704,2016-08-23,20.03,20.26,19.86,19.97,19669,41703372.0,2.01,0.1,0.02,0.99
3705,2016-08-24,19.96,20.51,19.86,20.37,31760,67912147.0,3.25,2.0,0.4,1.6
3706,2016-08-25,20.29,20.29,19.36,19.73,36349,75673979.0,4.57,-3.14,-0.64,1.84
3707,2016-08-26,19.73,20.34,19.72,20.2,36599,77802018.0,3.14,2.38,0.47,1.85
3708,2016-08-29,20.3,20.76,20.25,20.38,27758,59942937.0,2.52,0.89,0.18,1.4
3709,2016-08-30,20.37,22.53,20.37,21.74,133335,307121968.0,10.6,6.67,1.36,6.73
3710,2016-08-31,21.36,21.76,21.01,21.25,67163,150128192.0,3.45,-2.25,-0.49,3.39
3711,2016-09-01,21.43,21.6,20.96,21.01,47572,106442402.0,3.01,-1.13,-0.24,2.4
3712,2016-09-02,20.88,20.95,20.59,20.86,37393,81862145.0,1.71,-0.71,-0.15,1.89
3713,2016-09-05,21.05,21.56,20.89,21.53,55368,123809476.0,3.21,3.21,0.67,2.8
3714,2016-09-06,21.8,22.99,21.76,22.65,145798,342765440.0,5.71,5.2,1.12,7.36
3715,2016-09-07,22.31,23.45,22.13,23.1,152135,362882768.0,5.83,1.99,0.45,7.68
3716,2016-09-08,22.91,23.94,22.8,23.17,105845,259330883.0,4.94,0.3,0.07,5.35
3717,2016-09-09,23.2,23.42,22.48,22.55,68537,164204250.0,4.06,-2.68,-0.62,3.46
3718,2016-09-12,21.86,22.47,21.62,21.87,64303,148505465.0,3.77,-3.02,-0.68,3.25
3719,2016-09-13,22.01,22.26,21.39,21.74,50595,116064097.0,3.98,-0.59,-0.13,2.56
3720,2016-09-14,21.44,21.95,21.34,21.92,33079,75579579.0,2.81,0.83,0.18,1.67
3721,2016-09-19,22.04,22.45,21.77,22.4,42237,98341656.0,3.1,2.19,0.48,2.13
3722,2016-09-20,22.24,22.33,21.84,21.92,31991,74036919.0,2.19,-2.14,-0.48,1.62
3723,2016-09-21,21.87,22.13,21.71,21.92,24982,57555836.0,1.92,0.0,0.0,1.26
3724,2016-09-22,22.06,22.52,21.93,22.51,50135,117485395.0,2.69,2.69,0.59,2.53
3725,2016-09-23,22.59,22.71,21.76,21.87,49481,116354755.0,4.22,-2.84,-0.64,2.5
3726,2016-09-26,21.86,21.86,20.86,20.94,57025,127545056.0,4.57,-4.25,-0.93,2.88
3727,2016-09-27,20.8,21.11,20.41,20.86,37057,81248217.0,3.34,-0.38,-0.08,1.87
3728,2016-09-28,20.87,20.98,20.57,20.82,21496,47178072.0,1.97,-0.19,-0.04,1.09
3729,2016-09-29,20.85,21.21,20.85,21.02,23041,51158301.0,1.73,0.96,0.2,1.16
3730,2016-09-30,21.0,21.35,20.94,21.1,19665,43856190.0,1.95,0.38,0.08,0.99
3731,2016-10-10,21.34,21.72,21.26,21.66,36518,82896119.0,2.18,2.65,0.56,1.84
3732,2016-10-11,21.69,22.03,21.57,21.81,38821,89121378.0,2.12,0.69,0.15,1.96
3733,2016-10-12,21.65,21.95,21.6,21.77,25620,58637488.0,1.6,-0.18,-0.04,1.29
3734,2016-10-13,21.77,22.14,21.71,21.95,25096,57826528.0,1.98,0.83,0.18,1.27
3735,2016-10-14,21.86,22.13,21.8,22.12,25221,58275037.0,1.5,0.77,0.17,1.27
3736,2016-10-17,22.16,22.64,21.94,22.09,55151,129497673.0,3.16,-0.14,-0.03,2.79
3737,2016-10-18,22.14,22.3,21.76,22.26,37798,87672588.0,2.44,0.77,0.17,1.91
3738,2016-10-19,22.23,22.68,22.17,22.43,37269,88081950.0,2.29,0.76,0.17,1.88
3739,2016-10-20,22.44,22.5,22.1,22.27,22034,51617839.0,1.78,-0.71,-0.16,1.11
3740,2016-10-21,22.22,22.59,21.89,22.04,28473,66502975.0,3.14,-1.03,-0.23,1.44
3741,2016-10-24,22.54,23.31,22.54,22.74,54372,130252984.0,3.49,3.18,0.7,2.75
3742,2016-10-25,23.05,24.55,23.05,23.99,101391,253264408.0,6.6,5.5,1.25,5.12
3743,2016-10-26,23.59,23.81,23.22,23.46,57367,141273404.0,2.46,-2.21,-0.53,2.9
3744,2016-10-27,23.32,23.66,23.27,23.51,34862,85896461.0,1.66,0.21,0.05,1.76
3745,2016-10-28,23.46,23.68,22.97,23.08,36884,89991000.0,3.02,-1.83,-0.43,1.86
3746,2016-10-31,23.14,24.02,23.06,24.0,54299,134842314.0,4.16,3.99,0.92,2.74
3747,2016-11-01,24.06,24.14,23.64,23.86,36444,91173956.0,2.08,-0.58,-0.14,1.84
3748,2016-11-02,24.01,24.21,23.44,23.53,36365,90390854.0,3.23,-1.38,-0.33,1.84
3749,2016-11-03,23.52,23.86,23.36,23.53,26733,66191537.0,2.12,0.0,0.0,1.35
3750,2016-11-04,23.53,23.71,22.78,22.98,46839,113810337.0,3.95,-2.34,-0.55,2.37
3751,2016-11-07,22.91,23.16,22.66,22.96,25554,61400624.0,2.18,-0.09,-0.02,1.29
3752,2016-11-08,23.02,23.61,23.02,23.31,27572,67469833.0,2.57,1.52,0.35,1.39
3753,2016-11-09,23.34,23.36,22.45,22.85,34278,82334304.0,3.9,-1.97,-0.46,1.73
3754,2016-11-10,23.01,23.4,23.0,23.24,28859,70397994.0,1.75,1.71,0.39,1.46
3755,2016-11-11,23.29,23.73,23.21,23.45,31808,78427937.0,2.24,0.9,0.21,1.61
3756,2016-11-14,23.41,24.01,23.31,23.8,33372,83201660.0,2.99,1.49,0.35,1.69
3757,2016-11-15,23.86,23.86,23.44,23.66,28893,71410551.0,1.76,-0.59,-0.14,1.46
3758,2016-11-16,23.66,23.93,23.33,23.49,43418,107418380.0,2.54,-0.72,-0.17,2.19
3759,2016-11-17,23.43,23.43,22.91,23.31,29528,71660151.0,2.21,-0.77,-0.18,1.49
3760,2016-11-18,23.45,23.93,23.34,23.77,45308,112645649.0,2.53,1.97,0.46,2.29
3761,2016-11-21,23.86,23.96,23.63,23.85,29404,73293693.0,1.39,0.34,0.08,1.49
3762,2016-11-22,23.85,23.93,23.54,23.81,33831,84004515.0,1.64,-0.17,-0.04,1.71
3763,2016-11-23,23.79,23.96,23.36,23.52,32938,81870800.0,2.52,-1.22,-0.29,1.66
3764,2016-11-24,23.4,23.53,22.73,22.77,44421,107965605.0,3.4,-3.19,-0.75,2.24
3765,2016-11-25,22.71,22.97,22.24,22.96,37476,89001433.0,3.21,0.83,0.19,1.89
3766,2016-11-28,23.0,23.09,22.49,22.52,38524,92012421.0,2.61,-1.92,-0.44,1.95
3767,2016-11-29,22.34,22.49,21.93,22.05,46735,108924617.0,2.49,-2.09,-0.47,2.36
3768,2016-11-30,21.88,22.25,21.87,22.15,21469,49851037.0,1.72,0.45,0.1,1.08
3769,2016-12-01,22.05,22.64,22.0,22.45,27907,65757233.0,2.89,1.35,0.3,1.41
3770,2016-12-02,22.46,22.64,21.75,21.91,22457,52245754.0,3.96,-2.41,-0.54,1.13
3771,2016-12-05,21.72,22.31,21.34,22.09,18040,41749495.0,4.43,0.82,0.18,0.91
3772,2016-12-06,22.14,22.3,22.01,22.16,12964,30198515.0,1.31,0.32,0.07,0.65
3773,2016-12-07,22.2,22.35,21.89,22.31,15591,36238391.0,2.08,0.68,0.15,0.79
3774,2016-12-08,22.34,22.41,22.14,22.3,17168,40253952.0,1.21,-0.04,-0.01,0.87
3775,2016-12-09,22.2,22.36,22.06,22.11,14031,32763111.0,1.35,-0.85,-0.19,0.71
3776,2016-12-12,22.19,22.24,20.49,20.67,33269,74632440.0,7.91,-6.51,-1.44,1.68
3777,2016-12-13,20.76,20.8,20.21,20.65,19519,42259153.0,2.85,-0.1,-0.02,0.99
3778,2016-12-14,20.56,20.84,20.32,20.48,15466,33534522.0,2.52,-0.82,-0.17,0.78
3779,2016-12-15,20.41,21.05,20.24,20.7,17675,38657099.0,3.96,1.07,0.22,0.89
3780,2016-12-16,20.68,21.06,20.61,20.97,15676,34543614.0,2.17,1.3,0.27,0.79
3781,2016-12-19,20.96,21.21,20.77,21.0,13646,30258633.0,2.1,0.14,0.03,0.69
3782,2016-12-20,20.98,21.37,20.86,21.3,19885,44377039.0,2.43,1.43,0.3,1.0
3783,2016-12-21,21.21,21.61,21.21,21.34,17265,39039289.0,1.88,0.19,0.04,0.87
3784,2016-12-22,21.31,21.59,21.21,21.51,14914,33713198.0,1.78,0.8,0.17,0.75
3785,2016-12-23,21.46,21.61,21.1,21.12,12125,27185466.0,2.37,-1.81,-0.39,0.61
3786,2016-12-26,21.14,21.46,20.82,21.35,18465,41191290.0,3.03,1.09,0.23,0.93
3787,2016-12-27,21.37,21.8,21.35,21.43,18654,42369143.0,2.11,0.37,0.08,0.94
3788,2016-12-28,21.44,21.96,21.44,21.66,19697,45007186.0,2.43,1.07,0.23,0.99
3789,2016-12-29,21.66,21.85,21.44,21.68,14500,33115571.0,1.89,0.09,0.02,0.73
3790,2016-12-30,21.68,21.88,21.48,21.58,13970,31769716.0,1.85,-0.46,-0.1,0.71
3791,2017-01-03,21.5,22.03,21.5,21.98,20940,48174761.0,2.46,1.85,0.4,1.06
3792,2017-01-04,22.01,22.31,21.83,22.19,21914,50987814.0,2.18,0.96,0.21,1.11
3793,2017-01-05,22.11,22.48,22.11,22.42,21711,51017766.0,1.67,1.04,0.23,1.1
3794,2017-01-06,22.36,22.81,22.26,22.38,27923,66273028.0,2.45,-0.18,-0.04,1.41
3795,2017-01-09,22.26,22.66,22.03,22.62,18763,44025777.0,2.82,1.07,0.24,0.95
3796,2017-01-10,22.58,22.58,22.22,22.26,19224,45115081.0,1.59,-1.59,-0.36,0.97
3797,2017-01-11,22.27,22.46,21.82,21.87,16856,39172820.0,2.88,-1.75,-0.39,0.85
3798,2017-01-12,21.87,22.75,21.79,22.63,32225,75857631.0,4.39,3.48,0.76,1.63
3799,2017-01-13,22.46,22.62,21.61,22.02,28574,66461920.0,4.46,-2.7,-0.61,1.44
3800,2017-01-16,21.91,21.91,19.7,20.05,59192,127523094.0,10.04,-8.95,-1.97,2.99
3801,2017-01-17,19.96,20.4,19.46,20.12,19364,40871688.0,4.69,0.35,0.07,0.98
3802,2017-01-18,20.12,20.41,19.97,20.04,17800,37918909.0,2.19,-0.4,-0.08,0.9
3803,2017-01-19,20.04,20.05,19.55,19.81,12489,26227616.0,2.5,-1.15,-0.23,0.63
3804,2017-01-20,19.92,20.3,19.77,20.24,14273,30377568.0,2.68,2.17,0.43,0.72
3805,2017-01-23,20.23,20.68,20.08,20.39,21480,46386659.0,2.96,0.74,0.15,1.08
3806,2017-01-24,20.37,20.44,19.92,20.12,17412,37010785.0,2.55,-1.32,-0.27,0.88
3807,2017-01-25,20.1,20.3,19.92,20.27,13936,29633982.0,1.89,0.75,0.15,0.7
3808,2017-01-26,20.28,20.39,20.12,20.31,13831,29581594.0,1.33,0.2,0.04,0.7
3809,2017-02-03,20.32,20.32,19.96,20.15,10855,23029960.0,1.77,-0.79,-0.16,0.55
3810,2017-02-06,20.26,20.72,20.26,20.7,28951,62697701.0,2.28,2.73,0.55,1.46
3811,2017-02-07,20.71,20.78,20.36,20.74,22534,48963192.0,2.03,0.19,0.04,1.14
3812,2017-02-08,20.64,20.94,20.57,20.87,14461,31674347.0,1.78,0.63,0.13,0.73
3813,2017-02-09,20.86,21.3,20.81,21.14,20778,46149851.0,2.35,1.29,0.27,1.05
3814,2017-02-10,21.16,21.5,20.99,21.25,23626,52894331.0,2.41,0.52,0.11,1.19
3815,2017-02-13,21.16,21.32,21.01,21.26,21892,48768167.0,1.46,0.05,0.01,1.11
3816,2017-02-14,21.41,21.41,20.82,21.04,15906,35284645.0,2.78,-1.03,-0.22,0.8
3817,2017-02-15,21.11,21.15,20.76,20.79,16005,35328986.0,1.85,-1.19,-0.25,0.81
3818,2017-02-16,20.86,21.18,20.77,21.09,14231,31554357.0,1.97,1.44,0.3,0.72
3819,2017-02-17,21.06,21.25,20.87,21.02,13469,29873149.0,1.8,-0.33,-0.07,0.68
3820,2017-02-20,20.91,21.29,20.88,21.28,20066,44786708.0,1.95,1.24,0.26,1.01
3821,2017-02-21,21.32,21.6,21.21,21.44,21119,47735683.0,1.83,0.75,0.16,1.07
3822,2017-02-22,21.49,21.62,21.34,21.49,14268,32246035.0,1.31,0.23,0.05,0.72
3823,2017-02-23,21.5,22.17,21.46,21.86,27418,63203862.0,3.3,1.72,0.37,1.38
3824,2017-02-24,21.69,21.93,21.63,21.9,13448,30878109.0,1.37,0.18,0.04,0.68
3825,2017-02-27,21.82,21.89,21.49,21.57,16109,36858437.0,1.83,-1.51,-0.33,0.81
3826,2017-02-28,21.28,21.36,20.82,21.28,32887,72981086.0,2.5,-1.34,-0.29,1.66
3827,2017-03-01,21.22,21.81,21.22,21.44,24430,55413285.0,2.77,0.75,0.16,1.23
3828,2017-03-02,21.39,21.7,21.05,21.31,20233,45370597.0,3.03,-0.61,-0.13,1.02
3829,2017-03-03,21.33,21.51,21.04,21.49,15789,35367919.0,2.21,0.84,0.18,0.8
3830,2017-03-06,21.55,21.84,21.34,21.78,23658,53795226.0,2.33,1.35,0.29,1.19
3831,2017-03-07,21.68,21.81,21.52,21.78,19752,45051094.0,1.33,0.0,0.0,1.0
3832,2017-03-08,21.78,21.78,21.36,21.51,17424,39523823.0,1.93,-1.24,-0.27,0.88
3833,2017-03-09,21.58,21.68,21.09,21.51,16580,37426490.0,2.74,0.0,0.0,0.84
3834,2017-03-10,21.42,21.75,21.29,21.55,15889,36127421.0,2.14,0.19,0.04,0.8
3835,2017-03-13,21.55,21.64,21.17,21.56,15534,35118465.0,2.18,0.05,0.01,0.78
3836,2017-03-14,21.56,21.63,21.27,21.52,21390,48305252.0,1.67,-0.19,-0.04,1.08
3837,2017-03-15,21.62,21.65,21.32,21.46,18664,42213611.0,1.53,-0.28,-0.06,0.94
3838,2017-03-16,21.49,22.49,21.43,22.16,61192,142060723.0,4.94,3.26,0.7,3.09
3839,2017-03-17,22.06,22.31,21.86,21.91,38699,89882008.0,2.03,-1.13,-0.25,1.95
3840,2017-03-20,22.05,23.24,21.96,23.0,80862,193184324.0,5.84,4.97,1.09,4.08
3841,2017-03-21,22.86,23.03,22.61,22.97,34929,83634227.0,1.83,-0.13,-0.03,1.76
3842,2017-03-22,22.75,22.89,22.41,22.58,27607,65574404.0,2.09,-1.7,-0.39,1.39
3843,2017-03-23,22.62,22.71,22.12,22.5,28984,68266192.0,2.61,-0.35,-0.08,1.46
3844,2017-03-24,22.46,23.06,22.31,22.91,35390,84512406.0,3.33,1.82,0.41,1.79
3845,2017-03-27,22.9,22.91,22.38,22.51,28516,67584593.0,2.31,-1.75,-0.4,1.44
3846,2017-03-28,22.48,22.54,22.19,22.24,17138,40253866.0,1.55,-1.2,-0.27,0.87
3847,2017-03-29,22.24,22.4,22.0,22.15,21964,51153953.0,1.8,-0.4,-0.09,1.11
3848,2017-03-30,22.01,22.1,20.28,20.59,49051,108847820.0,8.22,-7.04,-1.56,2.48
3849,2017-03-31,20.57,20.91,20.51,20.8,23888,52257801.0,1.94,1.02,0.21,1.21
3850,2017-04-05,20.51,21.18,20.51,21.09,27596,60768487.0,3.22,1.39,0.29,1.39
3851,2017-04-06,21.07,21.26,20.86,21.02,19015,42214843.0,1.9,-0.33,-0.07,0.96
3852,2017-04-07,21.05,21.13,20.77,20.83,18141,40086267.0,1.71,-0.9,-0.19,0.92
3853,2017-04-10,20.84,20.85,20.22,20.36,24988,53831471.0,3.02,-2.26,-0.47,1.26
3854,2017-04-11,20.35,20.55,19.86,20.51,22161,47463234.0,3.39,0.74,0.15,1.12
3855,2017-04-12,20.51,20.72,20.34,20.37,20853,45156485.0,1.85,-0.68,-0.14,1.05
3856,2017-04-13,20.37,20.61,20.31,20.41,11671,25192410.0,1.47,0.2,0.04,0.59
3857,2017-04-14,20.41,20.62,19.81,19.87,24163,51149132.0,3.97,-2.65,-0.54,1.22
3858,2017-04-17,19.84,19.92,19.56,19.71,17462,36385470.0,1.81,-0.81,-0.16,0.88
3859,2017-04-18,19.69,19.83,19.13,19.15,16848,34832374.0,3.55,-2.84,-0.56,0.85
3860,2017-04-19,19.24,19.24,18.49,18.85,18764,37364137.0,3.92,-1.57,-0.3,0.95
3861,2017-04-20,18.76,18.76,17.61,17.99,31495,60668046.0,6.1,-4.56,-0.86,1.59
3862,2017-04-21,18.05,18.2,17.87,18.1,11166,21472424.0,1.83,0.61,0.11,0.56
3863,2017-04-24,18.0,18.0,16.69,16.88,22983,42221432.0,7.24,-6.74,-1.22,1.16
3864,2017-04-25,16.88,17.2,16.88,16.96,14930,27162196.0,1.9,0.47,0.08,0.75
3865,2017-04-26,16.98,17.12,16.82,16.88,16400,29649428.0,1.77,-0.47,-0.08,0.83
3866,2017-04-27,16.66,17.02,15.93,16.96,26908,47580164.0,6.46,0.47,0.08,1.36
3867,2017-04-28,16.92,17.28,16.79,17.24,15773,28819163.0,2.89,1.65,0.28,0.8
3868,2017-05-02,17.66,18.88,17.52,18.35,51923,100937846.0,7.89,6.44,1.11,2.62
3869,2017-05-03,18.13,18.5,17.97,18.26,23793,46083217.0,2.89,-0.49,-0.09,1.2
3870,2017-05-04,18.09,18.48,17.99,18.18,16836,32600252.0,2.68,-0.44,-0.08,0.85
3871,2017-05-05,18.2,18.46,17.92,18.23,18988,36754904.0,2.97,0.28,0.05,0.96
3872,2017-05-08,18.44,18.55,18.08,18.1,23709,46236045.0,2.58,-0.71,-0.13,1.2
3873,2017-05-09,17.96,18.54,17.92,18.52,19067,36912208.0,3.43,2.32,0.42,0.96
3874,2017-05-10,18.5,18.5,17.39,17.56,22592,43633916.0,5.99,-5.18,-0.96,1.14
3875,2017-05-11,17.56,18.18,16.95,17.93,33969,62861594.0,7.0,2.11,0.37,1.72
3876,2017-05-12,17.85,18.36,17.72,18.18,25827,49737008.0,3.57,1.39,0.25,1.3
3877,2017-05-15,18.11,18.44,18.01,18.12,21808,42180119.0,2.37,-0.33,-0.06,1.1
3878,2017-05-16,18.14,18.79,17.66,18.73,33455,64816694.0,6.24,3.37,0.61,1.69
3879,2017-05-17,18.69,19.01,18.54,18.77,26868,53531736.0,2.51,0.21,0.04,1.36
3880,2017-05-18,18.59,19.09,18.49,18.96,26204,52525577.0,3.2,1.01,0.19,1.32
3881,2017-05-19,18.96,18.99,18.7,18.86,14352,28661996.0,1.53,-0.53,-0.1,0.72
3882,2017-05-22,18.85,18.85,18.09,18.23,16384,32106507.0,4.03,-3.34,-0.63,0.83
3883,2017-05-23,18.11,18.29,17.2,17.3,19910,37560137.0,5.98,-5.1,-0.93,1.01
3884,2017-05-24,17.01,17.86,16.71,17.69,17757,32979719.0,6.65,2.25,0.39,0.9
3885,2017-05-25,17.56,18.06,17.39,17.58,21560,40654725.0,3.79,-0.62,-0.11,1.09
3886,2017-05-26,17.6,17.84,17.56,17.72,17579,33103517.0,1.59,0.8,0.14,0.89
3887,2017-05-31,18.11,18.68,17.79,18.04,32325,62759670.0,5.02,1.81,0.32,1.63
3888,2017-06-01,18.14,18.14,17.44,17.62,20861,39370753.0,3.88,-2.33,-0.42,1.05
3889,2017-06-02,17.6,17.99,17.07,17.93,19833,36990202.0,5.22,1.76,0.31,1.0
3890,2017-06-05,18.04,18.04,17.74,17.98,15540,29637799.0,1.67,0.28,0.05,0.78
3891,2017-06-06,18.01,18.27,17.85,18.17,19212,36861972.0,2.34,1.06,0.19,0.97
3892,2017-06-07,18.14,18.58,18.05,18.51,29560,57709985.0,2.92,1.87,0.34,1.49
3893,2017-06-08,18.49,18.56,18.31,18.38,22190,43381633.0,1.35,-0.7,-0.13,1.12
3894,2017-06-09,18.33,18.54,18.17,18.52,17971,35033553.0,2.01,0.76,0.14,0.91
3895,2017-06-12,18.47,18.47,17.76,17.89,21642,41557582.0,3.83,-3.4,-0.63,1.09
3896,2017-06-13,17.86,18.3,17.77,18.11,14496,27880911.0,2.96,1.23,0.22,0.73
3897,2017-06-14,18.18,18.18,17.71,17.81,19822,37821605.0,2.6,-1.66,-0.3,1.0
3898,2017-06-15,17.81,18.47,17.81,18.34,31689,61422926.0,3.71,2.98,0.53,1.6
3899,2017-06-16,18.38,18.38,18.16,18.33,18659,36226246.0,1.2,-0.05,-0.01,0.94
3900,2017-06-19,18.38,18.66,18.31,18.58,29010,56988044.0,1.91,1.36,0.25,1.47
3901,2017-06-20,18.63,18.7,18.38,18.44,18960,37202851.0,1.72,-0.75,-0.14,0.96
3902,2017-06-21,18.48,18.57,18.33,18.53,17007,33301467.0,1.3,0.49,0.09,0.86
3903,2017-06-22,18.51,18.55,17.87,17.94,19922,38730457.0,3.67,-3.18,-0.59,1.01
3904,2017-06-23,17.97,18.15,17.51,17.99,21686,41252260.0,3.57,0.28,0.05,1.1
3905,2017-06-26,18.03,19.07,17.89,19.0,49178,97024613.0,6.56,5.61,1.01,2.48
3906,2017-06-27,18.96,19.02,18.64,18.9,28296,56499059.0,2.0,-0.53,-0.1,1.43
3907,2017-06-28,18.75,19.33,18.7,19.16,34861,70216311.0,3.33,1.38,0.26,1.76
3908,2017-06-29,19.28,19.7,19.07,19.44,34929,71712842.0,3.29,1.46,0.28,1.76
3909,2017-06-30,19.44,19.54,19.15,19.47,22825,46694405.0,2.01,0.15,0.03,1.15
3910,2017-07-03,19.35,19.71,19.13,19.63,27301,56100391.0,2.98,0.82,0.16,1.38
3911,2017-07-04,19.56,19.58,19.02,19.07,29869,60880424.0,2.85,-2.85,-0.56,1.51
3912,2017-07-05,19.41,19.54,19.24,19.51,28814,59223108.0,1.57,2.31,0.44,1.46
3913,2017-07-06,19.37,19.7,19.26,19.36,28172,58033883.0,2.26,-0.77,-0.15,1.42
3914,2017-07-07,19.31,19.64,19.29,19.59,24317,50190268.0,1.81,1.19,0.23,1.23
3915,2017-07-10,19.61,20.16,19.54,19.76,33229,69721966.0,3.16,0.87,0.17,1.68
3916,2017-07-11,19.66,19.67,19.17,19.28,22362,45597883.0,2.53,-2.43,-0.48,1.13
3917,2017-07-12,19.27,19.28,18.66,19.05,25559,51124581.0,3.22,-1.19,-0.23,1.29
3918,2017-07-13,19.06,19.23,18.85,19.08,16184,32480860.0,1.99,0.16,0.03,0.82
3919,2017-07-14,19.05,19.09,18.77,18.79,15526,30994463.0,1.68,-1.52,-0.29,0.78
3920,2017-07-17,18.9,18.9,16.97,17.51,36139,68014311.0,10.27,-6.81,-1.28,1.83
3921,2017-07-18,17.46,17.91,17.19,17.7,19890,36844413.0,4.11,1.09,0.19,1.0
3922,2017-07-19,17.7,18.18,17.53,18.09,18666,35339296.0,3.67,2.2,0.39,0.94
3923,2017-07-20,18.07,18.36,17.9,17.95,21646,41433230.0,2.54,-0.77,-0.14,1.09
3924,2017-07-21,17.96,18.31,17.9,18.16,16252,31180637.0,2.28,1.17,0.21,0.82
3925,2017-07-24,17.97,19.19,17.91,19.14,45905,90592320.0,7.05,5.4,0.98,2.32
3926,2017-07-25,19.12,19.24,18.73,18.91,27892,55689476.0,2.66,-1.2,-0.23,1.41
3927,2017-07-26,18.82,19.15,18.64,19.04,22027,43883118.0,2.7,0.69,0.13,1.11
3928,2017-07-27,18.96,19.43,18.94,19.27,29801,60281786.0,2.57,1.21,0.23,1.51
3929,2017-07-28,19.26,19.46,19.05,19.13,19599,39646184.0,2.13,-0.73,-0.14,0.99
3930,2017-07-31,19.09,19.26,18.84,19.19,22945,46103100.0,2.2,0.31,0.06,1.16
3931,2017-08-01,19.11,19.17,18.9,19.02,20050,40205823.0,1.41,-0.89,-0.17,1.01
3932,2017-08-02,19.09,19.09,18.27,18.52,30731,60442232.0,4.31,-2.63,-0.5,1.55
3933,2017-08-03,18.46,18.74,18.19,18.65,18963,37105213.0,2.97,0.7,0.13,0.96
3934,2017-08-04,18.51,18.66,18.26,18.34,17415,33984423.0,2.14,-1.66,-0.31,0.88
3935,2017-08-07,18.38,18.56,18.24,18.53,13905,27046436.0,1.74,1.04,0.19,0.7
3936,2017-08-08,18.45,18.6,18.29,18.52,13895,27100000.0,1.67,-0.05,-0.01,0.7
3937,2017-08-09,18.46,18.6,18.29,18.45,10562,20574986.0,1.67,-0.38,-0.07,0.53
3938,2017-08-10,18.52,18.92,18.43,18.91,32147,63546799.0,2.66,2.49,0.46,1.62
3939,2017-08-11,18.78,18.78,18.06,18.34,27428,53461157.0,3.81,-3.01,-0.57,1.39
3940,2017-08-14,18.06,18.68,18.06,18.61,18555,36177619.0,3.38,1.47,0.27,0.94
3941,2017-08-15,18.61,18.63,18.36,18.47,12168,23778004.0,1.45,-0.75,-0.14,0.61
3942,2017-08-16,18.4,19.06,18.4,19.04,33872,67342412.0,3.57,3.09,0.57,1.71
3943,2017-08-17,19.02,19.55,18.86,19.32,51585,104780717.0,3.62,1.47,0.28,2.61
3944,2017-08-18,19.13,19.93,19.04,19.76,55031,113304749.0,4.61,2.28,0.44,2.78
3945,2017-08-21,20.21,20.46,19.48,19.87,59016,123754279.0,4.96,0.56,0.11,2.98
3946,2017-08-22,19.74,19.8,19.29,19.34,33404,68491308.0,2.57,-2.67,-0.53,1.69
3947,2017-08-23,19.31,19.51,19.16,19.32,17674,35956531.0,1.81,-0.1,-0.02,0.89
3948,2017-08-24,19.22,19.42,19.04,19.08,24004,48576889.0,1.97,-1.24,-0.24,1.21
3949,2017-08-25,19.15,19.74,19.07,19.59,40227,82597066.0,3.51,2.67,0.51,2.03
3950,2017-08-28,19.71,20.11,19.58,20.05,45363,94366032.0,2.71,2.35,0.46,2.29
3951,2017-08-29,20.02,20.25,19.74,19.84,29063,60746785.0,2.54,-1.05,-0.21,1.47
3952,2017-08-30,19.81,20.46,19.74,20.42,45634,96817824.0,3.63,2.92,0.58,2.3
3953,2017-08-31,20.65,20.65,20.11,20.2,48934,104408646.0,2.64,-1.08,-0.22,2.47
3954,2017-09-01,20.19,20.35,20.0,20.26,34284,72681136.0,1.73,0.3,0.06,1.73
3955,2017-09-04,20.23,20.45,20.01,20.4,36478,77788130.0,2.17,0.69,0.14,1.84
3956,2017-09-05,20.38,20.46,20.17,20.18,25284,53970226.0,1.42,-1.08,-0.22,1.28
3957,2017-09-06,20.04,20.6,20.04,20.59,40403,86695984.0,2.78,2.03,0.41,2.04
3958,2017-09-07,20.55,20.74,20.28,20.29,32836,70714449.0,2.23,-1.46,-0.3,1.66
3959,2017-09-08,20.29,20.42,19.97,20.29,27148,57713457.0,2.22,0.0,0.0,1.37
3960,2017-09-11,20.32,21.1,20.16,21.07,47412,103167922.0,4.63,3.84,0.78,2.39
3961,2017-09-12,21.01,21.23,20.87,21.15,40261,88950888.0,1.71,0.38,0.08,2.03
3962,2017-09-13,21.26,21.89,21.16,21.23,45999,103586903.0,3.45,0.38,0.08,2.32
3963,2017-09-14,21.31,21.52,21.01,21.41,33177,74084777.0,2.4,0.85,0.18,1.68
3964,2017-09-15,21.41,21.99,21.3,21.54,55874,126732368.0,3.22,0.61,0.13,2.82
3965,2017-09-18,21.34,22.24,21.19,22.18,43300,98648955.0,4.87,2.97,0.64,2.19
3966,2017-09-19,22.09,22.2,21.7,21.84,32000,73403242.0,2.25,-1.53,-0.34,1.62
3967,2017-09-20,21.91,21.92,21.26,21.76,31906,72136354.0,3.02,-0.37,-0.08,1.61
3968,2017-09-21,21.62,21.93,21.3,21.32,27878,63084441.0,2.9,-2.02,-0.44,1.41
3969,2017-09-22,21.32,22.79,21.24,22.56,81216,188680993.0,7.27,5.82,1.24,4.1
3970,2017-09-25,22.41,22.69,21.76,21.77,62962,146520775.0,4.12,-3.5,-0.79,3.18
3971,2017-09-26,21.73,21.86,21.33,21.66,30824,69751212.0,2.43,-0.51,-0.11,1.56
3972,2017-09-27,21.86,23.93,21.68,23.93,79010,190596442.0,10.39,10.48,2.27,3.99
3973,2017-09-28,25.56,26.43,25.31,26.43,304464,824469968.0,4.68,10.45,2.5,15.38
3974,2017-09-29,25.96,29.18,25.82,29.16,347210,996981344.0,12.71,10.33,2.73,17.54
3975,2017-10-09,29.52,31.56,28.61,30.42,294605,916463104.0,10.12,4.32,1.26,14.88
3976,2017-10-10,29.61,29.71,28.66,29.03,238796,718760608.0,3.45,-4.57,-1.39,12.06
3977,2017-10-11,28.66,29.73,28.49,29.55,219552,659690192.0,4.27,1.79,0.52,11.09
3978,2017-10-12,28.79,30.8,28.64,29.9,223117,686433296.0,7.31,1.18,0.35,11.27
3979,2017-10-13,29.73,29.73,28.55,28.86,147765,443263424.0,3.95,-3.48,-1.04,7.46
3980,2017-10-16,28.5,28.65,27.34,27.46,169756,493206240.0,4.54,-4.85,-1.4,8.57
3981,2017-10-17,27.52,27.85,26.57,26.9,119321,336910624.0,4.66,-2.04,-0.56,6.03
3982,2017-10-18,27.21,27.46,26.35,26.71,120552,336578160.0,4.13,-0.71,-0.19,6.09
3983,2017-10-19,26.56,26.91,25.86,26.08,101719,278909056.0,3.93,-2.36,-0.63,5.14
3984,2017-10-20,26.33,26.64,26.04,26.56,100501,275103488.0,2.3,1.84,0.48,5.08
3985,2017-10-23,26.46,26.69,26.14,26.58,86258,236781836.0,2.07,0.08,0.02,4.36
3986,2017-10-24,26.46,26.46,24.98,25.37,106867,284851504.0,5.57,-4.55,-1.21,5.4
3987,2017-10-25,25.31,25.66,25.21,25.63,52954,140446500.0,1.77,1.02,0.26,2.67
3988,2017-10-26,25.75,27.31,25.73,26.94,154174,428050736.0,6.16,5.11,1.31,7.79
3989,2017-10-27,26.76,26.76,25.81,25.86,86469,235656806.0,3.53,-4.01,-1.08,4.37
3990,2017-10-30,26.06,26.44,25.23,25.7,76526,206733279.0,4.68,-0.62,-0.16,3.86
3991,2017-10-31,25.96,27.05,25.88,26.8,133491,369675840.0,4.55,4.28,1.1,6.74
3992,2017-11-01,26.53,26.81,26.16,26.17,95944,263540639.0,2.43,-2.35,-0.63,4.85
3993,2017-11-02,25.96,25.96,23.98,24.54,130999,336937424.0,7.57,-6.23,-1.63,6.62
3994,2017-11-03,24.39,24.59,23.96,24.47,65715,166249622.0,2.57,-0.29,-0.07,3.32
3995,2017-11-06,24.45,25.29,24.36,25.21,70503,182228354.0,3.8,3.02,0.74,3.56
3996,2017-11-07,25.02,25.05,24.55,24.9,59145,152677110.0,1.98,-1.23,-0.31,2.99
3997,2017-11-08,25.05,25.74,24.97,25.2,84533,223652127.0,3.09,1.2,0.3,4.27
3998,2017-11-09,25.06,25.38,24.56,25.34,70225,182007399.0,3.25,0.56,0.14,3.55
3999,2017-11-10,25.25,27.98,25.12,27.98,141021,389904928.0,11.29,10.42,2.64,7.12
4000,2017-11-13,29.09,29.45,28.14,28.55,218901,652543408.0,4.68,2.04,0.57,11.06
4001,2017-11-14,28.19,30.83,27.99,29.59,191189,583779968.0,9.95,3.64,1.04,9.66
4002,2017-11-15,29.02,30.56,28.5,30.04,183153,562846496.0,6.96,1.52,0.45,9.25
4003,2017-11-16,30.46,30.46,28.48,29.44,136382,413866832.0,6.59,-2.0,-0.6,6.89
4004,2017-11-17,29.39,30.25,27.48,27.69,148801,449761712.0,9.41,-5.94,-1.75,7.52
4005,2017-11-20,27.04,29.45,27.03,29.42,122574,361164544.0,8.74,6.25,1.73,6.19
4006,2017-11-21,29.31,30.94,29.16,29.55,159347,494964640.0,6.05,0.44,0.13,8.05
4007,2017-11-22,29.91,30.7,28.72,30.56,153785,473519456.0,6.7,3.42,1.01,7.77
4008,2017-11-23,30.46,30.46,27.6,27.69,147137,445336048.0,9.36,-9.39,-2.87,7.43
4009,2017-11-24,28.21,30.56,28.13,30.56,229923,719228688.0,8.78,10.36,2.87,11.61
4010,2017-11-27,30.44,30.44,27.4,27.4,208303,615547856.0,9.95,-10.34,-3.16,10.52
4011,2017-11-28,26.97,28.37,26.09,28.29,130627,370321328.0,8.32,3.25,0.89,6.6
4012,2017-11-29,28.06,28.35,26.56,27.28,113789,323543088.0,6.33,-3.57,-1.01,5.75
4013,2017-11-30,26.88,27.82,26.16,26.41,99702,278703584.0,6.09,-3.19,-0.87,5.04
4014,2017-12-01,26.36,27.87,26.11,27.4,115895,326485360.0,6.66,3.75,0.99,5.85
4015,2017-12-04,27.01,27.91,26.48,27.43,103446,293288976.0,5.22,0.11,0.03,5.22
4016,2017-12-05,26.97,27.45,24.61,25.3,119155,322750544.0,10.35,-7.77,-2.13,6.02
4017,2017-12-06,25.01,26.19,24.85,26.16,83359,221760025.0,5.3,3.4,0.86,4.21
4018,2017-12-07,26.06,27.17,25.87,26.81,109041,302632880.0,4.97,2.48,0.65,5.51
4019,2017-12-08,26.42,29.56,26.21,28.13,161025,465804768.0,12.5,4.92,1.32,8.13
4020,2017-12-11,27.92,28.45,27.56,28.3,110730,322561216.0,3.16,0.6,0.17,5.59
4021,2017-12-12,28.06,28.92,27.87,28.02,89020,261128268.0,3.71,-0.99,-0.28,4.5
4022,2017-12-13,27.57,29.29,27.57,29.16,134153,398504576.0,6.14,4.07,1.14,6.78
4023,2017-12-14,28.96,29.34,28.6,29.19,102356,307196032.0,2.54,0.1,0.03,5.17
4024,2017-12-15,28.94,29.13,27.93,28.18,98595,290479904.0,4.11,-3.46,-1.01,4.98
4025,2017-12-18,28.14,28.54,27.19,27.45,78895,227917996.0,4.79,-2.59,-0.73,3.98
4026,2017-12-19,27.64,28.76,27.56,28.71,96013,280870976.0,4.37,4.59,1.26,4.85
4027,2017-12-20,28.41,29.05,28.3,28.62,91397,271369808.0,2.61,-0.31,-0.09,4.62
4028,2017-12-21,28.55,30.09,28.17,29.46,150021,454861008.0,6.71,2.94,0.84,7.58
4029,2017-12-22,29.19,29.46,28.84,29.05,80695,243174186.0,2.1,-1.39,-0.41,4.08
4030,2017-12-25,29.08,29.09,27.89,28.12,77412,226981085.0,4.13,-3.2,-0.93,3.91
4031,2017-12-26,28.18,28.48,27.67,28.39,65073,189705119.0,2.88,0.96,0.27,3.29
4032,2017-12-27,28.27,28.27,26.46,26.54,97064,276024864.0,6.38,-6.52,-1.85,4.9
4033,2017-12-28,26.31,27.03,26.24,26.33,58297,160791007.0,2.98,-0.79,-0.21,2.94
4034,2017-12-29,26.49,27.13,26.36,26.79,41467,115303355.0,2.92,1.75,0.46,2.09
4035,2018-01-02,26.68,26.83,25.79,26.77,58498,160031923.0,3.88,-0.07,-0.02,2.95
4036,2018-01-03,26.66,29.55,26.58,29.2,228938,684203200.0,11.09,9.08,2.43,11.56
4037,2018-01-04,28.91,29.71,28.88,29.48,147307,446322784.0,2.84,0.96,0.28,7.44
4038,2018-01-05,29.39,29.88,28.89,29.71,127257,387021248.0,3.36,0.78,0.23,6.43
4039,2018-01-08,29.55,31.34,29.16,30.8,173119,541543168.0,7.34,3.67,1.09,8.74
4040,2018-01-09,30.53,30.91,29.98,30.66,105710,332913392.0,3.02,-0.45,-0.14,5.34
4041,2018-01-10,30.68,30.68,29.4,29.92,98455,304774592.0,4.17,-2.41,-0.74,4.97
4042,2018-01-11,29.82,32.96,29.43,32.01,192040,630078480.0,11.8,6.99,2.09,9.7
4043,2018-01-12,31.62,32.14,31.06,31.68,115467,376391552.0,3.37,-1.03,-0.33,5.83
4044,2018-01-15,31.35,31.66,28.46,29.1,158272,489509056.0,10.1,-8.14,-2.58,7.99
4045,2018-01-16,29.0,29.83,28.87,29.47,100987,307367088.0,3.3,1.27,0.37,5.1
4046,2018-01-17,29.66,29.92,27.34,28.31,124270,367132688.0,8.75,-3.94,-1.16,6.28
4047,2018-01-18,28.01,28.81,28.01,28.56,58945,173677443.0,2.83,0.88,0.25,2.98
4048,2018-01-19,28.46,29.68,28.19,28.92,79441,239495031.0,5.22,1.26,0.36,4.01
4049,2018-01-22,28.66,29.64,28.08,29.59,66918,201945354.0,5.39,2.32,0.67,3.38
4050,2018-01-23,29.69,30.31,28.99,29.44,65178,199739904.0,4.46,-0.51,-0.15,3.29
4051,2018-01-24,29.27,30.32,28.77,30.24,86031,264549780.0,5.26,2.72,0.8,4.34
4052,2018-01-25,30.11,30.21,29.6,29.64,62507,193202338.0,2.02,-1.98,-0.6,3.16
4053,2018-01-26,29.5,30.05,28.81,28.85,60323,182966706.0,4.18,-2.67,-0.79,3.05
4054,2018-01-29,28.49,28.74,26.75,27.17,101848,290863296.0,6.9,-5.82,-1.68,5.14
4055,2018-01-30,26.89,27.42,26.87,27.24,33966,95888397.0,2.02,0.26,0.07,1.72
4056,2018-01-31,27.38,27.95,27.07,27.58,52049,148733953.0,3.23,1.25,0.34,2.63
4057,2018-02-01,27.46,27.56,25.14,25.26,79765,215980794.0,8.77,-8.41,-2.32,4.03
4058,2018-02-02,24.98,25.81,24.66,25.5,41929,110817570.0,4.55,0.95,0.24,2.12
4059,2018-02-05,24.96,26.08,24.49,25.48,41602,109834602.0,6.24,-0.08,-0.02,2.1
4060,2018-02-06,24.48,24.89,22.83,22.83,61481,153498880.0,8.08,-10.4,-2.65,3.11
4061,2018-02-07,23.61,23.72,22.07,23.14,54096,130498136.0,7.23,1.36,0.31,2.73
4062,2018-02-08,23.0,24.43,23.0,23.96,55330,138295093.0,6.18,3.54,0.82,2.79
4063,2018-02-09,23.04,23.75,22.4,23.11,49286,119168845.0,5.63,-3.55,-0.85,2.49
4064,2018-02-12,23.46,24.33,23.28,23.97,47848,119292057.0,4.54,3.72,0.86,2.42
4065,2018-02-13,24.07,24.33,23.63,23.74,40396,101003277.0,2.92,-0.96,-0.23,2.04
4066,2018-02-14,23.86,24.03,23.64,23.95,22378,55748774.0,1.64,0.88,0.21,1.13
4067,2018-02-22,24.16,24.95,23.92,24.58,35967,91865585.0,4.3,2.63,0.63,1.82
4068,2018-02-23,24.67,24.92,24.5,24.77,43426,111933254.0,1.71,0.77,0.19,2.19
4069,2018-02-26,24.77,26.18,24.69,25.95,78318,207854634.0,6.02,4.76,1.18,3.96
4070,2018-02-27,25.81,26.1,25.59,25.61,53025,142430170.0,1.97,-1.31,-0.34,2.68
4071,2018-02-28,25.17,25.94,24.98,25.77,48065,127832883.0,3.75,0.62,0.16,2.43
4072,2018-03-01,25.46,26.23,25.36,26.0,47621,128217970.0,3.38,0.89,0.23,2.41
4073,2018-03-02,25.85,26.17,25.09,25.24,51602,137519759.0,4.15,-2.92,-0.76,2.61
4074,2018-03-05,25.42,25.72,25.02,25.64,36297,95970312.0,2.77,1.58,0.4,1.83
4075,2018-03-06,25.78,27.29,25.68,26.63,88671,244903301.0,6.28,3.86,0.99,4.48
4076,2018-03-07,26.36,26.46,25.86,25.94,47593,129406180.0,2.25,-2.59,-0.69,2.4
4077,2018-03-08,25.96,26.16,25.68,26.1,34558,93116019.0,1.85,0.62,0.16,1.75
4078,2018-03-09,26.09,26.96,26.09,26.91,63450,175687140.0,3.33,3.1,0.81,3.2
4079,2018-03-12,26.96,27.64,26.86,27.22,66289,187154095.0,2.9,1.15,0.31,3.35
4080,2018-03-13,26.99,27.06,26.46,26.59,40901,113349696.0,2.2,-2.31,-0.63,2.07
4081,2018-03-14,26.61,26.95,26.43,26.53,28563,79148795.0,1.96,-0.23,-0.06,1.44
4082,2018-03-15,26.5,26.79,25.52,26.25,41694,113377473.0,4.79,-1.06,-0.28,2.11
4083,2018-03-16,26.06,26.35,25.87,26.03,25554,69381831.0,1.83,-0.84,-0.22,1.29
4084,2018-03-19,25.96,26.39,25.96,26.06,25405,69122530.0,1.65,0.12,0.03,1.28
4085,2018-03-20,25.76,25.91,25.46,25.85,29829,79687871.0,1.73,-0.81,-0.21,1.51
4086,2018-03-21,25.85,26.55,25.81,25.95,43503,118763263.0,2.86,0.39,0.1,2.2
4087,2018-03-22,25.95,26.27,25.36,25.44,35276,94355085.0,3.51,-1.97,-0.51,1.78
4088,2018-03-23,24.27,24.56,22.79,22.83,63940,157701567.0,6.96,-10.26,-2.61,3.23
4089,2018-03-26,22.41,23.48,22.19,23.47,33747,81041963.0,5.65,2.8,0.64,1.7
4090,2018-03-27,23.86,24.41,23.86,24.28,37228,93812957.0,2.34,3.45,0.81,1.88
4091,2018-03-28,23.85,24.93,23.68,24.19,33435,84777508.0,5.15,-0.37,-0.09,1.69
4092,2018-03-29,24.26,24.56,23.96,24.32,27347,69107090.0,2.48,0.54,0.13,1.38
4093,2018-03-30,24.28,25.19,24.18,24.9,41555,107351643.0,4.15,2.38,0.58,2.1
4094,2018-04-02,25.16,26.12,24.97,25.57,57150,152461019.0,4.62,2.69,0.67,2.89
4095,2018-04-03,25.41,28.23,25.05,28.23,69960,196622129.0,12.44,10.4,2.66,3.53
4096,2018-04-04,31.16,31.16,29.29,29.76,279898,883421888.0,6.62,5.42,1.53,14.14
4097,2018-04-09,28.89,30.46,28.29,28.45,144010,435764336.0,7.29,-4.4,-1.31,7.27
4098,2018-04-10,28.8,29.17,27.1,27.74,122986,358078784.0,7.28,-2.5,-0.71,6.21
4099,2018-04-11,27.86,28.29,27.64,27.89,68510,198661594.0,2.34,0.54,0.15,3.46
4100,2018-04-12,27.76,28.2,27.27,27.79,57113,164375310.0,3.33,-0.36,-0.1,2.88
4101,2018-04-13,28.09,28.14,27.42,27.56,43021,123881671.0,2.59,-0.83,-0.23,2.17
4102,2018-04-16,27.4,28.16,27.26,28.14,53701,155233182.0,3.27,2.1,0.58,2.71
4103,2018-04-17,28.17,28.65,26.34,26.67,70510,202198664.0,8.21,-5.22,-1.47,3.56
4104,2018-04-18,26.92,27.71,26.04,27.66,66099,185135473.0,6.26,3.71,0.99,3.34
4105,2018-04-19,27.11,27.58,27.04,27.24,51646,146312034.0,1.95,-1.52,-0.42,2.61
4106,2018-04-20,26.98,27.21,25.66,26.47,54013,148577269.0,5.69,-2.83,-0.77,2.73
4107,2018-04-23,25.86,26.11,25.01,25.21,55891,148176700.0,4.16,-4.76,-1.26,2.82
4108,2018-04-24,25.36,26.17,24.78,26.12,48658,129590657.0,5.51,3.61,0.91,2.46
4109,2018-04-25,25.86,27.41,25.74,27.1,62284,173759235.0,6.39,3.75,0.98,3.15
4110,2018-04-26,26.91,26.93,25.56,25.58,52881,143661824.0,5.06,-5.61,-1.52,2.67
4111,2018-04-27,26.46,27.75,25.96,26.31,67206,187232171.0,7.0,2.85,0.73,3.39
4112,2018-05-02,27.71,27.96,26.56,27.39,81984,232364370.0,5.32,4.1,1.08,4.14
4113,2018-05-03,27.42,30.23,26.78,29.07,169236,506083616.0,12.6,6.13,1.68,8.55
4114,2018-05-04,28.11,28.24,27.19,27.37,117984,338264976.0,3.61,-5.85,-1.7,5.96
4115,2018-05-07,27.15,27.54,26.79,27.35,63712,179639439.0,2.74,-0.07,-0.02,3.22
4116,2018-05-08,27.37,27.44,26.87,27.06,44182,124219503.0,2.08,-1.06,-0.29,2.23
4117,2018-05-09,26.92,27.01,26.07,26.42,56877,156594087.0,3.47,-2.37,-0.64,2.87
4118,2018-05-10,26.38,26.74,26.29,26.65,35183,97072979.0,1.7,0.87,0.23,1.78
4119,2018-05-11,26.75,27.58,26.51,27.39,71239,201359632.0,4.02,2.78,0.74,3.6
4120,2018-05-14,27.56,28.23,27.24,27.56,68986,198945638.0,3.61,0.62,0.17,3.48
4121,2018-05-15,27.27,27.45,26.77,27.44,40733,114458151.0,2.47,-0.44,-0.12,2.06
4122,2018-05-16,27.17,28.22,27.1,27.86,61621,178354626.0,4.08,1.53,0.42,3.11
4123,2018-05-17,27.91,28.42,27.69,28.29,57408,167589025.0,2.62,1.54,0.43,2.9
4124,2018-05-18,28.07,28.26,27.36,27.87,43697,125781613.0,3.18,-1.48,-0.42,2.21
4125,2018-05-21,28.18,28.81,27.84,28.38,58367,172171086.0,3.48,1.83,0.51,2.95
4126,2018-05-22,28.27,29.46,27.95,28.95,75260,224453286.0,5.32,2.01,0.57,3.8
4127,2018-05-23,28.56,28.88,28.11,28.14,45217,133705008.0,2.66,-2.8,-0.81,2.28
4128,2018-05-24,28.16,28.94,28.16,28.59,38377,113960923.0,2.77,1.6,0.45,1.94
4129,2018-05-25,28.6,29.41,28.6,28.9,51145,153549410.0,2.83,1.08,0.31,2.58
4130,2018-05-28,28.89,29.63,28.47,29.25,56298,169812837.0,4.01,1.21,0.35,2.84
4131,2018-05-29,29.05,29.82,28.78,28.82,49924,151175551.0,3.56,-1.47,-0.43,2.52
4132,2018-05-30,27.91,27.91,26.82,26.85,51277,145883351.0,3.78,-6.84,-1.97,2.59
4133,2018-05-31,27.16,27.49,26.92,27.46,28943,81808071.0,2.12,2.27,0.61,1.46
4134,2018-06-01,27.26,27.89,27.16,27.77,30949,88593593.0,2.66,1.13,0.31,1.56
4135,2018-06-04,27.56,27.75,27.24,27.44,19941,56882361.0,1.84,-1.19,-0.33,1.01
4136,2018-06-05,27.46,28.34,27.46,28.33,30577,88762871.0,3.21,3.24,0.89,1.54
4137,2018-06-06,28.23,29.15,28.17,29.0,39191,117056610.0,3.46,2.36,0.67,1.98
4138,2018-06-07,29.14,29.14,28.39,28.91,29084,86604318.0,2.59,-0.31,-0.09,1.47
4139,2018-06-08,28.75,29.56,28.58,28.84,37215,111861679.0,3.39,-0.24,-0.07,1.88
4140,2018-06-11,28.4,28.4,27.61,27.65,34301,99110680.0,2.74,-4.13,-1.19,1.73
4141,2018-06-12,27.66,28.3,27.27,28.16,22414,64837655.0,3.73,1.84,0.51,1.13
4142,2018-06-13,27.86,28.82,27.68,28.1,31453,92171022.0,4.05,-0.21,-0.06,1.59
4143,2018-06-14,27.95,29.29,27.66,28.98,49574,147449182.0,5.8,3.13,0.88,2.5
4144,2018-06-15,28.94,29.25,28.35,28.84,36352,108118869.0,3.11,-0.48,-0.14,1.84
4145,2018-06-19,28.44,28.44,25.85,25.85,57283,159933528.0,8.98,-10.37,-2.99,2.89
4146,2018-06-20,25.08,26.41,25.07,26.19,35672,95946323.0,5.18,1.32,0.34,1.8
4147,2018-06-21,26.16,26.36,23.97,24.25,53070,137782601.0,9.13,-7.41,-1.94,2.68
4148,2018-06-22,23.86,25.05,23.5,24.98,31972,81720889.0,6.39,3.01,0.73,1.61
4149,2018-06-25,24.99,25.01,24.34,24.41,25343,65208220.0,2.68,-2.28,-0.57,1.28
4150,2018-06-26,23.96,24.99,23.76,24.9,19022,48835743.0,5.04,2.01,0.49,0.96
4151,2018-06-27,24.87,25.77,24.71,25.16,24873,65400823.0,4.26,1.04,0.26,1.26
4152,2018-06-28,25.96,26.19,25.16,25.27,30364,81053701.0,4.09,0.44,0.11,1.53
4153,2018-06-29,25.21,26.54,24.99,26.37,37851,101894132.0,6.13,4.35,1.1,1.91
4154,2018-07-02,27.96,28.15,26.84,27.27,77841,223108183.0,4.97,3.41,0.9,3.93
4155,2018-07-03,27.04,28.45,26.66,28.25,67485,193381443.0,6.56,3.59,0.98,3.41
4156,2018-07-04,27.78,28.02,27.06,27.25,37421,106872905.0,3.4,-3.54,-1.0,1.89
4157,2018-07-05,27.14,27.24,25.89,26.07,36545,100837495.0,4.95,-4.33,-1.18,1.85
4158,2018-07-06,26.14,27.37,25.94,26.58,34816,96412493.0,5.49,1.96,0.51,1.76
4159,2018-07-09,26.98,28.1,26.98,27.77,45682,131452967.0,4.21,4.48,1.19,2.31
4160,2018-07-10,28.06,28.21,27.59,28.12,42443,122793236.0,2.23,1.26,0.35,2.14
4161,2018-07-11,27.59,27.92,27.23,27.83,36261,103911052.0,2.45,-1.03,-0.29,1.83
4162,2018-07-12,28.62,28.96,28.24,28.8,65297,194316566.0,2.59,3.49,0.97,3.3
4163,2018-07-13,28.55,29.01,28.34,28.72,38034,111304704.0,2.33,-0.28,-0.08,1.92
4164,2018-07-16,28.76,31.66,28.74,31.29,158124,501711888.0,10.17,8.95,2.57,7.99
4165,2018-07-17,30.94,31.74,30.74,31.68,88377,282199936.0,3.2,1.25,0.39,4.46
4166,2018-07-18,31.79,32.58,31.16,32.01,76742,247995862.0,4.48,1.04,0.33,3.88
4167,2018-07-19,32.41,35.28,32.04,34.66,119097,418148336.0,10.12,8.28,2.65,6.01
4168,2018-07-20,34.67,34.71,32.61,33.05,113159,384840960.0,6.06,-4.65,-1.61,5.72
4169,2018-07-23,33.44,34.13,32.53,33.19,77372,262704421.0,4.84,0.42,0.14,3.91
4170,2018-07-24,32.83,34.12,32.18,33.72,89197,300248000.0,5.85,1.6,0.53,4.5
4171,2018-07-25,33.43,34.24,32.86,33.26,66332,226395740.0,4.09,-1.36,-0.46,3.35
4172,2018-07-26,33.41,33.59,31.06,31.53,90328,296154368.0,7.61,-5.2,-1.73,4.56
4173,2018-07-27,31.86,32.09,31.37,31.66,47621,154192564.0,2.28,0.41,0.13,2.41
4174,2018-07-30,32.06,32.22,30.32,30.77,70763,223440171.0,6.0,-2.81,-0.89,3.57
4175,2018-07-31,31.06,31.14,27.63,27.63,137920,405580976.0,11.41,-10.2,-3.14,6.97
4176,2018-08-01,27.46,28.02,26.7,26.86,80286,225428747.0,4.78,-2.79,-0.77,4.05
4177,2018-08-02,26.73,26.74,24.98,25.83,70186,185782478.0,6.55,-3.83,-1.03,3.54
4178,2018-08-03,25.91,26.08,25.06,25.23,52064,135941597.0,3.95,-2.32,-0.6,2.63
4179,2018-08-06,25.21,25.21,23.91,24.1,63571,159790121.0,5.15,-4.48,-1.13,3.21
4180,2018-08-07,24.39,24.89,23.98,24.78,64747,162652054.0,3.78,2.82,0.68,3.27
4181,2018-08-08,24.56,24.73,22.24,22.41,105809,253498668.0,10.05,-9.56,-2.37,5.34
4182,2018-08-09,22.19,24.55,22.19,23.93,96822,234863790.0,10.53,6.78,1.52,4.89
4183,2018-08-10,24.01,24.81,23.96,24.39,76001,190164910.0,3.55,1.92,0.46,3.84
4184,2018-08-13,24.29,25.93,24.06,25.06,106047,272469568.0,7.67,2.75,0.67,5.36
4185,2018-08-14,24.94,25.15,24.45,24.58,55690,141326165.0,2.79,-1.92,-0.48,2.81
4186,2018-08-15,24.96,25.02,23.43,23.76,62382,154901184.0,6.47,-3.34,-0.82,3.15
4187,2018-08-16,23.33,24.69,22.86,24.05,62696,154745835.0,7.7,1.22,0.29,3.17
4188,2018-08-17,24.43,24.61,22.82,22.9,62027,150175694.0,7.44,-4.78,-1.15,3.13
4189,2018-08-20,22.8,24.29,22.8,24.28,66760,161563459.0,6.51,6.03,1.38,3.37
4190,2018-08-21,24.28,24.61,23.7,24.3,69017,171224575.0,3.75,0.08,0.02,3.49
4191,2018-08-22,24.16,24.16,23.42,23.46,40264,98193774.0,3.05,-3.46,-0.84,2.03
4192,2018-08-23,23.38,24.33,23.38,23.98,56127,138127388.0,4.05,2.22,0.52,2.83
4193,2018-08-24,23.8,23.99,23.49,23.71,35082,85440809.0,2.09,-1.13,-0.27,1.77
4194,2018-08-27,23.81,24.81,23.76,24.7,75464,189611567.0,4.43,4.18,0.99,3.81
4195,2018-08-28,24.62,25.15,24.29,24.51,68814,173982133.0,3.48,-0.77,-0.19,3.48
4196,2018-08-29,24.39,24.8,24.38,24.73,52522,132573492.0,1.71,0.9,0.22,2.65
4197,2018-08-30,24.73,24.74,23.89,23.94,46037,114238047.0,3.44,-3.19,-0.79,2.33
4198,2018-08-31,24.23,25.04,24.16,24.61,94145,238351764.0,3.68,2.8,0.67,4.75
4199,2018-09-03,24.21,24.21,22.76,23.88,70486,170609563.0,5.89,-2.97,-0.73,3.56
4200,2018-09-04,23.76,24.08,23.48,23.87,50933,124493900.0,2.51,-0.04,-0.01,2.57
4201,2018-09-05,23.79,24.2,23.5,23.51,53474,130805738.0,2.93,-1.51,-0.36,2.7
4202,2018-09-06,23.36,23.69,23.0,23.06,43571,104226940.0,2.93,-1.91,-0.45,2.2
4203,2018-09-07,23.18,23.47,22.07,22.34,52681,123072685.0,6.07,-3.12,-0.72,2.66
4204,2018-09-10,22.27,22.35,20.51,20.83,60787,133414053.0,8.24,-6.76,-1.51,3.07
4205,2018-09-11,20.98,21.49,20.84,21.2,39873,86972805.0,3.12,1.78,0.37,2.01
4206,2018-09-12,21.15,21.58,20.97,21.22,28177,61788258.0,2.88,0.09,0.02,1.42
4207,2018-09-13,21.66,21.81,21.05,21.71,37841,83764372.0,3.58,2.31,0.49,1.91
4208,2018-09-14,21.71,21.71,21.17,21.3,27169,59961865.0,2.49,-1.89,-0.41,1.37
4209,2018-09-17,21.06,21.06,20.6,20.74,23841,51139387.0,2.16,-2.63,-0.56,1.2
4210,2018-09-18,20.46,21.19,20.46,21.17,31383,67491242.0,3.52,2.07,0.43,1.59
4211,2018-09-19,21.04,21.6,20.79,21.31,37679,82431370.0,3.83,0.66,0.14,1.9
4212,2018-09-20,21.27,21.75,21.24,21.38,35592,78766261.0,2.39,0.33,0.07,1.8
4213,2018-09-21,21.46,21.85,21.12,21.76,40796,90465965.0,3.41,1.78,0.38,2.06
4214,2018-09-25,21.47,21.76,21.39,21.59,22177,49279594.0,1.7,-0.78,-0.17,1.12
4215,2018-09-26,21.55,21.84,21.42,21.63,32875,73431086.0,1.95,0.19,0.04,1.66
4216,2018-09-27,21.51,21.65,20.76,20.86,36531,79894036.0,4.11,-3.56,-0.77,1.85
4217,2018-09-28,20.96,21.39,20.92,21.37,26656,58129182.0,2.25,2.44,0.51,1.35
4218,2018-10-08,20.85,21.03,19.46,19.53,46924,97922888.0,7.35,-8.61,-1.84,2.37
4219,2018-10-09,19.6,20.12,19.6,19.97,36297,74539191.0,2.66,2.25,0.44,1.83
4220,2018-10-10,20.08,20.44,20.01,20.36,30906,64605265.0,2.15,1.95,0.39,1.56
4221,2018-10-11,19.46,19.85,18.26,18.26,59642,116533277.0,7.81,-10.31,-2.1,3.01
4222,2018-10-12,17.71,18.34,16.76,17.86,43199,79140995.0,8.65,-2.19,-0.4,2.18
4223,2018-10-15,18.0,18.54,17.76,17.78,31045,58411421.0,4.37,-0.45,-0.08,1.57
4224,2018-10-16,17.81,18.28,17.23,17.54,25523,47062914.0,5.91,-1.35,-0.24,1.29
4225,2018-10-17,17.97,18.09,17.07,17.8,32200,59018686.0,5.82,1.48,0.26,1.63
4226,2018-10-18,17.55,17.63,16.98,17.07,28203,50639162.0,3.65,-4.1,-0.73,1.42
4227,2018-10-19,16.62,17.77,16.59,17.7,35755,64374047.0,6.91,3.69,0.63,1.81
4228,2018-10-22,18.04,18.92,17.81,18.56,52817,100632180.0,6.27,4.86,0.86,2.67
4229,2018-10-23,18.54,18.55,17.87,17.92,37437,70588160.0,3.66,-3.45,-0.64,1.89
4230,2018-10-24,17.92,18.15,17.42,17.57,41184,75605424.0,4.07,-1.95,-0.35,2.08
4231,2018-10-25,16.82,17.05,16.36,16.98,54738,95017194.0,3.93,-3.36,-0.59,2.76
4232,2018-10-26,17.16,17.53,16.86,17.4,46122,82684643.0,3.95,2.47,0.42,2.33
4233,2018-10-29,17.23,17.71,17.08,17.17,34933,63122559.0,3.62,-1.32,-0.23,1.76
4234,2018-10-30,17.28,17.59,16.51,17.47,37203,65956765.0,6.29,1.75,0.3,1.88
4235,2018-10-31,17.55,17.92,17.31,17.67,40903,74550639.0,3.49,1.14,0.2,2.07
4236,2018-11-01,17.89,18.31,17.74,17.79,53845,100399661.0,3.23,0.68,0.12,2.72
4237,2018-11-02,18.21,18.52,17.91,18.5,67124,126776473.0,3.43,3.99,0.71,3.39
4238,2018-11-05,18.58,18.89,18.15,18.53,66820,128209118.0,4.0,0.16,0.03,3.37
4239,2018-11-06,18.37,18.37,17.98,18.26,41482,77891251.0,2.1,-1.46,-0.27,2.1
4240,2018-11-07,18.34,19.61,18.26,18.91,94424,184375049.0,7.39,3.56,0.65,4.77
4241,2018-11-08,18.97,19.31,18.56,18.66,60763,118923309.0,3.97,-1.32,-0.25,3.07
4242,2018-11-09,18.49,19.31,18.37,18.85,68483,134231385.0,5.04,1.02,0.19,3.46
4243,2018-11-12,18.82,19.29,18.64,19.24,55650,109701880.0,3.45,2.07,0.39,2.81
4244,2018-11-13,18.86,19.3,18.81,19.16,69372,136809947.0,2.55,-0.42,-0.08,3.5
4245,2018-11-14,19.14,19.46,19.06,19.13,52421,104216134.0,2.09,-0.16,-0.03,2.65
4246,2018-11-15,19.11,19.51,19.07,19.49,53713,107247094.0,2.3,1.88,0.36,2.71
4247,2018-11-16,19.56,20.48,19.44,20.47,91213,187821356.0,5.34,5.03,0.98,4.61
4248,2018-11-19,20.21,20.36,20.04,20.19,48609,101172658.0,1.56,-1.37,-0.28,2.46
4249,2018-11-20,20.05,20.05,18.99,19.13,57860,117236016.0,5.25,-5.25,-1.06,2.92
4250,2018-11-21,18.83,19.84,18.78,19.76,55279,111290194.0,5.54,3.29,0.63,2.79
4251,2018-11-22,19.89,20.02,19.38,19.73,38710,78911069.0,3.24,-0.15,-0.03,1.96
4252,2018-11-23,19.74,19.74,18.86,18.93,37211,73670293.0,4.46,-4.05,-0.8,1.88
4253,2018-11-26,18.86,20.89,18.86,20.21,112242,233879315.0,10.72,6.76,1.28,5.67
4254,2018-11-27,20.17,21.04,19.99,20.94,113110,239866929.0,5.2,3.61,0.73,5.71
4255,2018-11-28,20.73,21.51,20.54,20.76,120290,259635254.0,4.63,-0.86,-0.18,6.08
4256,2018-11-29,20.92,21.0,20.07,20.12,72636,153171232.0,4.48,-3.08,-0.64,3.67
4257,2018-11-30,19.94,20.31,19.47,20.17,52989,108827468.0,4.17,0.25,0.05,2.68
4258,2018-12-03,20.73,21.21,20.39,21.0,99656,214276419.0,4.07,4.12,0.83,5.03
4259,2018-12-04,20.85,21.06,20.52,20.79,56593,121259232.0,2.57,-1.0,-0.21,2.86
4260,2018-12-05,20.16,20.56,20.07,20.41,40242,84359316.0,2.36,-1.83,-0.38,2.03
4261,2018-12-06,20.11,20.14,19.49,19.59,54603,111688349.0,3.18,-4.02,-0.82,2.76
4262,2018-12-07,19.76,20.11,19.76,19.78,35640,73227390.0,1.79,0.97,0.19,1.8
4263,2018-12-10,19.58,20.26,19.53,20.22,43382,89489393.0,3.69,2.22,0.44,2.19
4264,2018-12-11,20.11,20.95,20.07,20.84,76429,162931141.0,4.35,3.07,0.62,3.86
4265,2018-12-12,21.06,21.06,20.48,20.51,48402,103120235.0,2.78,-1.58,-0.33,2.44
4266,2018-12-13,20.59,21.34,20.48,21.28,83999,182064552.0,4.19,3.75,0.77,4.24
4267,2018-12-14,21.06,21.24,20.58,20.66,55979,120447338.0,3.1,-2.91,-0.62,2.83
4268,2018-12-17,20.51,20.62,20.08,20.5,31924,66971234.0,2.61,-0.77,-0.16,1.61
4269,2018-12-18,20.34,20.56,20.07,20.16,32062,67132763.0,2.39,-1.66,-0.34,1.62
4270,2018-12-19,20.16,20.61,20.1,20.12,31161,65363465.0,2.53,-0.2,-0.04,1.57
4271,2018-12-20,20.06,20.12,19.72,20.02,34061,70046552.0,1.99,-0.5,-0.1,1.72
4272,2018-12-21,19.98,20.3,19.6,19.84,31225,64266531.0,3.5,-0.9,-0.18,1.58
4273,2018-12-24,19.81,20.69,19.74,20.65,56458,118953702.0,4.79,4.08,0.81,2.85
4274,2018-12-25,20.36,21.56,20.08,21.43,111521,240438790.0,7.17,3.78,0.78,5.63
4275,2018-12-26,21.26,21.52,20.87,20.95,75648,164908892.0,3.03,-2.24,-0.48,3.82
4276,2018-12-27,21.29,21.86,21.15,21.44,109894,243929740.0,3.39,2.34,0.49,5.55
4277,2018-12-28,21.31,22.02,21.17,21.6,95353,212616263.0,3.96,0.75,0.16,4.82
4278,2019-01-02,21.57,22.23,21.29,22.14,94727,213100499.0,4.35,2.5,0.54,4.78
4279,2019-01-03,21.96,22.08,20.84,20.98,97927,215600748.0,5.6,-5.24,-1.16,4.95
4280,2019-01-04,20.66,22.0,20.52,21.87,86719,191842147.0,7.05,4.24,0.89,4.38
4281,2019-01-07,21.96,22.96,21.79,22.32,114657,264568001.0,5.35,2.06,0.45,5.79
4282,2019-01-08,22.11,22.8,21.87,22.0,82417,188718257.0,4.17,-1.43,-0.32,4.16
4283,2019-01-09,22.0,22.51,21.67,21.79,80949,183786441.0,3.82,-0.95,-0.21,4.09
4284,2019-01-10,21.74,23.16,21.72,22.56,106983,247239177.0,6.61,3.53,0.77,5.4
4285,2019-01-11,22.66,23.1,22.39,22.71,92640,217133691.0,3.15,0.66,0.15,4.68
4286,2019-01-14,22.72,22.72,22.05,22.49,51792,118878521.0,2.95,-0.97,-0.22,2.62
4287,2019-01-15,22.35,22.64,21.99,22.59,56627,129942389.0,2.89,0.44,0.1,2.86
4288,2019-01-16,22.44,22.51,22.02,22.05,48722,111309857.0,2.17,-2.39,-0.54,2.46
4289,2019-01-17,21.97,22.2,21.61,21.63,44933,101142222.0,2.68,-1.9,-0.42,2.27
4290,2019-01-18,21.64,21.84,21.2,21.65,46290,102589713.0,2.96,0.09,0.02,2.34
4291,2019-01-21,21.65,22.24,21.65,21.95,45300,102458507.0,2.73,1.39,0.3,2.29
4292,2019-01-22,21.81,21.83,21.41,21.51,31768,70439189.0,1.91,-2.0,-0.44,1.6
4293,2019-01-23,21.5,21.55,21.16,21.37,30861,67724777.0,1.81,-0.65,-0.14,1.56
4294,2019-01-24,21.31,21.83,21.23,21.64,33002,73486325.0,2.81,1.26,0.27,1.67
4295,2019-01-25,21.59,21.69,21.17,21.24,28016,61835011.0,2.4,-1.85,-0.4,1.41
4296,2019-01-28,21.27,21.53,21.17,21.25,20395,44806173.0,1.69,0.05,0.01,1.03
4297,2019-01-29,21.24,21.24,19.06,20.11,38748,80875145.0,10.26,-5.36,-1.14,1.96
4298,2019-01-30,20.05,20.47,19.71,19.77,22956,47573749.0,3.78,-1.69,-0.34,1.16
4299,2019-01-31,19.86,20.16,19.51,19.75,20945,42878279.0,3.29,-0.1,-0.02,1.06
4300,2019-02-01,19.87,20.34,19.87,20.33,19269,40063893.0,2.38,2.94,0.58,0.97
4301,2019-02-11,20.35,21.16,20.34,21.01,35988,77468163.0,4.03,3.34,0.68,1.82
4302,2019-02-12,21.0,21.41,20.91,21.12,32307,70463057.0,2.38,0.52,0.11,1.63
4303,2019-02-13,21.24,22.02,21.15,21.9,79681,178496353.0,4.12,3.69,0.78,4.02
4304,2019-02-14,21.84,22.02,21.66,21.88,47566,106740090.0,1.64,-0.09,-0.02,2.4
4305,2019-02-15,21.84,22.26,21.73,22.06,52814,119697912.0,2.42,0.82,0.18,2.67
4306,2019-02-18,22.25,22.76,21.97,22.76,66779,153919157.0,3.58,3.17,0.7,3.37
4307,2019-02-19,22.76,22.76,21.99,22.36,66508,153065833.0,3.38,-1.76,-0.4,3.36
4308,2019-02-20,22.33,22.33,21.84,22.2,40450,91876285.0,2.19,-0.72,-0.16,2.04
4309,2019-02-21,22.11,23.19,22.06,22.41,121492,284386352.0,5.09,0.95,0.21,6.14
4310,2019-02-22,22.43,23.82,22.43,23.56,117316,279260384.0,6.2,5.13,1.15,5.93
4311,2019-02-25,24.06,25.11,23.67,24.74,131452,329829712.0,6.11,5.01,1.18,6.64
4312,2019-02-26,24.37,24.81,23.78,24.0,114295,284046848.0,4.16,-2.99,-0.74,5.77
4313,2019-02-27,23.96,24.29,23.29,23.59,83236,204238529.0,4.17,-1.71,-0.41,4.2
4314,2019-02-28,23.68,24.01,23.54,23.94,50915,124414445.0,1.99,1.48,0.35,2.57
4315,2019-03-01,24.01,24.14,23.46,23.87,47112,114721772.0,2.84,-0.29,-0.07,2.38
4316,2019-03-04,24.02,24.6,23.57,23.95,100660,250353857.0,4.32,0.34,0.08,5.08
4317,2019-03-19,26.41,26.41,26.41,26.41,4281,11581106.0,0.0,10.27,2.46,0.22
4318,2019-03-20,29.12,29.12,29.12,29.12,7275,21649477.0,0.0,10.26,2.71,0.37
4319,2019-03-21,32.1,32.1,32.1,32.1,5863,19196772.0,0.0,10.23,2.98,0.3
4320,2019-03-22,35.37,35.37,35.37,35.37,56705,204195965.0,0.0,10.19,3.27,2.86
4321,2019-03-25,38.97,38.97,37.11,38.97,376231,1468471488.0,5.26,10.18,3.6,19.0
4322,2019-03-26,39.87,41.25,37.44,37.8,351866,1411549456.0,9.78,-3.0,-1.17,17.77
4323,2019-03-27,37.36,41.26,37.36,39.74,307778,1234944944.0,10.32,5.13,1.94,15.54
4324,2019-03-28,39.06,43.78,36.59,37.36,441503,1841219744.0,18.09,-5.99,-2.38,22.3
4325,2019-03-29,36.74,37.36,34.37,35.61,279746,1014365040.0,8.0,-4.68,-1.75,14.13
4326,2019-04-01,36.24,37.34,35.84,36.67,241266,895122512.0,4.21,2.98,1.06,12.19
4327,2019-04-02,36.34,40.4,36.24,38.16,416692,1647178528.0,11.34,4.06,1.49,21.05
4328,2019-04-03,36.58,36.66,34.36,35.42,246722,888659760.0,6.03,-7.18,-2.74,12.46
4329,2019-04-04,35.36,35.81,34.37,35.11,154992,552705360.0,4.07,-0.88,-0.31,7.83
4330,2019-04-08,35.23,35.74,34.39,35.04,111728,398308736.0,3.85,-0.2,-0.07,5.64
4331,2019-04-09,34.97,35.73,34.56,35.5,107916,388180896.0,3.34,1.31,0.46,5.45
4332,2019-04-10,35.09,35.09,33.38,34.17,134780,467910064.0,4.82,-3.75,-1.33,6.81
4333,2019-04-11,34.24,34.51,33.41,33.51,90001,309667152.0,3.22,-1.93,-0.66,4.55
4334,2019-04-12,33.38,33.84,32.08,32.26,106654,356463296.0,5.25,-3.73,-1.25,5.39
4335,2019-04-15,32.86,33.57,32.17,32.3,86340,289999296.0,4.34,0.12,0.04,4.36
4336,2019-04-16,31.31,34.26,31.11,33.86,152187,513759920.0,9.75,4.83,1.56,7.69
4337,2019-04-17,33.54,34.07,32.64,32.94,118373,400144640.0,4.22,-2.72,-0.92,5.98
4338,2019-04-18,32.48,32.93,32.05,32.06,73959,244378081.0,2.67,-2.67,-0.88,3.74
4339,2019-04-19,32.36,33.04,31.64,32.42,97365,321378864.0,4.37,1.12,0.36,4.92
4340,2019-04-22,32.19,33.92,32.01,32.86,136667,463005728.0,5.89,1.36,0.44,6.9
4341,2019-04-23,32.66,32.66,29.94,30.17,139618,441572880.0,8.28,-8.19,-2.69,7.05
4342,2019-04-24,30.47,31.15,30.13,31.07,82887,260184207.0,3.38,2.98,0.9,4.19
4343,2019-04-25,31.27,31.29,30.03,30.03,77866,243173451.0,4.06,-3.35,-1.04,3.93
4344,2019-04-26,30.11,30.88,30.03,30.03,58994,183648873.0,2.83,0.0,0.0,2.98
4345,2019-04-29,29.96,30.33,27.79,27.96,90106,263181088.0,8.46,-6.89,-2.07,4.55
4346,2019-04-30,28.14,28.85,27.87,28.53,54566,158875244.0,3.51,2.04,0.57,2.76
4347,2019-05-06,26.86,27.35,25.61,25.61,80031,216465390.0,6.1,-10.23,-2.92,4.04
4348,2019-05-07,25.79,26.61,25.46,26.06,68905,184000952.0,4.49,1.76,0.45,3.48
4349,2019-05-08,25.54,27.16,25.15,26.42,71786,193728292.0,7.71,1.38,0.36,3.63
4350,2019-05-09,26.35,26.96,26.03,26.11,57075,154940649.0,3.52,-1.17,-0.31,2.88
4351,2019-05-10,26.66,27.64,25.36,27.54,103596,285488848.0,8.73,5.48,1.43,5.23
4352,2019-05-13,27.15,27.53,26.56,26.82,60124,166135473.0,3.52,-2.61,-0.72,3.04
4353,2019-05-14,26.26,28.15,26.09,27.45,91977,257475213.0,7.68,2.35,0.63,4.65
4354,2019-05-15,27.56,28.16,27.48,27.7,80250,227407731.0,2.48,0.91,0.25,4.05
4355,2019-05-16,27.68,27.7,26.98,27.35,62372,173773667.0,2.6,-1.26,-0.35,3.15
4356,2019-05-17,27.36,27.84,25.71,25.84,77486,212316367.0,7.79,-5.52,-1.51,3.91
4357,2019-05-20,25.85,27.29,25.66,26.81,85610,233958263.0,6.31,3.75,0.97,4.32
4358,2019-05-21,26.81,28.13,26.21,27.56,106398,298014816.0,7.16,2.8,0.75,5.37
4359,2019-05-22,27.91,30.38,27.46,29.82,204550,614636976.0,10.6,8.2,2.26,10.33
4360,2019-05-23,28.36,29.24,28.08,28.13,128459,375794384.0,3.89,-5.67,-1.69,6.49
4361,2019-05-24,27.86,28.13,26.56,26.65,84851,236030848.0,5.58,-5.26,-1.48,4.29
4362,2019-05-27,26.59,27.93,26.58,27.92,77412,217514765.0,5.07,4.77,1.27,3.91
4363,2019-05-28,27.66,28.56,27.66,27.78,82240,236380730.0,3.22,-0.5,-0.14,4.15
4364,2019-05-29,27.64,28.55,27.64,28.06,61756,177836326.0,3.28,1.01,0.28,3.12
4365,2019-05-30,27.94,28.01,26.95,27.57,57327,160418143.0,3.78,-1.75,-0.49,2.9
4366,2019-05-31,27.74,28.11,27.01,27.12,59228,166853266.0,3.99,-1.63,-0.45,2.99
4367,2019-06-03,27.26,28.18,26.21,27.5,85414,237945046.0,7.26,1.4,0.38,4.31
4368,2019-06-04,27.94,29.86,27.94,28.64,167688,494924384.0,6.98,4.15,1.14,8.47
4369,2019-06-05,29.06,29.56,28.24,29.14,121895,360939936.0,4.61,1.75,0.5,6.16
4370,2019-06-06,28.54,28.65,26.94,27.15,92292,260980407.0,5.87,-6.83,-1.99,4.66
4371,2019-06-10,27.11,28.1,27.11,27.99,61149,173971520.0,3.65,3.09,0.84,3.09
4372,2019-06-11,27.88,28.95,27.36,28.79,95292,275873984.0,5.68,2.86,0.8,4.81
4373,2019-06-12,28.57,29.23,28.28,28.47,76077,223509759.0,3.3,-1.11,-0.32,3.84
4374,2019-06-13,28.54,28.73,28.18,28.57,45460,132066979.0,1.93,0.35,0.1,2.3
4375,2019-06-14,28.57,28.66,27.46,27.57,55772,159160882.0,4.2,-3.5,-1.0,2.82
4376,2019-06-17,27.37,27.57,27.06,27.2,32182,89703414.0,1.85,-1.34,-0.37,1.63
4377,2019-06-18,27.34,27.49,26.66,27.07,30066,83303808.0,3.05,-0.48,-0.13,1.52
4378,2019-06-19,27.84,27.94,27.06,27.07,44498,125105354.0,3.25,0.0,0.0,2.25
4379,2019-06-20,27.05,27.52,26.52,27.4,53573,148430046.0,3.69,1.22,0.33,2.71
4380,2019-06-21,27.36,28.25,27.27,27.91,63282,180524921.0,3.58,1.86,0.51,3.2
4381,2019-06-24,28.03,28.31,27.44,27.61,42062,119592016.0,3.12,-1.07,-0.3,2.12
4382,2019-06-25,27.61,27.61,26.86,27.09,41233,114318624.0,2.72,-1.88,-0.52,2.08
4383,2019-06-26,27.07,27.46,26.93,27.2,27994,77971100.0,1.96,0.41,0.11,1.41
4384,2019-06-27,27.22,27.68,27.12,27.57,45980,129074316.0,2.06,1.36,0.37,2.32
4385,2019-06-28,27.61,27.61,26.76,26.97,36233,100281823.0,3.08,-2.18,-0.6,1.83
4386,2019-07-01,27.57,28.03,27.48,28.0,71204,202671850.0,2.04,3.82,1.03,3.6
4387,2019-07-02,27.99,28.15,27.66,27.79,39034,111227420.0,1.75,-0.75,-0.21,1.97
4388,2019-07-03,27.79,27.88,27.12,27.41,40442,113196260.0,2.73,-1.37,-0.38,2.04
4389,2019-07-04,27.46,27.86,27.16,27.8,37101,104256693.0,2.55,1.42,0.39,1.87
4390,2019-07-05,27.71,28.04,27.46,28.04,33276,94698054.0,2.09,0.86,0.24,1.68
4391,2019-07-08,27.41,27.81,26.73,26.83,42631,118365437.0,3.85,-4.32,-1.21,2.15
4392,2019-07-09,26.76,27.29,26.76,27.21,22785,63017478.0,1.98,1.42,0.38,1.15
4393,2019-07-10,27.13,28.04,26.97,27.74,50602,143201272.0,3.93,1.95,0.53,2.56
4394,2019-07-11,27.89,27.96,27.18,27.49,31739,89559398.0,2.81,-0.9,-0.25,1.6
4395,2019-07-12,27.49,27.64,27.22,27.44,17820,50065069.0,1.53,-0.18,-0.05,0.9
4396,2019-07-15,27.2,27.81,27.0,27.62,28776,80913652.0,2.95,0.66,0.18,1.45
4397,2019-07-16,27.62,30.35,27.47,29.81,134201,395264480.0,10.43,7.93,2.19,6.78
4398,2019-07-17,29.26,29.66,28.72,28.84,101330,301450368.0,3.15,-3.25,-0.97,5.12
4399,2019-07-18,28.61,28.81,28.12,28.45,51969,150975788.0,2.39,-1.35,-0.39,2.62
4400,2019-07-19,28.53,28.98,28.51,28.56,32398,95046706.0,1.65,0.39,0.11,1.64
4401,2019-07-22,28.41,28.58,27.63,28.02,37484,107054874.0,3.33,-1.89,-0.54,1.89
4402,2019-07-23,27.89,29.03,27.89,28.86,57896,169586951.0,4.07,3.0,0.84,2.92
4403,2019-07-24,28.86,29.17,28.62,29.0,62128,183660320.0,1.91,0.49,0.14,3.14
4404,2019-07-25,29.0,29.03,28.64,28.8,39538,116484842.0,1.34,-0.69,-0.2,2.0
4405,2019-07-26,28.73,28.74,28.24,28.29,30123,86367077.0,1.74,-1.77,-0.51,1.52
4406,2019-07-29,28.28,28.59,28.22,28.57,25869,74230510.0,1.31,0.99,0.28,1.31
4407,2019-07-30,28.66,28.81,28.45,28.5,23884,68969785.0,1.26,-0.25,-0.07,1.21
4408,2019-07-31,28.5,28.66,28.24,28.64,24708,71042583.0,1.47,0.49,0.14,1.25
4409,2019-08-01,28.41,28.98,28.3,28.8,34615,100537597.0,2.37,0.56,0.16,1.75
4410,2019-08-02,28.25,28.26,27.49,28.06,44013,124112039.0,2.67,-2.57,-0.74,2.22
4411,2019-08-05,27.89,28.27,27.52,27.55,29961,84502448.0,2.67,-1.82,-0.51,1.51
4412,2019-08-06,26.72,27.04,26.02,26.55,57101,153244521.0,3.7,-3.63,-1.0,2.88
4413,2019-08-07,26.77,27.05,26.32,26.32,28770,77637373.0,2.75,-0.87,-0.23,1.45
4414,2019-08-08,23.66,24.17,23.66,23.66,45904,110065819.0,1.94,-10.11,-2.66,2.32
4415,2019-08-09,22.82,23.56,22.5,22.58,89198,206842600.0,4.48,-4.56,-1.08,4.5
4416,2019-08-12,22.62,22.74,21.75,22.57,61619,138745850.0,4.38,-0.04,-0.01,3.11
4417,2019-08-13,22.27,23.24,22.22,22.65,54182,125195518.0,4.52,0.35,0.08,2.74
4418,2019-08-14,22.92,23.05,22.38,22.77,46633,107091606.0,2.96,0.53,0.12,2.36
4419,2019-08-15,21.94,22.67,21.93,22.58,31574,71327952.0,3.25,-0.83,-0.19,1.59
4420,2019-08-16,22.5,22.81,22.48,22.5,32550,74491404.0,1.46,-0.35,-0.08,1.64
4421,2019-08-19,22.6,23.3,22.53,23.27,70527,164857387.0,3.42,3.42,0.77,3.56
4422,2019-08-20,23.28,23.84,23.21,23.44,59285,141106846.0,2.71,0.73,0.17,2.99
4423,2019-08-21,23.34,23.63,23.14,23.53,38523,91315225.0,2.09,0.38,0.09,1.95
4424,2019-08-22,23.55,23.84,23.23,23.55,35453,84343282.0,2.59,0.08,0.02,1.79
4425,2019-08-23,23.56,23.65,23.08,23.12,31309,73879413.0,2.42,-1.83,-0.43,1.58
4426,2019-08-26,22.32,23.45,22.32,23.28,36075,84018834.0,4.89,0.69,0.16,1.82
4427,2019-08-27,23.39,23.68,23.22,23.55,41799,99428379.0,1.98,1.16,0.27,2.11
4428,2019-08-28,23.52,23.55,23.14,23.19,36350,85674399.0,1.74,-1.53,-0.36,1.84
4429,2019-08-29,23.32,23.76,22.95,22.99,44510,105372277.0,3.49,-0.86,-0.2,2.25
4430,2019-08-30,23.21,23.37,22.35,22.39,49925,115408143.0,4.44,-2.61,-0.6,2.52
4431,2019-09-02,22.66,23.62,22.11,23.52,76106,178007438.0,6.74,5.05,1.13,3.84
4432,2019-09-03,23.55,24.02,23.38,23.78,56156,134840239.0,2.72,1.11,0.26,2.84
4433,2019-09-04,23.61,24.2,23.47,23.98,53495,129608437.0,3.07,0.84,0.2,2.7
4434,2019-09-05,24.27,24.68,24.0,24.3,86949,214473804.0,2.84,1.33,0.32,4.39
4435,2019-09-06,24.42,25.78,24.31,24.86,139477,351375424.0,6.05,2.3,0.56,7.04
4436,2019-09-09,25.0,26.09,24.65,26.08,126749,327264848.0,5.79,4.91,1.22,6.4
4437,2019-09-10,26.08,26.12,25.35,25.62,77911,201554784.0,2.95,-1.76,-0.46,3.93
4438,2019-09-11,25.72,25.87,25.08,25.08,60489,154945611.0,3.08,-2.11,-0.54,3.06
4439,2019-09-12,25.3,25.64,25.03,25.58,48386,124030740.0,2.43,1.99,0.5,2.44
4440,2019-09-16,25.65,25.72,25.21,25.32,48882,125845480.0,1.99,-1.02,-0.26,2.47
4441,2019-09-17,25.32,25.32,24.22,24.5,62138,154699782.0,4.34,-3.24,-0.82,3.14
4442,2019-09-18,24.52,24.82,24.35,24.59,33487,83469502.0,1.92,0.37,0.09,1.69
4443,2019-09-19,24.74,24.89,24.42,24.87,37440,93365822.0,1.91,1.14,0.28,1.89
4444,2019-09-20,24.96,25.3,24.72,25.11,46155,116831069.0,2.33,0.97,0.24,2.33
4445,2019-09-23,25.02,25.02,24.28,24.64,38614,95703189.0,2.95,-1.87,-0.47,1.95
4446,2019-09-24,24.7,25.8,24.62,25.49,90273,231774278.0,4.79,3.45,0.85,4.56
4447,2019-09-25,25.09,25.32,24.46,24.54,54943,138018326.0,3.37,-3.73,-0.95,2.77
4448,2019-09-26,24.62,24.72,22.84,22.87,69316,164740406.0,7.66,-6.81,-1.67,3.5
4449,2019-09-27,22.83,23.6,22.81,23.29,33662,79466310.0,3.45,1.84,0.42,1.7
4450,2019-09-30,23.49,23.81,23.17,23.19,28029,66624268.0,2.75,-0.43,-0.1,1.42
4451,2019-10-08,23.22,23.52,22.82,22.91,24902,58323674.0,3.02,-1.21,-0.28,1.26
4452,2019-10-09,22.91,23.2,22.45,23.13,21771,50568132.0,3.27,0.96,0.22,1.1
4453,2019-10-10,23.12,23.32,22.97,23.29,22211,52125862.0,1.51,0.69,0.16,1.12
4454,2019-10-11,23.29,23.4,22.67,22.97,29521,68640359.0,3.13,-1.37,-0.32,1.49
4455,2019-10-14,23.22,23.58,23.2,23.38,29789,70487169.0,1.65,1.78,0.41,1.5
4456,2019-10-15,23.25,23.3,22.52,22.58,38014,87510891.0,3.34,-3.42,-0.8,1.92
4457,2019-10-16,22.72,22.82,22.12,22.21,26810,60952119.0,3.1,-1.64,-0.37,1.35
4458,2019-10-17,22.22,22.29,21.78,21.88,27778,62017388.0,2.3,-1.49,-0.33,1.4
4459,2019-10-18,21.97,22.19,21.63,21.76,28792,63889550.0,2.56,-0.55,-0.12,1.45
4460,2019-10-21,21.8,21.83,20.83,21.38,28250,60769842.0,4.6,-1.75,-0.38,1.43
4461,2019-10-22,21.47,21.82,21.39,21.71,17194,37650724.0,2.01,1.54,0.33,0.87
4462,2019-10-23,21.77,22.07,21.54,21.72,22758,50305641.0,2.44,0.05,0.01,1.15
4463,2019-10-24,21.72,21.73,21.22,21.4,19858,43013763.0,2.35,-1.47,-0.32,1.0
4464,2019-10-25,21.41,21.64,21.23,21.59,18535,40336266.0,1.92,0.89,0.19,0.94
4465,2019-10-28,21.64,22.17,21.6,22.12,33491,74695432.0,2.64,2.45,0.53,1.69
4466,2019-10-29,22.12,22.2,21.8,21.87,24764,55118753.0,1.81,-1.13,-0.25,1.25
4467,2019-10-30,21.95,21.97,21.11,21.27,23717,51327239.0,3.93,-2.74,-0.6,1.2
4468,2019-10-31,21.2,22.18,21.2,21.8,43250,95860296.0,4.61,2.49,0.53,2.18
4469,2019-11-01,21.72,22.07,21.43,21.99,27463,60814606.0,2.94,0.87,0.19,1.39
4470,2019-11-04,22.07,22.31,21.99,22.07,25109,56339359.0,1.46,0.36,0.08,1.27
4471,2019-11-05,22.02,22.28,21.92,22.12,22818,51179787.0,1.63,0.23,0.05,1.15
4472,2019-11-06,22.25,22.25,21.82,21.87,18885,42203435.0,1.94,-1.13,-0.25,0.95
4473,2019-11-07,21.9,22.38,21.9,22.27,22195,49922080.0,2.19,1.83,0.4,1.12
4474,2019-11-08,22.41,22.54,22.12,22.12,24759,56024671.0,1.89,-0.67,-0.15,1.25
4475,2019-11-11,22.12,22.12,20.95,21.01,36022,77941626.0,5.29,-5.02,-1.11,1.82
4476,2019-11-12,21.05,21.28,20.42,20.8,28157,59187688.0,4.09,-1.0,-0.21,1.42
4477,2019-11-13,20.8,20.88,20.22,20.42,23784,49279425.0,3.17,-1.83,-0.38,1.2
4478,2019-11-14,20.4,20.55,20.19,20.43,23936,49424606.0,1.76,0.05,0.01,1.21
4479,2019-11-15,20.32,20.45,19.77,19.81,27299,55426643.0,3.33,-3.03,-0.62,1.38
4480,2019-11-18,19.86,20.03,19.75,19.87,16632,33564725.0,1.41,0.3,0.06,0.84
4481,2019-11-19,19.92,20.46,19.81,20.45,24708,50724976.0,3.27,2.92,0.58,1.25
4482,2019-11-20,20.43,20.64,20.2,20.23,21772,44991122.0,2.15,-1.08,-0.22,1.1
4483,2019-11-21,20.36,20.4,19.99,20.34,14192,29136175.0,2.03,0.54,0.11,0.72
4484,2019-11-22,20.39,20.72,19.93,20.12,24767,50959558.0,3.88,-1.08,-0.22,1.25
4485,2019-11-25,20.1,20.47,19.83,20.43,25687,52301234.0,3.18,1.54,0.31,1.3
4486,2019-11-26,20.42,20.42,20.04,20.13,18930,38687261.0,1.86,-1.47,-0.3,0.96
4487,2019-11-27,20.13,20.28,19.89,20.07,12571,25599049.0,1.94,-0.3,-0.06,0.63
4488,2019-11-28,20.08,20.3,19.96,19.97,13041,26583680.0,1.69,-0.5,-0.1,0.66
4489,2019-11-29,20.05,20.2,19.97,20.07,13084,26641073.0,1.15,0.5,0.1,0.66
4490,2019-12-02,20.12,20.35,20.06,20.17,14320,29280355.0,1.44,0.5,0.1,0.72
4491,2019-12-03,20.07,20.27,19.87,20.27,13982,28476209.0,1.98,0.5,0.1,0.71
4492,2019-12-04,20.17,20.3,20.07,20.12,13640,27867147.0,1.13,-0.74,-0.15,0.69
4493,2019-12-05,20.17,20.58,20.13,20.53,28047,58021980.0,2.24,2.04,0.41,1.42
4494,2019-12-06,20.52,21.5,20.43,21.42,59654,127828280.0,5.21,4.34,0.89,3.01
4495,2019-12-09,21.22,22.09,21.13,21.54,52128,114491720.0,4.48,0.56,0.12,2.63
4496,2019-12-10,21.5,21.98,21.34,21.95,45488,100457606.0,2.97,1.9,0.41,2.3
4497,2019-12-11,21.95,22.17,21.57,21.64,34323,75763923.0,2.73,-1.41,-0.31,1.73
4498,2019-12-12,21.59,21.92,21.5,21.57,24566,54005339.0,1.94,-0.32,-0.07,1.24
4499,2019-12-13,21.66,21.86,21.55,21.74,27474,60327063.0,1.44,0.79,0.17,1.39
4500,2019-12-16,21.82,22.2,21.71,22.15,32203,71854791.0,2.25,1.89,0.41,1.63
4501,2019-12-17,22.16,23.17,22.05,22.92,63497,146388758.0,5.06,3.48,0.77,3.21
4502,2019-12-18,22.74,23.19,22.66,22.85,48182,111716639.0,2.31,-0.31,-0.07,2.43
4503,2019-12-19,22.98,23.02,22.52,22.63,31775,72899373.0,2.19,-0.96,-0.22,1.6
4504,2019-12-20,22.62,22.71,21.98,22.02,39141,88494489.0,3.23,-2.7,-0.61,1.98
4505,2019-12-23,22.02,22.12,21.27,21.28,27776,60872023.0,3.86,-3.36,-0.74,1.4
4506,2019-12-24,21.32,21.78,21.32,21.71,21402,46826815.0,2.16,2.02,0.43,1.08
4507,2019-12-25,21.71,22.12,21.62,21.92,25513,56687326.0,2.3,0.97,0.21,1.29
4508,2019-12-26,21.9,22.06,21.68,21.93,19998,44280794.0,1.73,0.05,0.01,1.01
4509,2019-12-27,21.95,22.51,21.84,21.98,41810,94015292.0,3.06,0.23,0.05,2.11
4510,2019-12-30,21.89,22.07,21.22,22.07,29714,65363875.0,3.87,0.41,0.09,1.5
4511,2019-12-31,21.93,22.32,21.82,22.27,32226,72290280.0,2.27,0.91,0.2,1.63
4512,2020-01-02,22.4,22.9,22.22,22.6,43318,99054217.0,3.05,1.48,0.33,2.19
4513,2020-01-03,22.61,22.92,22.43,22.76,40181,92280293.0,2.17,0.71,0.16,2.03
4514,2020-01-06,22.66,23.05,22.48,22.95,42461,98056134.0,2.5,0.83,0.19,2.14
4515,2020-01-07,22.95,23.0,22.63,22.87,35006,80752142.0,1.61,-0.35,-0.08,1.77
4516,2020-01-08,22.73,22.75,22.32,22.36,37718,86142417.0,1.88,-2.23,-0.51,1.9
4517,2020-01-09,22.67,23.24,22.56,23.1,60069,139487932.0,3.04,3.31,0.74,3.03
4518,2020-01-10,23.07,23.21,22.75,22.86,32066,74426166.0,1.99,-1.04,-0.24,1.62
4519,2020-01-13,22.8,23.04,22.49,23.02,35540,82115253.0,2.41,0.7,0.16,1.79
4520,2020-01-14,22.74,22.75,22.03,22.18,73153,165832800.0,3.13,-3.65,-0.84,3.69
4521,2020-01-15,22.18,22.27,21.81,21.93,36681,81679110.0,2.07,-1.13,-0.25,1.85
4522,2020-01-16,22.06,22.38,22.0,22.15,34322,77111032.0,1.73,1.0,0.22,1.73
4523,2020-01-17,22.22,22.26,21.79,21.84,28276,62873630.0,2.12,-1.4,-0.31,1.43
4524,2020-01-20,21.82,22.11,21.64,22.09,28458,63281624.0,2.15,1.14,0.25,1.44
4525,2020-01-21,22.11,22.11,21.82,21.87,20151,44734733.0,1.31,-1.0,-0.22,1.02
4526,2020-01-22,21.71,21.81,21.19,21.75,31965,69630257.0,2.83,-0.55,-0.12,1.61
4527,2020-01-23,21.54,21.54,20.25,20.45,41364,87452831.0,5.93,-5.98,-1.3,2.09
4528,2020-02-03,18.38,18.38,18.38,18.38,4407,8223462.0,0.0,-10.12,-2.07,0.22
4529,2020-02-04,16.51,17.48,16.51,17.17,72931,126471104.0,5.28,-6.58,-1.21,3.68
4530,2020-02-05,17.25,18.13,17.19,17.83,55656,100326702.0,5.47,3.84,0.66,2.81
4531,2020-02-06,17.83,18.19,17.56,18.04,47413,86659917.0,3.53,1.18,0.21,2.39
4532,2020-02-07,18.12,18.37,17.84,18.27,41016,75586977.0,2.94,1.27,0.23,2.07
4533,2020-02-10,18.24,18.56,18.04,18.52,35655,66616470.0,2.85,1.37,0.25,1.8
4534,2020-02-11,18.66,18.8,18.31,18.41,31523,59162578.0,2.65,-0.59,-0.11,1.59
4535,2020-02-12,18.27,18.76,18.27,18.69,33444,63041944.0,2.66,1.52,0.28,1.69
4536,2020-02-13,18.69,18.76,18.44,18.52,32548,61359213.0,1.71,-0.91,-0.17,1.64
4537,2020-02-14,18.56,19.54,18.41,18.85,50873,97690983.0,6.1,1.78,0.33,2.57
4538,2020-02-17,19.0,19.77,18.85,19.71,59794,117787342.0,4.88,4.56,0.86,3.02
4539,2020-02-18,19.67,20.22,19.5,20.06,53275,107473305.0,3.65,1.78,0.35,2.69
4540,2020-02-19,20.02,21.46,19.86,20.7,82151,172219114.0,7.98,3.19,0.64,4.15
4541,2020-02-20,20.53,21.08,19.91,20.68,72190,149798866.0,5.65,-0.1,-0.02,3.65
4542,2020-02-21,20.62,21.07,20.49,20.86,61699,130226634.0,2.8,0.87,0.18,3.12
4543,2020-02-24,20.92,22.56,20.92,22.22,116477,258682832.0,7.86,6.52,1.36,5.88
4544,2020-02-25,21.63,22.67,21.27,22.67,151273,340430496.0,6.3,2.03,0.45,7.64
4545,2020-02-26,22.12,22.48,21.32,21.49,90965,202173235.0,5.12,-5.21,-1.18,4.59
4546,2020-02-27,21.58,21.8,20.93,21.13,52477,113382995.0,4.05,-1.68,-0.36,2.65
4547,2020-02-28,20.39,20.58,19.47,19.55,69924,141200187.0,5.25,-7.48,-1.58,3.53
4548,2020-03-02,19.85,21.53,19.85,21.52,87243,184432511.0,8.59,10.08,1.97,4.41
4549,2020-03-03,22.17,22.52,21.22,21.54,105979,235565078.0,6.04,0.09,0.02,5.35
4550,2020-03-04,21.33,21.82,20.99,21.45,54057,117184753.0,3.85,-0.42,-0.09,2.73
4551,2020-03-05,22.29,22.4,21.54,21.72,70848,157208507.0,4.01,1.26,0.27,3.58
4552,2020-03-06,21.23,22.22,21.13,21.81,53120,116602614.0,5.02,0.41,0.09,2.68
4553,2020-03-09,21.62,24.02,21.38,23.54,233259,555740336.0,12.1,7.93,1.73,11.78
4554,2020-03-10,22.92,25.92,22.22,25.92,211243,514504752.0,15.72,10.11,2.38,10.67
4555,2020-03-11,28.54,28.54,28.54,28.54,97376,280638032.0,0.0,10.11,2.62,4.92
4556,2020-03-12,26.72,28.54,25.82,27.27,353528,978868368.0,9.53,-4.45,-1.27,17.85
4557,2020-03-13,24.72,27.26,24.52,25.57,253628,653102864.0,10.05,-6.23,-1.7,12.81
4558,2020-03-16,25.3,25.3,22.99,22.99,179764,434382432.0,9.03,-10.09,-2.58,9.08
4559,2020-03-17,22.87,23.52,21.52,22.25,121087,275024320.0,8.7,-3.22,-0.74,6.12
4560,2020-03-18,22.53,22.92,21.17,21.22,111466,250950150.0,7.87,-4.63,-1.03,5.63
4561,2020-03-19,20.88,23.12,20.62,22.67,134701,296572976.0,11.78,6.83,1.45,6.8
4562,2020-03-20,22.72,22.98,22.07,22.45,95176,216309308.0,4.01,-0.97,-0.22,4.81
4563,2020-03-23,21.62,23.24,21.38,22.35,114324,260151126.0,8.29,-0.45,-0.1,5.77
4564,2020-03-24,22.79,24.61,22.45,24.08,171310,404042960.0,9.66,7.74,1.73,8.65
4565,2020-03-25,24.72,24.72,23.72,23.76,130577,318210320.0,4.15,-1.33,-0.32,6.59
4566,2020-03-26,23.25,23.6,22.74,22.82,91045,212823141.0,3.62,-3.96,-0.94,4.6
4567,2020-03-27,23.12,23.21,21.98,22.01,73366,167573186.0,5.39,-3.55,-0.81,3.71
4568,2020-03-30,21.42,21.44,20.32,20.62,78952,165753350.0,5.09,-6.32,-1.39,3.99
4569,2020-03-31,20.94,21.18,20.41,20.45,45571,95874068.0,3.73,-0.82,-0.17,2.3
4570,2020-04-01,20.36,21.21,20.3,20.46,50939,106924972.0,4.45,0.05,0.01,2.57
4571,2020-04-02,20.57,21.34,20.45,21.3,57960,123094825.0,4.35,4.11,0.84,2.93
4572,2020-04-03,21.23,21.23,20.67,20.76,42306,89624329.0,2.63,-2.54,-0.54,2.14
4573,2020-04-07,21.2,21.51,21.1,21.4,52396,113184935.0,1.97,3.08,0.64,2.65
4574,2020-04-08,21.21,22.14,21.2,21.78,66446,146573006.0,4.39,1.78,0.38,3.36
4575,2020-04-09,21.92,22.29,21.63,21.98,54691,121445638.0,3.03,0.92,0.2,2.76
4576,2020-04-10,21.94,21.95,20.82,21.19,54207,117167088.0,5.14,-3.59,-0.79,2.74
4577,2020-04-13,20.89,21.12,20.42,20.61,36071,75536649.0,3.3,-2.74,-0.58,1.82
4578,2020-04-14,20.7,21.2,20.62,21.07,33226,70256045.0,2.81,2.23,0.46,1.68
4579,2020-04-15,21.04,21.09,20.49,20.51,36940,77668620.0,2.85,-2.66,-0.56,1.87
4580,2020-04-16,20.5,20.67,20.09,20.58,30805,63703969.0,2.83,0.34,0.07,1.56
4581,2020-04-17,20.66,21.01,20.43,20.47,40543,85408332.0,2.82,-0.53,-0.11,2.05
4582,2020-04-20,20.47,20.82,20.37,20.72,35039,73254178.0,2.2,1.22,0.25,1.77
4583,2020-04-21,20.67,20.67,20.3,20.53,29257,60593805.0,1.79,-0.92,-0.19,1.48
4584,2020-04-22,20.37,20.59,20.23,20.54,23152,47930251.0,1.75,0.05,0.01,1.17
4585,2020-04-23,20.64,20.69,20.25,20.26,30937,64142030.0,2.14,-1.36,-0.28,1.56
4586,2020-04-24,20.38,20.51,19.59,19.67,40892,82595212.0,4.54,-2.91,-0.59,2.07
4587,2020-04-27,19.7,20.46,19.7,20.22,43162,87977796.0,3.86,2.8,0.55,2.18
4588,2020-04-28,20.05,20.62,18.88,20.51,53303,107953471.0,8.61,1.43,0.29,2.69
4589,2020-04-29,20.32,20.42,19.74,19.74,33119,67422435.0,3.32,-3.75,-0.77,1.67
4590,2020-04-30,19.98,20.37,19.82,20.27,58104,118558182.0,2.79,2.68,0.53,2.93
4591,2020-05-06,19.73,20.54,19.73,20.53,45347,93000460.0,4.0,1.28,0.26,2.29
4592,2020-05-07,20.76,21.4,20.45,20.54,54168,114698094.0,4.63,0.05,0.01,2.74
4593,2020-05-08,20.89,21.02,20.58,20.8,46023,97183874.0,2.14,1.27,0.26,2.32
4594,2020-05-11,20.93,21.19,20.81,21.11,45881,97703752.0,1.83,1.49,0.31,2.32
4595,2020-05-12,21.02,21.02,20.48,20.7,30855,64739243.0,2.56,-1.94,-0.41,1.56
4596,2020-05-13,20.7,20.7,20.45,20.57,20927,43585269.0,1.21,-0.63,-0.13,1.06
4597,2020-05-14,20.56,20.56,20.16,20.22,24170,49919037.0,1.94,-1.7,-0.35,1.22
4598,2020-05-15,20.38,20.56,20.14,20.34,19844,40899407.0,2.08,0.59,0.12,1.0
4599,2020-05-18,20.32,20.35,19.74,19.92,23392,47550988.0,3.0,-2.06,-0.42,1.18
4600,2020-05-19,20.11,20.23,19.83,20.11,17485,35534525.0,2.01,0.95,0.19,0.88
4601,2020-05-20,20.13,20.4,19.85,20.17,23604,48228251.0,2.73,0.3,0.06,1.19
4602,2020-05-21,20.15,20.28,19.77,19.86,21605,43729962.0,2.53,-1.54,-0.31,1.09
4603,2020-05-22,19.85,20.0,19.29,19.55,23694,47182152.0,3.58,-1.56,-0.31,1.2
4604,2020-05-25,19.35,19.36,18.52,18.79,31040,59439041.0,4.3,-3.89,-0.76,1.57
4605,2020-05-26,18.79,19.07,18.79,19.04,18683,35937098.0,1.49,1.33,0.25,0.94
4606,2020-05-27,19.04,19.08,18.72,18.81,14529,27810747.0,1.89,-1.21,-0.23,0.73
4607,2020-05-28,18.85,18.99,18.49,18.72,17120,32450020.0,2.66,-0.48,-0.09,0.86
4608,2020-05-29,18.72,18.9,18.56,18.79,11264,21439299.0,1.82,0.37,0.07,0.57
4609,2020-06-01,18.95,19.41,18.92,19.39,25225,49250188.0,2.61,3.19,0.6,1.27
4610,2020-06-02,19.41,19.57,19.32,19.5,18305,36151929.0,1.29,0.57,0.11,0.92
4611,2020-06-03,19.52,21.48,19.38,21.48,132339,283719616.0,10.77,10.15,1.98,6.68
4612,2020-06-04,21.5,21.6,20.55,20.71,111220,236014498.0,4.89,-3.58,-0.77,5.62
4613,2020-06-05,21.09,21.46,20.81,20.92,81399,174321262.0,3.14,1.01,0.21,4.11
4614,2020-06-08,20.88,21.32,20.75,21.0,44535,94806953.0,2.72,0.38,0.08,2.25
4615,2020-06-09,21.02,21.02,20.44,20.62,37714,78772286.0,2.76,-1.81,-0.38,1.9
4616,2020-06-10,20.59,20.59,20.25,20.33,36253,74791528.0,1.65,-1.41,-0.29,1.83
4617,2020-06-11,20.37,20.73,20.22,20.38,33675,69884528.0,2.51,0.25,0.05,1.7
4618,2020-06-12,19.75,20.15,19.75,19.99,27659,55960687.0,1.96,-1.91,-0.39,1.4
4619,2020-06-15,19.92,20.4,19.77,19.92,31350,64001231.0,3.15,-0.35,-0.07,1.58
4620,2020-06-16,20.13,20.8,20.12,20.57,42843,88894429.0,3.41,3.26,0.65,2.16
4621,2020-06-17,20.64,21.01,20.26,20.71,42361,88453987.0,3.65,0.68,0.14,2.14
4622,2020-06-18,20.63,21.28,20.4,21.04,59897,127256986.0,4.25,1.59,0.33,3.03
4623,2020-06-19,20.97,21.13,20.64,20.7,37608,79186942.0,2.33,-1.62,-0.34,1.9
4624,2020-06-22,20.71,20.82,20.51,20.61,29908,62534639.0,1.5,-0.43,-0.09,1.51
4625,2020-06-23,20.71,21.15,20.39,20.75,42751,90128131.0,3.69,0.68,0.14,2.16
4626,2020-06-24,20.77,20.88,20.52,20.53,26983,56448257.0,1.73,-1.06,-0.22,1.36
4627,2020-06-29,20.47,20.47,19.78,19.9,32714,66236520.0,3.36,-3.07,-0.63,1.65
4628,2020-06-30,19.99,20.22,19.92,20.0,23106,47016982.0,1.51,0.5,0.1,1.17
4629,2020-07-01,20.1,20.92,19.92,20.47,40332,83118455.0,5.0,2.35,0.47,2.04
4630,2020-07-02,20.46,21.08,20.35,20.73,39908,83570714.0,3.57,1.27,0.26,2.02
4631,2020-07-03,20.69,20.87,20.61,20.84,38404,80888573.0,1.25,0.53,0.11,1.94
4632,2020-07-06,21.02,21.83,20.91,21.75,89194,193766430.0,4.41,4.37,0.91,4.5
4633,2020-07-07,21.96,22.52,21.52,21.88,91192,203925059.0,4.6,0.6,0.13,4.61
4634,2020-07-08,21.92,22.42,21.67,22.33,68933,154109367.0,3.43,2.06,0.45,3.48
4635,2020-07-09,22.36,23.28,22.32,22.86,84809,195861856.0,4.3,2.37,0.53,4.28
4636,2020-07-10,22.66,22.86,22.08,22.1,69393,157625803.0,3.41,-3.32,-0.76,3.5
4637,2020-07-13,22.06,22.87,21.87,22.82,70217,160705076.0,4.52,3.26,0.72,3.55
4638,2020-07-14,22.82,23.16,22.05,22.66,57099,130643683.0,4.86,-0.7,-0.16,2.88
4639,2020-07-15,22.79,22.8,21.75,21.83,45764,102572913.0,4.63,-3.66,-0.83,2.31
4640,2020-07-16,21.73,22.02,20.82,20.82,44616,96880588.0,5.5,-4.63,-1.01,2.25
4641,2020-07-17,20.84,21.1,20.2,20.38,39651,82604654.0,4.32,-2.11,-0.44,2.0
4642,2020-07-20,20.53,20.99,20.42,20.97,29601,62200395.0,2.8,2.89,0.59,1.5
4643,2020-07-21,21.06,21.17,20.68,21.04,28145,59670900.0,2.34,0.33,0.07,1.42
4644,2020-07-22,21.02,21.29,20.83,21.0,34874,74532677.0,2.19,-0.19,-0.04,1.76
4645,2020-07-23,20.89,20.97,20.29,20.83,36643,76550859.0,3.24,-0.81,-0.17,1.85
4646,2020-07-24,20.83,21.04,19.89,20.06,37323,77485705.0,5.52,-3.7,-0.77,1.89
4647,2020-07-27,20.07,20.45,19.58,19.77,26894,54056464.0,4.34,-1.45,-0.29,1.36
4648,2020-07-28,19.97,20.05,19.81,19.93,15180,30650779.0,1.21,0.81,0.16,0.77
4649,2020-07-29,19.9,20.39,19.84,20.34,20177,41114339.0,2.76,2.06,0.41,1.02
4650,2020-07-30,20.82,21.53,20.53,20.72,50702,107825127.0,4.92,1.87,0.38,2.56
4651,2020-07-31,20.59,20.9,20.4,20.66,30607,63675969.0,2.41,-0.29,-0.06,1.55
4652,2020-08-03,20.73,21.53,20.68,21.4,45257,96858351.0,4.11,3.58,0.74,2.29
4653,2020-08-04,21.39,21.54,21.0,21.1,38528,82599604.0,2.52,-1.4,-0.3,1.95
4654,2020-08-05,21.21,21.44,20.82,21.3,32800,70095067.0,2.94,0.95,0.2,1.66
4655,2020-08-06,21.35,21.37,20.82,21.31,32377,68877324.0,2.58,0.05,0.01,1.64
4656,2020-08-07,21.32,21.33,20.65,20.97,36160,76253401.0,3.19,-1.6,-0.34,1.83
4657,2020-08-10,20.98,21.54,20.88,21.31,40064,85950197.0,3.15,1.62,0.34,2.02
4658,2020-08-11,21.32,21.39,20.71,20.73,34304,72419381.0,3.19,-2.72,-0.58,1.73
4659,2020-08-12,20.73,20.73,20.05,20.39,29186,59786616.0,3.28,-1.64,-0.34,1.47
4660,2020-08-13,20.44,20.87,20.44,20.59,21399,44480339.0,2.11,0.98,0.2,1.08
4661,2020-08-14,20.58,20.67,20.22,20.62,19394,40024540.0,2.19,0.15,0.03,0.98
4662,2020-08-17,20.62,20.99,20.62,20.99,30224,63618373.0,1.79,1.79,0.37,1.53
4663,2020-08-18,21.14,21.19,20.92,21.02,23139,49072658.0,1.29,0.14,0.03,1.17
4664,2020-08-19,21.0,21.11,20.58,20.58,21744,45653602.0,2.52,-2.09,-0.44,1.1
4665,2020-08-20,20.59,20.77,20.33,20.54,15071,31344175.0,2.14,-0.19,-0.04,0.76
4666,2020-08-21,20.72,20.8,20.47,20.74,16388,34150538.0,1.61,0.97,0.2,0.83
4667,2020-08-24,20.71,20.74,20.42,20.61,14740,30620081.0,1.54,-0.63,-0.13,0.74
4668,2020-08-25,20.7,20.92,20.53,20.9,20196,42250642.0,1.89,1.41,0.29,1.02
4669,2020-08-26,21.0,21.13,20.2,20.61,25556,53150688.0,4.45,-1.39,-0.29,1.29
4670,2020-08-27,20.61,20.76,20.28,20.64,18961,39276440.0,2.33,0.15,0.03,0.96
4671,2020-08-28,20.65,21.42,20.38,21.07,34356,72217619.0,5.04,2.08,0.43,1.74
4672,2020-08-31,21.11,21.42,21.03,21.06,45106,96506587.0,1.85,-0.05,-0.01,2.28
4673,2020-09-01,21.11,22.42,21.0,22.32,103254,227306269.0,6.74,5.98,1.26,5.21
4674,2020-09-02,22.32,22.82,21.72,22.2,67826,150851887.0,4.93,-0.54,-0.12,3.43
4675,2020-09-03,22.05,22.1,21.58,21.84,47630,104715986.0,2.34,-1.62,-0.36,2.41
4676,2020-09-04,21.69,22.24,21.42,22.17,44438,98287034.0,3.75,1.51,0.33,2.24
4677,2020-09-07,22.27,22.39,21.59,21.8,45284,100426572.0,3.61,-1.67,-0.37,2.29
4678,2020-09-08,21.82,21.96,21.57,21.95,30936,68015170.0,1.79,0.69,0.15,1.56
4679,2020-09-09,21.88,22.27,21.62,21.98,42324,93497621.0,2.96,0.14,0.03,2.14
4680,2020-09-10,22.04,22.09,21.12,21.6,41376,89980480.0,4.41,-1.73,-0.38,2.09
4681,2020-09-11,21.62,22.11,21.22,21.88,43583,95450906.0,4.12,1.3,0.28,2.2
4682,2020-09-14,22.72,22.81,21.82,22.01,44662,100059527.0,4.52,0.59,0.13,2.26
4683,2020-09-15,21.91,22.6,21.72,22.16,43494,96650603.0,4.0,0.68,0.15,2.2
4684,2020-09-16,22.01,22.15,21.73,21.77,21976,48516681.0,1.9,-1.76,-0.39,1.11
4685,2020-09-17,21.77,21.77,21.3,21.32,38655,83567495.0,2.16,-2.07,-0.45,1.95
4686,2020-09-18,21.32,21.42,20.72,21.24,40996,87177580.0,3.28,-0.38,-0.08,2.07
4687,2020-09-21,21.23,21.43,21.0,21.08,29022,61929849.0,2.02,-0.75,-0.16,1.47
4688,2020-09-22,20.9,20.91,20.47,20.5,23452,48883653.0,2.09,-2.75,-0.58,1.18
4689,2020-09-23,20.56,20.67,20.3,20.52,19951,41173832.0,1.8,0.1,0.02,1.01
4690,2020-09-24,20.37,20.42,19.83,19.94,25702,52123280.0,2.88,-2.83,-0.58,1.3
4691,2020-09-25,19.98,20.13,19.52,19.84,21866,43682053.0,3.06,-0.5,-0.1,1.1
4692,2020-09-28,19.82,19.91,19.58,19.61,13027,25878298.0,1.66,-1.16,-0.23,0.66
4693,2020-09-29,19.67,20.02,19.62,19.84,12701,25443325.0,2.04,1.17,0.23,0.64
4694,2020-09-30,19.91,19.91,19.57,19.8,15763,31451148.0,1.71,-0.2,-0.04,0.8
4695,2020-10-09,19.92,20.17,19.87,20.03,15711,31840352.0,1.52,1.16,0.23,0.79
4696,2020-10-12,20.15,20.55,19.92,20.43,26343,53954780.0,3.15,2.0,0.4,1.33
4697,2020-10-13,20.38,20.4,20.15,20.31,20149,41177599.0,1.22,-0.59,-0.12,1.02
4698,2020-10-14,20.27,20.27,19.86,20.01,19429,39257807.0,2.02,-1.48,-0.3,0.98
4699,2020-10-15,20.02,20.06,19.75,19.9,13890,27814182.0,1.55,-0.55,-0.11,0.7
4700,2020-10-16,19.91,20.52,19.77,20.2,23096,46783080.0,3.77,1.51,0.3,1.17
4701,2020-10-19,20.41,20.46,20.1,20.21,17558,35945456.0,1.78,0.05,0.01,0.89
4702,2020-10-20,20.13,20.21,19.92,20.13,11328,22878402.0,1.43,-0.4,-0.08,0.57
4703,2020-10-21,20.09,20.09,19.78,19.93,11424,22904465.0,1.54,-0.99,-0.2,0.58
4704,2020-10-22,19.87,19.99,19.64,19.92,17040,34005245.0,1.76,-0.05,-0.01,0.86
4705,2020-10-23,19.89,19.99,19.66,19.68,9696,19346961.0,1.66,-1.2,-0.24,0.49
4706,2020-10-26,19.7,19.72,19.2,19.22,17405,34083890.0,2.64,-2.34,-0.46,0.88
4707,2020-10-27,19.09,19.2,18.97,19.04,12938,24904984.0,1.2,-0.94,-0.18,0.65
4708,2020-10-28,19.06,19.22,18.7,19.06,14335,27390316.0,2.73,0.11,0.02,0.72
4709,2020-10-29,18.72,19.11,18.68,18.9,11704,22347552.0,2.26,-0.84,-0.16,0.59
4710,2020-10-30,18.87,19.06,18.42,18.68,15810,29978529.0,3.39,-1.16,-0.22,0.8
4711,2020-11-02,18.6,18.76,18.17,18.21,15942,29517287.0,3.16,-2.52,-0.47,0.81
4712,2020-11-03,18.22,18.67,18.14,18.67,10435,19508439.0,2.91,2.53,0.46,0.53
4713,2020-11-04,18.69,18.76,18.35,18.54,9985,18694447.0,2.2,-0.7,-0.13,0.5
4714,2020-11-05,18.67,19.77,18.57,19.66,33213,64626847.0,6.47,6.04,1.12,1.68
4715,2020-11-06,19.62,19.62,19.1,19.31,20497,39990952.0,2.64,-1.78,-0.35,1.04
4716,2020-11-09,19.47,20.04,19.42,19.73,22607,44961414.0,3.21,2.18,0.42,1.14
4717,2020-11-10,19.81,19.81,19.21,19.42,20358,39986047.0,3.04,-1.57,-0.31,1.03
4718,2020-11-11,19.43,19.43,19.02,19.1,11163,21568059.0,2.11,-1.65,-0.32,0.56
4719,2020-11-12,19.2,19.23,18.99,19.07,7977,15390018.0,1.26,-0.16,-0.03,0.4
4720,2020-11-13,19.1,19.1,18.78,18.95,8668,16542901.0,1.68,-0.63,-0.12,0.44
4721,2020-11-16,18.95,19.32,18.89,19.12,10049,19299676.0,2.27,0.9,0.17,0.51
4722,2020-11-17,19.2,19.73,18.84,19.56,25830,50342933.0,4.65,2.3,0.44,1.3
4723,2020-11-18,19.6,19.68,18.85,19.32,27300,53370557.0,4.24,-1.23,-0.24,1.38
4724,2020-11-19,19.17,19.37,19.01,19.26,12192,23643373.0,1.86,-0.31,-0.06,0.62
4725,2020-11-20,19.2,19.29,19.05,19.15,8722,16860964.0,1.25,-0.57,-0.11,0.44
4726,2020-11-23,19.13,19.29,19.0,19.14,13052,25170554.0,1.51,-0.05,-0.01,0.66
4727,2020-11-24,19.13,19.26,19.05,19.16,9518,18396222.0,1.1,0.1,0.02,0.48
4728,2020-11-25,19.2,19.48,19.02,19.25,20832,40514329.0,2.4,0.47,0.09,1.05
4729,2020-11-26,19.12,19.27,18.81,19.03,19609,37700496.0,2.39,-1.14,-0.22,0.99
4730,2020-11-27,19.0,19.03,18.69,18.83,15374,29207390.0,1.79,-1.05,-0.2,0.78
4731,2020-11-30,18.92,19.01,18.72,18.93,11830,22549440.0,1.54,0.53,0.1,0.6
4732,2020-12-01,18.83,19.02,18.79,18.98,11891,22748190.0,1.22,0.26,0.05,0.6
4733,2020-12-02,19.02,19.32,18.89,19.16,17737,34245127.0,2.27,0.95,0.18,0.9
4734,2020-12-03,19.17,19.29,19.05,19.26,13892,26892460.0,1.25,0.52,0.1,0.7
4735,2020-12-04,19.14,19.53,19.13,19.34,22163,43267055.0,2.08,0.42,0.08,1.12
4736,2020-12-07,19.37,19.39,18.97,19.04,12356,23872817.0,2.17,-1.55,-0.3,0.62
4737,2020-12-08,19.04,19.12,18.95,19.0,7532,14468371.0,0.89,-0.21,-0.04,0.38
4738,2020-12-09,19.02,19.09,18.8,18.9,10400,19854145.0,1.53,-0.53,-0.1,0.53
4739,2020-12-10,18.83,18.91,18.63,18.72,10191,19315622.0,1.48,-0.95,-0.18,0.51
4740,2020-12-11,18.73,18.73,18.22,18.45,15616,29016911.0,2.72,-1.44,-0.27,0.79
4741,2020-12-14,18.57,18.57,18.2,18.39,7236,13426357.0,2.01,-0.33,-0.06,0.37
4742,2020-12-15,18.41,18.48,18.28,18.48,7704,14322430.0,1.09,0.49,0.09,0.39
4743,2020-12-16,18.45,18.51,18.14,18.15,10612,19541579.0,2.0,-1.79,-0.33,0.54
4744,2020-12-17,18.12,18.22,17.75,18.19,11609,21056867.0,2.59,0.22,0.04,0.59
4745,2020-12-18,18.19,18.21,17.95,18.13,7886,14407634.0,1.43,-0.33,-0.06,0.4
4746,2020-12-21,18.29,18.5,18.17,18.39,11127,20647784.0,1.82,1.43,0.26,0.56
4747,2020-12-22,18.29,18.65,18.12,18.32,12303,22852486.0,2.88,-0.38,-0.07,0.62
4748,2020-12-23,18.3,18.45,18.18,18.32,8529,15785685.0,1.47,0.0,0.0,0.43
4749,2020-12-24,18.29,18.29,17.87,17.91,11241,20434734.0,2.29,-2.24,-0.41,0.57
4750,2020-12-25,17.87,18.02,17.67,17.75,9784,17613899.0,1.95,-0.89,-0.16,0.49
4751,2020-12-28,17.75,17.75,16.77,16.81,28779,49787714.0,5.52,-5.3,-0.94,1.45
4752,2020-12-29,16.8,18.36,16.71,17.94,34618,61727670.0,9.82,6.72,1.13,1.75
4753,2020-12-30,17.63,17.79,17.29,17.43,20224,35708654.0,2.79,-2.84,-0.51,1.02
4754,2020-12-31,17.5,17.82,17.3,17.48,14070,24930060.0,2.98,0.29,0.05,0.71
4755,2021-01-04,17.58,17.77,17.3,17.72,15694,27825009.0,2.69,1.37,0.24,0.79
4756,2021-01-05,17.53,17.8,17.5,17.67,13267,23657905.0,1.69,-0.28,-0.05,0.67
4757,2021-01-06,17.62,17.82,17.31,17.39,11400,20140513.0,2.89,-1.58,-0.28,0.58
4758,2021-01-07,17.34,17.45,16.8,16.9,18628,31916463.0,3.74,-2.82,-0.49,0.94
4759,2021-01-08,16.99,17.32,16.55,17.09,15656,26939574.0,4.56,1.12,0.19,0.79
4760,2021-01-11,17.08,17.09,16.64,16.77,13526,23035206.0,2.63,-1.87,-0.32,0.68
4761,2021-01-12,16.77,17.02,16.62,16.88,10298,17503918.0,2.39,0.66,0.11,0.52
4762,2021-01-13,16.62,17.32,16.62,16.82,11577,19670764.0,4.15,-0.36,-0.06,0.58
4763,2021-01-14,16.57,17.2,16.56,16.9,15641,26663947.0,3.8,0.48,0.08,0.79
4764,2021-01-15,16.87,17.09,16.82,16.97,9585,16434354.0,1.6,0.41,0.07,0.48
4765,2021-01-18,16.92,17.42,16.78,17.22,15567,26945748.0,3.77,1.47,0.25,0.79
4766,2021-01-19,17.27,17.3,17.01,17.03,10706,18520431.0,1.68,-1.1,-0.19,0.54
4767,2021-01-20,17.09,17.09,16.79,16.9,11717,19987844.0,1.76,-0.76,-0.13,0.59
4768,2021-01-21,16.9,17.07,16.82,16.97,10203,17495823.0,1.48,0.41,0.07,0.52
4769,2021-01-22,16.88,16.93,16.35,16.45,20809,34906659.0,3.42,-3.06,-0.52,1.05
4770,2021-01-25,16.38,16.38,15.5,15.63,29669,47229451.0,5.35,-4.98,-0.82,1.5
4771,2021-01-26,15.55,15.67,15.34,15.51,15117,23634444.0,2.11,-0.77,-0.12,0.76
4772,2021-01-27,15.4,15.57,15.36,15.4,8607,13438277.0,1.35,-0.71,-0.11,0.43
4773,2021-01-28,15.17,15.37,15.02,15.02,10795,16585752.0,2.27,-2.47,-0.38,0.55
4774,2021-01-29,15.01,15.24,14.58,14.65,14246,21441332.0,4.39,-2.46,-0.37,0.72
4775,2021-02-01,14.67,14.77,13.92,14.18,20710,29815137.0,5.8,-3.21,-0.47,1.05
4776,2021-02-02,14.17,14.43,13.97,14.17,13719,19683896.0,3.24,-0.07,-0.01,0.69
4777,2021-02-03,14.17,14.21,13.67,13.75,16607,23403732.0,3.81,-2.96,-0.42,0.84
4778,2021-02-04,13.72,13.72,13.09,13.36,18725,25309618.0,4.58,-2.84,-0.39,0.95
4779,2021-02-05,13.34,13.82,13.34,13.36,11118,15271213.0,3.59,0.0,0.0,0.56
4780,2021-02-08,13.37,13.53,13.08,13.12,12575,16899460.0,3.37,-1.8,-0.24,0.64
4781,2021-02-09,13.15,13.49,13.05,13.45,14188,19078312.0,3.35,2.52,0.33,0.72
4782,2021-02-10,13.42,13.71,13.34,13.49,12521,17105054.0,2.75,0.3,0.04,0.63
4783,2021-02-18,13.53,13.99,13.49,13.91,17231,24125521.0,3.71,3.11,0.42,0.87
4784,2021-02-19,13.88,14.57,13.8,14.55,18505,26780203.0,5.54,4.6,0.64,0.93
4785,2021-02-22,14.63,15.11,14.52,14.57,24685,36952229.0,4.05,0.14,0.02,1.25
4786,2021-02-23,14.52,14.67,14.29,14.37,11180,16340568.0,2.61,-1.37,-0.2,0.56
4787,2021-02-24,14.27,14.81,14.27,14.55,13494,19887654.0,3.76,1.25,0.18,0.68
4788,2021-02-25,14.62,14.7,14.4,14.43,8882,13037365.0,2.06,-0.82,-0.12,0.45
4789,2021-02-26,14.4,15.18,14.25,14.94,29078,43897941.0,6.44,3.53,0.51,1.47
4790,2021-03-01,14.9,14.99,14.68,14.86,20476,30682295.0,2.07,-0.54,-0.08,1.03
4791,2021-03-02,14.92,14.92,14.41,14.6,16639,24568226.0,3.43,-1.75,-0.26,0.84
4792,2021-03-03,14.58,14.72,14.5,14.7,10878,16108403.0,1.51,0.68,0.1,0.55
4793,2021-03-04,14.66,14.82,14.52,14.55,10601,15751467.0,2.04,-1.02,-0.15,0.54
4794,2021-03-05,14.52,14.94,14.42,14.83,13882,20731415.0,3.57,1.92,0.28,0.7
4795,2021-03-08,14.84,15.02,14.64,14.71,10023,15025875.0,2.56,-0.81,-0.12,0.51
4796,2021-03-09,14.79,14.79,14.2,14.54,12367,18116705.0,4.01,-1.16,-0.17,0.62
4797,2021-03-10,14.62,14.62,13.98,13.99,12390,17855253.0,4.4,-3.78,-0.55,0.63
4798,2021-03-11,13.97,14.28,13.91,14.24,7420,10595049.0,2.64,1.79,0.25,0.37
4799,2021-03-12,14.22,14.36,13.99,14.23,7924,11344439.0,2.6,-0.07,-0.01,0.4
4800,2021-03-15,14.46,14.49,13.96,14.05,11216,16094664.0,3.72,-1.26,-0.18,0.57
4801,2021-03-16,14.17,14.46,14.06,14.36,13090,18903371.0,2.85,2.21,0.31,0.66
4802,2021-03-17,14.42,14.57,14.28,14.51,10461,15323847.0,2.02,1.04,0.15,0.53
4803,2021-03-18,14.55,14.55,14.25,14.28,9590,13913296.0,2.07,-1.59,-0.23,0.48
4804,2021-03-19,14.21,14.51,14.13,14.3,6569,9540274.0,2.66,0.14,0.02,0.33
4805,2021-03-22,14.42,14.52,14.29,14.5,9498,13854017.0,1.61,1.4,0.2,0.48
4806,2021-03-23,14.51,14.78,14.44,14.7,17935,26529310.0,2.34,1.38,0.2,0.91
4807,2021-03-24,14.63,14.74,14.44,14.51,12189,18006023.0,2.04,-1.29,-0.19,0.62
4808,2021-03-25,14.33,14.75,14.33,14.58,9807,14473791.0,2.89,0.48,0.07,0.5
4809,2021-03-26,14.58,14.66,14.43,14.63,11061,16300806.0,1.58,0.34,0.05,0.56
4810,2021-03-29,14.68,14.75,14.52,14.59,8924,13183924.0,1.57,-0.27,-0.04,0.45
4811,2021-03-30,14.49,14.58,14.22,14.25,9465,13756754.0,2.47,-2.33,-0.34,0.48
4812,2021-03-31,14.34,14.37,14.17,14.34,5903,8550028.0,1.4,0.63,0.09,0.3
4813,2021-04-01,14.27,14.97,14.24,14.61,21174,31485074.0,5.09,1.88,0.27,1.07
4814,2021-04-02,14.54,14.72,14.46,14.56,13353,19663515.0,1.78,-0.34,-0.05,0.67
4815,2021-04-06,14.56,14.7,14.5,14.65,11249,16640463.0,1.37,0.62,0.09,0.57
4816,2021-04-07,14.68,15.71,14.64,15.42,40228,61853976.0,7.3,5.26,0.77,2.03
4817,2021-04-08,15.24,15.37,14.94,15.03,27785,42529109.0,2.79,-2.53,-0.39,1.4
4818,2021-04-09,14.91,15.0,14.73,14.92,10593,15953226.0,1.8,-0.73,-0.11,0.54
4819,2021-04-12,14.92,15.01,14.62,14.66,13528,20305559.0,2.61,-1.74,-0.26,0.68
4820,2021-04-13,14.57,14.66,14.49,14.49,10474,15454194.0,1.16,-1.16,-0.17,0.53
4821,2021-04-14,14.45,14.86,14.45,14.72,11833,17575811.0,2.83,1.59,0.23,0.6
4822,2021-04-15,14.66,14.79,14.56,14.64,6757,10024147.0,1.56,-0.54,-0.08,0.34
4823,2021-04-16,14.58,15.07,14.58,14.98,14770,22260725.0,3.35,2.32,0.34,0.75
4824,2021-04-19,14.98,15.15,14.92,15.05,13203,20062416.0,1.54,0.47,0.07,0.67
4825,2021-04-20,15.03,15.1,14.94,15.02,12826,19490506.0,1.06,-0.2,-0.03,0.65
4826,2021-04-21,14.99,15.02,14.8,14.86,8464,12737646.0,1.46,-1.07,-0.16,0.43
4827,2021-04-22,14.76,15.07,14.76,14.94,10347,15593775.0,2.09,0.54,0.08,0.52
4828,2021-04-23,14.92,14.92,14.57,14.63,10915,16203777.0,2.34,-2.07,-0.31,0.55
4829,2021-04-26,14.62,14.75,14.5,14.52,8085,11949092.0,1.71,-0.75,-0.11,0.41
4830,2021-04-27,14.49,14.63,14.22,14.28,7711,11165392.0,2.82,-1.65,-0.24,0.39
4831,2021-04-28,14.32,14.33,13.92,13.97,10039,14317704.0,2.87,-2.17,-0.31,0.51
4832,2021-04-29,13.95,14.21,13.85,14.04,7502,10694628.0,2.58,0.5,0.07,0.38
4833,2021-04-30,14.03,14.05,13.62,13.7,11302,15790967.0,3.06,-2.42,-0.34,0.57
4834,2021-05-06,13.71,13.83,13.63,13.74,5957,8300973.0,1.46,0.29,0.04,0.3
4835,2021-05-07,13.77,14.25,13.74,14.07,13098,18629292.0,3.71,2.4,0.33,0.66
4836,2021-05-10,14.07,14.14,13.86,13.91,11765,16596817.0,1.99,-1.14,-0.16,0.59
4837,2021-05-11,13.96,14.12,13.9,13.99,9457,13423512.0,1.58,0.58,0.08,0.48
4838,2021-05-12,14.0,14.09,13.88,14.07,6619,9401627.0,1.5,0.57,0.08,0.33
4839,2021-05-13,14.09,14.23,13.92,14.03,10130,14460778.0,2.2,-0.28,-0.04,0.51
4840,2021-05-14,14.11,14.17,13.96,14.15,12249,17489085.0,1.5,0.86,0.12,0.62
4841,2021-05-17,14.14,14.16,13.95,13.95,9060,12850613.0,1.48,-1.41,-0.2,0.46
4842,2021-05-18,13.92,14.03,13.91,13.99,7258,10268227.0,0.86,0.29,0.04,0.37
4843,2021-05-19,13.92,13.97,13.82,13.86,6696,9417601.0,1.07,-0.93,-0.13,0.34
4844,2021-05-20,13.86,13.92,13.76,13.8,7950,11114115.0,1.15,-0.43,-0.06,0.4
4845,2021-05-21,13.8,14.0,13.8,13.88,8014,11285818.0,1.45,0.58,0.08,0.4
4846,2021-05-24,13.88,14.2,13.88,14.09,10026,14268030.0,2.31,1.51,0.21,0.51
4847,2021-05-25,14.07,14.24,14.04,14.18,9028,12937214.0,1.42,0.64,0.09,0.46
4848,2021-05-26,14.16,14.26,14.12,14.19,8376,12041346.0,0.99,0.07,0.01,0.42
4849,2021-05-27,14.15,14.43,14.12,14.34,13357,19384072.0,2.18,1.06,0.15,0.67
4850,2021-05-28,14.39,14.45,14.21,14.29,10246,14830062.0,1.67,-0.35,-0.05,0.52
4851,2021-05-31,14.25,14.66,14.25,14.64,16176,23741365.0,2.87,2.45,0.35,0.82
4852,2021-06-01,14.57,14.68,14.5,14.66,12747,18835217.0,1.23,0.14,0.02,0.64
4853,2021-06-02,14.57,14.65,14.44,14.5,11663,17164247.0,1.43,-1.09,-0.16,0.59
4854,2021-06-03,14.46,15.02,14.46,14.68,23842,35624217.0,3.86,1.24,0.18,1.2
4855,2021-06-04,14.69,15.5,14.52,15.16,31788,48338336.0,6.68,3.27,0.48,1.61
4856,2021-06-07,15.17,15.68,14.9,15.47,43473,67210677.0,5.15,2.04,0.31,2.2
4857,2021-06-08,15.47,15.92,15.29,15.48,41581,65298386.0,4.07,0.06,0.01,2.1
4858,2021-06-09,15.41,15.57,15.2,15.28,18122,28092976.0,2.39,-1.29,-0.2,0.92
4859,2021-06-10,15.28,15.45,15.13,15.32,20671,31998725.0,2.09,0.26,0.04,1.04
4860,2021-06-11,15.32,15.41,14.87,14.91,19767,30274818.0,3.52,-2.68,-0.41,1.0
4861,2021-06-15,14.9,15.2,14.89,15.04,12215,18634513.0,2.08,0.87,0.13,0.62
4862,2021-06-16,15.0,15.6,14.95,15.54,34187,53327958.0,4.32,3.32,0.5,1.73
4863,2021-06-17,15.4,15.55,15.14,15.48,22395,34797423.0,2.64,-0.39,-0.06,1.13
4864,2021-06-18,15.5,15.72,15.42,15.6,24870,39244500.0,1.94,0.78,0.12,1.26
4865,2021-06-21,15.38,15.79,15.37,15.61,17694,27873724.0,2.69,0.06,0.01,0.89
4866,2021-06-22,15.72,15.89,15.51,15.87,23289,36902158.0,2.43,1.67,0.26,1.18
4867,2021-06-23,16.02,17.48,15.62,16.8,100607,171599487.0,11.72,5.86,0.93,5.08
4868,2021-06-24,16.56,16.83,16.12,16.12,63844,105936847.0,4.23,-4.05,-0.68,3.22
4869,2021-06-25,16.03,16.37,15.76,16.05,29010,46926582.0,3.78,-0.43,-0.07,1.47
4870,2021-06-28,15.97,16.42,15.91,16.27,28749,47008290.0,3.18,1.37,0.22,1.45
4871,2021-06-29,16.07,16.54,15.7,15.96,24110,38949795.0,5.16,-1.91,-0.31,1.22
4872,2021-06-30,15.92,16.27,15.62,15.72,24778,39705471.0,4.07,-1.5,-0.24,1.25
4873,2021-07-01,15.7,15.79,15.02,15.12,27217,42268385.0,4.9,-3.82,-0.6,1.37
4874,2021-07-02,15.07,15.22,14.94,15.04,13317,20315175.0,1.85,-0.53,-0.08,0.67
4875,2021-07-05,15.05,15.43,15.04,15.42,17102,26514543.0,2.59,2.53,0.38,0.86
4876,2021-07-06,15.36,15.48,15.2,15.32,11528,17888946.0,1.82,-0.65,-0.1,0.58
4877,2021-07-07,15.32,15.46,15.22,15.41,11072,17202696.0,1.57,0.59,0.09,0.56
4878,2021-07-08,15.41,15.41,15.08,15.1,13358,20559585.0,2.14,-2.01,-0.31,0.67
4879,2021-07-09,15.07,15.19,14.97,15.11,10287,15696052.0,1.46,0.07,0.01,0.52
4880,2021-07-12,15.26,15.8,15.17,15.72,27999,44280599.0,4.17,4.04,0.61,1.41
4881,2021-07-13,15.62,15.88,15.62,15.73,21412,34178441.0,1.65,0.06,0.01,1.08
4882,2021-07-14,15.68,15.9,15.6,15.78,18409,29408840.0,1.91,0.32,0.05,0.93
4883,2021-07-15,15.72,15.82,15.2,15.36,17754,27625141.0,3.93,-2.66,-0.42,0.9
4884,2021-07-16,15.22,15.54,15.22,15.27,11875,18423336.0,2.08,-0.59,-0.09,0.6
4885,2021-07-19,15.28,15.61,14.9,15.53,20914,32267192.0,4.65,1.7,0.26,1.06
4886,2021-07-20,15.28,15.89,15.22,15.74,18384,29014322.0,4.31,1.35,0.21,0.93
4887,2021-07-21,15.81,15.9,15.57,15.74,13586,21566219.0,2.1,0.0,0.0,0.69
4888,2021-07-22,15.75,16.0,15.64,15.98,21045,33842668.0,2.29,1.52,0.24,1.06
4889,2021-07-23,16.12,16.21,15.39,15.43,25635,40950663.0,5.13,-3.44,-0.55,1.29
4890,2021-07-26,15.66,15.66,14.95,15.09,19431,29824472.0,4.6,-2.2,-0.34,0.98
4891,2021-07-27,15.09,15.62,15.02,15.16,21023,32681371.0,3.98,0.46,0.07,1.06
4892,2021-07-28,15.24,15.36,14.53,15.02,19918,30171206.0,5.47,-0.92,-0.14,1.01
4893,2021-07-29,15.06,15.53,15.06,15.42,18611,28974846.0,3.13,2.66,0.4,0.94
4894,2021-07-30,15.42,15.72,15.28,15.57,17106,26794084.0,2.85,0.97,0.15,0.86
4895,2021-08-02,15.65,16.07,15.54,16.0,24491,39301358.0,3.4,2.76,0.43,1.24
4896,2021-08-03,15.9,16.34,15.88,16.08,34174,55761377.0,2.88,0.5,0.08,1.73
4897,2021-08-04,16.08,16.26,15.82,16.12,24084,38927342.0,2.74,0.25,0.04,1.22
4898,2021-08-05,16.1,16.15,15.87,16.03,17042,27482610.0,1.74,-0.56,-0.09,0.86
4899,2021-08-06,16.03,16.03,15.68,15.9,16745,26705572.0,2.18,-0.81,-0.13,0.85
4900,2021-08-09,15.9,16.09,15.75,16.03,15891,25638939.0,2.14,0.82,0.13,0.8
4901,2021-08-10,15.97,16.37,15.88,16.27,29119,47589158.0,3.06,1.5,0.24,1.47
4902,2021-08-11,16.22,16.31,15.98,16.0,18385,29782466.0,2.03,-1.66,-0.27,0.93
4903,2021-08-12,15.98,16.28,15.9,16.01,17653,28659219.0,2.38,0.06,0.01,0.89
4904,2021-08-13,16.01,16.05,15.56,15.65,26549,42086686.0,3.06,-2.25,-0.36,1.34
4905,2021-08-16,15.65,15.83,15.57,15.62,14081,22270944.0,1.66,-0.19,-0.03,0.71
4906,2021-08-17,15.62,15.7,15.03,15.08,21646,33427825.0,4.29,-3.46,-0.54,1.09
4907,2021-08-18,15.08,15.2,14.97,15.16,17498,26610911.0,1.53,0.53,0.08,0.88
4908,2021-08-19,15.15,15.3,15.08,15.22,13117,20133040.0,1.45,0.4,0.06,0.66
4909,2021-08-20,15.17,15.17,14.88,15.06,10655,16143555.0,1.91,-1.05,-0.16,0.54
4910,2021-08-23,15.0,15.29,15.0,15.17,17245,26369748.0,1.93,0.73,0.11,0.87
4911,2021-08-24,15.17,15.17,14.93,15.07,15380,23312620.0,1.58,-0.66,-0.1,0.78
4912,2021-08-25,15.07,15.13,14.95,15.11,10517,15963257.0,1.19,0.27,0.04,0.53
4913,2021-08-26,15.11,15.11,14.92,14.92,11965,18080620.0,1.26,-1.26,-0.19,0.6
4914,2021-08-27,14.92,14.92,14.55,14.6,19290,28528742.0,2.48,-2.14,-0.32,0.97
4915,2021-08-30,14.7,15.37,14.7,15.16,29294,44479942.0,4.59,3.84,0.56,1.48
4916,2021-08-31,15.3,15.54,15.02,15.54,41096,63721147.0,3.43,2.51,0.38,2.08
4917,2021-09-01,15.53,15.63,15.31,15.55,26194,40872944.0,2.06,0.06,0.01,1.32
4918,2021-09-02,15.58,15.82,15.4,15.69,20136,31806189.0,2.7,0.9,0.14,1.02
4919,2021-09-03,15.67,16.08,15.65,15.85,27135,43463645.0,2.74,1.02,0.16,1.37
4920,2021-09-06,15.96,16.32,15.83,16.32,35021,57174196.0,3.09,2.97,0.47,1.77
4921,2021-09-07,16.23,16.45,16.14,16.25,30916,50616860.0,1.9,-0.43,-0.07,1.56
4922,2021-09-08,16.28,16.9,16.17,16.75,45173,75444185.0,4.49,3.08,0.5,2.28
4923,2021-09-09,16.75,17.32,16.61,17.1,48175,82753812.0,4.24,2.09,0.35,2.43
4924,2021-09-10,16.85,17.17,16.83,17.01,34074,58412930.0,1.99,-0.53,-0.09,1.72
4925,2021-09-13,16.92,17.41,16.86,17.35,31412,54502831.0,3.23,2.0,0.34,1.59
4926,2021-09-14,17.37,17.51,16.93,17.05,33300,57512547.0,3.34,-1.73,-0.3,1.68
4927,2021-09-15,16.94,17.26,16.75,17.2,26631,45827574.0,2.99,0.88,0.15,1.35
4928,2021-09-16,17.26,17.26,16.71,16.75,31666,53977588.0,3.2,-2.62,-0.45,1.6
4929,2021-09-17,17.07,17.07,16.4,16.53,25296,42222003.0,4.0,-1.31,-0.22,1.28
4930,2021-09-22,16.37,16.62,16.14,16.56,28867,47637198.0,2.9,0.18,0.03,1.46
4931,2021-09-23,16.63,16.94,16.57,16.78,17964,30395268.0,2.23,1.33,0.22,0.91
4932,2021-09-24,16.87,17.0,16.32,16.42,18623,31136358.0,4.05,-2.15,-0.36,0.94
4933,2021-09-27,16.5,16.66,15.74,15.86,22349,36139288.0,5.6,-3.41,-0.56,1.13
4934,2021-09-28,15.94,16.27,15.66,16.18,16920,27291476.0,3.85,2.02,0.32,0.85
4935,2021-09-29,16.22,16.22,15.56,15.56,17482,27897326.0,4.08,-3.83,-0.62,0.88
4936,2021-09-30,15.6,16.47,15.6,16.29,22618,36833075.0,5.59,4.69,0.73,1.14
4937,2021-10-08,16.39,16.92,16.39,16.62,26478,44413861.0,3.25,2.03,0.33,1.34
4938,2021-10-11,16.58,17.31,16.27,17.09,39276,66926378.0,6.26,2.83,0.47,1.98
4939,2021-10-12,16.87,17.42,16.78,17.25,51161,88504014.0,3.74,0.94,0.16,2.58
4940,2021-10-13,17.24,17.36,16.85,17.19,33689,58116581.0,2.96,-0.35,-0.06,1.7
4941,2021-10-14,17.05,17.3,16.84,17.06,30735,52832847.0,2.68,-0.76,-0.13,1.55
4942,2021-10-15,17.52,17.6,16.77,16.87,39029,67075495.0,4.87,-1.11,-0.19,1.97
4943,2021-10-18,16.77,16.99,16.55,16.88,28718,48690919.0,2.61,0.06,0.01,1.45
4944,2021-10-19,16.92,16.98,16.73,16.82,17750,30148375.0,1.48,-0.36,-0.06,0.9
4945,2021-10-20,16.82,16.89,16.32,16.37,26618,44316491.0,3.39,-2.68,-0.45,1.34
4946,2021-10-21,16.45,16.54,16.09,16.21,17838,29204461.0,2.75,-0.98,-0.16,0.9
4947,2021-10-22,16.03,16.29,16.02,16.04,17201,27978238.0,1.67,-1.05,-0.17,0.87
4948,2021-10-25,16.14,16.15,15.67,15.83,24463,38974698.0,2.99,-1.31,-0.21,1.24
4949,2021-10-26,15.79,16.02,15.68,15.75,19578,31241398.0,2.15,-0.51,-0.08,0.99
4950,2021-10-27,15.72,15.8,15.13,15.22,26049,40235963.0,4.25,-3.37,-0.53,1.32
4951,2021-10-28,15.13,15.4,15.0,15.22,23882,36617340.0,2.63,0.0,0.0,1.21
4952,2021-10-29,15.17,15.42,15.13,15.28,24916,38451151.0,1.91,0.39,0.06,1.26
4953,2021-11-01,14.89,14.9,14.21,14.61,51373,75401407.0,4.52,-4.38,-0.67,2.59
4954,2021-11-02,14.49,14.77,14.12,14.27,32294,46989342.0,4.45,-2.33,-0.34,1.63
4955,2021-11-03,14.33,14.47,14.23,14.42,16069,23251228.0,1.68,1.05,0.15,0.81
4956,2021-11-04,14.36,14.66,14.34,14.57,18240,26746168.0,2.22,1.04,0.15,0.92
4957,2021-11-05,14.57,14.83,14.48,14.68,19556,29001460.0,2.4,0.75,0.11,0.99
4958,2021-11-08,14.61,14.66,14.37,14.58,14505,21230613.0,1.98,-0.68,-0.1,0.73
4959,2021-11-09,14.58,14.88,14.5,14.86,14078,20890518.0,2.61,1.92,0.28,0.71
4960,2021-11-10,14.89,14.96,14.71,14.96,14693,22016246.0,1.68,0.67,0.1,0.74
4961,2021-11-11,14.78,15.31,14.78,15.17,16456,25184904.0,3.54,1.4,0.21,0.83
4962,2021-11-12,15.21,15.35,15.1,15.32,14585,22445058.0,1.65,0.99,0.15,0.74
4963,2021-11-15,15.38,15.44,15.23,15.32,13270,20486419.0,1.37,0.0,0.0,0.67
4964,2021-11-16,15.38,15.55,15.2,15.25,18746,29092939.0,2.28,-0.46,-0.07,0.95
4965,2021-11-17,15.25,15.4,15.25,15.34,10951,16929571.0,0.98,0.59,0.09,0.55
4966,2021-11-18,15.41,15.43,15.03,15.05,16242,24841898.0,2.61,-1.89,-0.29,0.82
4967,2021-11-19,15.08,15.37,15.04,15.35,11030,16947714.0,2.19,1.99,0.3,0.56
4968,2021-11-22,15.3,15.41,15.24,15.37,10951,16920834.0,1.11,0.13,0.02,0.55
4969,2021-11-23,15.36,15.55,15.29,15.46,13395,20839795.0,1.69,0.59,0.09,0.68
4970,2021-11-24,15.48,15.83,15.32,15.64,23362,36793625.0,3.3,1.16,0.18,1.18
4971,2021-11-25,15.62,15.67,15.44,15.45,16744,26167084.0,1.47,-1.21,-0.19,0.85
4972,2021-11-26,15.44,15.44,15.17,15.36,13740,21226470.0,1.75,-0.58,-0.09,0.69
4973,2021-11-29,15.17,15.3,15.05,15.18,11712,17900869.0,1.63,-1.17,-0.18,0.59
4974,2021-11-30,15.23,15.5,15.18,15.4,18256,28258599.0,2.11,1.45,0.22,0.92
4975,2021-12-01,15.27,15.73,15.27,15.67,20074,31542079.0,2.99,1.75,0.27,1.01
4976,2021-12-02,15.62,15.81,15.38,15.41,18047,28221671.0,2.74,-1.66,-0.26,0.91
4977,2021-12-03,15.38,15.59,15.38,15.46,12852,20072736.0,1.36,0.32,0.05,0.65
4978,2021-12-06,15.5,15.59,15.17,15.22,16214,25065247.0,2.72,-1.55,-0.24,0.82
4979,2021-12-07,15.27,15.38,14.97,15.04,17190,26210086.0,2.69,-1.18,-0.18,0.87
4980,2021-12-08,15.05,15.19,14.95,15.17,12258,18666439.0,1.6,0.86,0.13,0.62
4981,2021-12-09,15.17,15.57,15.07,15.4,19321,30041388.0,3.3,1.52,0.23,0.98
4982,2021-12-10,15.4,15.4,15.17,15.29,16682,25669874.0,1.49,-0.71,-0.11,0.84
4983,2021-12-13,15.27,15.5,15.2,15.44,15155,23505454.0,1.96,0.98,0.15,0.77
4984,2021-12-14,15.45,16.44,15.33,16.16,62275,100628747.0,7.19,4.66,0.72,3.15
4985,2021-12-15,16.14,16.24,15.96,15.98,22136,35863782.0,1.73,-1.11,-0.18,1.12
4986,2021-12-16,16.06,16.53,15.88,16.43,30960,50898950.0,4.07,2.82,0.45,1.56
4987,2021-12-17,16.38,16.65,16.25,16.59,28865,48002478.0,2.43,0.97,0.16,1.46
4988,2021-12-20,16.47,16.86,16.17,16.29,25581,42393973.0,4.16,-1.81,-0.3,1.29
4989,2021-12-21,16.39,17.21,16.29,16.72,37851,63797158.0,5.65,2.64,0.43,1.91
4990,2021-12-22,16.87,16.87,16.53,16.56,17721,29688873.0,2.03,-0.96,-0.16,0.9
4991,2021-12-23,16.77,16.81,16.22,16.24,28896,47754095.0,3.56,-1.93,-0.32,1.46
4992,2021-12-24,16.24,16.45,15.95,16.01,18159,29490769.0,3.08,-1.42,-0.23,0.92
4993,2021-12-27,16.01,16.35,15.85,16.2,13327,21684455.0,3.12,1.19,0.19,0.67
4994,2021-12-28,16.17,16.42,16.17,16.29,12319,20262524.0,1.54,0.56,0.09,0.62
4995,2021-12-29,16.25,16.32,16.05,16.19,12785,20851507.0,1.66,-0.61,-0.1,0.65
4996,2021-12-30,16.19,16.6,16.15,16.5,21093,35035434.0,2.78,1.91,0.31,1.07
4997,2021-12-31,16.5,16.76,16.38,16.56,19173,32032005.0,2.3,0.36,0.06,0.97
4998,2022-01-04,16.47,17.22,16.45,17.06,40174,68752313.0,4.65,3.02,0.5,2.03
4999,2022-01-05,17.07,17.26,16.67,16.92,34691,59246804.0,3.46,-0.82,-0.14,1.75
5000,2022-01-06,16.83,17.07,16.7,16.94,13855,23665463.0,2.19,0.12,0.02,0.7
5001,2022-01-07,16.95,17.1,16.37,16.42,32351,54332920.0,4.31,-3.07,-0.52,1.63
5002,2022-01-10,16.49,16.7,16.2,16.5,16254,27027409.0,3.05,0.49,0.08,0.82
5003,2022-01-11,16.55,16.78,16.38,16.45,17788,29693340.0,2.42,-0.3,-0.05,0.9
5004,2022-01-12,16.46,16.82,16.45,16.72,14322,24029651.0,2.25,1.64,0.27,0.72
5005,2022-01-13,17.07,17.25,16.68,16.72,23247,39582556.0,3.41,0.0,0.0,1.17
5006,2022-01-14,16.62,17.03,16.57,16.59,22948,38879170.0,2.75,-0.78,-0.13,1.16
5007,2022-01-17,16.54,17.19,16.54,17.17,32432,55694287.0,3.92,3.5,0.58,1.64
5008,2022-01-18,17.12,17.27,16.68,16.73,39168,66974030.0,3.44,-2.56,-0.44,1.98
5009,2022-01-19,16.73,17.03,16.68,17.01,22113,37642986.0,2.09,1.67,0.28,1.12
5010,2022-01-20,16.96,17.04,16.02,16.06,43712,71967791.0,6.0,-5.58,-0.95,2.21
5011,2022-01-21,16.17,16.64,15.98,16.2,27958,45819761.0,4.11,0.87,0.14,1.41
5012,2022-01-24,16.17,16.3,15.83,15.95,20283,32769276.0,2.9,-1.54,-0.25,1.02
5013,2022-01-25,15.97,16.07,15.07,15.08,32376,50313752.0,6.27,-5.45,-0.87,1.64
5014,2022-01-26,15.08,15.39,14.97,15.34,17434,26675925.0,2.79,1.72,0.26,0.88
5015,2022-01-27,15.38,15.42,14.85,14.97,21866,33131972.0,3.72,-2.41,-0.37,1.1
5016,2022-01-28,15.03,15.36,14.93,15.22,13830,21174007.0,2.87,1.67,0.25,0.7
5017,2022-02-07,15.42,15.55,15.3,15.37,12162,18891408.0,1.64,0.99,0.15,0.61
5018,2022-02-08,15.38,15.63,15.29,15.63,16581,25941555.0,2.21,1.69,0.26,0.84
5019,2022-02-09,15.61,16.17,15.59,16.08,21748,34945386.0,3.71,2.88,0.45,1.1
5020,2022-02-10,16.11,16.18,15.94,16.12,15424,24983991.0,1.49,0.25,0.04,0.78
5021,2022-02-11,16.01,16.1,15.66,15.67,18108,28849476.0,2.73,-2.79,-0.45,0.91
5022,2022-02-14,15.67,15.76,15.54,15.66,9897,15612244.0,1.4,-0.06,-0.01,0.5
5023,2022-02-15,15.67,15.76,15.45,15.59,10593,16684748.0,1.98,-0.45,-0.07,0.54
5024,2022-02-16,15.7,15.94,15.68,15.85,13671,21813417.0,1.67,1.67,0.26,0.69
5025,2022-02-17,15.76,15.97,15.6,15.67,13966,22264397.0,2.33,-1.14,-0.18,0.71
5026,2022-02-18,15.76,15.89,15.6,15.85,11482,18300962.0,1.85,1.15,0.18,0.58
5027,2022-02-21,16.02,16.75,15.99,16.75,42971,71408981.0,4.79,5.68,0.9,2.17
5028,2022-02-22,16.57,16.74,16.3,16.44,26867,44650273.0,2.63,-1.85,-0.31,1.36
5029,2022-02-23,16.5,16.58,16.28,16.52,22688,37627523.0,1.82,0.49,0.08,1.15
5030,2022-02-24,16.53,16.62,15.79,16.03,26831,43795337.0,5.02,-2.97,-0.49,1.36
5031,2022-02-25,16.26,16.44,16.09,16.14,18668,30633013.0,2.18,0.69,0.11,0.94
5032,2022-02-28,16.24,16.24,15.77,15.87,18874,30265213.0,2.91,-1.67,-0.27,0.95
5033,2022-03-01,16.01,16.33,15.92,16.31,19402,31679412.0,2.58,2.77,0.44,0.98
5034,2022-03-02,16.22,16.36,16.17,16.33,11607,19046407.0,1.16,0.12,0.02,0.59
5035,2022-03-03,16.37,16.39,16.13,16.16,15093,24682251.0,1.59,-1.04,-0.17,0.76
5036,2022-03-04,16.1,16.16,15.76,15.79,17730,28478649.0,2.48,-2.29,-0.37,0.9
5037,2022-03-07,15.85,15.85,15.41,15.52,18006,28289869.0,2.79,-1.71,-0.27,0.91
5038,2022-03-08,15.57,15.68,15.25,15.33,17351,27061335.0,2.77,-1.22,-0.19,0.88
5039,2022-03-09,15.27,15.41,14.31,14.96,26943,40369670.0,7.18,-2.41,-0.37,1.36
5040,2022-03-10,15.3,15.53,15.21,15.26,19671,30495455.0,2.14,2.01,0.3,0.99
5041,2022-03-11,15.12,15.45,14.93,15.38,12502,19177150.0,3.41,0.79,0.12,0.63
5042,2022-03-14,15.27,15.4,15.0,15.04,10221,15688161.0,2.6,-2.21,-0.34,0.52
5043,2022-03-15,14.97,14.97,14.18,14.19,22616,33288221.0,5.25,-5.65,-0.85,1.14
5044,2022-03-16,14.42,14.51,13.86,14.43,23087,33250515.0,4.58,1.69,0.24,1.17
5045,2022-03-17,14.53,14.79,14.48,14.54,16697,24666179.0,2.15,0.76,0.11,0.84
5046,2022-03-18,14.5,14.74,14.47,14.72,9466,14007514.0,1.86,1.24,0.18,0.48
5047,2022-03-21,14.73,14.91,14.7,14.84,12360,18460740.0,1.43,0.82,0.12,0.62
5048,2022-03-22,14.88,14.96,14.68,14.83,11304,16912223.0,1.89,-0.07,-0.01,0.57
5049,2022-03-23,14.91,15.67,14.86,15.47,34037,52702799.0,5.46,4.32,0.64,1.72
5050,2022-03-24,15.37,15.45,14.91,15.07,23654,36139329.0,3.49,-2.59,-0.4,1.19
5051,2022-03-25,15.07,15.42,15.06,15.07,16334,25001601.0,2.39,0.0,0.0,0.82
5052,2022-03-28,15.02,15.21,14.63,14.92,11093,16718642.0,3.85,-1.0,-0.15,0.56
5053,2022-03-29,14.92,15.47,14.86,15.23,28220,43130618.0,4.09,2.08,0.31,1.43
5054,2022-03-30,15.24,15.3,14.72,15.05,23680,35681299.0,3.81,-1.18,-0.18,1.2
5055,2022-03-31,15.13,15.19,14.9,15.07,15915,24233597.0,1.93,0.13,0.02,0.8
5056,2022-04-01,14.94,15.1,14.8,14.9,13915,20923846.0,1.99,-1.13,-0.17,0.7
5057,2022-04-06,14.87,15.12,14.81,15.03,12422,18821527.0,2.08,0.87,0.13,0.63
5058,2022-04-07,14.93,15.07,14.64,14.65,16619,24825287.0,2.86,-2.53,-0.38,0.84
5059,2022-04-08,14.65,14.77,14.34,14.49,13796,20188599.0,2.94,-1.09,-0.16,0.7
5060,2022-04-11,14.46,14.73,14.25,14.37,14107,20596734.0,3.31,-0.83,-0.12,0.71
5061,2022-04-12,14.31,14.66,14.23,14.66,11357,16573140.0,2.99,2.02,0.29,0.57
5062,2022-04-13,14.57,14.63,14.39,14.47,8823,12926572.0,1.64,-1.3,-0.19,0.45
5063,2022-04-14,14.67,14.67,14.47,14.52,9784,14384293.0,1.38,0.35,0.05,0.49
5064,2022-04-15,14.47,14.65,14.33,14.39,13172,19262213.0,2.2,-0.9,-0.13,0.67
5065,2022-04-18,14.33,14.53,14.22,14.45,7051,10229142.0,2.15,0.42,0.06,0.36
5066,2022-04-19,14.37,14.63,14.37,14.63,8984,13174199.0,1.8,1.25,0.18,0.45
5067,2022-04-20,14.6,14.75,14.44,14.5,10639,15688129.0,2.12,-0.89,-0.13,0.54
5068,2022-04-21,14.37,14.52,13.85,13.87,15484,22049104.0,4.62,-4.34,-0.63,0.78
5069,2022-04-22,13.88,13.98,13.64,13.88,9966,13895600.0,2.45,0.07,0.01,0.5
5070,2022-04-25,13.75,13.81,12.9,12.9,16352,22076391.0,6.56,-7.06,-0.98,0.83
5071,2022-04-26,12.92,13.12,12.46,12.47,13341,17313833.0,5.12,-3.33,-0.43,0.67
5072,2022-04-27,12.37,12.7,12.02,12.62,16894,21093057.0,5.45,1.2,0.15,0.85
5073,2022-04-28,12.55,12.67,12.25,12.4,8671,10920889.0,3.33,-1.74,-0.22,0.44
5074,2022-04-29,12.64,13.12,12.42,13.04,11814,15365692.0,5.65,5.16,0.64,0.6
5075,2022-05-05,13.23,13.9,13.22,13.77,19652,27118382.0,5.21,5.6,0.73,0.99
5076,2022-05-06,13.45,13.81,13.45,13.67,11447,15818585.0,2.61,-0.73,-0.1,0.58
5077,2022-05-09,13.55,13.97,13.55,13.83,9066,12659117.0,3.07,1.17,0.16,0.46
5078,2022-05-10,13.7,14.1,13.69,13.99,9202,12984463.0,2.96,1.16,0.16,0.46
5079,2022-05-11,14.0,14.17,13.67,13.73,19436,27444711.0,3.57,-1.86,-0.26,0.98
5080,2022-05-12,13.66,13.95,13.61,13.9,9620,13459022.0,2.48,1.24,0.17,0.49
5081,2022-05-13,14.02,14.03,13.84,13.97,6062,8533836.0,1.37,0.5,0.07,0.31
5082,2022-05-16,13.98,14.07,13.92,13.98,6516,9210873.0,1.07,0.07,0.01,0.33
5083,2022-05-17,13.92,14.07,13.89,13.94,6956,9810919.0,1.29,-0.29,-0.04,0.35
5084,2022-05-18,14.18,14.2,13.92,14.0,8677,12286051.0,2.01,0.43,0.06,0.44
5085,2022-05-19,13.91,14.12,13.8,14.09,8225,11644423.0,2.29,0.64,0.09,0.42
5086,2022-05-20,14.05,14.22,14.05,14.16,10268,14667042.0,1.21,0.5,0.07,0.52
5087,2022-05-23,14.17,14.39,14.11,14.35,11647,16730768.0,1.98,1.34,0.19,0.59
5088,2022-05-24,14.38,14.38,13.83,13.83,12253,17466397.0,3.83,-3.62,-0.52,0.62
5089,2022-05-25,13.7,14.06,13.7,14.04,8591,12103231.0,2.6,1.52,0.21,0.43
5090,2022-05-26,14.05,14.5,13.94,14.37,13777,19838144.0,3.99,2.35,0.33,0.7
5091,2022-05-27,14.37,14.87,14.36,14.66,19650,28959374.0,3.55,2.02,0.29,0.99
5092,2022-05-30,14.8,16.14,14.75,15.34,58680,92345137.0,9.48,4.64,0.68,2.96
5093,2022-05-31,15.0,16.42,14.98,16.14,76615,122792977.0,9.39,5.22,0.8,3.87
5094,2022-06-01,16.12,16.3,15.76,16.09,52265,84763829.0,3.35,-0.31,-0.05,2.64
5095,2022-06-02,16.27,16.52,16.09,16.37,44523,73153309.0,2.67,1.74,0.28,2.25
5096,2022-06-06,16.32,16.41,16.07,16.12,35019,57112620.0,2.08,-1.53,-0.25,1.77
5097,2022-06-07,16.13,16.24,15.68,15.93,34731,55633964.0,3.47,-1.18,-0.19,1.75
5098,2022-06-08,15.9,15.93,15.45,15.77,24017,38001239.0,3.01,-1.0,-0.16,1.21
5099,2022-06-09,15.78,15.79,15.28,15.37,22112,34465088.0,3.23,-2.54,-0.4,1.12
5100,2022-06-10,15.28,15.52,15.28,15.36,17208,26724930.0,1.56,-0.07,-0.01,0.87
5101,2022-06-13,15.3,15.35,15.07,15.34,17192,26411951.0,1.82,-0.13,-0.02,0.87
5102,2022-06-14,15.22,15.3,14.86,15.28,21412,32560130.0,2.87,-0.39,-0.06,1.08
5103,2022-06-15,15.22,15.43,15.22,15.24,18069,27908081.0,1.37,-0.26,-0.04,0.91
5104,2022-06-16,15.28,15.57,15.16,15.37,18484,28742953.0,2.69,0.85,0.13,0.93
5105,2022-06-17,15.28,15.6,15.04,15.37,22941,35487302.0,3.64,0.0,0.0,1.16
5106,2022-06-20,15.33,15.53,15.17,15.22,16339,25156933.0,2.34,-0.98,-0.15,0.83
5107,2022-06-21,15.3,15.47,14.99,15.17,16479,25343674.0,3.15,-0.33,-0.05,0.83
5108,2022-06-22,15.23,15.35,14.87,14.88,12924,19564641.0,3.16,-1.91,-0.29,0.65
5109,2022-06-23,14.87,15.19,14.83,15.16,12962,19689935.0,2.42,1.88,0.28,0.65
5110,2022-06-24,15.16,15.29,15.12,15.24,10427,16033930.0,1.12,0.53,0.08,0.53
5111,2022-06-27,15.34,15.39,15.12,15.22,9194,14122667.0,1.77,-0.13,-0.02,0.46
5112,2022-06-28,15.27,15.44,15.09,15.44,14726,22764846.0,2.3,1.45,0.22,0.74
5113,2022-06-29,15.41,15.78,15.24,15.4,18411,28713105.0,3.5,-0.26,-0.04,0.93
5114,2022-06-30,15.35,15.71,15.29,15.49,22428,35175592.0,2.73,0.58,0.09,1.13
5115,2022-07-01,15.48,15.62,15.25,15.26,12987,20123271.0,2.39,-1.48,-0.23,0.66
5116,2022-07-04,15.27,15.28,15.07,15.13,14149,21596601.0,1.38,-0.85,-0.13,0.71
5117,2022-07-05,15.15,15.21,14.74,14.9,14680,22078194.0,3.11,-1.52,-0.23,0.74
5118,2022-07-06,14.81,14.93,14.67,14.79,10386,15483464.0,1.74,-0.74,-0.11,0.52
5119,2022-07-07,14.8,15.4,14.73,15.05,19145,29240525.0,4.53,1.76,0.26,0.97
5120,2022-07-08,15.04,15.35,14.87,15.21,11771,18063958.0,3.19,1.06,0.16,0.59
5121,2022-07-11,15.16,15.27,14.93,15.01,8515,12916953.0,2.24,-1.31,-0.2,0.43
5122,2022-07-12,15.06,15.06,14.81,14.95,9626,14501434.0,1.67,-0.4,-0.06,0.49
5123,2022-07-13,15.06,15.35,14.79,15.35,12483,19077853.0,3.75,2.68,0.4,0.63
5124,2022-07-14,15.32,15.45,15.19,15.35,14617,22650205.0,1.69,0.0,0.0,0.74
5125,2022-07-15,15.42,15.42,15.06,15.06,12561,19317609.0,2.35,-1.89,-0.29,0.63
5126,2022-07-18,15.07,15.62,14.96,15.53,24229,37751330.0,4.38,3.12,0.47,1.22
5127,2022-07-19,15.53,15.83,15.47,15.76,21244,33588789.0,2.32,1.48,0.23,1.07
5128,2022-07-20,15.76,15.82,15.62,15.77,13328,21159944.0,1.27,0.06,0.01,0.67
5129,2022-07-21,15.86,15.91,15.57,15.59,13287,21044368.0,2.16,-1.14,-0.18,0.67
5130,2022-07-22,15.63,15.76,15.42,15.65,10143,15960514.0,2.18,0.38,0.06,0.51
5131,2022-07-25,15.75,15.99,15.55,15.87,28483,45522809.0,2.81,1.41,0.22,1.44
5132,2022-07-26,15.92,16.05,15.66,16.0,22790,36419114.0,2.46,0.82,0.13,1.15
5133,2022-07-27,15.97,17.37,15.97,16.48,31923,52952040.0,8.75,3.0,0.48,1.61
5134,2022-07-28,16.52,17.02,16.52,16.81,35246,59679001.0,3.03,2.0,0.33,1.78
5135,2022-07-29,16.94,16.98,16.63,16.67,24570,41537654.0,2.08,-0.83,-0.14,1.24
5136,2022-08-15,18.35,18.35,18.35,18.35,9116,16801691.0,0.0,10.08,1.68,0.46
5137,2022-08-16,19.87,19.87,17.59,17.72,175546,322292467.0,12.43,-3.43,-0.63,8.87
5138,2022-08-17,17.42,18.12,17.41,18.04,100968,180362718.0,4.01,1.81,0.32,5.1
5139,2022-08-18,17.74,18.5,17.37,17.95,80114,143744320.0,6.26,-0.5,-0.09,4.05
5140,2022-08-19,17.9,18.21,17.3,17.35,60174,106724852.0,5.07,-3.34,-0.6,3.04
5141,2022-08-22,16.93,17.22,16.81,17.02,33447,57317019.0,2.36,-1.9,-0.33,1.69
5142,2022-08-23,17.04,17.15,16.67,16.76,31046,52510088.0,2.82,-1.53,-0.26,1.57
5143,2022-08-24,16.75,16.93,16.33,16.37,31199,52070024.0,3.58,-2.33,-0.39,1.58
5144,2022-08-25,16.47,16.53,16.07,16.26,23331,38067280.0,2.81,-0.67,-0.11,1.18
5145,2022-08-26,16.2,16.42,16.1,16.12,20490,33497999.0,1.97,-0.86,-0.14,1.03
5146,2022-08-29,15.94,16.34,15.75,16.18,13974,22635073.0,3.66,0.37,0.06,0.71
5147,2022-08-30,16.13,16.68,16.0,16.64,30448,50585576.0,4.2,2.84,0.46,1.54
5148,2022-08-31,16.87,16.87,16.22,16.22,27127,45094638.0,3.91,-2.52,-0.42,1.37
5149,2022-09-01,16.14,17.08,16.08,16.74,37831,63310950.0,6.17,3.21,0.52,1.91
5150,2022-09-02,16.67,18.42,16.58,18.04,136994,246183646.0,10.99,7.77,1.3,6.92
5151,2022-09-05,17.86,18.07,17.43,17.94,86585,154554592.0,3.55,-0.55,-0.1,4.37
5152,2022-09-06,17.73,18.13,17.57,17.96,59100,106210971.0,3.12,0.11,0.02,2.98
5153,2022-09-07,17.7,17.91,17.25,17.29,59498,104635892.0,3.67,-3.73,-0.67,3.0
5154,2022-09-08,17.33,17.6,16.93,16.95,33337,57467989.0,3.88,-1.97,-0.34,1.68
5155,2022-09-09,17.02,17.11,16.52,16.62,27419,45969654.0,3.48,-1.95,-0.33,1.38
5156,2022-09-13,16.64,16.83,16.34,16.47,22128,36842443.0,2.95,-0.9,-0.15,1.12
5157,2022-09-14,16.14,16.42,16.04,16.24,21935,35693589.0,2.31,-1.4,-0.23,1.11
5158,2022-09-15,16.25,16.3,15.45,15.61,35272,56115933.0,5.23,-3.88,-0.63,1.78
5159,2022-09-16,15.62,15.74,15.43,15.46,16089,25231122.0,1.99,-0.96,-0.15,0.81
5160,2022-09-19,15.46,15.47,14.92,15.0,15871,24141478.0,3.56,-2.98,-0.46,0.8
5161,2022-09-20,15.12,15.41,15.06,15.1,11959,18224027.0,2.33,0.67,0.1,0.6
5162,2022-09-21,14.98,15.3,14.87,15.25,13146,20009899.0,2.85,0.99,0.15,0.66
5163,2022-09-22,15.14,15.44,15.02,15.3,13429,20668316.0,2.75,0.33,0.05,0.68
5164,2022-09-23,15.29,15.3,14.74,14.98,16638,25061471.0,3.66,-2.09,-0.32,0.84
5165,2022-09-26,14.85,15.02,14.61,14.95,19475,29034914.0,2.74,-0.2,-0.03,0.98
5166,2022-09-27,14.95,15.23,14.89,15.19,16537,25070156.0,2.27,1.61,0.24,0.84
5167,2022-09-28,15.17,15.23,14.72,14.77,13814,20774165.0,3.36,-2.76,-0.42,0.7
5168,2022-09-29,14.96,14.99,14.45,14.5,11744,17305011.0,3.66,-1.83,-0.27,0.59
5169,2022-09-30,14.5,14.62,14.21,14.22,10186,14745236.0,2.83,-1.93,-0.28,0.51
5170,2022-10-10,14.31,14.43,14.07,14.14,9558,13679311.0,2.53,-0.56,-0.08,0.48
5171,2022-10-11,14.07,14.26,13.95,14.17,9688,13786030.0,2.19,0.21,0.03,0.49
5172,2022-10-12,14.22,14.76,14.14,14.76,20238,29500579.0,4.38,4.16,0.59,1.02
5173,2022-10-13,14.75,15.1,14.6,14.99,14875,22331148.0,3.39,1.56,0.23,0.75
5174,2022-10-14,15.03,15.16,14.94,15.11,12308,18678469.0,1.47,0.8,0.12,0.62
5175,2022-10-17,14.97,15.47,14.97,15.47,17266,26566709.0,3.31,2.38,0.36,0.87
5176,2022-10-18,15.47,15.97,15.39,15.82,25747,40697333.0,3.75,2.26,0.35,1.3
5177,2022-10-19,15.72,16.13,15.67,16.01,24948,39988489.0,2.91,1.2,0.19,1.26
5178,2022-10-20,16.02,16.09,15.62,15.79,17528,27876288.0,2.94,-1.37,-0.22,0.89
5179,2022-10-21,15.9,15.97,15.63,15.88,14829,23627968.0,2.15,0.57,0.09,0.75
5180,2022-10-24,15.98,16.02,15.45,15.6,17893,28328716.0,3.59,-1.76,-0.28,0.9
5181,2022-10-25,15.29,15.54,15.2,15.33,16310,25137402.0,2.18,-1.73,-0.27,0.82
5182,2022-10-26,15.48,15.97,15.42,15.85,13881,22004134.0,3.59,3.39,0.52,0.7
5183,2022-10-27,15.8,16.15,15.8,15.88,16303,26178918.0,2.21,0.19,0.03,0.82
5184,2022-10-28,15.79,15.91,15.3,15.44,15765,24674552.0,3.84,-2.77,-0.44,0.8
5185,2022-10-31,15.87,16.99,15.87,16.82,103237,173838999.0,7.25,8.94,1.38,5.21
5186,2022-11-01,16.91,17.27,16.71,17.0,74945,127477418.0,3.33,1.07,0.18,3.79
5187,2022-11-02,16.98,17.02,16.69,16.92,39022,66017919.0,1.94,-0.47,-0.08,1.97
5188,2022-11-03,16.91,17.12,16.72,17.02,31308,53266599.0,2.36,0.59,0.1,1.58
5189,2022-11-04,17.07,17.11,16.9,17.01,32074,54823477.0,1.23,-0.06,-0.01,1.62
5190,2022-11-07,16.97,17.07,16.73,16.8,29087,49250588.0,2.0,-1.23,-0.21,1.47
5191,2022-11-08,16.92,17.02,16.63,16.96,24311,41187429.0,2.32,0.95,0.16,1.23
5192,2022-11-09,16.96,16.99,16.62,16.86,18403,31200558.0,2.18,-0.59,-0.1,0.93
5193,2022-11-10,16.8,17.3,16.72,16.94,31610,54109057.0,3.44,0.47,0.08,1.6
5194,2022-11-11,17.21,17.24,16.79,16.81,29120,49568448.0,2.66,-0.77,-0.13,1.47
5195,2022-11-14,16.79,17.05,16.71,16.89,23621,39972231.0,2.02,0.48,0.08,1.19
5196,2022-11-15,16.9,17.01,16.73,16.97,19396,33004170.0,1.66,0.47,0.08,0.98
5197,2022-11-16,17.02,17.38,16.95,17.06,26233,45263135.0,2.53,0.53,0.09,1.32
5198,2022-11-17,17.08,17.46,17.08,17.46,33619,58370217.0,2.23,2.34,0.4,1.7
5199,2022-11-18,17.42,17.69,17.25,17.25,36076,63340649.0,2.52,-1.2,-0.21,1.82
5200,2022-11-21,17.25,17.44,17.13,17.19,24662,42817659.0,1.8,-0.35,-0.06,1.25
5201,2022-11-22,17.09,17.66,16.99,17.36,33192,57819530.0,3.9,0.99,0.17,1.68
5202,2022-11-23,17.36,17.4,16.93,17.12,21392,36743333.0,2.71,-1.38,-0.24,1.08
5203,2022-11-24,17.11,17.26,16.77,16.92,25150,42877057.0,2.86,-1.17,-0.2,1.27
5204,2022-11-25,17.05,17.05,16.65,16.66,15444,26021466.0,2.36,-1.54,-0.26,0.78
5205,2022-11-28,16.62,16.62,16.29,16.51,17769,29357838.0,1.98,-0.9,-0.15,0.9
5206,2022-11-29,16.54,16.91,16.54,16.88,15913,26819327.0,2.24,2.24,0.37,0.8
5207,2022-11-30,16.91,16.92,16.65,16.84,14749,24920118.0,1.6,-0.24,-0.04,0.74
5208,2022-12-01,16.98,17.22,16.85,17.02,21820,37320265.0,2.2,1.07,0.18,1.1
5209,2022-12-02,17.02,17.24,16.94,17.06,20575,35354995.0,1.76,0.24,0.04,1.04
5210,2022-12-05,17.14,17.46,17.14,17.34,24352,42274241.0,1.88,1.64,0.28,1.23
5211,2022-12-06,17.17,17.45,17.08,17.24,17333,30075496.0,2.13,-0.58,-0.1,0.88
5212,2022-12-07,17.22,17.33,16.92,17.25,20815,35764754.0,2.38,0.06,0.01,1.05
5213,2022-12-08,17.14,17.19,16.69,16.83,23185,39244961.0,2.9,-2.43,-0.42,1.17
5214,2022-12-09,16.85,16.97,16.65,16.67,19521,32833992.0,1.9,-0.95,-0.16,0.99
5215,2022-12-12,16.67,16.91,16.54,16.77,16529,27791914.0,2.22,0.6,0.1,0.83
5216,2022-12-13,16.62,16.88,16.58,16.83,16434,27655712.0,1.79,0.36,0.06,0.83
5217,2022-12-14,16.87,16.96,16.71,16.73,16878,28545365.0,1.49,-0.59,-0.1,0.85
5218,2022-12-15,16.67,17.02,16.64,16.79,14869,25213333.0,2.27,0.36,0.06,0.75
5219,2022-12-16,16.8,16.87,16.33,16.48,16318,27057066.0,3.22,-1.85,-0.31,0.82
5220,2022-12-19,16.46,16.6,15.98,16.02,10748,17452779.0,3.76,-2.79,-0.46,0.54
5221,2022-12-20,15.92,16.14,15.84,15.88,13078,20972745.0,1.87,-0.87,-0.14,0.66
5222,2022-12-21,15.92,16.06,15.7,15.74,9124,14533277.0,2.27,-0.88,-0.14,0.46
5223,2022-12-22,15.91,15.91,15.42,15.51,11443,17998748.0,3.11,-1.46,-0.23,0.58
5224,2022-12-23,15.51,15.61,15.37,15.45,9202,14336403.0,1.55,-0.39,-0.06,0.46
5225,2022-12-26,15.61,15.81,15.48,15.74,10108,15973584.0,2.14,1.88,0.29,0.51
5226,2022-12-27,15.5,16.01,15.5,15.64,11970,18822477.0,3.24,-0.64,-0.1,0.6
5227,2022-12-28,15.64,15.68,15.29,15.36,12345,19104897.0,2.49,-1.79,-0.28,0.62
5228,2022-12-29,15.31,15.47,15.2,15.34,9041,13956316.0,1.76,-0.13,-0.02,0.46
5229,2022-12-30,15.34,15.5,15.28,15.43,6401,9905274.0,1.43,0.59,0.09,0.32
5230,2023-01-03,15.49,16.19,15.36,16.08,22384,35744254.0,5.38,4.21,0.65,1.13
5231,2023-01-04,16.18,16.57,16.07,16.45,22428,36999761.0,3.11,2.3,0.37,1.13
5232,2023-01-05,16.46,16.57,16.34,16.56,14667,24282789.0,1.4,0.67,0.11,0.74
5233,2023-01-06,16.45,16.56,16.28,16.32,11966,19714863.0,1.69,-1.45,-0.24,0.6
5234,2023-01-09,16.32,16.53,16.22,16.26,11418,18724338.0,1.9,-0.37,-0.06,0.58
5235,2023-01-10,16.31,16.37,16.12,16.17,9746,15887177.0,1.54,-0.55,-0.09,0.49
5236,2023-01-11,16.18,16.27,15.95,15.96,11307,18289190.0,1.98,-1.3,-0.21,0.57
5237,2023-01-12,16.02,16.2,15.96,16.04,8538,13782039.0,1.5,0.5,0.08,0.43
5238,2023-01-13,16.17,16.17,15.91,16.07,9228,14861266.0,1.62,0.19,0.03,0.47
5239,2023-01-16,16.02,16.26,16.02,16.15,13566,22057225.0,1.49,0.5,0.08,0.69
5240,2023-01-17,16.33,16.33,16.08,16.1,12375,20081122.0,1.55,-0.31,-0.05,0.63
5241,2023-01-18,16.07,16.38,16.07,16.31,12405,20298792.0,1.93,1.3,0.21,0.63
5242,2023-01-19,16.38,16.67,16.3,16.64,17386,28870356.0,2.27,2.02,0.33,0.88
5243,2023-01-20,16.67,16.77,16.59,16.74,15758,26422576.0,1.08,0.6,0.1,0.8
5244,2023-01-30,16.89,17.15,16.89,17.06,29036,49675430.0,1.55,1.91,0.32,1.47
5245,2023-01-31,17.06,17.15,16.87,17.15,20287,34751662.0,1.64,0.53,0.09,1.02
5246,2023-02-01,17.19,17.54,17.13,17.51,27786,48443066.0,2.39,2.1,0.36,1.4
5247,2023-02-02,17.5,17.7,17.45,17.48,25416,44839388.0,1.43,-0.17,-0.03,1.28
5248,2023-02-03,17.48,17.62,17.31,17.57,23369,41001070.0,1.77,0.51,0.09,1.18
5249,2023-02-06,17.53,18.14,17.49,17.87,34611,62197228.0,3.7,1.71,0.3,1.75
5250,2023-02-07,17.8,18.18,17.75,18.14,30090,54428025.0,2.41,1.51,0.27,1.52
5251,2023-02-08,18.14,18.3,17.79,17.98,26210,47408076.0,2.81,-0.88,-0.16,1.32
5252,2023-02-09,18.11,18.41,17.97,18.33,27253,49769805.0,2.45,1.95,0.35,1.38
5253,2023-02-10,18.3,18.38,18.17,18.37,24802,45557495.0,1.15,0.22,0.04,1.25
5254,2023-02-13,18.42,18.56,18.08,18.29,28174,51734335.0,2.61,-0.44,-0.08,1.42
5255,2023-02-14,18.3,18.53,18.07,18.11,24959,45664882.0,2.52,-0.98,-0.18,1.26
5256,2023-02-15,18.11,18.54,18.11,18.44,31251,57628503.0,2.37,1.82,0.33,1.58
5257,2023-02-16,18.44,18.52,17.79,17.9,29929,54570467.0,3.96,-2.93,-0.54,1.51
5258,2023-02-17,18.02,18.27,17.67,17.72,21987,39459703.0,3.35,-1.01,-0.18,1.11
5259,2023-02-20,17.94,18.07,17.64,17.95,19718,35470640.0,2.43,1.3,0.23,1.0
5260,2023-02-21,18.04,18.26,17.89,18.03,19332,35099318.0,2.06,0.45,0.08,0.98
5261,2023-02-22,17.99,18.54,17.81,18.36,32683,59895898.0,4.05,1.83,0.33,1.65
5262,2023-02-23,18.38,18.38,18.0,18.08,21947,39937196.0,2.07,-1.53,-0.28,1.11
5263,2023-02-24,18.15,18.28,17.94,18.22,23372,42623070.0,1.88,0.77,0.14,1.18
5264,2023-02-27,18.13,18.37,17.98,18.06,17389,31738627.0,2.14,-0.88,-0.16,0.88
5265,2023-02-28,18.08,18.55,18.07,18.35,27188,50000062.0,2.66,1.61,0.29,1.37
5266,2023-03-01,18.35,18.91,18.25,18.82,52864,99614635.0,3.6,2.56,0.47,2.67
5267,2023-03-02,18.82,20.53,18.74,20.12,134690,268389900.0,9.51,6.91,1.3,6.8
5268,2023-03-03,19.82,19.82,19.12,19.29,96834,188169951.0,3.48,-4.13,-0.83,4.89
5269,2023-03-06,19.27,21.23,19.15,20.64,169131,346284219.0,10.78,7.0,1.35,8.54
5270,2023-03-07,20.49,20.77,19.98,20.42,117284,238926179.0,3.83,-1.07,-0.22,5.92
5271,2023-03-08,20.14,20.5,19.8,20.35,88603,179641023.0,3.43,-0.34,-0.07,4.47
5272,2023-03-09,20.46,20.52,19.47,19.86,96004,191117444.0,5.16,-2.41,-0.49,4.85
5273,2023-03-10,19.72,20.07,19.21,19.26,67288,131901228.0,4.33,-3.02,-0.6,3.4
5274,2023-03-13,19.26,19.54,18.93,19.52,61581,119425697.0,3.17,1.35,0.26,3.11
5275,2023-03-14,19.34,19.55,19.06,19.34,47686,92565188.0,2.51,-0.92,-0.18,2.41
5276,2023-03-15,19.36,19.62,19.18,19.56,45258,88350360.0,2.28,1.14,0.22,2.29
5277,2023-03-16,19.46,19.51,18.71,18.77,59907,114278987.0,4.09,-4.04,-0.79,3.03
5278,2023-03-17,18.92,19.52,18.91,19.27,51760,100028240.0,3.25,2.66,0.5,2.61
5279,2023-03-20,19.28,19.65,19.18,19.39,47272,92296930.0,2.44,0.62,0.12,2.39
5280,2023-03-21,19.36,19.57,19.02,19.2,37254,71750306.0,2.84,-0.98,-0.19,1.88
5281,2023-03-22,19.24,20.01,19.04,19.95,89870,177802126.0,5.05,3.91,0.75,4.54
5282,2023-03-23,19.87,20.03,19.52,19.94,64841,128989616.0,2.56,-0.05,-0.01,3.27
5283,2023-03-24,20.02,20.11,19.49,19.75,46491,91930858.0,3.11,-0.95,-0.19,2.35
5284,2023-03-27,19.87,20.37,19.72,20.27,76419,154410143.0,3.29,2.63,0.52,3.86
5285,2023-03-28,20.19,20.71,19.82,20.22,81214,164628362.0,4.39,-0.25,-0.05,4.1
5286,2023-03-29,20.19,20.45,19.81,19.82,71317,144466623.0,3.17,-1.98,-0.4,3.6
5287,2023-03-30,19.83,19.9,18.87,19.12,77835,150919525.0,5.2,-3.53,-0.7,3.93
5288,2023-03-31,19.22,20.0,19.09,19.97,72419,142905303.0,4.76,4.45,0.85,3.66
5289,2023-04-03,19.92,20.27,19.71,20.11,77491,155617326.0,2.8,0.7,0.14,3.91
5290,2023-04-04,20.17,20.29,19.82,19.97,56698,114282116.0,2.34,-0.7,-0.14,2.86
5291,2023-04-06,19.92,20.01,19.48,19.79,46774,92801522.0,2.65,-0.9,-0.18,2.36
5292,2023-04-07,19.92,20.4,19.66,20.14,59772,120160829.0,3.74,1.77,0.35,3.02
5293,2023-04-10,20.12,20.23,19.27,19.37,50232,99070489.0,4.77,-3.82,-0.77,2.54
5294,2023-04-11,19.46,19.53,19.05,19.21,29391,56799800.0,2.48,-0.83,-0.16,1.48
5295,2023-04-12,19.21,20.41,19.12,20.25,73925,148349215.0,6.72,5.41,1.04,3.73
5296,2023-04-13,20.21,20.69,19.95,20.18,65322,132651052.0,3.65,-0.35,-0.07,3.3
5297,2023-04-14,20.18,20.19,19.57,19.87,38146,76146372.0,3.07,-1.54,-0.31,1.93
5298,2023-04-17,19.87,19.92,19.29,19.41,45945,89766939.0,3.17,-2.32,-0.46,2.32
5299,2023-04-18,19.38,19.85,18.9,19.61,51635,100589314.0,4.89,1.03,0.2,2.61
5300,2023-04-19,19.52,20.82,19.51,20.2,104372,212722002.0,6.68,3.01,0.59,5.27
5301,2023-04-20,20.32,21.07,20.22,20.79,84314,175366240.0,4.21,2.92,0.59,4.26
5302,2023-04-21,20.52,20.88,19.68,19.72,72294,146547957.0,5.77,-5.15,-1.07,3.65
5303,2023-04-24,19.88,20.6,19.8,20.11,66062,133703394.0,4.06,1.98,0.39,3.34
5304,2023-04-25,19.99,20.09,19.08,19.25,76353,148559712.0,5.02,-4.28,-0.86,3.86
5305,2023-04-26,19.32,19.7,18.02,18.48,87880,165373131.0,8.73,-4.0,-0.77,4.44
5306,2023-04-27,18.32,18.66,18.07,18.27,43428,80272192.0,3.19,-1.14,-0.21,2.19
5307,2023-04-28,18.3,20.11,18.3,20.11,117730,234645767.0,9.91,10.07,1.84,5.95
5308,2023-05-04,20.09,20.32,19.55,19.94,111632,222662457.0,3.83,-0.85,-0.17,5.64
5309,2023-05-05,19.83,20.01,19.34,19.62,68395,134994817.0,3.36,-1.6,-0.32,3.45
5310,2023-05-08,19.6,20.09,19.33,19.77,61249,121263905.0,3.87,0.76,0.15,3.09
5311,2023-05-09,19.61,19.76,18.92,18.94,66710,129057111.0,4.25,-4.2,-0.83,3.37
5312,2023-05-10,19.01,19.11,18.23,18.36,61803,114731930.0,4.65,-3.06,-0.58,3.12
5313,2023-05-11,18.43,18.57,18.03,18.44,44572,82175288.0,2.94,0.44,0.08,2.25
5314,2023-05-12,18.4,18.79,18.02,18.02,48369,89717079.0,4.18,-2.28,-0.42,2.44
5315,2023-05-15,18.02,18.08,17.16,17.8,49970,88107675.0,5.11,-1.22,-0.22,2.52
5316,2023-05-16,17.67,17.76,17.32,17.38,34731,61164632.0,2.47,-2.36,-0.42,1.75
5317,2023-05-17,17.4,17.71,17.23,17.7,22835,40265926.0,2.76,1.84,0.32,1.15
5318,2023-05-18,17.7,19.48,17.7,19.48,120107,229642351.0,10.06,10.06,1.78,6.07
5319,2023-05-19,19.48,21.26,19.31,21.2,220999,459228356.0,10.01,8.83,1.72,11.16
5320,2023-05-22,21.04,21.2,20.33,20.67,114849,238859141.0,4.1,-2.5,-0.53,5.8
5321,2023-05-23,20.76,20.9,19.89,19.9,58087,117670915.0,4.89,-3.73,-0.77,2.93
5322,2023-05-24,20.04,20.76,19.77,20.25,83210,169220787.0,4.97,1.76,0.35,4.2
5323,2023-05-25,20.3,20.61,19.49,19.83,68333,136836674.0,5.53,-2.07,-0.42,3.45
5324,2023-05-26,19.91,20.32,19.79,19.94,48602,97612563.0,2.67,0.55,0.11,2.45
5325,2023-05-29,20.07,20.54,19.83,20.09,67751,137347973.0,3.56,0.75,0.15,3.42
5326,2023-05-30,20.02,20.84,19.72,20.67,82573,169320924.0,5.57,2.89,0.58,4.17
5327,2023-05-31,20.54,20.92,20.5,20.79,71792,149238380.0,2.03,0.58,0.12,3.63
5328,2023-06-01,20.92,20.97,20.52,20.62,51801,107843586.0,2.16,-0.82,-0.17,2.62
5329,2023-06-02,20.77,20.79,20.34,20.51,38291,78787051.0,2.18,-0.53,-0.11,1.93
5330,2023-06-05,20.6,22.57,20.43,22.57,75974,167222667.0,10.43,10.04,2.06,3.84
5331,2023-06-06,22.93,23.71,21.71,21.92,243950,553583222.0,8.86,-2.88,-0.65,12.32
5332,2023-06-07,22.08,24.12,21.52,24.12,117179,272679429.0,11.86,10.04,2.2,5.92
5333,2023-06-08,25.7,26.54,23.8,24.15,380699,967370547.0,11.36,0.12,0.03,19.23
5334,2023-06-09,23.32,25.2,22.68,24.39,286678,681594565.0,10.43,0.99,0.24,14.48
5335,2023-06-12,23.62,24.1,23.01,23.09,178968,418670783.0,4.47,-5.33,-1.3,9.04
5336,2023-06-13,22.92,23.62,22.58,23.24,150763,350457531.0,4.5,0.65,0.15,7.61
5337,2023-06-14,22.95,23.36,22.62,22.95,108743,250666054.0,3.18,-1.25,-0.29,5.49
5338,2023-06-15,22.92,24.16,22.78,23.38,169887,402549598.0,6.01,1.87,0.43,8.58
5339,2023-06-16,23.02,23.57,22.58,23.37,114600,265526899.0,4.23,-0.04,-0.01,5.79
5340,2023-06-19,23.12,23.5,22.97,23.46,85840,200011957.0,2.27,0.39,0.09,4.34
5341,2023-06-20,23.46,24.11,23.12,23.22,87745,206756582.0,4.22,-1.02,-0.24,4.43
5342,2023-06-21,23.04,23.04,22.07,22.47,84412,190490400.0,4.18,-3.23,-0.75,4.26
5343,2023-06-26,22.02,22.45,21.38,21.53,69954,152456542.0,4.76,-4.18,-0.94,3.53
5344,2023-06-27,21.67,22.57,21.48,22.39,67609,150039835.0,5.06,3.99,0.86,3.41
5345,2023-06-28,22.39,22.42,20.97,21.84,62755,135618477.0,6.48,-2.46,-0.55,3.17
5346,2023-06-29,21.74,22.56,21.71,22.27,55249,122371806.0,3.89,1.97,0.43,2.79
5347,2023-06-30,21.78,22.54,21.42,22.47,68077,150448263.0,5.03,0.9,0.2,3.44
5348,2023-07-03,22.29,22.39,21.68,21.95,47155,103561931.0,3.16,-2.31,-0.52,2.38
5349,2023-07-04,21.98,22.12,21.67,21.79,36431,79375717.0,2.05,-0.73,-0.16,1.84
5350,2023-07-05,21.66,21.83,21.3,21.33,35239,75867073.0,2.43,-2.11,-0.46,1.78
5351,2023-07-06,21.42,22.15,21.06,21.68,48505,105237007.0,5.11,1.64,0.35,2.45
5352,2023-07-07,21.65,21.77,21.12,21.26,37434,79838208.0,3.0,-1.94,-0.42,1.89
5353,2023-07-10,21.32,21.49,20.98,21.18,28121,59418262.0,2.4,-0.38,-0.08,1.42
5354,2023-07-11,21.21,21.63,21.04,21.58,30080,64604158.0,2.79,1.89,0.4,1.52
5355,2023-07-12,21.6,21.66,20.47,20.54,46003,96459761.0,5.51,-4.82,-1.04,2.32
5356,2023-07-13,20.6,20.87,20.4,20.74,35321,73042127.0,2.29,0.97,0.2,1.78
5357,2023-07-14,20.78,21.41,20.75,21.21,36473,77355683.0,3.18,2.27,0.47,1.84
5358,2023-07-17,21.17,21.27,20.89,21.05,21708,45706457.0,1.79,-0.75,-0.16,1.1
5359,2023-07-18,21.0,21.12,20.7,20.78,22039,45952905.0,2.0,-1.28,-0.27,1.11
5360,2023-07-19,20.82,20.87,20.51,20.56,20609,42530092.0,1.73,-1.06,-0.22,1.04
5361,2023-07-20,20.6,20.7,20.08,20.11,26061,52801700.0,3.02,-2.19,-0.45,1.32
5362,2023-07-21,20.1,20.27,19.92,20.1,18603,37387150.0,1.74,-0.05,-0.01,0.94
5363,2023-07-24,20.13,20.47,20.08,20.23,20372,41301471.0,1.94,0.65,0.13,1.03
5364,2023-07-25,20.33,20.5,20.22,20.44,19998,40810563.0,1.38,1.04,0.21,1.01
5365,2023-07-26,20.45,20.5,20.05,20.13,17669,35607266.0,2.2,-1.52,-0.31,0.89
5366,2023-07-27,20.1,20.18,19.8,19.82,18016,35989989.0,1.89,-1.54,-0.31,0.91
5367,2023-07-28,19.95,20.1,19.77,20.1,18063,36023406.0,1.66,1.41,0.28,0.91
5368,2023-07-31,20.13,20.25,20.04,20.2,17956,36232370.0,1.04,0.5,0.1,0.91
5369,2023-08-01,20.1,20.19,19.86,20.15,20621,41318858.0,1.63,-0.25,-0.05,1.04
5370,2023-08-02,20.18,20.38,20.12,20.31,20772,42125111.0,1.29,0.79,0.16,1.05
5371,2023-08-03,20.29,20.35,19.96,20.24,22214,44690267.0,1.92,-0.34,-0.07,1.12
5372,2023-08-04,20.16,20.53,20.16,20.44,28858,58861340.0,1.83,0.99,0.2,1.46
5373,2023-08-07,20.44,20.96,20.38,20.47,37857,78289754.0,2.84,0.15,0.03,1.91
5374,2023-08-08,20.47,20.65,20.08,20.09,22850,46409127.0,2.78,-1.86,-0.38,1.15
5375,2023-08-09,19.8,20.03,19.44,19.44,32503,63955636.0,2.94,-3.24,-0.65,1.64
5376,2023-08-10,19.46,19.67,19.37,19.6,15644,30537403.0,1.54,0.82,0.16,0.79
5377,2023-08-11,19.7,19.7,19.16,19.16,15191,29411179.0,2.76,-2.24,-0.44,0.77
5378,2023-08-14,19.0,19.35,18.77,19.34,15071,28827696.0,3.03,0.94,0.18,0.76
5379,2023-08-15,19.29,19.55,19.06,19.11,13028,25096100.0,2.53,-1.19,-0.23,0.66
5380,2023-08-16,19.13,19.17,18.72,18.76,16797,31759356.0,2.35,-1.83,-0.35,0.85
5381,2023-08-17,18.7,19.12,18.55,19.12,17709,33544960.0,3.04,1.92,0.36,0.89
5382,2023-08-18,19.1,19.28,18.82,18.82,16177,30772298.0,2.41,-1.57,-0.3,0.82
5383,2023-08-21,18.9,19.18,18.83,18.86,11523,21908967.0,1.86,0.21,0.04,0.58
5384,2023-08-22,19.02,19.32,18.83,19.26,27052,51734052.0,2.6,2.12,0.4,1.37
5385,2023-08-23,19.35,19.35,18.87,18.94,12017,22834285.0,2.49,-1.66,-0.32,0.61
