,日期,开盘,最高,最低,收盘,成交量,成交额,振幅,涨跌幅,涨跌额,换手率
0,1992-04-29,0.04,0.04,0.04,0.04,1,200.0,0.0,-94.12,-0.64,0.01
1,1992-05-05,0.04,0.04,0.04,0.04,1,300.0,0.0,0.0,0.0,0.01
2,1992-05-08,0.04,0.04,0.04,0.04,1,300.0,0.0,0.0,0.0,0.01
3,1992-05-11,0.05,0.05,0.05,0.05,1,300.0,0.0,25.0,0.01,0.01
4,1992-05-13,0.84,0.84,0.84,0.84,5,1000.0,0.0,1580.0,0.79,0.05
5,1992-05-14,0.06,0.06,0.06,0.06,1,300.0,0.0,-92.86,-0.78,0.01
6,1992-05-15,0.06,0.06,0.06,0.06,1,300.0,0.0,0.0,0.0,0.01
7,1992-05-18,0.07,0.07,0.07,0.07,1,300.0,0.0,16.67,0.01,0.01
8,1992-05-20,0.07,0.07,0.07,0.07,1,400.0,0.0,0.0,0.0,0.01
9,1992-05-21,5.77,7.4,5.54,6.08,2652,5819000.0,2657.14,8585.71,6.01,26.52
10,1992-05-22,5.92,6.81,5.69,6.51,3280,7005000.0,18.42,7.07,0.43,32.8
11,1992-05-25,6.82,7.03,6.06,6.66,3352,7316000.0,14.9,2.3,0.15,33.52
12,1992-05-26,6.29,6.59,5.71,5.99,1746,3573000.0,13.21,-10.06,-0.67,17.46
13,1992-05-27,5.92,6.14,4.95,5.05,2054,3853000.0,19.87,-15.69,-0.94,20.54
14,1992-05-28,4.9,5.45,4.44,5.16,1675,2828000.0,20.0,2.18,0.11,16.75
15,1992-05-29,5.2,5.84,5.11,5.62,1983,3714000.0,14.15,8.91,0.46,19.83
16,1992-06-01,5.11,5.35,4.65,5.15,1504,2601000.0,12.46,-8.36,-0.47,15.04
17,1992-06-02,5.1,5.17,4.71,4.97,1734,2939000.0,8.93,-3.5,-0.18,17.34
18,1992-06-03,4.58,4.93,4.31,4.61,2328,3657000.0,12.47,-7.24,-0.36,23.28
19,1992-06-04,4.8,5.01,4.43,4.7,1508,2443000.0,12.58,1.95,0.09,15.08
20,1992-06-05,4.95,5.06,4.65,4.73,2282,3736000.0,8.72,0.64,0.03,22.82
21,1992-06-08,4.58,4.84,4.52,4.62,1596,2528000.0,6.77,-2.33,-0.11,15.96
22,1992-06-09,4.61,4.93,4.47,4.9,2128,3429000.0,9.96,6.06,0.28,21.28
23,1992-06-10,4.61,5.29,4.61,5.14,3841,6657000.0,13.88,4.9,0.24,38.41
24,1992-06-11,5.04,5.18,4.87,4.99,2540,4314000.0,6.03,-2.92,-0.15,25.4
25,1992-06-12,4.98,5.05,4.83,4.96,1452,2423000.0,4.41,-0.6,-0.03,14.52
26,1992-06-15,4.76,4.99,4.74,4.9,1896,3153000.0,5.04,-1.21,-0.06,18.96
27,1992-06-16,4.93,5.02,4.8,4.93,1945,3250000.0,4.49,0.61,0.03,19.45
28,1992-06-17,4.89,4.99,4.83,4.87,1868,3111000.0,3.25,-1.22,-0.06,18.68
29,1992-06-18,4.87,4.93,4.77,4.87,1482,2442000.0,3.29,0.0,0.0,14.82
30,1992-06-19,4.81,4.95,4.79,4.9,1203,1980000.0,3.29,0.62,0.03,12.03
31,1992-06-22,4.96,5.02,4.87,4.87,1474,2462000.0,3.06,-0.61,-0.03,14.74
32,1992-06-23,4.9,4.93,4.82,4.84,845,1392000.0,2.26,-0.62,-0.03,8.45
33,1992-06-24,4.87,4.87,4.73,4.81,1120,1825000.0,2.89,-0.62,-0.03,11.2
34,1992-06-25,4.85,4.9,4.79,4.87,628,1028000.0,2.29,1.25,0.06,6.28
35,1992-06-26,4.87,4.93,4.84,4.87,630,1038000.0,1.85,0.0,0.0,6.3
36,1992-06-29,4.89,4.91,4.73,4.86,1235,2030000.0,3.7,-0.21,-0.01,12.35
37,1992-06-30,4.9,5.08,4.87,5.02,1839,3093000.0,4.32,3.29,0.16,18.39
38,1992-07-01,5.07,5.34,5.07,5.17,3338,5897000.0,5.38,2.99,0.15,33.38
39,1992-07-02,5.17,5.2,5.02,5.08,1226,2115000.0,3.48,-1.74,-0.09,12.26
40,1992-07-03,5.08,5.15,5.02,5.1,1654,2845000.0,2.56,0.39,0.02,16.54
41,1992-07-06,5.17,5.28,4.99,5.16,1957,3419000.0,5.69,1.18,0.06,19.57
42,1992-07-07,5.17,5.18,5.02,5.08,1548,2661000.0,3.1,-1.55,-0.08,15.48
43,1992-07-08,5.14,5.14,4.96,5.08,2796,4777000.0,3.54,0.0,0.0,27.96
44,1992-07-09,5.07,5.13,4.95,5.08,2322,3965000.0,3.54,0.0,0.0,23.22
45,1992-07-10,5.11,5.16,4.96,5.06,2570,4381000.0,3.94,-0.39,-0.02,25.7
46,1992-07-13,5.14,5.15,4.61,4.84,1318,2226000.0,10.67,-4.35,-0.22,13.18
47,1992-07-14,4.79,4.89,4.73,4.75,765,1237000.0,3.31,-1.86,-0.09,7.65
48,1992-07-15,4.67,4.76,4.58,4.71,1002,1593000.0,3.79,-0.84,-0.04,10.02
49,1992-07-16,4.72,4.81,4.67,4.79,726,1164000.0,2.97,1.7,0.08,7.26
50,1992-07-17,4.87,4.87,4.73,4.76,827,1331000.0,2.92,-0.63,-0.03,8.27
51,1992-07-20,4.73,4.76,4.52,4.61,764,1193000.0,5.04,-3.15,-0.15,7.64
52,1992-07-21,4.58,4.61,4.53,4.57,518,801000.0,1.74,-0.87,-0.04,5.18
53,1992-07-22,4.53,4.53,4.25,4.37,1246,1861000.0,6.13,-4.38,-0.2,12.46
54,1992-07-23,3.98,4.41,3.97,4.25,1130,1631000.0,10.07,-2.75,-0.12,11.3
55,1992-07-24,4.28,4.61,4.13,4.43,818,1221000.0,11.29,4.24,0.18,8.18
56,1992-07-27,4.46,4.68,4.46,4.67,1159,1806000.0,4.97,5.42,0.24,11.59
57,1992-07-28,4.73,4.8,4.52,4.58,852,1346000.0,6.0,-1.93,-0.09,8.52
58,1992-07-29,4.28,4.67,4.28,4.67,684,1051000.0,8.52,1.97,0.09,6.84
59,1992-07-30,4.55,4.59,4.46,4.55,639,980000.0,2.78,-2.57,-0.12,6.39
60,1992-07-31,4.49,4.58,4.46,4.54,731,1120000.0,2.64,-0.22,-0.01,7.31
61,1992-08-03,4.52,4.63,4.41,4.45,756,1141000.0,4.85,-1.98,-0.09,7.56
62,1992-08-04,4.43,4.58,4.4,4.55,927,1400000.0,4.04,2.25,0.1,9.27
63,1992-08-05,4.56,4.56,4.4,4.43,1144,1728000.0,3.52,-2.64,-0.12,11.44
64,1992-08-06,4.43,4.49,4.31,4.43,1760,2628000.0,4.06,0.0,0.0,17.6
65,1992-08-07,4.41,4.42,4.28,4.36,799,1183000.0,3.16,-1.58,-0.07,7.99
66,1992-08-10,4.28,4.32,3.98,4.04,1664,2351000.0,7.8,-7.34,-0.32,16.64
67,1992-08-11,3.58,4.13,3.54,3.6,2779,3493000.0,14.6,-10.89,-0.44,27.79
68,1992-08-12,2.61,3.51,2.49,3.25,3660,3723000.0,28.33,-9.72,-0.35,36.6
69,1992-08-13,3.09,3.83,2.79,3.48,4920,5584000.0,32.0,7.08,0.23,49.2
70,1992-08-14,3.64,3.67,3.36,3.54,3580,4303000.0,8.91,1.72,0.06,35.8
71,1992-08-17,3.68,4.04,3.62,4.01,3611,4693000.0,11.86,13.28,0.47,36.11
72,1992-08-18,4.01,4.87,3.68,3.83,3191,4333000.0,29.68,-4.49,-0.18,31.91
73,1992-08-19,3.83,3.95,3.68,3.89,4160,5410000.0,7.05,1.57,0.06,41.6
74,1992-08-20,3.91,3.95,3.73,3.83,1042,1354000.0,5.66,-1.54,-0.06,10.42
75,1992-08-21,3.82,3.82,3.68,3.71,1885,2380000.0,3.66,-3.13,-0.12,18.85
76,1992-08-24,3.59,3.7,3.54,3.54,2149,2644000.0,4.31,-4.58,-0.17,21.49
77,1992-08-25,3.48,4.13,3.36,3.48,1885,2240000.0,21.75,-1.69,-0.06,18.85
78,1992-08-26,3.48,3.65,3.36,3.65,2847,3391000.0,8.33,4.89,0.17,28.47
79,1992-08-27,3.67,4.73,3.54,3.55,1568,1918000.0,32.6,-2.74,-0.1,15.68
80,1992-08-28,3.49,3.54,3.41,3.48,982,1156000.0,3.66,-1.97,-0.07,9.82
81,1992-08-31,3.43,3.47,3.34,3.34,1214,1398000.0,3.74,-4.02,-0.14,12.14
82,1992-09-01,3.29,3.48,3.26,3.36,1046,1192000.0,6.59,0.6,0.02,10.46
83,1992-09-02,3.27,3.38,3.18,3.22,2042,2247000.0,5.95,-4.17,-0.14,20.42
84,1992-09-03,3.09,3.18,2.94,3.13,3384,3565000.0,7.45,-2.8,-0.09,33.84
85,1992-09-04,3.06,3.27,3.03,3.05,2458,2604000.0,7.67,-2.56,-0.08,24.58
86,1992-09-07,3.13,3.23,2.79,2.89,2961,3026000.0,14.43,-5.25,-0.16,29.61
87,1992-09-08,2.64,2.79,2.33,2.57,3208,2825000.0,15.92,-11.07,-0.32,32.08
88,1992-09-09,2.05,2.64,2.05,2.56,2657,2303000.0,22.96,-0.39,-0.01,26.57
89,1992-09-10,2.58,2.97,2.45,2.87,3472,3285000.0,20.31,12.11,0.31,34.72
90,1992-09-11,3.09,3.24,2.91,3.11,4251,4430000.0,11.5,8.36,0.24,42.51
91,1992-09-14,3.33,3.33,2.76,2.84,4117,4144000.0,18.33,-8.68,-0.27,41.17
92,1992-09-15,2.64,3.01,2.64,2.89,4613,4449000.0,13.03,1.76,0.05,46.13
93,1992-09-16,3.01,3.14,2.87,3.04,6011,6189000.0,9.34,5.19,0.15,60.11
94,1992-09-17,3.13,3.3,2.96,3.03,3446,3562000.0,11.18,-0.33,-0.01,34.46
95,1992-09-18,2.97,3.04,2.92,2.99,2294,2318000.0,3.96,-1.32,-0.04,22.94
96,1992-09-21,2.98,3.09,2.86,2.88,2108,2098000.0,7.69,-3.68,-0.11,21.08
97,1992-09-22,2.88,2.97,2.73,2.83,2039,1989000.0,8.33,-1.74,-0.05,20.39
98,1992-09-23,2.85,2.88,2.76,2.81,1843,1760000.0,4.24,-0.71,-0.02,18.43
99,1992-09-24,2.79,2.94,2.79,2.91,2737,2677000.0,5.34,3.56,0.1,27.37
100,1992-09-25,2.92,2.95,2.85,2.88,2213,2188000.0,3.44,-1.03,-0.03,22.13
101,1992-09-28,2.92,2.92,2.85,2.86,783,763000.0,2.43,-0.69,-0.02,7.83
102,1992-09-29,2.85,2.86,2.75,2.78,1492,1411000.0,3.85,-2.8,-0.08,14.92
103,1992-09-30,2.78,2.79,2.69,2.76,1837,1720000.0,3.6,-0.72,-0.02,18.37
104,1992-10-05,2.72,2.81,2.58,2.69,3022,2751000.0,8.33,-2.54,-0.07,30.22
105,1992-10-06,2.64,2.75,2.49,2.65,2359,2146000.0,9.67,-1.49,-0.04,23.59
106,1992-10-07,2.64,2.67,2.6,2.61,993,890000.0,2.64,-1.51,-0.04,9.93
107,1992-10-08,2.58,2.6,2.46,2.5,2351,2028000.0,5.36,-4.21,-0.11,23.51
108,1992-10-09,2.44,2.66,2.43,2.57,2460,2156000.0,9.2,2.8,0.07,24.6
109,1992-10-12,3.04,3.12,2.67,2.79,4141,3912000.0,17.51,8.56,0.22,41.41
110,1992-10-13,2.77,2.87,2.62,2.64,3056,2829000.0,8.96,-5.38,-0.15,30.56
111,1992-10-14,2.59,2.64,2.52,2.57,2327,2042000.0,4.55,-2.65,-0.07,23.27
112,1992-10-15,2.6,2.61,2.56,2.61,2240,1972000.0,1.95,1.56,0.04,22.4
113,1992-10-16,2.58,2.67,2.58,2.61,1844,1640000.0,3.45,0.0,0.0,18.44
114,1992-10-19,2.58,2.67,2.46,2.46,2229,1930000.0,8.05,-5.75,-0.15,22.29
115,1992-10-20,2.58,2.64,2.2,2.43,3302,2761000.0,17.89,-1.22,-0.03,33.02
116,1992-10-21,2.35,2.4,2.2,2.26,2716,2143000.0,8.23,-7.0,-0.17,27.16
117,1992-10-22,2.2,2.21,2.02,2.05,5718,4095000.0,8.41,-9.29,-0.21,57.18
118,1992-10-23,2.05,2.28,1.95,2.16,4173,3024000.0,16.1,5.37,0.11,41.73
119,1992-10-26,2.13,2.17,1.89,1.93,5767,3979000.0,12.96,-10.65,-0.23,57.67
120,1992-10-27,1.79,1.9,1.67,1.73,5791,3455000.0,11.92,-10.36,-0.2,57.91
121,1992-10-28,1.75,1.91,1.64,1.72,2882,1734000.0,15.61,-0.58,-0.01,28.82
122,1992-10-29,1.69,1.82,1.69,1.81,3151,1917000.0,7.56,5.23,0.09,31.51
123,1992-10-30,1.88,1.93,1.83,1.88,5338,3427000.0,5.52,3.87,0.07,53.38
124,1992-11-02,1.85,1.85,1.66,1.72,2971,1759000.0,10.11,-8.51,-0.16,29.71
125,1992-11-03,1.66,1.86,1.6,1.71,1883,1105000.0,15.12,-0.58,-0.01,18.83
126,1992-11-04,1.69,1.73,1.61,1.66,2142,1224000.0,7.02,-2.92,-0.05,21.42
127,1992-11-05,1.62,1.67,1.6,1.62,2060,1148000.0,4.22,-2.41,-0.04,20.6
128,1992-11-06,1.64,1.69,1.6,1.6,2134,1185000.0,5.56,-1.23,-0.02,21.34
129,1992-11-09,1.6,1.64,1.4,1.45,2610,1315000.0,15.0,-9.38,-0.15,26.1
130,1992-11-10,1.39,1.39,1.23,1.32,3175,1462000.0,11.03,-8.97,-0.13,31.75
131,1992-11-11,1.32,1.39,1.27,1.35,2843,1304000.0,9.09,2.27,0.03,28.43
132,1992-11-12,1.33,1.42,1.33,1.39,4379,2087000.0,6.67,2.96,0.04,43.79
133,1992-11-13,1.41,1.46,1.36,1.39,2941,1436000.0,7.19,0.0,0.0,29.41
134,1992-11-16,1.37,1.37,1.31,1.35,2220,1016000.0,4.32,-2.88,-0.04,22.2
135,1992-11-17,1.33,1.33,1.21,1.29,1967,869000.0,8.89,-4.44,-0.06,19.67
136,1992-11-18,1.3,1.36,1.27,1.36,3253,1489000.0,6.98,5.43,0.07,32.53
137,1992-11-19,1.36,1.38,1.27,1.32,2277,1051000.0,8.09,-2.94,-0.04,22.77
138,1992-11-20,1.3,1.33,1.29,1.32,2668,1204000.0,3.03,0.0,0.0,26.68
139,1992-11-23,1.31,1.39,1.31,1.36,2950,1376000.0,6.06,3.03,0.04,29.5
140,1992-11-24,1.38,1.51,1.35,1.5,4538,2213000.0,11.76,10.29,0.14,45.38
141,1992-11-25,1.82,2.11,1.6,2.05,10555,6591000.0,34.0,36.67,0.55,105.55
142,1992-11-26,2.7,2.94,2.11,2.17,15272,13166000.0,40.49,5.85,0.12,152.72
143,1992-11-27,1.9,2.7,1.9,2.49,7612,6284000.0,36.87,14.75,0.32,76.12
144,1992-11-30,2.65,2.88,2.58,2.82,9475,8796000.0,12.05,13.25,0.33,94.75
145,1992-12-01,2.88,2.91,2.64,2.75,5125,4855000.0,9.57,-2.48,-0.07,51.25
146,1992-12-02,2.43,2.79,2.43,2.76,6126,5645000.0,13.09,0.36,0.01,61.26
147,1992-12-03,2.79,3.54,2.79,3.12,12719,13166000.0,27.17,13.04,0.36,127.19
148,1992-12-04,3.34,3.39,3.0,3.28,9777,10857000.0,12.5,5.13,0.16,97.77
149,1992-12-07,3.27,3.38,3.06,3.33,6741,7410000.0,9.76,1.52,0.05,67.41
150,1992-12-08,3.39,3.45,3.12,3.15,11668,13025000.0,9.91,-5.41,-0.18,116.68
151,1992-12-09,3.15,3.19,2.81,2.9,12310,12575000.0,12.06,-7.94,-0.25,123.1
152,1992-12-10,2.84,3.04,2.2,2.61,5757,5238000.0,28.97,-10.0,-0.29,5.76
153,1992-12-11,2.78,3.12,2.6,3.12,10920,10519000.0,19.92,19.54,0.51,10.92
154,1992-12-14,3.09,3.18,2.79,2.98,6801,6819000.0,12.5,-4.49,-0.14,6.8
155,1992-12-15,2.97,3.03,2.88,2.92,6442,6455000.0,5.03,-2.01,-0.06,6.44
156,1992-12-16,2.84,2.94,2.77,2.93,5597,5478000.0,5.82,0.34,0.01,5.6
157,1992-12-17,2.94,3.01,2.94,3.01,4768,4833000.0,2.39,2.73,0.08,4.77
158,1992-12-18,3.02,3.06,2.94,2.95,4608,4681000.0,3.99,-1.99,-0.06,4.61
159,1992-12-21,2.98,3.24,2.95,3.07,12954,13537000.0,9.83,4.07,0.12,12.95
160,1992-12-22,3.08,3.13,3.0,3.02,6510,6801000.0,4.23,-1.63,-0.05,6.51
161,1992-12-23,3.0,3.19,3.0,3.04,2813,2905000.0,6.29,0.66,0.02,2.81
162,1992-12-24,3.04,3.13,3.03,3.11,6520,6823000.0,3.29,2.3,0.07,6.52
163,1992-12-25,3.18,3.23,3.06,3.06,8887,9471000.0,5.47,-1.61,-0.05,8.89
164,1992-12-28,3.06,3.09,3.0,3.01,2134,2204000.0,2.94,-1.63,-0.05,2.13
165,1992-12-29,3.0,3.07,3.0,3.04,2743,2826000.0,2.33,1.0,0.03,2.74
166,1992-12-30,3.03,3.09,3.01,3.03,2444,2525000.0,2.63,-0.33,-0.01,2.44
167,1992-12-31,3.04,3.07,3.03,3.06,2846,2948000.0,1.32,0.99,0.03,2.85
168,1993-01-04,3.06,3.21,3.0,3.18,5618,5993000.0,6.86,3.92,0.12,5.62
169,1993-01-05,3.24,3.36,3.19,3.36,10323,11544000.0,5.35,5.66,0.18,10.32
170,1993-01-06,3.54,3.57,3.33,3.38,12110,14204000.0,7.14,0.6,0.02,12.11
171,1993-01-07,3.36,3.49,3.24,3.48,6720,7835000.0,7.4,2.96,0.1,6.72
172,1993-01-08,3.49,3.54,3.39,3.44,7326,8674000.0,4.31,-1.15,-0.04,7.33
173,1993-01-11,3.48,3.73,3.43,3.66,12781,15416000.0,8.72,6.4,0.22,12.78
174,1993-01-12,3.71,3.83,3.44,3.52,13610,17339000.0,10.66,-3.83,-0.14,13.61
175,1993-01-13,3.5,3.77,3.5,3.77,11988,15112000.0,7.67,7.1,0.25,11.99
176,1993-01-14,3.89,4.19,3.82,4.15,13588,18153000.0,9.81,10.08,0.38,13.59
177,1993-01-15,4.19,4.23,3.84,3.96,8329,11578000.0,9.4,-4.58,-0.19,8.33
178,1993-01-18,4.01,4.16,3.92,3.94,3649,4971000.0,6.06,-0.51,-0.02,3.65
179,1993-01-19,3.86,3.95,3.68,3.68,5318,6831000.0,6.85,-6.6,-0.26,5.32
180,1993-01-20,3.62,3.98,3.62,3.89,4413,5675000.0,9.78,5.71,0.21,4.41
181,1993-01-21,3.92,4.04,3.92,4.01,6186,8375000.0,3.08,3.08,0.12,6.19
182,1993-01-22,4.07,4.09,4.01,4.06,4984,6852000.0,2.0,1.25,0.05,4.98
183,1993-01-27,4.13,4.19,4.09,4.15,8923,12506000.0,2.46,2.22,0.09,8.92
184,1993-01-28,4.19,4.24,4.0,4.03,5983,8383000.0,5.78,-2.89,-0.12,5.98
185,1993-01-29,4.04,4.23,4.03,4.22,10713,15087000.0,4.96,4.71,0.19,10.71
186,1993-02-01,4.31,4.93,4.31,4.77,26358,42485000.0,14.69,13.03,0.55,26.36
187,1993-02-02,4.79,4.95,4.7,4.84,15710,25812000.0,5.24,1.47,0.07,15.71
188,1993-02-03,4.93,5.02,4.76,4.93,9444,15546000.0,5.37,1.86,0.09,9.44
189,1993-02-04,5.08,5.47,4.99,5.47,14858,26095000.0,9.74,10.95,0.54,14.86
190,1993-02-05,5.53,5.67,5.0,5.02,12097,22224000.0,12.25,-8.23,-0.45,12.1
191,1993-02-08,5.29,5.53,5.16,5.41,10943,19852000.0,7.37,7.77,0.39,10.94
192,1993-02-09,5.44,5.71,5.42,5.56,14696,27470000.0,5.36,2.77,0.15,14.7
193,1993-02-10,5.69,5.69,5.2,5.35,14297,26472000.0,8.81,-3.78,-0.21,14.3
194,1993-02-11,5.47,5.47,4.84,5.05,6796,12050000.0,11.78,-5.61,-0.3,6.8
195,1993-02-12,4.87,5.22,4.84,5.14,5764,9836000.0,7.52,1.78,0.09,5.76
196,1993-02-15,5.4,5.51,5.18,5.26,6620,11840000.0,6.42,2.33,0.12,6.62
197,1993-02-16,5.35,5.47,5.17,5.26,6670,12029000.0,5.7,0.0,0.0,6.67
198,1993-02-17,5.29,5.35,4.99,5.02,3110,5464000.0,6.84,-4.56,-0.24,3.11
199,1993-02-18,5.08,5.44,5.08,5.16,5173,9074000.0,7.17,2.79,0.14,5.17
200,1993-02-19,5.17,5.29,4.96,5.23,4799,8248000.0,6.4,1.36,0.07,4.8
201,1993-02-22,5.38,5.43,5.03,5.07,3598,6326000.0,7.65,-3.06,-0.16,3.6
202,1993-02-23,4.79,5.14,4.55,4.81,5129,8458000.0,11.64,-5.13,-0.26,5.13
203,1993-02-24,4.61,4.81,4.22,4.43,7717,11796000.0,12.27,-7.9,-0.38,7.72
204,1993-02-25,4.2,4.9,4.1,4.81,6751,10766000.0,18.06,8.58,0.38,6.75
205,1993-02-26,4.87,4.94,4.4,4.49,7481,11819000.0,11.23,-6.65,-0.32,7.48
206,1993-03-01,4.58,4.58,3.68,3.83,3854,5534000.0,20.04,-14.7,-0.66,3.85
207,1993-03-02,3.83,4.21,3.79,3.98,6304,8510000.0,10.97,3.92,0.15,6.3
208,1993-03-03,4.0,4.03,3.8,3.88,2864,3762000.0,5.78,-2.51,-0.1,2.86
209,1993-03-04,3.88,3.92,3.54,3.61,2664,3295000.0,9.79,-6.96,-0.27,2.66
210,1993-03-05,3.52,3.71,3.09,3.4,7445,8434000.0,17.17,-5.82,-0.21,7.45
211,1993-03-08,3.83,4.43,3.59,3.59,10852,14374000.0,24.71,5.59,0.19,10.85
212,1993-03-09,3.54,3.68,3.26,3.35,4340,4970000.0,11.7,-6.69,-0.24,4.34
213,1993-03-10,3.24,3.52,2.94,3.51,4926,5581000.0,17.31,4.78,0.16,4.93
214,1993-03-11,3.59,3.8,3.54,3.77,6295,7880000.0,7.41,7.41,0.26,6.3
215,1993-03-12,3.83,3.98,3.59,3.72,7771,10135000.0,10.34,-1.33,-0.05,7.77
216,1993-03-15,3.65,3.8,3.48,3.56,3645,4604000.0,8.6,-4.3,-0.16,3.65
217,1993-03-16,3.51,3.77,3.51,3.73,2767,3426000.0,7.3,4.78,0.17,2.77
218,1993-03-17,3.76,3.79,3.61,3.63,1405,1750000.0,4.83,-2.68,-0.1,1.41
219,1993-03-18,3.59,3.71,3.49,3.59,1780,2164000.0,6.06,-1.1,-0.04,1.78
220,1993-03-19,3.61,3.71,3.54,3.58,2107,2565000.0,4.74,-0.28,-0.01,2.11
221,1993-03-22,3.47,3.53,3.11,3.11,4450,4890000.0,11.73,-13.13,-0.47,4.45
222,1993-03-23,3.16,3.2,2.9,2.97,3610,3656000.0,9.65,-4.5,-0.14,3.61
223,1993-03-24,2.91,3.03,2.9,2.9,1382,1384000.0,4.38,-2.36,-0.07,1.38
224,1993-03-25,2.88,2.94,2.78,2.94,2019,1963000.0,5.52,1.38,0.04,2.02
225,1993-03-26,2.94,3.18,2.9,3.18,5491,5650000.0,9.52,8.16,0.24,5.49
226,1993-03-29,3.11,3.11,2.79,2.91,2626,2621000.0,10.06,-8.49,-0.27,2.63
227,1993-03-30,2.94,2.97,2.82,2.84,2229,2197000.0,5.15,-2.41,-0.07,2.23
228,1993-03-31,2.84,2.85,2.65,2.73,2140,2009000.0,7.04,-3.87,-0.11,2.14
229,1993-04-01,2.73,2.82,2.69,2.81,1135,1074000.0,4.76,2.93,0.08,1.14
230,1993-04-02,2.83,2.9,2.73,2.8,1590,1541000.0,6.05,-0.36,-0.01,1.59
231,1993-04-05,2.82,2.85,2.72,2.85,574,549000.0,4.64,1.79,0.05,0.57
232,1993-04-06,2.85,3.48,2.84,3.15,5387,5745000.0,22.46,10.53,0.3,5.39
233,1993-04-07,3.3,3.51,3.21,3.3,8767,9914000.0,9.52,4.76,0.15,8.77
234,1993-04-08,3.59,4.07,3.28,3.95,13782,17685000.0,23.94,19.7,0.65,13.78
235,1993-04-12,3.81,3.83,3.32,3.4,7384,8732000.0,12.91,-13.92,-0.55,7.38
236,1993-04-13,3.25,3.68,3.25,3.68,8206,9929000.0,12.65,8.24,0.28,8.21
237,1993-04-14,3.83,3.83,3.39,3.48,6944,8577000.0,11.96,-5.43,-0.2,6.94
238,1993-04-15,3.54,3.83,3.43,3.68,8562,10529000.0,11.49,5.75,0.2,8.56
239,1993-04-16,3.83,4.13,3.54,3.59,9700,12069000.0,16.03,-2.45,-0.09,9.7
240,1993-04-19,3.61,3.95,3.55,3.68,6297,7935000.0,11.14,2.51,0.09,6.3
241,1993-04-20,3.8,3.82,3.71,3.72,5779,7372000.0,2.99,1.09,0.04,5.78
242,1993-04-21,3.8,3.8,3.67,3.7,2003,2523000.0,3.49,-0.54,-0.02,2.0
243,1993-04-22,3.76,3.86,3.71,3.84,3635,4656000.0,4.05,3.78,0.14,3.64
244,1993-04-23,4.13,4.13,3.77,3.84,6336,8304000.0,9.38,0.0,0.0,6.34
245,1993-04-26,3.96,4.57,3.96,4.47,21742,31479000.0,15.89,16.41,0.63,21.74
246,1993-04-27,4.67,4.9,4.49,4.55,14273,22705000.0,9.17,1.79,0.08,14.27
247,1993-04-28,4.65,4.68,4.28,4.55,7233,11128000.0,8.79,0.0,0.0,7.23
248,1993-04-29,4.53,4.65,4.4,4.43,7323,11276000.0,5.49,-2.64,-0.12,7.32
249,1993-04-30,4.43,4.49,4.31,4.47,6279,9358000.0,4.06,0.9,0.04,6.28
250,1993-05-03,4.13,4.51,4.13,4.4,4188,6258000.0,8.5,-1.57,-0.07,4.19
251,1993-05-04,4.48,4.5,3.91,4.0,6398,9207000.0,13.41,-9.09,-0.4,6.4
252,1993-05-05,3.95,4.43,3.95,4.31,7219,10465000.0,12.0,7.75,0.31,7.22
253,1993-05-06,4.36,4.36,3.98,4.13,5233,7424000.0,8.82,-4.18,-0.18,5.23
254,1993-05-07,4.15,4.52,4.09,4.46,9517,14085000.0,10.41,7.99,0.33,9.52
255,1993-05-10,4.79,4.96,4.51,4.63,21447,33840000.0,10.09,3.81,0.17,21.45
256,1993-05-11,4.64,4.67,4.13,4.63,7480,11725000.0,11.66,0.0,0.0,7.48
257,1993-05-12,4.67,4.76,4.63,4.7,6969,11074000.0,2.81,1.51,0.07,6.97
258,1993-05-13,4.68,4.73,4.68,4.73,7397,11814000.0,1.06,0.64,0.03,7.4
259,1993-05-14,4.74,4.81,4.67,4.7,5775,9222000.0,2.96,-0.63,-0.03,5.78
260,1993-05-17,4.7,4.95,4.52,4.87,5884,5338000.0,9.15,3.62,0.17,5.88
261,1993-05-18,4.84,4.95,4.73,4.81,3218,2945000.0,4.52,-1.23,-0.06,3.22
262,1993-05-19,4.84,4.84,4.76,4.84,1992,1806000.0,1.66,0.62,0.03,1.99
263,1993-05-20,4.84,4.99,4.83,4.87,2629,2411000.0,3.31,0.62,0.03,2.63
264,1993-05-21,5.01,5.01,4.73,4.83,1693,1538000.0,5.75,-0.82,-0.04,1.69
265,1993-05-24,4.52,4.81,4.16,4.26,2586,2167000.0,13.46,-11.8,-0.57,2.59
266,1993-05-25,4.26,4.26,4.02,4.19,2430,1939000.0,5.63,-1.64,-0.07,2.43
267,1993-05-26,4.07,4.34,4.07,4.29,1716,1401000.0,6.44,2.39,0.1,1.72
268,1993-05-27,4.36,4.36,4.19,4.28,1998,1623000.0,3.96,-0.23,-0.01,2.0
269,1993-05-28,4.26,4.34,4.24,4.32,1635,1339000.0,2.34,0.93,0.04,1.64
270,1993-05-31,4.33,4.33,3.98,4.06,2780,2178000.0,8.1,-6.02,-0.26,1.39
271,1993-06-01,4.07,4.07,3.62,3.93,2826,2986000.0,11.08,-3.2,-0.13,1.41
272,1993-06-02,4.09,4.79,3.9,4.78,10438,8776000.0,22.65,21.63,0.85,5.22
273,1993-06-03,4.96,5.01,4.08,4.31,10810,9532000.0,19.46,-9.83,-0.47,5.41
274,1993-06-04,4.37,4.37,4.13,4.21,3580,2877000.0,5.57,-2.32,-0.1,1.79
275,1993-06-07,4.18,4.61,4.08,4.49,2345,1888000.0,12.59,6.65,0.28,1.17
276,1993-06-08,4.58,4.67,4.37,4.52,9598,8220000.0,6.68,0.67,0.03,4.8
277,1993-06-09,4.66,5.38,4.37,4.76,28792,26273000.0,22.35,5.31,0.24,14.4
278,1993-06-10,4.79,4.81,4.53,4.55,4256,3705000.0,5.88,-4.41,-0.21,2.13
279,1993-06-11,4.49,4.52,4.31,4.43,3298,2775000.0,4.62,-2.64,-0.12,1.65
280,1993-06-14,4.43,4.49,3.9,4.25,4077,3299000.0,13.32,-4.06,-0.18,2.04
281,1993-06-15,4.25,4.31,4.07,4.28,2299,1848000.0,5.65,0.71,0.03,1.15
282,1993-06-16,4.28,4.54,4.22,4.34,1613,1328000.0,7.48,1.4,0.06,0.81
283,1993-06-17,4.37,4.42,4.25,4.25,1056,868000.0,3.92,-2.07,-0.09,0.53
284,1993-06-18,4.25,4.29,4.23,4.27,1308,1062000.0,1.41,0.47,0.02,0.65
285,1993-06-21,4.25,4.25,4.08,4.16,1747,1391000.0,3.98,-2.58,-0.11,0.87
286,1993-06-22,4.08,4.24,4.08,4.17,679,541000.0,3.85,0.24,0.01,0.34
287,1993-06-23,4.13,4.21,4.13,4.19,622,497000.0,1.92,0.48,0.02,0.31
288,1993-06-24,4.16,4.24,3.96,4.15,1064,843000.0,6.68,-0.95,-0.04,0.53
289,1993-06-25,4.15,4.55,4.13,4.25,1640,1331000.0,10.12,2.41,0.1,0.82
290,1993-06-28,4.25,4.45,3.96,4.25,1749,1423000.0,11.53,0.0,0.0,0.87
291,1993-06-29,4.34,4.49,4.31,4.34,2571,2139000.0,4.24,2.12,0.09,1.29
292,1993-06-30,4.37,4.49,4.19,4.24,2175,1786000.0,6.91,-2.3,-0.1,1.09
293,1993-07-01,4.22,4.42,4.16,4.22,3209,2599000.0,6.13,-0.47,-0.02,1.6
294,1993-07-02,4.22,4.31,4.19,4.2,1284,1037000.0,2.84,-0.47,-0.02,0.64
295,1993-07-05,4.19,4.19,4.07,4.1,2033,1599000.0,2.86,-2.38,-0.1,1.02
296,1993-07-06,4.1,4.1,3.77,3.83,2576,1927000.0,8.05,-6.59,-0.27,1.29
297,1993-07-07,3.48,4.01,3.48,3.89,1710,1264000.0,13.84,1.57,0.06,0.86
298,1993-07-08,3.89,3.9,3.83,3.89,771,576000.0,1.8,0.0,0.0,0.39
299,1993-07-09,3.95,3.95,3.65,3.75,841,614000.0,7.71,-3.6,-0.14,0.42
300,1993-07-12,3.65,3.65,3.49,3.61,2860,1999000.0,4.27,-3.73,-0.14,1.43
301,1993-07-13,3.68,3.89,3.68,3.72,2006,1445000.0,5.82,3.05,0.11,1.0
302,1993-07-14,3.94,3.94,3.61,3.62,677,483000.0,8.87,-2.69,-0.1,0.34
303,1993-07-15,3.73,3.74,3.59,3.62,1445,1019000.0,4.14,0.0,0.0,0.72
304,1993-07-16,3.59,3.74,3.54,3.7,1684,1205000.0,5.52,2.21,0.08,0.84
305,1993-07-19,3.74,3.76,3.63,3.69,1497,1077000.0,3.51,-0.27,-0.01,0.75
306,1993-07-20,3.69,3.71,3.55,3.61,1593,1121000.0,4.34,-2.17,-0.08,0.8
307,1993-07-21,3.66,3.7,3.6,3.63,843,598000.0,2.77,0.55,0.02,0.42
308,1993-07-22,3.65,3.65,3.56,3.63,705,497000.0,2.48,0.0,0.0,0.35
309,1993-07-23,3.65,3.71,3.59,3.67,865,617000.0,3.31,1.1,0.04,0.43
310,1993-07-26,3.63,3.65,3.55,3.56,1122,784000.0,2.72,-3.0,-0.11,0.56
311,1993-07-27,3.65,3.68,3.54,3.65,1081,762000.0,3.93,2.53,0.09,0.54
312,1993-07-28,3.67,3.8,3.62,3.63,1761,1263000.0,4.93,-0.55,-0.02,0.88
313,1993-07-29,3.7,3.75,3.65,3.68,610,434000.0,2.75,1.38,0.05,0.31
314,1993-07-30,3.7,4.49,3.68,4.16,7412,5627000.0,22.01,13.04,0.48,3.71
315,1993-08-02,4.3,4.3,3.65,3.83,6295,4852000.0,15.63,-7.93,-0.33,3.15
316,1993-08-03,3.86,3.93,3.74,3.76,1304,964000.0,4.96,-1.83,-0.07,0.65
317,1993-08-04,3.78,4.04,3.67,3.95,942,684000.0,9.84,5.05,0.19,0.47
318,1993-08-05,3.98,4.01,3.82,3.86,2685,2026000.0,4.81,-2.28,-0.09,1.34
319,1993-08-06,3.92,3.95,3.81,3.86,1116,838000.0,3.63,0.0,0.0,0.56
320,1993-08-09,3.86,4.12,3.86,4.04,2695,2058000.0,6.74,4.66,0.18,1.35
321,1993-08-10,4.08,4.42,3.83,3.95,10894,8709000.0,14.6,-2.23,-0.09,5.45
322,1993-08-11,3.95,4.19,3.95,4.14,2825,2214000.0,6.08,4.81,0.19,1.41
323,1993-08-12,4.28,4.56,4.2,4.49,14291,11805000.0,8.7,8.45,0.35,7.15
324,1993-08-13,4.58,4.6,4.25,4.43,13432,11391000.0,7.8,-1.34,-0.06,6.72
325,1993-08-16,4.61,4.73,4.43,4.67,12758,10988000.0,6.77,5.42,0.24,6.38
326,1993-08-18,4.42,4.54,4.22,4.26,8002,6657000.0,6.85,-8.78,-0.41,4.0
327,1993-08-19,4.25,4.43,4.25,4.34,3680,3043000.0,4.23,1.88,0.08,1.84
328,1993-08-20,4.36,4.43,4.2,4.25,2469,2006000.0,5.3,-2.07,-0.09,1.23
329,1993-08-23,4.19,4.23,3.84,3.9,4536,3510000.0,9.18,-8.24,-0.35,2.27
330,1993-08-24,3.87,4.0,3.85,3.91,2211,1664000.0,3.85,0.26,0.01,1.11
331,1993-08-25,3.94,4.06,3.94,3.97,2513,1925000.0,3.07,1.53,0.06,1.26
332,1993-08-26,4.03,4.04,3.9,3.93,737,559000.0,3.53,-1.01,-0.04,0.37
333,1993-08-27,4.01,4.01,3.82,3.87,1215,907000.0,4.83,-1.53,-0.06,0.61
334,1993-08-30,3.81,3.95,3.66,3.9,949,710000.0,7.49,0.78,0.03,0.47
335,1993-08-31,3.92,3.95,3.83,3.86,442,332000.0,3.08,-1.03,-0.04,0.22
336,1993-09-01,3.86,3.89,3.68,3.8,778,573000.0,5.44,-1.55,-0.06,0.39
337,1993-09-02,3.8,4.06,3.8,3.89,876,648000.0,6.84,2.37,0.09,0.44
338,1993-09-03,3.96,4.04,3.9,4.02,1349,1035000.0,3.6,3.34,0.13,0.67
339,1993-09-06,4.13,4.18,4.07,4.14,2834,2235000.0,2.74,2.99,0.12,1.42
340,1993-09-07,4.16,4.17,3.92,3.95,1563,1216000.0,6.04,-4.59,-0.19,0.78
341,1993-09-08,3.93,4.05,3.89,3.92,844,685000.0,4.05,-0.76,-0.03,0.42
342,1993-09-09,3.91,3.98,3.82,3.85,1226,914000.0,4.08,-1.79,-0.07,0.61
343,1993-09-10,3.84,3.92,3.84,3.87,695,519000.0,2.08,0.52,0.02,0.35
344,1993-09-13,3.89,3.89,3.7,3.74,1327,967000.0,4.91,-3.36,-0.13,0.66
345,1993-09-14,3.71,3.77,3.65,3.73,754,545000.0,3.21,-0.27,-0.01,0.38
346,1993-09-15,3.73,3.86,3.73,3.79,511,372000.0,3.49,1.61,0.06,0.26
347,1993-09-16,3.82,3.82,3.73,3.73,439,318000.0,2.37,-1.58,-0.06,0.22
348,1993-09-17,3.77,3.77,3.71,3.75,498,361000.0,1.61,0.54,0.02,0.25
349,1993-09-20,3.76,3.76,3.73,3.75,335,242000.0,0.8,0.0,0.0,0.17
350,1993-09-21,3.77,3.86,3.77,3.82,764,563000.0,2.4,1.87,0.07,0.38
351,1993-09-22,3.83,3.83,3.68,3.75,309,225000.0,3.93,-1.83,-0.07,0.15
352,1993-09-23,3.77,3.8,3.74,3.77,468,341000.0,1.6,0.53,0.02,0.23
353,1993-09-24,3.74,4.23,3.54,3.77,2306,1727000.0,18.3,0.0,0.0,1.15
354,1993-09-27,3.7,3.84,3.65,3.83,1482,1078000.0,5.04,1.59,0.06,0.74
355,1993-09-28,3.84,4.09,3.8,4.09,4930,3790000.0,7.57,6.79,0.26,2.47
356,1993-09-29,4.14,4.21,3.77,3.86,6808,5296000.0,10.76,-5.62,-0.23,3.4
357,1993-09-30,3.98,4.11,3.87,3.95,3382,2589000.0,6.22,2.33,0.09,1.69
358,1993-10-04,4.01,4.07,3.95,3.99,1954,1505000.0,3.04,1.01,0.04,0.98
359,1993-10-05,3.98,3.98,3.89,3.94,1127,853000.0,2.26,-1.25,-0.05,0.56
360,1993-10-06,3.95,4.01,3.87,3.87,798,602000.0,3.55,-1.78,-0.07,0.4
361,1993-10-07,3.86,4.31,3.78,3.86,3659,2771000.0,13.7,-0.26,-0.01,1.83
362,1993-10-08,3.91,4.12,3.78,3.84,3531,2669000.0,8.81,-0.52,-0.02,1.77
363,1993-10-11,3.83,3.89,3.75,3.79,1769,1303000.0,3.65,-1.3,-0.05,0.88
364,1993-10-12,3.77,3.84,3.76,3.77,989,725000.0,2.11,-0.53,-0.02,0.49
365,1993-10-13,3.77,3.83,3.65,3.73,1379,1000000.0,4.77,-1.06,-0.04,0.69
366,1993-10-14,3.71,3.74,3.68,3.71,1324,953000.0,1.61,-0.54,-0.02,0.66
367,1993-10-15,3.72,3.77,3.71,3.73,800,580000.0,1.62,0.54,0.02,0.4
368,1993-10-18,3.75,3.75,3.61,3.71,1485,1061000.0,3.75,-0.54,-0.02,0.74
369,1993-10-19,3.77,3.83,3.67,3.68,1242,895000.0,4.31,-0.81,-0.03,0.62
370,1993-10-20,3.71,3.92,3.65,3.83,2810,2067000.0,7.34,4.08,0.15,1.41
371,1993-10-21,3.9,3.9,3.74,3.74,2171,1599000.0,4.18,-2.35,-0.09,1.09
372,1993-10-22,3.72,3.84,3.65,3.67,1763,1266000.0,5.08,-1.87,-0.07,0.88
373,1993-10-25,3.59,3.61,3.48,3.54,1824,1265000.0,3.54,-3.54,-0.13,0.91
374,1993-10-26,3.54,3.62,3.36,3.44,1699,1171000.0,7.34,-2.82,-0.1,0.85
375,1993-10-27,3.48,3.59,3.45,3.48,1864,1273000.0,4.07,1.16,0.04,0.93
376,1993-10-28,3.48,3.83,3.48,3.71,4431,3152000.0,10.06,6.61,0.23,2.22
377,1993-10-29,3.74,3.8,3.56,3.65,2016,1441000.0,6.47,-1.62,-0.06,1.01
378,1993-11-01,3.65,3.69,3.62,3.65,1298,921000.0,1.92,0.0,0.0,0.65
379,1993-11-02,3.65,3.7,3.59,3.59,912,645000.0,3.01,-1.64,-0.06,0.46
380,1993-11-03,3.56,3.61,3.49,3.56,876,608000.0,3.34,-0.84,-0.03,0.44
381,1993-11-04,3.56,3.56,3.45,3.52,922,630000.0,3.09,-1.12,-0.04,0.46
382,1993-11-05,3.52,3.56,3.51,3.56,760,525000.0,1.42,1.14,0.04,0.38
383,1993-11-08,3.62,3.62,3.48,3.59,1687,1176000.0,3.93,0.84,0.03,0.84
384,1993-11-09,3.62,3.62,3.56,3.59,1778,1244000.0,1.67,0.0,0.0,0.89
385,1993-11-10,3.62,3.77,3.48,3.56,4162,2952000.0,8.08,-0.84,-0.03,2.08
386,1993-11-11,3.56,3.68,3.54,3.57,2125,1485000.0,3.93,0.28,0.01,1.06
387,1993-11-12,3.62,3.71,3.59,3.66,3260,2311000.0,3.36,2.52,0.09,1.63
388,1993-11-15,3.71,4.01,3.69,3.85,7200,5350000.0,8.74,5.19,0.19,3.6
389,1993-11-16,3.85,4.01,3.77,3.81,8455,6320000.0,6.23,-1.04,-0.04,4.23
390,1993-11-17,3.85,4.17,3.85,4.06,16660,12899000.0,8.4,6.56,0.25,8.33
391,1993-11-18,4.11,4.14,3.96,4.01,8807,6842000.0,4.43,-1.23,-0.05,4.4
392,1993-11-19,4.04,4.04,3.92,4.01,5795,4446000.0,2.99,0.0,0.0,2.9
393,1993-11-22,4.13,4.28,4.02,4.08,11021,8700000.0,6.48,1.75,0.07,5.51
394,1993-11-23,4.17,4.31,4.08,4.13,12028,9626000.0,5.64,1.23,0.05,6.01
395,1993-11-24,4.13,4.43,4.1,4.42,18486,15018000.0,7.99,7.02,0.29,9.24
396,1993-11-25,4.55,4.96,4.49,4.56,34302,30202000.0,10.63,3.17,0.14,17.15
397,1993-11-26,4.67,4.69,4.2,4.27,9973,8450000.0,10.75,-6.36,-0.29,4.99
398,1993-11-29,4.25,4.42,4.22,4.34,10075,8294000.0,4.68,1.64,0.07,5.04
399,1993-11-30,4.49,4.58,4.4,4.49,8058,6841000.0,4.15,3.46,0.15,4.03
400,1993-12-01,4.49,4.54,4.28,4.32,4896,4078000.0,5.79,-3.79,-0.17,2.45
401,1993-12-02,4.3,4.32,4.2,4.24,3513,2841000.0,2.78,-1.85,-0.08,1.76
402,1993-12-03,4.28,4.3,4.22,4.24,2074,1680000.0,1.89,0.0,0.0,1.04
403,1993-12-06,4.31,4.49,4.21,4.27,3588,2933000.0,6.6,0.71,0.03,1.79
404,1993-12-07,4.37,4.41,4.08,4.22,5328,4313000.0,7.73,-1.17,-0.05,2.66
405,1993-12-08,4.31,4.48,4.16,4.22,8114,6672000.0,7.58,0.0,0.0,4.06
406,1993-12-09,4.25,4.34,3.87,4.12,3880,3113000.0,11.14,-2.37,-0.1,1.94
407,1993-12-10,4.07,4.13,3.92,3.97,3558,2735000.0,5.1,-3.64,-0.15,1.78
408,1993-12-13,4.02,4.04,3.78,3.86,2046,1539000.0,6.55,-2.77,-0.11,1.02
409,1993-12-14,3.82,3.84,3.59,3.65,3530,2510000.0,6.48,-5.44,-0.21,1.77
410,1993-12-15,3.65,3.76,3.59,3.71,2140,1524000.0,4.66,1.64,0.06,1.07
411,1993-12-16,3.7,3.74,3.57,3.59,2118,1504000.0,4.58,-3.23,-0.12,1.06
412,1993-12-17,3.56,3.62,3.48,3.59,2661,1850000.0,3.9,0.0,0.0,1.33
413,1993-12-20,3.33,3.36,2.88,3.05,3422,2104000.0,13.37,-15.04,-0.54,1.71
414,1993-12-21,3.03,3.3,3.03,3.27,3006,1871000.0,8.85,7.21,0.22,1.5
415,1993-12-22,3.27,3.33,3.09,3.12,3310,2102000.0,7.34,-4.59,-0.15,1.66
416,1993-12-23,3.06,3.34,3.05,3.12,2595,1640100.0,9.29,0.0,0.0,1.3
417,1993-12-24,3.18,3.27,3.11,3.15,1632,1020000.0,5.13,0.96,0.03,0.82
418,1993-12-27,3.24,3.24,3.12,3.15,1313,822000.0,3.81,0.0,0.0,0.66
419,1993-12-28,3.17,3.18,2.82,3.06,1464,901000.0,11.43,-2.86,-0.09,0.73
420,1993-12-29,3.06,3.07,3.0,3.01,1130,684000.0,2.29,-1.63,-0.05,0.57
421,1993-12-30,3.01,3.06,3.01,3.02,1052,636000.0,1.66,0.33,0.01,0.53
422,1993-12-31,3.05,3.07,3.01,3.04,869,525000.0,1.99,0.66,0.02,0.43
423,1994-01-03,3.15,3.15,3.04,3.06,638,390000.0,3.62,0.66,0.02,0.32
424,1994-01-04,3.06,3.07,2.97,3.0,463,280000.0,3.27,-1.96,-0.06,0.23
425,1994-01-05,3.01,3.03,2.99,3.02,914,550000.0,1.33,0.67,0.02,0.46
426,1994-01-06,3.03,3.13,3.03,3.13,2096,1283000.0,3.31,3.64,0.11,1.05
427,1994-01-07,3.2,3.29,3.19,3.27,4155,2662000.0,3.19,4.47,0.14,2.08
428,1994-01-10,3.36,3.4,3.33,3.37,3246,2148000.0,2.14,3.06,0.1,1.62
429,1994-01-11,3.37,3.39,3.06,3.24,1713,1108000.0,9.79,-3.86,-0.13,0.86
430,1994-01-12,3.24,3.24,3.18,3.18,1286,815000.0,1.85,-1.85,-0.06,0.64
431,1994-01-13,3.18,3.27,3.18,3.24,820,523000.0,2.83,1.89,0.06,0.41
432,1994-01-14,3.27,3.3,2.94,3.02,2348,1436000.0,11.11,-6.79,-0.22,1.17
433,1994-01-17,3.11,3.11,3.03,3.05,1139,694000.0,2.65,0.99,0.03,0.57
434,1994-01-18,3.06,3.08,2.89,2.98,855,508000.0,6.23,-2.3,-0.07,0.43
435,1994-01-19,2.99,2.99,2.83,2.84,1058,611000.0,5.37,-4.7,-0.14,0.53
436,1994-01-20,2.82,2.82,2.64,2.8,974,544000.0,6.34,-1.41,-0.04,0.49
437,1994-01-21,2.8,2.88,2.73,2.87,646,370000.0,5.36,2.5,0.07,0.32
438,1994-01-24,2.95,3.12,2.82,3.09,1108,659000.0,10.45,7.67,0.22,0.55
439,1994-01-25,3.02,3.08,2.89,2.96,893,538000.0,6.15,-4.21,-0.13,0.45
440,1994-01-26,2.85,2.97,2.85,2.88,376,221000.0,4.05,-2.7,-0.08,0.19
441,1994-01-27,2.94,2.94,2.89,2.92,499,291000.0,1.74,1.39,0.04,0.25
442,1994-01-28,2.95,2.95,2.86,2.89,593,346000.0,3.08,-1.03,-0.03,0.3
443,1994-01-31,2.61,2.82,2.61,2.79,451,251000.0,7.27,-3.46,-0.1,0.23
444,1994-02-01,2.7,2.79,2.64,2.7,446,247000.0,5.38,-3.23,-0.09,0.22
445,1994-02-02,2.69,2.76,2.65,2.76,576,318000.0,4.07,2.22,0.06,0.29
446,1994-02-03,2.82,2.96,2.77,2.83,873,502000.0,6.88,2.54,0.07,0.44
447,1994-02-04,2.82,2.91,2.79,2.89,698,403000.0,4.24,2.12,0.06,0.35
448,1994-02-14,3.17,3.17,2.83,2.84,777,457000.0,11.76,-1.73,-0.05,0.39
449,1994-02-15,2.75,2.79,2.7,2.77,664,370000.0,3.17,-2.46,-0.07,0.33
450,1994-02-16,2.79,2.91,2.79,2.81,233,134000.0,4.33,1.44,0.04,0.12
451,1994-02-17,2.85,2.86,2.68,2.78,187,106000.0,6.41,-1.07,-0.03,0.09
452,1994-02-18,2.73,2.88,2.73,2.79,312,176000.0,5.4,0.36,0.01,0.16
453,1994-02-21,2.74,2.76,2.7,2.73,594,329000.0,2.15,-2.15,-0.06,0.3
454,1994-02-22,2.71,2.82,2.71,2.77,673,378000.0,4.03,1.47,0.04,0.34
455,1994-02-23,2.77,2.77,2.67,2.74,273,151000.0,3.61,-1.08,-0.03,0.14
456,1994-02-24,2.73,2.75,2.7,2.71,453,250000.0,1.82,-1.09,-0.03,0.23
457,1994-02-25,2.79,2.8,2.74,2.74,638,359000.0,2.21,1.11,0.03,0.32
458,1994-02-28,2.74,3.0,2.64,2.73,1970,1115000.0,13.14,-0.36,-0.01,0.99
459,1994-03-01,2.7,2.84,2.68,2.68,1032,577000.0,5.86,-1.83,-0.05,0.52
460,1994-03-02,2.64,2.73,2.64,2.65,657,357000.0,3.36,-1.12,-0.03,0.33
461,1994-03-03,2.64,2.64,2.44,2.53,713,377000.0,7.55,-4.53,-0.12,0.36
462,1994-03-04,2.46,2.52,2.42,2.45,820,418000.0,3.95,-3.16,-0.08,0.41
463,1994-03-07,2.4,2.4,2.34,2.38,87,43000.0,2.45,-2.86,-0.07,0.04
464,1994-03-08,2.36,2.46,2.3,2.31,846,418000.0,6.72,-2.94,-0.07,0.42
465,1994-03-09,2.33,2.39,2.2,2.23,1117,540000.0,8.23,-3.46,-0.08,0.56
466,1994-03-10,2.22,2.52,2.05,2.29,3529,1692000.0,21.08,2.69,0.06,1.76
467,1994-03-11,2.4,2.5,2.27,2.37,2727,1348000.0,10.04,3.49,0.08,1.36
468,1994-03-14,2.77,2.93,2.52,2.89,6752,3718000.0,17.3,21.94,0.52,3.38
469,1994-03-15,3.0,3.0,2.65,2.71,7858,4544000.0,12.11,-6.23,-0.18,3.93
470,1994-03-16,2.57,2.76,2.52,2.71,2354,1277000.0,8.86,0.0,0.0,1.18
471,1994-03-17,2.79,3.06,2.76,2.91,11396,6640000.0,11.07,7.38,0.2,5.7
472,1994-03-18,2.88,2.9,2.63,2.68,5167,2878000.0,9.28,-7.9,-0.23,2.58
473,1994-03-21,2.58,2.64,2.43,2.44,1385,719000.0,7.84,-8.96,-0.24,0.69
474,1994-03-22,2.42,2.52,2.42,2.52,1345,688000.0,4.1,3.28,0.08,0.67
475,1994-03-23,2.55,2.71,2.46,2.47,2914,1543000.0,9.92,-1.98,-0.05,1.46
476,1994-03-24,2.47,2.52,2.4,2.43,1390,709000.0,4.86,-1.62,-0.04,0.7
477,1994-03-25,2.52,2.52,2.42,2.46,992,504000.0,4.12,1.23,0.03,0.5
478,1994-03-28,2.4,2.43,2.13,2.42,1545,769000.0,12.2,-1.63,-0.04,0.77
479,1994-03-29,2.4,2.51,2.39,2.48,1088,552000.0,4.96,2.48,0.06,0.54
480,1994-03-30,2.46,2.67,2.43,2.59,4165,2191000.0,9.68,4.44,0.11,2.08
481,1994-03-31,2.67,3.06,2.67,3.06,30264,17265000.0,15.06,18.15,0.47,15.13
482,1994-04-01,3.08,3.09,2.57,2.57,30150,17047000.0,16.99,-16.01,-0.49,15.08
483,1994-04-04,2.52,2.57,2.48,2.5,3267,1698000.0,3.5,-2.72,-0.07,1.63
484,1994-04-05,2.47,2.58,2.45,2.46,2792,1434000.0,5.2,-1.6,-0.04,1.4
485,1994-04-06,2.47,3.0,2.47,3.0,2553,1359000.0,21.54,21.95,0.54,1.28
486,1994-04-07,2.54,2.85,2.54,2.61,15364,8520300.0,10.33,-13.0,-0.39,7.68
487,1994-04-08,2.64,2.69,2.58,2.61,2280,1224000.0,4.21,0.0,0.0,1.14
488,1994-04-11,2.58,2.69,2.54,2.61,4968,2678000.0,5.75,0.0,0.0,2.48
489,1994-04-12,2.58,2.7,2.58,2.64,3108,1685000.0,4.6,1.15,0.03,1.55
490,1994-04-13,2.67,2.79,2.65,2.7,8221,4548000.0,5.3,2.27,0.06,4.11
491,1994-04-14,2.73,2.73,2.49,2.49,3877,2058000.0,8.89,-7.78,-0.21,1.94
492,1994-04-15,2.49,2.56,2.29,2.49,3840,1938000.0,10.84,0.0,0.0,1.92
493,1994-04-18,2.47,2.58,2.4,2.5,3381,1748000.0,7.23,0.4,0.01,1.69
494,1994-04-19,2.52,2.58,2.41,2.41,2349,1211000.0,6.8,-3.6,-0.09,1.17
495,1994-04-20,2.4,2.4,2.11,2.11,4032,1920000.0,12.03,-12.45,-0.3,2.02
496,1994-04-21,2.09,2.51,2.05,2.46,5249,2507000.0,21.8,16.59,0.35,2.62
497,1994-04-22,2.4,2.55,2.11,2.23,8848,4393000.0,17.89,-9.35,-0.23,4.42
498,1994-04-25,2.29,2.31,2.19,2.2,1837,869000.0,5.38,-1.35,-0.03,0.92
499,1994-04-26,2.23,2.37,2.23,2.34,2072,993000.0,6.36,6.36,0.14,1.04
500,1994-04-27,2.39,2.39,2.29,2.37,3711,1828000.0,4.27,1.28,0.03,1.86
501,1994-04-28,2.41,2.51,2.34,2.4,7746,3915000.0,7.17,1.27,0.03,3.87
502,1994-04-29,2.4,2.49,2.28,2.31,4828,2412000.0,8.75,-3.75,-0.09,2.41
503,1994-05-03,2.23,2.37,2.23,2.34,952,461000.0,6.06,1.3,0.03,0.48
504,1994-05-04,2.42,2.43,2.36,2.4,2210,1103000.0,2.99,2.56,0.06,1.11
505,1994-05-05,2.37,2.37,2.26,2.26,1555,749000.0,4.58,-5.83,-0.14,0.78
506,1994-05-06,2.29,2.36,2.17,2.31,883,419000.0,8.41,2.21,0.05,0.44
507,1994-05-09,2.31,2.31,2.2,2.26,475,228000.0,4.76,-2.16,-0.05,0.24
508,1994-05-11,2.39,2.4,2.11,2.11,1340,650000.0,12.83,-6.64,-0.15,0.67
509,1994-05-12,2.2,2.31,2.17,2.17,1215,569000.0,6.64,2.84,0.06,0.61
510,1994-05-13,2.12,2.26,2.12,2.26,1336,624000.0,6.45,4.15,0.09,0.67
511,1994-05-16,2.29,2.29,2.2,2.21,2199,1035000.0,3.98,-2.21,-0.05,1.1
512,1994-05-17,2.2,2.2,2.14,2.17,1097,505000.0,2.71,-1.81,-0.04,0.55
513,1994-05-18,2.17,2.23,2.12,2.12,1426,651000.0,5.07,-2.3,-0.05,0.71
514,1994-05-19,2.11,2.13,2.05,2.11,787,353000.0,3.77,-0.47,-0.01,0.39
515,1994-05-20,2.14,2.2,2.12,2.17,947,434000.0,3.79,2.84,0.06,0.47
516,1994-05-23,2.17,2.18,2.14,2.14,672,301000.0,1.84,-1.38,-0.03,0.34
517,1994-05-24,2.11,2.15,2.11,2.14,509,226000.0,1.87,0.0,0.0,0.25
518,1994-05-25,2.17,2.17,2.14,2.15,416,186000.0,1.4,0.47,0.01,0.21
519,1994-05-26,1.92,2.15,1.92,2.14,814,359000.0,10.7,-0.47,-0.01,0.41
520,1994-05-27,2.05,2.09,1.99,2.02,1109,473000.0,4.67,-5.61,-0.12,0.55
521,1994-05-30,1.99,1.99,1.87,1.88,963,391000.0,5.94,-6.93,-0.14,0.48
522,1994-05-31,1.87,1.96,1.87,1.96,546,220000.0,4.79,4.26,0.08,0.27
523,1994-06-01,1.87,1.96,1.79,1.87,708,287000.0,8.67,-4.59,-0.09,0.35
524,1994-06-02,1.84,1.9,1.83,1.9,621,246000.0,3.74,1.6,0.03,0.31
525,1994-06-03,1.89,1.92,1.87,1.9,1160,470000.0,2.63,0.0,0.0,0.58
526,1994-06-06,1.87,1.87,1.82,1.82,377,149000.0,2.63,-4.21,-0.08,0.19
527,1994-06-07,1.93,1.93,1.79,1.79,406,158000.0,7.69,-1.65,-0.03,0.2
528,1994-06-08,1.79,1.8,1.69,1.75,638,242000.0,6.15,-2.23,-0.04,0.32
529,1994-06-09,1.76,1.76,1.64,1.64,635,234000.0,6.86,-6.29,-0.11,0.32
530,1994-06-10,1.62,1.62,1.56,1.56,561,197000.0,3.66,-4.88,-0.08,0.28
531,1994-06-13,1.54,1.54,1.41,1.41,622,206000.0,8.33,-9.62,-0.15,0.31
532,1994-06-14,1.42,1.49,1.39,1.42,612,200000.0,7.09,0.71,0.01,0.31
533,1994-06-15,1.43,1.51,1.43,1.49,1099,367000.0,5.63,4.93,0.07,0.55
534,1994-06-16,1.54,1.54,1.45,1.54,700,236000.0,6.04,3.36,0.05,0.35
535,1994-06-17,1.54,1.68,1.48,1.65,1755,612000.0,12.99,7.14,0.11,0.88
536,1994-06-20,1.61,1.64,1.48,1.48,2617,922000.0,9.7,-10.3,-0.17,1.31
537,1994-06-21,1.48,1.53,1.44,1.52,1508,508000.0,6.08,2.7,0.04,0.75
538,1994-06-22,1.52,1.59,1.52,1.57,1044,366000.0,4.61,3.29,0.05,0.52
539,1994-06-23,1.57,1.58,1.54,1.55,488,169000.0,2.55,-1.27,-0.02,0.24
540,1994-06-24,1.51,1.55,1.48,1.48,486,165000.0,4.52,-4.52,-0.07,0.24
541,1994-06-27,1.45,1.48,1.4,1.41,346,112000.0,5.41,-4.73,-0.07,0.17
542,1994-06-28,1.43,1.45,1.36,1.38,430,137000.0,6.38,-2.13,-0.03,0.22
543,1994-06-29,1.4,1.45,1.38,1.42,430,139000.0,5.07,2.9,0.04,0.22
544,1994-06-30,1.39,1.47,1.39,1.45,642,209000.0,5.63,2.11,0.03,0.32
545,1994-07-01,1.38,1.45,1.38,1.44,464,150000.0,4.83,-0.69,-0.01,0.23
546,1994-07-04,1.36,1.38,1.36,1.36,538,170000.0,1.39,-5.56,-0.08,0.27
547,1994-07-05,1.36,1.43,1.36,1.42,350,111000.0,5.15,4.41,0.06,0.18
548,1994-07-06,1.42,1.42,1.36,1.37,194,62000.0,4.23,-3.52,-0.05,0.1
549,1994-07-07,1.36,1.37,1.29,1.32,668,208000.0,5.84,-3.65,-0.05,0.33
550,1994-07-08,1.33,1.37,1.3,1.34,449,139000.0,5.3,1.52,0.02,0.22
551,1994-07-11,1.33,1.34,1.29,1.3,368,113000.0,3.73,-2.99,-0.04,0.18
552,1994-07-12,1.31,1.33,1.3,1.3,156,48000.0,2.31,0.0,0.0,0.08
553,1994-07-13,1.33,1.34,1.31,1.33,227,70000.0,2.31,2.31,0.03,0.11
554,1994-07-14,1.33,1.36,1.29,1.3,289,89000.0,5.26,-2.26,-0.03,0.14
555,1994-07-15,1.27,1.29,1.18,1.18,489,144000.0,8.46,-9.23,-0.12,0.24
556,1994-07-18,1.12,1.12,1.05,1.07,415,111000.0,5.93,-9.32,-0.11,0.21
557,1994-07-19,1.1,1.1,1.04,1.05,252,66000.0,5.61,-1.87,-0.02,0.13
558,1994-07-20,1.06,1.08,1.01,1.06,354,93000.0,6.67,0.95,0.01,0.18
559,1994-07-21,1.01,1.02,0.94,0.96,915,229000.0,7.55,-9.43,-0.1,0.46
560,1994-07-22,0.92,0.95,0.86,0.86,825,197000.0,9.38,-10.42,-0.1,0.41
561,1994-07-25,0.81,0.93,0.81,0.92,1265,297000.0,13.95,6.98,0.06,0.63
562,1994-07-26,0.93,0.98,0.92,0.98,2424,595000.0,6.52,6.52,0.06,1.21
563,1994-07-27,0.99,1.04,0.87,0.92,2702,675000.0,17.35,-6.12,-0.06,1.35
564,1994-07-28,0.86,0.9,0.76,0.76,1226,275000.0,15.22,-17.39,-0.16,0.61
565,1994-07-29,0.73,0.75,0.65,0.7,1741,352000.0,13.16,-7.89,-0.06,0.87
566,1994-08-01,0.98,1.27,0.86,1.23,7891,2051000.0,58.57,75.71,0.53,3.95
567,1994-08-02,1.22,2.16,1.21,1.36,19920,6678000.0,77.24,10.57,0.13,9.96
568,1994-08-03,1.39,1.98,1.39,1.89,32357,11866000.0,43.38,38.97,0.53,16.18
569,1994-08-04,1.99,2.33,1.87,2.17,35412,15280000.0,24.34,14.81,0.28,17.71
570,1994-08-05,2.05,2.82,2.05,2.82,31760,15828000.0,35.48,29.95,0.65,15.88
571,1994-08-08,2.88,3.36,2.56,2.87,24208,13678000.0,28.37,1.77,0.05,12.1
572,1994-08-09,2.82,2.82,2.26,2.34,12898,6622000.0,19.51,-18.47,-0.53,6.45
573,1994-08-10,2.28,2.99,2.05,2.89,19274,9694000.0,40.17,23.5,0.55,9.64
574,1994-08-11,3.24,3.24,2.71,2.73,35658,21177000.0,18.34,-5.54,-0.16,17.83
575,1994-08-12,2.55,2.97,2.55,2.71,11722,6544000.0,15.38,-0.73,-0.02,5.86
576,1994-08-15,2.59,2.7,2.52,2.55,8515,4479000.0,6.64,-5.9,-0.16,4.26
577,1994-08-16,2.55,2.85,2.52,2.67,8092,4347000.0,12.94,4.71,0.12,4.05
578,1994-08-17,2.77,2.8,2.67,2.76,5529,3007000.0,4.87,3.37,0.09,2.76
579,1994-08-18,2.78,3.0,2.67,2.88,17541,9982000.0,11.96,4.35,0.12,8.77
580,1994-08-19,2.88,2.91,2.55,2.64,10373,5653000.0,12.5,-8.33,-0.24,5.19
581,1994-08-22,2.51,2.58,2.46,2.49,5992,3055000.0,4.55,-5.68,-0.15,3.0
582,1994-08-23,2.65,2.65,2.49,2.61,5472,2828000.0,6.43,4.82,0.12,2.74
583,1994-08-24,2.7,2.75,2.58,2.64,7413,3940000.0,6.51,1.15,0.03,3.71
584,1994-08-25,2.58,2.93,2.58,2.91,22007,12208000.0,13.26,10.23,0.27,11.0
585,1994-08-26,2.95,3.16,2.65,2.7,73148,43250000.0,17.53,-7.22,-0.21,36.57
586,1994-08-29,2.71,2.85,2.61,2.64,5056,2715000.0,8.89,-2.22,-0.06,2.53
587,1994-08-30,2.7,2.88,2.57,2.76,11253,6117000.0,11.74,4.55,0.12,5.63
588,1994-08-31,2.87,3.18,2.77,3.15,30910,18404000.0,14.86,14.13,0.39,15.46
589,1994-09-01,3.21,3.24,3.01,3.06,25750,15971000.0,7.3,-2.86,-0.09,12.88
590,1994-09-02,3.07,3.2,2.94,3.2,10214,6163000.0,8.5,4.58,0.14,5.11
591,1994-09-05,3.4,3.86,3.33,3.82,65379,44844000.0,16.56,19.38,0.62,32.69
592,1994-09-06,4.02,4.11,3.74,4.0,45268,33418000.0,9.69,4.71,0.18,22.63
593,1994-09-07,3.89,4.42,3.66,3.8,68320,53205000.0,19.0,-5.0,-0.2,34.16
594,1994-09-08,3.95,4.46,3.84,4.25,56172,44182000.0,16.32,11.84,0.45,28.09
595,1994-09-09,4.48,4.48,4.01,4.18,39448,31641000.0,11.06,-1.65,-0.07,19.72
596,1994-09-12,4.37,5.37,4.26,4.96,59962,51826000.0,26.56,18.66,0.78,29.98
597,1994-09-13,5.02,5.14,4.73,5.02,71848,65699000.0,8.27,1.21,0.06,35.92
598,1994-09-14,5.15,5.72,5.14,5.44,125495,126831000.0,11.55,8.37,0.42,62.75
599,1994-09-15,5.43,5.43,4.65,5.02,57044,52103000.0,14.34,-7.72,-0.42,28.52
600,1994-09-16,5.11,5.11,4.65,4.76,23642,21402000.0,9.16,-5.18,-0.26,11.82
601,1994-09-19,4.54,4.73,4.28,4.3,12704,10697000.0,9.45,-9.66,-0.46,6.35
602,1994-09-20,4.26,4.6,4.2,4.51,25880,21453000.0,9.3,4.88,0.21,12.94
603,1994-09-21,4.67,4.95,4.55,4.95,28223,25076000.0,8.87,9.76,0.44,14.11
604,1994-09-22,4.96,4.96,4.43,4.55,22450,19861000.0,10.71,-8.08,-0.4,11.23
605,1994-09-23,4.43,4.58,4.22,4.31,16849,13806000.0,7.91,-5.27,-0.24,8.42
606,1994-09-26,4.25,4.48,4.12,4.46,15824,12811000.0,8.35,3.48,0.15,7.91
607,1994-09-27,4.4,4.46,4.26,4.28,8730,7147000.0,4.48,-4.04,-0.18,4.37
608,1994-09-28,4.32,4.58,4.32,4.52,14673,12283000.0,6.07,5.61,0.24,7.34
609,1994-09-29,4.55,4.55,3.95,4.09,13675,10928000.0,13.27,-9.51,-0.43,6.84
610,1994-09-30,3.87,4.01,3.66,3.7,15386,11168000.0,8.56,-9.54,-0.39,7.69
611,1994-10-05,3.52,3.64,3.09,3.15,16632,10539000.0,14.86,-14.86,-0.55,8.32
612,1994-10-06,3.29,3.95,2.83,2.91,24228,15742000.0,35.56,-7.62,-0.24,12.11
613,1994-10-07,2.9,3.94,2.34,3.77,41118,23872000.0,54.98,29.55,0.86,20.56
614,1994-10-10,3.36,3.8,3.36,3.59,47385,32821000.0,11.67,-4.77,-0.18,23.69
615,1994-10-11,3.77,3.78,3.48,3.59,12708,8866000.0,8.36,0.0,0.0,6.35
616,1994-10-12,3.67,3.77,3.54,3.61,14361,10117000.0,6.41,0.56,0.02,7.18
617,1994-10-13,3.59,3.59,3.06,3.07,21981,13874000.0,14.68,-14.96,-0.54,10.99
618,1994-10-14,2.91,3.39,2.77,3.33,30894,18768000.0,20.2,8.47,0.26,15.45
619,1994-10-17,2.94,3.14,2.94,2.97,11064,6639000.0,6.01,-10.81,-0.36,5.53
620,1994-10-18,3.06,3.11,2.98,3.0,6095,3629000.0,4.38,1.01,0.03,3.05
621,1994-10-19,3.06,3.33,3.06,3.32,18924,11838000.0,9.0,10.67,0.32,9.46
622,1994-10-20,3.36,3.83,3.36,3.79,48176,33248000.0,14.16,14.16,0.47,24.09
623,1994-10-21,3.86,3.94,3.59,3.63,54358,39412000.0,9.23,-4.22,-0.16,27.18
624,1994-10-24,3.92,4.23,3.8,4.16,40651,30577000.0,11.85,14.6,0.53,20.33
625,1994-10-25,4.16,4.19,3.66,3.77,36054,27291000.0,12.74,-9.38,-0.39,18.03
626,1994-10-26,3.74,3.8,3.46,3.54,22176,15499000.0,9.02,-6.1,-0.23,11.09
627,1994-10-27,3.56,3.71,3.48,3.71,8953,6196000.0,6.5,4.8,0.17,4.48
628,1994-10-28,3.62,3.92,3.42,3.59,26826,19165000.0,13.48,-3.23,-0.12,13.41
629,1994-10-31,3.36,3.5,3.31,3.39,9311,6151000.0,5.29,-5.57,-0.2,4.66
630,1994-11-01,3.56,3.59,3.42,3.56,8228,5579000.0,5.01,5.01,0.17,4.11
631,1994-11-02,3.48,3.56,3.42,3.51,4436,2982000.0,3.93,-1.4,-0.05,2.22
632,1994-11-03,3.59,3.89,3.51,3.83,22854,16493000.0,10.83,9.12,0.32,11.43
633,1994-11-04,3.83,3.83,3.45,3.47,19303,13477000.0,9.92,-9.4,-0.36,9.65
634,1994-11-07,3.36,3.57,3.36,3.54,6693,4497000.0,6.05,2.02,0.07,3.35
635,1994-11-08,3.71,3.9,3.64,3.73,29428,21367000.0,7.34,5.37,0.19,14.71
636,1994-11-09,3.62,3.86,3.59,3.83,17140,12288000.0,7.24,2.68,0.1,8.57
637,1994-11-10,3.95,3.95,3.67,3.71,15580,11312000.0,7.31,-3.13,-0.12,7.79
638,1994-11-11,3.83,3.83,3.68,3.83,8578,6170000.0,4.04,3.23,0.12,4.29
639,1994-11-14,3.83,3.89,3.76,3.83,7371,5381000.0,3.39,0.0,0.0,3.69
640,1994-11-15,3.74,3.79,3.66,3.67,8596,6101000.0,3.39,-4.18,-0.16,4.3
641,1994-11-16,3.71,3.74,3.59,3.65,4428,3097000.0,4.09,-0.54,-0.02,2.21
642,1994-11-17,3.67,3.7,3.59,3.62,3987,2796000.0,3.01,-0.82,-0.03,1.99
643,1994-11-18,3.56,3.65,3.54,3.62,2286,1574000.0,3.04,0.0,0.0,1.14
644,1994-11-21,3.65,3.65,3.59,3.61,1445,1004000.0,1.66,-0.28,-0.01,0.72
645,1994-11-22,3.65,3.68,3.52,3.54,2497,1716000.0,4.43,-1.94,-0.07,1.25
646,1994-11-23,3.54,3.64,3.42,3.48,2844,1913000.0,6.21,-1.69,-0.06,1.42
647,1994-11-24,3.45,3.54,3.44,3.46,1841,1234000.0,2.87,-0.57,-0.02,0.92
648,1994-11-25,3.6,3.68,3.51,3.52,2531,1738000.0,4.91,1.73,0.06,1.27
649,1994-11-28,3.51,3.51,3.46,3.51,897,602000.0,1.42,-0.28,-0.01,0.45
650,1994-11-29,3.45,3.56,3.45,3.56,1062,714000.0,3.13,1.42,0.05,0.53
651,1994-11-30,3.56,3.58,3.51,3.51,939,641000.0,1.97,-1.4,-0.05,0.47
652,1994-12-01,3.56,3.56,3.48,3.5,305,206000.0,2.28,-0.28,-0.01,0.15
653,1994-12-02,3.54,3.54,3.45,3.48,677,456000.0,2.57,-0.57,-0.02,0.34
654,1994-12-05,3.45,3.46,3.36,3.39,1386,910000.0,2.87,-2.59,-0.09,0.69
655,1994-12-06,3.36,3.37,3.26,3.3,1670,1072000.0,3.24,-2.65,-0.09,0.84
656,1994-12-07,3.33,3.37,3.24,3.28,735,468000.0,3.94,-0.61,-0.02,0.37
657,1994-12-08,3.24,3.27,3.2,3.21,1076,675000.0,2.13,-2.13,-0.07,0.54
658,1994-12-09,3.15,3.25,3.11,3.18,1484,919000.0,4.36,-0.93,-0.03,0.74
659,1994-12-12,3.12,3.17,3.01,3.04,1662,997000.0,5.03,-4.4,-0.14,0.83
660,1994-12-13,3.18,3.21,3.03,3.18,2617,1603000.0,5.92,4.61,0.14,1.31
661,1994-12-14,3.12,3.17,3.06,3.06,1897,1150000.0,3.46,-3.77,-0.12,0.95
662,1994-12-15,3.12,3.48,3.06,3.45,5664,3628000.0,13.73,12.75,0.39,2.83
663,1994-12-16,3.39,3.74,3.36,3.62,18044,12404000.0,11.01,4.93,0.17,9.02
664,1994-12-19,3.68,3.69,3.36,3.42,8704,5955000.0,9.12,-5.52,-0.2,4.35
665,1994-12-20,3.49,3.83,3.45,3.73,17901,12590000.0,11.11,9.06,0.31,8.95
666,1994-12-21,3.59,3.77,3.54,3.59,16218,11381000.0,6.17,-3.75,-0.14,8.11
667,1994-12-22,3.54,3.64,3.45,3.56,6213,4214000.0,5.29,-0.84,-0.03,3.11
668,1994-12-23,3.54,3.77,3.54,3.59,19157,13540000.0,6.46,0.84,0.03,9.58
669,1994-12-26,3.67,3.94,3.67,3.77,24065,17543000.0,7.52,5.01,0.18,12.03
670,1994-12-27,3.81,3.86,3.51,3.54,16428,11581000.0,9.28,-6.1,-0.23,8.21
671,1994-12-28,3.54,3.59,3.42,3.45,6375,4284000.0,4.8,-2.54,-0.09,3.19
672,1994-12-29,3.55,3.55,3.4,3.45,3549,2365000.0,4.35,0.0,0.0,1.77
673,1994-12-30,3.51,3.53,3.39,3.48,2763,1845000.0,4.06,0.87,0.03,1.38
674,1995-01-03,3.34,3.45,3.26,3.36,815,531000.0,5.46,-3.45,-0.12,0.41
675,1995-01-04,3.42,3.52,3.36,3.52,1559,1035000.0,4.76,4.76,0.16,0.78
676,1995-01-05,3.5,3.54,3.4,3.42,1638,1089000.0,3.98,-2.84,-0.1,0.82
677,1995-01-06,3.41,3.41,3.3,3.37,2358,1526000.0,3.22,-1.46,-0.05,1.18
678,1995-01-09,3.36,3.36,3.24,3.26,2345,1491000.0,3.56,-3.26,-0.11,1.17
679,1995-01-10,3.13,3.24,3.12,3.18,3019,1865000.0,3.68,-2.45,-0.08,1.51
680,1995-01-11,3.17,3.22,3.14,3.19,2392,1484000.0,2.52,0.31,0.01,1.2
681,1995-01-12,3.19,3.22,3.11,3.12,1568,969000.0,3.45,-2.19,-0.07,0.78
682,1995-01-13,3.09,3.14,3.06,3.09,2611,1583000.0,2.56,-0.96,-0.03,1.31
683,1995-01-16,3.06,3.15,2.99,3.12,2800,1684000.0,5.18,0.97,0.03,1.4
684,1995-01-17,3.17,3.17,3.09,3.1,1891,1156000.0,2.56,-0.64,-0.02,0.95
685,1995-01-18,3.12,3.2,3.11,3.19,2158,1332000.0,2.9,2.9,0.09,1.08
686,1995-01-19,3.18,3.18,3.03,3.04,2065,1250000.0,4.7,-4.7,-0.15,1.03
687,1995-01-20,2.98,3.14,2.94,3.11,2725,1615000.0,6.58,2.3,0.07,1.36
688,1995-01-23,3.06,3.06,2.95,2.99,1361,800000.0,3.54,-3.86,-0.12,0.68
689,1995-01-24,2.97,3.03,2.95,2.98,1171,687000.0,2.68,-0.33,-0.01,0.59
690,1995-01-25,3.01,3.06,2.98,3.04,1249,741000.0,2.68,2.01,0.06,0.62
691,1995-01-26,3.0,3.03,2.98,3.01,1151,679000.0,1.64,-0.99,-0.03,0.58
692,1995-01-27,2.88,3.05,2.88,3.03,1227,730000.0,5.65,0.66,0.02,0.61
693,1995-02-06,2.96,2.96,2.79,2.81,1173,665000.0,5.61,-7.26,-0.22,0.59
694,1995-02-07,2.77,2.86,2.76,2.8,851,476000.0,3.56,-0.36,-0.01,0.43
695,1995-02-08,2.79,2.87,2.77,2.83,612,343000.0,3.57,1.07,0.03,0.31
696,1995-02-09,2.82,2.97,2.82,2.97,1881,1082000.0,5.3,4.95,0.14,0.94
697,1995-02-10,2.89,3.02,2.83,2.85,1833,1059000.0,6.4,-4.04,-0.12,0.92
698,1995-02-13,2.82,2.91,2.81,2.91,1006,566000.0,3.51,2.11,0.06,0.5
699,1995-02-14,2.87,2.91,2.76,2.9,1206,679000.0,5.15,-0.34,-0.01,0.6
700,1995-02-15,2.88,2.89,2.82,2.84,409,231000.0,2.41,-2.07,-0.06,0.2
701,1995-02-16,2.81,2.83,2.76,2.78,858,475000.0,2.46,-2.11,-0.06,0.43
702,1995-02-17,2.77,2.77,2.7,2.72,1374,746000.0,2.52,-2.16,-0.06,0.69
703,1995-02-20,2.7,2.76,2.69,2.72,756,410000.0,2.57,0.0,0.0,0.38
704,1995-02-21,2.73,2.76,2.7,2.76,736,399000.0,2.21,1.47,0.04,0.37
705,1995-02-22,2.7,3.15,2.7,3.14,6296,3770000.0,16.3,13.77,0.38,3.15
706,1995-02-23,3.05,3.23,2.95,3.07,8910,5377000.0,8.92,-2.23,-0.07,4.46
707,1995-02-24,3.11,3.11,2.76,2.85,4308,2458000.0,11.4,-7.17,-0.22,2.15
708,1995-02-27,3.06,3.17,2.88,2.89,4967,2915000.0,10.18,1.4,0.04,2.48
709,1995-02-28,2.88,2.88,2.73,2.77,2022,1117000.0,5.19,-4.15,-0.12,1.01
710,1995-03-01,2.76,2.86,2.74,2.82,1384,770000.0,4.33,1.81,0.05,0.69
711,1995-03-02,2.85,2.87,2.79,2.84,1375,823000.0,2.84,0.71,0.02,0.69
712,1995-03-03,2.88,2.99,2.82,2.96,3402,1966000.0,5.99,4.23,0.12,1.7
713,1995-03-06,3.06,3.15,3.0,3.13,7030,5566000.0,5.07,5.74,0.17,3.52
714,1995-03-07,3.11,3.39,3.11,3.36,16756,10590000.0,8.95,7.35,0.23,8.38
715,1995-03-08,3.24,3.34,3.23,3.29,7281,5388000.0,3.27,-2.08,-0.07,3.64
716,1995-03-09,3.22,3.25,3.06,3.11,5497,3387000.0,5.78,-5.47,-0.18,2.75
717,1995-03-10,3.06,3.09,2.97,2.98,3511,2075000.0,3.86,-4.18,-0.13,1.76
718,1995-03-13,3.05,3.06,2.93,2.97,1965,1155000.0,4.36,-0.34,-0.01,0.98
719,1995-03-14,2.94,3.06,2.94,2.97,1835,1081000.0,4.04,0.0,0.0,0.92
720,1995-03-15,3.0,3.05,2.85,2.88,2566,1472000.0,6.73,-3.03,-0.09,1.28
721,1995-03-16,2.85,2.91,2.83,2.91,1029,584000.0,2.78,1.04,0.03,0.51
722,1995-03-17,2.94,3.02,2.88,3.0,2417,1412000.0,4.81,3.09,0.09,1.21
723,1995-03-20,3.06,3.14,2.94,2.95,4733,2855000.0,6.67,-1.67,-0.05,2.37
724,1995-03-21,2.94,3.02,2.89,2.99,1345,784000.0,4.41,1.36,0.04,0.67
725,1995-03-22,2.99,3.14,2.99,3.12,4941,2989000.0,5.02,4.35,0.13,2.47
726,1995-03-23,3.15,3.17,3.09,3.14,5367,3282000.0,2.56,0.64,0.02,2.68
727,1995-03-24,3.12,3.12,3.04,3.11,2646,1596000.0,2.55,-0.96,-0.03,1.32
728,1995-03-27,3.15,3.23,3.12,3.21,4585,2844000.0,3.54,3.22,0.1,2.29
729,1995-03-28,3.17,3.19,3.12,3.13,2006,1234000.0,2.18,-2.49,-0.08,1.0
730,1995-03-29,3.12,3.24,3.07,3.24,3807,2348000.0,5.43,3.51,0.11,1.9
731,1995-03-30,3.24,3.26,3.12,3.12,4237,2634000.0,4.32,-3.7,-0.12,2.12
732,1995-03-31,3.11,3.22,3.11,3.21,2846,1761000.0,3.53,2.88,0.09,1.42
733,1995-04-03,3.18,3.35,3.18,3.3,9866,6292000.0,5.3,2.8,0.09,4.93
734,1995-04-04,3.27,3.31,3.24,3.29,4389,2790000.0,2.12,-0.3,-0.01,2.19
735,1995-04-05,3.29,3.3,3.17,3.18,3489,2183000.0,3.95,-3.34,-0.11,1.74
736,1995-04-06,3.09,3.21,3.09,3.21,2506,1544000.0,3.77,0.94,0.03,1.25
737,1995-04-07,3.18,3.29,3.18,3.24,4795,3015000.0,3.43,0.93,0.03,2.4
738,1995-04-10,3.31,3.31,3.18,3.18,2609,1634000.0,4.01,-1.85,-0.06,1.3
739,1995-04-11,3.15,3.17,3.05,3.05,2304,1397000.0,3.77,-4.09,-0.13,1.15
740,1995-04-12,3.03,3.09,2.99,3.04,1953,1165000.0,3.28,-0.33,-0.01,0.98
741,1995-04-13,2.96,3.07,2.96,2.98,1879,1110000.0,3.62,-1.97,-0.06,0.94
742,1995-04-14,3.03,3.03,2.94,3.01,1244,729000.0,3.02,1.01,0.03,0.62
743,1995-04-17,3.0,3.02,2.93,2.96,1067,625000.0,2.99,-1.66,-0.05,0.53
744,1995-04-18,2.95,2.97,2.94,2.95,549,319000.0,1.01,-0.34,-0.01,0.27
745,1995-04-19,3.0,3.0,2.95,3.0,545,320000.0,1.69,1.69,0.05,0.27
746,1995-04-20,3.0,3.08,3.0,3.07,1174,702000.0,2.67,2.33,0.07,0.59
747,1995-04-21,3.09,3.11,2.99,2.99,1452,871000.0,3.91,-2.61,-0.08,0.73
748,1995-04-24,2.94,2.99,2.92,2.93,1433,830000.0,2.34,-2.01,-0.06,0.72
749,1995-04-25,2.88,2.94,2.88,2.92,659,378000.0,2.05,-0.34,-0.01,0.33
750,1995-04-26,2.76,2.87,2.76,2.8,1881,1047000.0,3.77,-4.11,-0.12,0.94
751,1995-04-27,2.7,2.79,1.89,2.58,4380,2304000.0,32.14,-7.86,-0.22,2.19
752,1995-04-28,2.67,2.69,2.58,2.64,1714,907000.0,4.26,2.33,0.06,0.86
753,1995-05-02,2.61,2.64,2.59,2.64,585,307000.0,1.89,0.0,0.0,0.29
754,1995-05-03,2.64,2.68,2.63,2.64,847,449000.0,1.89,0.0,0.0,0.42
755,1995-05-04,2.64,2.64,2.54,2.57,650,337000.0,3.79,-2.65,-0.07,0.33
756,1995-05-05,2.61,2.61,2.58,2.58,580,302000.0,1.17,0.39,0.01,0.29
757,1995-05-08,2.61,2.63,2.57,2.59,194,101000.0,2.33,0.39,0.01,0.1
758,1995-05-09,2.6,2.63,2.6,2.62,302,158000.0,1.16,1.16,0.03,0.15
759,1995-05-10,2.65,2.65,2.54,2.55,571,296000.0,4.2,-2.67,-0.07,0.29
760,1995-05-11,2.58,2.58,2.52,2.52,346,177000.0,2.35,-1.18,-0.03,0.17
761,1995-05-12,2.55,2.73,2.55,2.65,1305,698000.0,7.14,5.16,0.13,0.65
762,1995-05-15,2.63,2.63,2.5,2.59,616,320000.0,4.91,-2.26,-0.06,0.31
763,1995-05-16,2.59,2.61,2.57,2.57,340,177000.0,1.54,-0.77,-0.02,0.17
764,1995-05-17,2.61,2.61,2.54,2.59,317,164000.0,2.72,0.78,0.02,0.16
765,1995-05-18,3.59,3.59,3.06,3.46,20579,13539000.0,20.46,33.59,0.87,10.29
766,1995-05-19,3.54,4.25,3.48,4.25,32146,23804000.0,22.25,22.83,0.79,16.07
767,1995-05-22,4.55,4.73,4.28,4.49,33361,28266000.0,10.59,5.65,0.24,16.68
768,1995-05-23,3.9,4.12,3.45,3.48,20566,14921000.0,14.92,-22.49,-1.01,10.28
769,1995-05-24,3.64,3.64,3.3,3.43,9638,6428000.0,9.77,-1.44,-0.05,4.82
770,1995-05-25,3.51,3.51,3.15,3.15,5071,3303000.0,10.5,-8.16,-0.28,2.54
771,1995-05-26,3.06,3.77,2.99,3.36,9372,5983000.0,24.76,6.67,0.21,4.69
772,1995-05-29,3.15,3.3,3.15,3.23,2881,1798000.0,4.46,-3.87,-0.13,1.44
773,1995-05-30,3.27,3.3,3.13,3.21,2080,1302000.0,5.26,-0.62,-0.02,1.04
774,1995-05-31,3.17,3.27,3.06,3.12,2638,1620000.0,6.54,-2.8,-0.09,1.32
775,1995-06-01,3.12,3.18,3.11,3.18,1103,676000.0,2.24,1.92,0.06,0.55
776,1995-06-02,3.18,3.23,3.12,3.19,2253,1405000.0,3.46,0.31,0.01,1.13
777,1995-06-05,3.18,3.18,3.04,3.06,2500,1511000.0,4.39,-4.08,-0.13,1.25
778,1995-06-06,2.95,3.06,2.94,3.06,1169,689000.0,3.92,0.0,0.0,0.58
779,1995-06-07,3.09,3.27,3.06,3.23,1063,649000.0,6.86,5.56,0.17,0.53
780,1995-06-08,3.18,3.26,3.12,3.12,3879,2427000.0,4.33,-3.41,-0.11,1.94
781,1995-06-09,3.12,3.23,3.11,3.15,1512,935000.0,3.85,0.96,0.03,0.76
782,1995-06-13,3.22,3.22,3.11,3.12,1328,813000.0,3.49,-0.95,-0.03,0.66
783,1995-06-15,2.88,3.0,2.75,2.77,5391,3021000.0,8.01,-11.22,-0.35,2.7
784,1995-06-16,2.75,2.87,2.75,2.8,1597,1134000.0,4.33,1.08,0.03,0.8
785,1995-06-19,2.75,2.76,2.71,2.75,2176,1183000.0,1.79,-1.79,-0.05,1.09
786,1995-06-20,2.76,2.79,2.74,2.76,1112,611000.0,1.82,0.36,0.01,0.56
787,1995-06-21,2.75,2.82,2.75,2.81,1700,941000.0,2.54,1.81,0.05,0.85
788,1995-06-22,2.73,2.82,2.73,2.81,1008,556000.0,3.2,0.0,0.0,0.5
789,1995-06-23,2.8,2.83,2.76,2.82,1093,608000.0,2.49,0.36,0.01,0.55
790,1995-06-26,2.81,2.82,2.76,2.81,944,522000.0,2.13,-0.35,-0.01,0.47
791,1995-06-27,2.85,2.85,2.77,2.8,1353,755000.0,2.85,-0.36,-0.01,0.68
792,1995-06-28,2.76,2.76,2.7,2.74,1904,1035000.0,2.14,-2.14,-0.06,0.95
793,1995-06-29,2.76,2.78,2.7,2.73,672,628000.0,2.92,-0.36,-0.01,0.34
794,1995-06-30,2.71,2.71,2.63,2.64,1710,908000.0,2.93,-3.3,-0.09,0.86
795,1995-07-03,2.56,2.58,2.52,2.52,1740,894000.0,2.27,-4.55,-0.12,0.87
796,1995-07-04,2.52,2.58,2.52,2.58,1160,598000.0,2.38,2.38,0.06,0.58
797,1995-07-05,2.59,2.68,2.41,2.64,1424,745000.0,10.47,2.33,0.06,0.71
798,1995-07-06,2.64,2.68,2.55,2.61,2492,1315000.0,4.92,-1.14,-0.03,1.25
799,1995-07-07,2.63,2.99,2.56,2.82,4296,2315000.0,16.48,8.05,0.21,2.15
800,1995-07-10,2.76,2.85,2.76,2.82,3995,2226000.0,3.19,0.0,0.0,2.0
801,1995-07-11,2.82,2.84,2.7,2.71,1630,896000.0,4.96,-3.9,-0.11,0.82
802,1995-07-12,2.69,2.71,2.67,2.69,690,372000.0,1.48,-0.74,-0.02,0.35
803,1995-07-13,2.7,2.73,2.68,2.71,666,359000.0,1.86,0.74,0.02,0.33
804,1995-07-14,2.73,2.73,2.65,2.68,817,441000.0,2.95,-1.11,-0.03,0.41
805,1995-07-17,2.65,2.93,2.61,2.88,5511,3114000.0,11.94,7.46,0.2,2.76
806,1995-07-18,2.88,2.91,2.76,2.8,2999,1674000.0,5.21,-2.78,-0.08,1.5
807,1995-07-19,2.82,3.0,2.71,2.76,5072,2888000.0,10.36,-1.43,-0.04,2.54
808,1995-07-20,2.75,2.81,2.69,2.71,1730,947000.0,4.35,-1.81,-0.05,0.87
809,1995-07-21,2.84,2.84,2.72,2.74,1351,744000.0,4.43,1.11,0.03,0.68
810,1995-07-24,2.79,2.87,2.76,2.8,2426,1358000.0,4.01,2.19,0.06,1.21
811,1995-07-25,2.82,2.83,2.77,2.79,2230,1240000.0,2.14,-0.36,-0.01,1.12
812,1995-07-26,2.82,2.91,2.77,2.79,3822,2159000.0,5.02,0.0,0.0,1.91
813,1995-07-27,2.76,2.82,2.75,2.8,1231,680000.0,2.51,0.36,0.01,0.62
814,1995-07-28,2.85,2.89,2.8,2.87,4514,2552000.0,3.21,2.5,0.07,2.26
815,1995-07-31,2.9,3.03,2.88,3.0,9874,5749000.0,5.23,4.53,0.13,4.94
816,1995-08-01,2.94,3.04,2.88,3.02,5232,3068000.0,5.33,0.67,0.02,2.62
817,1995-08-02,3.06,3.08,2.82,2.86,6658,3916000.0,8.61,-5.3,-0.16,3.33
818,1995-08-03,2.81,2.89,2.81,2.87,1255,712000.0,2.8,0.35,0.01,0.63
819,1995-08-04,2.88,2.93,2.85,2.88,1750,995000.0,2.79,0.35,0.01,0.88
820,1995-08-07,2.85,2.9,2.81,2.87,2953,1662000.0,3.13,-0.35,-0.01,1.48
821,1995-08-08,2.89,2.92,2.81,2.83,2041,1157000.0,3.83,-1.39,-0.04,1.02
822,1995-08-09,2.85,2.89,2.82,2.84,1323,747000.0,2.47,0.35,0.01,0.66
823,1995-08-10,2.86,2.99,2.83,2.94,4915,2819000.0,5.63,3.52,0.1,2.46
824,1995-08-11,2.95,2.96,2.85,2.95,4915,2834000.0,3.74,0.34,0.01,2.46
825,1995-08-14,2.99,3.26,2.97,3.22,15343,9400000.0,9.83,9.15,0.27,7.67
826,1995-08-15,3.22,3.22,2.94,3.01,5729,3459000.0,8.7,-6.52,-0.21,2.86
827,1995-08-16,2.98,3.07,2.98,3.07,5067,3001000.0,2.99,1.99,0.06,2.53
828,1995-08-17,3.12,3.17,3.02,3.05,5886,3575000.0,4.89,-0.65,-0.02,2.94
829,1995-08-18,3.05,3.12,3.0,3.03,5336,3190000.0,3.93,-0.66,-0.02,2.67
830,1995-08-21,2.97,3.04,2.88,2.88,3560,2080000.0,5.28,-4.95,-0.15,1.78
831,1995-08-22,2.98,3.1,2.87,3.07,4064,2389000.0,7.99,6.6,0.19,2.03
832,1995-08-23,3.05,3.36,2.99,3.18,29667,18519000.0,12.05,3.58,0.11,14.83
833,1995-08-24,3.18,3.18,2.94,3.09,9092,5447000.0,7.55,-2.83,-0.09,4.55
834,1995-08-25,3.08,3.09,2.92,2.95,4297,2513000.0,5.5,-4.53,-0.14,2.15
835,1995-08-28,2.87,2.93,2.82,2.88,2743,1556000.0,3.73,-2.37,-0.07,1.37
836,1995-08-29,2.88,2.97,2.84,2.84,2255,1290000.0,4.51,-1.39,-0.04,1.13
837,1995-08-30,2.84,2.89,2.81,2.82,2014,1133000.0,2.82,-0.7,-0.02,1.01
838,1995-08-31,2.82,2.87,2.78,2.86,1242,693000.0,3.19,1.42,0.04,0.62
839,1995-09-01,2.88,2.9,2.82,2.86,1779,1001000.0,2.8,0.0,0.0,0.89
840,1995-09-04,2.9,2.94,2.85,2.91,2492,1430000.0,3.15,1.75,0.05,1.25
841,1995-09-05,2.93,2.97,2.87,2.91,2578,1485000.0,3.44,0.0,0.0,1.29
842,1995-09-06,2.89,2.97,2.82,2.96,3317,1903000.0,5.15,1.72,0.05,1.66
843,1995-09-07,3.0,3.12,2.95,3.0,8577,5109000.0,5.74,1.35,0.04,4.29
844,1995-09-08,2.93,2.97,2.89,2.91,1316,759000.0,2.67,-3.0,-0.09,0.66
845,1995-09-11,2.98,3.11,2.94,3.02,2519,1485000.0,5.84,3.78,0.11,1.26
846,1995-09-12,3.09,3.09,2.82,2.88,3238,1918000.0,8.94,-4.64,-0.14,1.62
847,1995-09-13,2.94,2.97,2.89,2.94,1557,895000.0,2.78,2.08,0.06,0.78
848,1995-09-14,2.95,2.96,2.87,2.88,2135,1220000.0,3.06,-2.04,-0.06,1.07
849,1995-09-15,2.89,2.89,2.81,2.88,2367,1336000.0,2.78,0.0,0.0,1.18
850,1995-09-18,2.88,2.91,2.83,2.85,796,450000.0,2.78,-1.04,-0.03,0.4
851,1995-09-19,2.86,2.88,2.75,2.76,1945,1086000.0,4.56,-3.16,-0.09,0.97
852,1995-09-20,2.7,2.76,2.7,2.74,1229,670000.0,2.17,-0.72,-0.02,0.61
853,1995-09-21,2.75,2.81,2.75,2.79,566,312000.0,2.19,1.82,0.05,0.28
854,1995-09-22,2.79,2.81,2.73,2.76,730,401000.0,2.87,-1.08,-0.03,0.37
855,1995-09-25,2.76,2.82,2.74,2.74,422,232000.0,2.9,-0.72,-0.02,0.21
856,1995-09-26,2.76,2.76,2.7,2.76,478,262000.0,2.19,0.73,0.02,0.24
857,1995-09-27,2.71,2.71,2.61,2.63,1573,833000.0,3.62,-4.71,-0.13,0.79
858,1995-09-28,2.59,2.63,2.58,2.6,1122,586000.0,1.9,-1.14,-0.03,0.56
859,1995-09-29,2.61,2.67,2.61,2.64,1192,629000.0,2.31,1.54,0.04,0.6
860,1995-10-04,2.65,2.7,2.64,2.67,260,247000.0,2.27,1.14,0.03,0.13
861,1995-10-05,2.68,2.73,2.59,2.73,530,283000.0,5.24,2.25,0.06,0.27
862,1995-10-06,2.73,2.74,2.52,2.64,935,500000.0,8.06,-3.3,-0.09,0.47
863,1995-10-09,2.58,2.64,2.58,2.58,1124,586000.0,2.27,-2.27,-0.06,0.56
864,1995-10-10,2.58,2.63,2.56,2.58,1041,541000.0,2.71,0.0,0.0,0.52
865,1995-10-11,2.58,2.58,2.48,2.55,1458,743000.0,3.88,-1.16,-0.03,0.73
866,1995-10-12,2.52,2.57,2.5,2.52,1373,703000.0,2.75,-1.18,-0.03,0.69
867,1995-10-13,2.52,2.59,2.49,2.56,1528,781000.0,3.97,1.59,0.04,0.76
868,1995-10-16,2.58,2.64,2.54,2.57,848,440000.0,3.91,0.39,0.01,0.42
869,1995-10-17,2.58,2.64,2.54,2.57,848,441232.0,3.89,0.0,0.0,0.42
870,1995-10-18,2.63,2.79,2.59,2.7,2378,1277000.0,7.78,5.06,0.13,1.19
871,1995-10-19,2.74,2.76,2.58,2.62,2216,1185000.0,6.67,-2.96,-0.08,1.11
872,1995-10-20,2.62,2.88,2.62,2.86,10088,5624000.0,9.92,9.16,0.24,5.04
873,1995-10-23,2.87,2.88,2.73,2.81,4239,2378000.0,5.24,-1.75,-0.05,2.12
874,1995-10-24,2.83,2.84,2.73,2.76,2236,1234000.0,3.91,-1.78,-0.05,1.12
875,1995-10-25,3.0,3.0,2.83,2.95,6523,3769000.0,6.16,6.88,0.19,3.26
876,1995-10-26,2.91,2.91,2.81,2.81,4324,2439000.0,3.39,-4.75,-0.14,2.16
877,1995-10-27,2.76,2.79,2.72,2.74,2188,1195000.0,2.49,-2.49,-0.07,1.09
878,1995-10-30,2.82,2.99,2.82,2.9,13601,7865000.0,6.2,5.84,0.16,6.8
879,1995-10-31,2.88,2.95,2.85,2.9,5873,3379000.0,3.45,0.0,0.0,2.94
880,1995-11-01,2.88,2.97,2.86,2.96,3963,2291000.0,3.79,2.07,0.06,1.98
881,1995-11-02,2.94,2.96,2.86,2.88,1851,1063000.0,3.38,-2.7,-0.08,0.93
882,1995-11-03,2.92,3.12,2.9,3.09,16649,10013000.0,7.64,7.29,0.21,8.32
883,1995-11-06,3.34,3.68,3.18,3.59,57938,38892000.0,16.18,16.18,0.5,28.97
884,1995-11-07,3.54,3.82,3.48,3.68,28482,19978000.0,9.47,2.51,0.09,14.24
885,1995-11-08,3.59,3.62,3.37,3.41,23917,16106000.0,6.79,-7.34,-0.27,11.96
886,1995-11-09,3.47,3.58,3.37,3.56,14738,9933000.0,6.16,4.4,0.15,7.37
887,1995-11-10,3.59,3.7,3.51,3.51,11939,8269000.0,5.34,-1.4,-0.05,5.97
888,1995-11-13,3.42,3.48,3.36,3.4,7326,4810000.0,3.42,-3.13,-0.11,3.66
889,1995-11-14,3.4,3.45,3.18,3.3,4786,3105000.0,7.94,-2.94,-0.1,2.39
890,1995-11-15,3.27,3.47,3.2,3.45,9724,6203000.0,8.18,4.55,0.15,4.86
891,1995-11-16,3.33,3.43,3.29,3.3,5336,3474000.0,4.06,-4.35,-0.15,2.67
892,1995-11-17,3.27,3.39,3.27,3.31,3294,2126000.0,3.64,0.3,0.01,1.65
893,1995-11-20,3.3,3.39,3.3,3.36,2031,1317000.0,2.72,1.51,0.05,1.02
894,1995-11-21,3.36,3.4,3.34,3.36,1712,1114000.0,1.79,0.0,0.0,0.86
895,1995-11-22,3.37,3.37,3.17,3.19,5019,3160000.0,5.95,-5.06,-0.17,2.51
896,1995-11-23,3.18,3.24,3.06,3.21,2935,1796000.0,5.64,0.63,0.02,1.47
897,1995-11-24,3.15,3.2,3.07,3.17,1908,1170000.0,4.05,-1.25,-0.04,0.95
898,1995-11-27,3.11,3.15,3.06,3.06,2360,1422000.0,2.84,-3.47,-0.11,1.18
899,1995-11-28,2.94,3.09,2.94,3.09,3046,1795000.0,4.9,0.98,0.03,1.52
900,1995-11-29,3.06,3.06,2.96,2.99,1362,804000.0,3.24,-3.24,-0.1,0.68
901,1995-11-30,2.99,3.12,2.9,2.98,2731,1601000.0,7.36,-0.33,-0.01,1.37
902,1995-12-01,2.87,2.95,2.76,2.85,2458,1388000.0,6.38,-4.36,-0.13,1.23
903,1995-12-04,2.8,2.86,2.8,2.85,602,338000.0,2.11,0.0,0.0,0.3
904,1995-12-05,2.87,2.89,2.85,2.86,607,344000.0,1.4,0.35,0.01,0.3
905,1995-12-06,2.83,2.92,2.81,2.83,495,278000.0,3.85,-1.05,-0.03,0.25
906,1995-12-07,2.81,2.85,2.78,2.81,861,482000.0,2.47,-0.71,-0.02,0.43
907,1995-12-08,2.81,2.96,2.81,2.93,2051,1176000.0,5.34,4.27,0.12,1.03
908,1995-12-11,2.93,2.96,2.74,2.74,1902,1070000.0,7.51,-6.48,-0.19,0.95
909,1995-12-12,2.69,2.94,2.67,2.91,4680,2630000.0,9.85,6.2,0.17,2.34
910,1995-12-13,2.93,2.94,2.71,2.71,2772,1535000.0,7.9,-6.87,-0.2,1.39
911,1995-12-14,2.7,2.78,2.68,2.71,1746,950000.0,3.69,0.0,0.0,0.87
912,1995-12-15,2.73,2.74,2.68,2.7,1569,846000.0,2.21,-0.37,-0.01,0.78
913,1995-12-18,2.64,2.69,2.58,2.59,2367,1243000.0,4.07,-4.07,-0.11,1.18
914,1995-12-19,2.61,2.63,2.56,2.6,1583,829000.0,2.7,0.39,0.01,0.79
915,1995-12-20,2.71,2.74,2.6,2.68,1019,539000.0,5.38,3.08,0.08,0.51
916,1995-12-21,2.68,2.69,2.62,2.63,1912,1021000.0,2.61,-1.87,-0.05,0.96
917,1995-12-22,2.62,2.64,2.56,2.59,1404,734000.0,3.04,-1.52,-0.04,0.7
918,1995-12-25,2.56,2.58,2.51,2.52,1807,926000.0,2.7,-2.7,-0.07,0.9
919,1995-12-26,2.51,2.54,2.47,2.47,1123,569000.0,2.78,-1.98,-0.05,0.56
920,1995-12-27,2.52,2.52,2.42,2.47,2405,1203000.0,4.05,0.0,0.0,1.2
921,1995-12-28,2.47,2.63,2.45,2.53,7028,3624000.0,7.29,2.43,0.06,3.51
922,1995-12-29,2.49,2.53,2.37,2.4,4109,2052000.0,6.32,-5.14,-0.13,2.05
923,1996-01-02,2.34,2.34,2.28,2.28,1227,582000.0,2.5,-5.0,-0.12,0.61
924,1996-01-03,2.27,2.36,2.23,2.34,1768,832000.0,5.7,2.63,0.06,0.88
925,1996-01-04,2.28,2.45,2.28,2.44,2568,1248000.0,7.26,4.27,0.1,1.28
926,1996-01-05,2.45,2.52,2.31,2.31,4425,2201000.0,8.61,-5.33,-0.13,2.21
927,1996-01-08,2.24,2.36,2.21,2.31,1767,827000.0,6.49,0.0,0.0,0.88
928,1996-01-09,2.31,2.48,2.29,2.47,2831,1394000.0,8.23,6.93,0.16,1.42
929,1996-01-10,2.42,2.42,2.32,2.36,2214,1068000.0,4.05,-4.45,-0.11,1.11
930,1996-01-11,2.38,2.4,2.32,2.34,1473,711000.0,3.39,-0.85,-0.02,0.74
931,1996-01-12,2.34,2.39,2.31,2.36,1360,653000.0,3.42,0.85,0.02,0.68
932,1996-01-15,2.31,2.39,2.31,2.38,883,425000.0,3.39,0.85,0.02,0.44
933,1996-01-16,2.38,2.4,2.29,2.33,811,389000.0,4.62,-2.1,-0.05,0.41
934,1996-01-17,2.23,2.32,2.22,2.23,1656,767000.0,4.29,-4.29,-0.1,0.83
935,1996-01-18,2.2,2.22,2.09,2.09,2214,990000.0,5.83,-6.28,-0.14,1.11
936,1996-01-19,2.07,2.13,2.01,2.13,1831,800000.0,5.74,1.91,0.04,0.92
937,1996-01-22,2.14,2.14,2.05,2.08,944,412000.0,4.23,-2.35,-0.05,0.47
938,1996-01-23,2.08,2.13,2.07,2.11,870,382000.0,2.88,1.44,0.03,0.44
939,1996-01-24,2.11,2.14,2.11,2.12,660,292000.0,1.42,0.47,0.01,0.33
940,1996-01-25,2.15,2.26,2.09,2.09,3993,1821000.0,8.02,-1.42,-0.03,2.0
941,1996-01-26,2.07,2.17,2.05,2.13,1102,489000.0,5.74,1.91,0.04,0.55
942,1996-01-29,2.21,2.21,2.13,2.17,731,328000.0,3.76,1.88,0.04,0.37
943,1996-01-30,2.17,2.22,2.14,2.18,855,385000.0,3.69,0.46,0.01,0.43
944,1996-01-31,2.14,2.24,2.14,2.22,1766,807000.0,4.59,1.83,0.04,0.88
945,1996-02-01,2.15,2.22,2.15,2.2,856,389000.0,3.15,-0.9,-0.02,0.43
946,1996-02-02,2.17,2.18,2.15,2.17,807,363000.0,1.36,-1.36,-0.03,0.4
947,1996-02-05,2.15,2.17,2.11,2.11,1182,527000.0,2.76,-2.76,-0.06,0.59
948,1996-02-06,2.05,2.09,2.05,2.07,781,338000.0,1.9,-1.9,-0.04,0.39
949,1996-02-07,2.07,2.13,2.05,2.11,817,357000.0,3.86,1.93,0.04,0.41
950,1996-02-08,2.11,2.12,2.07,2.07,649,284000.0,2.37,-1.9,-0.04,0.32
951,1996-02-09,2.05,2.13,2.05,2.12,359,158000.0,3.86,2.42,0.05,0.18
952,1996-02-12,2.07,2.12,2.07,2.11,269,118000.0,2.36,-0.47,-0.01,0.13
953,1996-02-13,2.13,2.13,2.12,2.12,454,201000.0,0.47,0.47,0.01,0.23
954,1996-02-14,2.11,2.15,2.11,2.11,702,311000.0,1.89,-0.47,-0.01,0.35
955,1996-02-15,2.13,2.22,2.12,2.2,1084,489000.0,4.74,4.27,0.09,0.54
956,1996-02-16,2.2,2.32,2.2,2.29,4973,2318000.0,5.45,4.09,0.09,2.49
957,1996-03-04,2.46,2.56,2.36,2.55,8852,4427000.0,8.73,11.35,0.26,4.43
958,1996-03-05,2.54,2.55,2.37,2.44,6107,3084000.0,7.06,-4.31,-0.11,3.05
959,1996-03-06,2.38,2.4,2.22,2.23,3416,1623000.0,7.38,-8.61,-0.21,1.71
960,1996-03-07,2.23,2.29,2.23,2.27,2124,989000.0,2.69,1.79,0.04,1.06
961,1996-03-08,2.26,2.38,2.23,2.34,2546,1191000.0,6.61,3.08,0.07,1.27
962,1996-03-11,2.34,2.34,2.27,2.28,1951,921000.0,2.99,-2.56,-0.06,0.98
963,1996-03-12,2.28,2.28,2.22,2.27,1370,635000.0,2.63,-0.44,-0.01,0.69
964,1996-03-13,2.28,2.39,2.27,2.31,4797,2296000.0,5.29,1.76,0.04,2.4
965,1996-03-14,2.32,2.34,2.28,2.31,906,431000.0,2.6,0.0,0.0,0.45
966,1996-03-15,2.31,2.32,2.26,2.31,947,446000.0,2.6,0.0,0.0,0.47
967,1996-03-18,2.28,2.36,2.28,2.34,650,311000.0,3.46,1.3,0.03,0.33
968,1996-03-19,2.34,2.34,2.29,2.3,764,364000.0,2.14,-1.71,-0.04,0.38
969,1996-03-20,2.31,2.33,2.28,2.31,290,137000.0,2.17,0.43,0.01,0.15
970,1996-03-21,2.31,2.36,2.31,2.33,1090,521000.0,2.16,0.87,0.02,0.55
971,1996-03-22,2.34,2.34,2.31,2.34,1587,759000.0,1.29,0.43,0.01,0.79
972,1996-03-25,2.34,2.38,2.34,2.34,754,364000.0,1.71,0.0,0.0,0.38
973,1996-03-26,2.32,2.34,2.26,2.28,706,334000.0,3.42,-2.56,-0.06,0.35
974,1996-03-27,2.27,2.28,2.24,2.28,683,318000.0,1.75,0.0,0.0,0.34
975,1996-03-28,2.27,2.28,2.09,2.2,1415,651000.0,8.33,-3.51,-0.08,0.71
976,1996-03-29,2.22,2.26,2.18,2.23,808,370000.0,3.64,1.36,0.03,0.4
977,1996-04-01,2.23,2.51,2.23,2.39,7161,3520000.0,12.56,7.17,0.16,3.58
978,1996-04-02,2.34,2.37,2.34,2.34,2434,1173000.0,1.26,-2.09,-0.05,1.22
979,1996-04-03,2.34,2.39,2.34,2.37,1325,643000.0,2.14,1.28,0.03,0.66
980,1996-04-04,2.37,2.42,2.35,2.4,1133,552090.0,2.95,1.27,0.03,0.57
981,1996-04-05,2.43,2.6,2.43,2.56,8114,4134000.0,7.08,6.67,0.16,4.06
982,1996-04-08,2.58,2.7,2.53,2.61,14414,7601000.0,6.64,1.95,0.05,7.21
983,1996-04-09,2.6,2.62,2.55,2.56,4394,2288000.0,2.68,-1.92,-0.05,2.2
984,1996-04-10,2.55,2.62,2.55,2.59,2980,1558000.0,2.73,1.17,0.03,1.49
985,1996-04-11,2.58,2.62,2.55,2.61,2026,1052000.0,2.7,0.77,0.02,1.01
986,1996-04-12,2.63,2.69,2.62,2.63,4357,2320000.0,2.68,0.77,0.02,2.18
987,1996-04-15,2.6,2.65,2.58,2.62,1800,947000.0,2.66,-0.38,-0.01,0.9
988,1996-04-16,2.6,2.65,2.6,2.64,2612,1382000.0,1.91,0.76,0.02,1.31
989,1996-04-17,2.69,2.75,2.65,2.67,4857,2617000.0,3.79,1.14,0.03,2.43
990,1996-04-18,2.64,2.71,2.61,2.71,3368,1787000.0,3.75,1.5,0.04,1.68
991,1996-04-19,2.71,2.79,2.69,2.78,7466,4109000.0,3.69,2.58,0.07,3.73
992,1996-04-22,2.87,2.87,2.73,2.76,9882,5510000.0,5.04,-0.72,-0.02,4.94
993,1996-04-23,2.75,2.84,2.68,2.84,4373,2386000.0,5.8,2.9,0.08,2.19
994,1996-04-24,2.87,3.16,2.87,3.05,9005,5313000.0,10.21,7.39,0.21,4.5
995,1996-04-25,3.12,3.24,2.87,2.93,10335,6226000.0,12.13,-3.93,-0.12,5.17
996,1996-04-26,2.94,3.3,2.94,3.29,15124,9331000.0,12.29,12.29,0.36,7.56
997,1996-04-29,3.24,3.33,3.06,3.25,6337,3900227.0,8.21,-1.22,-0.04,3.17
998,1996-04-30,3.33,3.33,2.94,2.94,9594,5855000.0,12.0,-9.54,-0.31,4.8
999,1996-05-02,3.23,3.23,2.64,2.75,5332,3061000.0,20.07,-6.46,-0.19,2.67
1000,1996-05-03,2.71,2.84,2.64,2.71,2795,1513000.0,7.27,-1.45,-0.04,1.4
1001,1996-05-06,2.67,2.87,2.67,2.73,2576,1403000.0,7.38,0.74,0.02,1.29
1002,1996-05-07,2.79,2.81,2.64,2.67,2643,1426000.0,6.23,-2.2,-0.06,1.32
1003,1996-05-08,2.64,2.7,2.63,2.65,1761,937000.0,2.62,-0.75,-0.02,0.88
1004,1996-05-09,2.7,2.71,2.63,2.64,1548,827000.0,3.02,-0.38,-0.01,0.77
1005,1996-05-10,2.63,2.64,2.59,2.64,1303,686000.0,1.89,0.0,0.0,0.65
1006,1996-05-13,2.64,2.69,2.63,2.64,1416,755000.0,2.27,0.0,0.0,0.71
1007,1996-05-14,2.64,2.75,2.64,2.65,1333,713000.0,4.17,0.38,0.01,0.67
1008,1996-05-15,2.65,2.75,2.64,2.75,2375,1291000.0,4.15,3.77,0.1,1.19
1009,1996-05-16,2.75,2.79,2.69,2.69,2936,1606000.0,3.64,-2.18,-0.06,1.47
1010,1996-05-17,2.7,2.83,2.65,2.8,2708,1473000.0,6.69,4.09,0.11,1.35
1011,1996-05-20,2.83,2.85,2.68,2.71,4443,2470000.0,6.07,-3.21,-0.09,2.22
1012,1996-05-21,2.7,2.7,2.52,2.52,2532,1328000.0,6.64,-7.01,-0.19,1.27
1013,1996-05-22,2.52,2.6,2.51,2.58,1492,764136.0,3.57,2.38,0.06,0.75
1014,1996-05-23,2.52,2.53,2.34,2.4,1492,748000.0,7.36,-6.98,-0.18,0.75
1015,1996-05-24,2.37,2.45,2.34,2.43,1384,675000.0,4.58,1.25,0.03,0.69
1016,1996-05-27,2.37,2.4,2.34,2.4,577,281000.0,2.47,-1.23,-0.03,0.29
1017,1996-05-29,2.4,2.45,2.4,2.45,566,279000.0,2.08,2.08,0.05,0.28
1018,1996-05-30,2.43,2.43,2.34,2.36,881,425000.0,3.67,-3.67,-0.09,0.44
1019,1996-05-31,2.36,2.46,2.36,2.4,833,407000.0,4.24,1.69,0.04,0.42
1020,1996-06-03,2.37,2.46,2.21,2.37,1878,906000.0,10.42,-1.25,-0.03,0.94
1021,1996-06-04,2.43,2.7,2.29,2.44,3258,1652000.0,17.3,2.95,0.07,1.63
1022,1996-06-05,2.45,2.63,2.2,2.63,3849,1922000.0,17.62,7.79,0.19,1.92
1023,1996-06-06,2.61,2.62,2.4,2.51,3638,1865000.0,8.37,-4.56,-0.12,1.82
1024,1996-06-07,2.55,2.61,2.53,2.58,5179,2685000.0,3.19,2.79,0.07,2.59
1025,1996-06-10,2.58,2.61,2.46,2.53,4824,2459000.0,5.81,-1.94,-0.05,2.41
1026,1996-06-11,2.53,2.69,2.53,2.58,4594,2407000.0,6.32,1.98,0.05,2.3
1027,1996-06-12,2.58,2.59,2.51,2.52,3468,1780000.0,3.1,-2.33,-0.06,1.73
1028,1996-06-13,2.46,2.53,2.43,2.49,2617,1316000.0,3.97,-1.19,-0.03,1.31
1029,1996-06-14,2.53,2.69,2.52,2.59,5139,2688000.0,6.83,4.02,0.1,2.57
1030,1996-06-17,2.59,2.59,2.46,2.51,2351,1198000.0,5.02,-3.09,-0.08,1.18
1031,1996-06-18,2.51,2.65,2.46,2.63,3907,2003000.0,7.57,4.78,0.12,1.95
1032,1996-06-19,2.62,2.79,2.52,2.64,10097,5431000.0,10.27,0.38,0.01,5.05
1033,1996-06-20,2.64,2.64,2.54,2.55,3229,1677000.0,3.79,-3.41,-0.09,1.61
1034,1996-06-21,2.55,2.76,2.55,2.57,1024,533125.0,8.24,0.78,0.02,0.51
1035,1996-06-24,2.52,2.54,2.49,2.51,2184,1110000.0,1.95,-2.33,-0.06,1.09
1036,1996-06-25,2.46,2.48,2.34,2.46,2609,1305000.0,5.58,-1.99,-0.05,1.3
1037,1996-06-26,2.46,2.51,2.46,2.51,1994,1006000.0,2.03,2.03,0.05,1.0
1038,1996-06-27,2.53,2.56,2.32,2.43,2392,1203000.0,9.56,-3.19,-0.08,1.2
1039,1996-06-28,2.43,2.46,2.37,2.42,2545,1247000.0,3.7,-0.41,-0.01,1.27
1040,1996-07-01,2.34,2.36,2.26,2.28,2261,1068000.0,4.13,-5.79,-0.14,1.13
1041,1996-07-02,2.28,2.31,2.26,2.28,1145,537000.0,2.19,0.0,0.0,0.57
1042,1996-07-03,2.28,2.29,2.21,2.24,1409,653000.0,3.51,-1.75,-0.04,0.7
1043,1996-07-04,2.26,2.27,2.13,2.14,2377,1075000.0,6.25,-4.46,-0.1,1.19
1044,1996-07-05,2.14,2.26,2.09,2.17,2284,1030000.0,7.94,1.4,0.03,1.14
1045,1996-07-08,2.11,2.17,2.1,2.12,1853,821000.0,3.23,-2.3,-0.05,0.93
1046,1996-07-09,2.11,2.11,1.89,2.06,2324,1005000.0,10.38,-2.83,-0.06,1.16
1047,1996-07-10,2.05,2.21,2.05,2.17,1866,827000.0,7.77,5.34,0.11,0.93
1048,1996-07-11,2.21,2.26,2.14,2.15,1922,875000.0,5.53,-0.92,-0.02,0.96
1049,1996-07-12,2.17,2.17,2.11,2.14,908,402000.0,2.79,-0.47,-0.01,0.45
1050,1996-07-15,2.13,2.13,2.06,2.09,975,426000.0,3.27,-2.34,-0.05,0.49
1051,1996-07-16,2.15,2.26,2.11,2.24,1757,798000.0,7.18,7.18,0.15,0.88
1052,1996-07-17,2.27,2.39,2.27,2.33,5367,2588000.0,5.36,4.02,0.09,2.68
1053,1996-07-18,2.31,2.85,2.31,2.83,35514,19352000.0,23.18,21.46,0.5,17.76
1054,1996-07-19,2.93,3.59,2.79,3.52,46767,29386000.0,28.27,24.38,0.69,23.38
1055,1996-07-22,3.7,3.95,3.41,3.76,40942,28979000.0,15.34,6.82,0.24,20.47
1056,1996-07-23,3.88,3.89,3.54,3.54,18898,13307000.0,9.31,-5.85,-0.22,9.45
1057,1996-07-24,3.54,4.35,3.54,4.25,45187,34473000.0,22.88,20.06,0.71,22.59
1058,1996-07-25,4.25,4.29,3.84,4.01,34641,26556000.0,10.59,-5.65,-0.24,17.32
1059,1996-07-26,3.89,3.98,3.58,3.7,22095,15862000.0,9.98,-7.73,-0.31,11.05
1060,1996-07-29,3.59,3.71,3.36,3.64,9014,6224000.0,9.46,-1.62,-0.06,4.51
1061,1996-07-30,3.61,3.68,3.4,3.43,5934,4062000.0,7.69,-5.77,-0.21,2.97
1062,1996-07-31,3.51,3.54,3.18,3.26,6189,3986000.0,10.5,-4.96,-0.17,3.09
1063,1996-08-01,3.4,3.49,3.21,3.41,8290,5443000.0,8.59,4.6,0.15,4.15
1064,1996-08-02,3.52,3.52,3.21,3.3,6682,4335000.0,9.09,-3.23,-0.11,3.34
1065,1996-08-05,3.49,3.49,3.29,3.36,4175,2705000.0,6.06,1.82,0.06,2.09
1066,1996-08-06,3.39,3.77,3.36,3.67,23296,16275000.0,12.2,9.23,0.31,11.65
1067,1996-08-07,3.65,3.7,3.54,3.57,7691,5293000.0,4.36,-2.72,-0.1,3.85
1068,1996-08-08,3.59,3.63,3.36,3.47,14799,9862000.0,7.56,-2.8,-0.1,7.4
1069,1996-08-09,3.48,3.59,3.45,3.51,7524,5085000.0,4.03,1.15,0.04,3.76
1070,1996-08-12,3.47,3.62,3.41,3.49,7050,4809000.0,5.98,-0.57,-0.02,3.53
1071,1996-08-13,3.58,3.58,3.39,3.43,6803,4512000.0,5.44,-1.72,-0.06,3.4
1072,1996-08-14,3.37,3.48,3.34,3.35,3656,2386000.0,4.08,-2.33,-0.08,1.83
1073,1996-08-15,3.32,3.39,3.26,3.27,4204,2708000.0,3.88,-2.39,-0.08,2.1
1074,1996-08-16,3.24,3.24,2.94,3.15,12526,7606000.0,9.17,-3.67,-0.12,6.26
1075,1996-08-19,3.09,3.11,2.87,2.91,5073,2984000.0,7.62,-7.62,-0.24,2.54
1076,1996-08-20,2.91,2.91,2.77,2.77,4203,2380000.0,4.81,-4.81,-0.14,2.1
1077,1996-08-21,2.77,3.09,2.77,2.96,6204,3621000.0,11.55,6.86,0.19,3.1
1078,1996-08-22,2.97,3.05,2.85,2.86,3198,1851000.0,6.76,-3.38,-0.1,1.6
1079,1996-08-23,2.87,2.91,2.64,2.74,6424,3523000.0,9.44,-4.2,-0.12,3.21
1080,1996-08-26,2.74,2.76,2.49,2.52,3535,1864000.0,9.85,-8.03,-0.22,1.77
1081,1996-08-27,2.31,2.96,2.3,2.75,6063,3211000.0,26.19,9.13,0.23,3.03
1082,1996-08-28,2.81,2.81,2.52,2.69,4621,2459000.0,10.55,-2.18,-0.06,2.31
1083,1996-08-29,2.68,2.69,2.55,2.69,3220,1691000.0,5.2,0.0,0.0,1.61
1084,1996-08-30,2.7,2.91,2.7,2.81,5814,3247000.0,7.81,4.46,0.12,2.91
1085,1996-09-02,2.85,2.87,2.71,2.84,4484,2490000.0,5.69,1.07,0.03,2.24
1086,1996-09-03,2.81,3.02,2.8,2.81,6413,3700000.0,7.75,-1.06,-0.03,3.21
1087,1996-09-04,2.81,2.93,2.71,2.83,7088,3965000.0,7.83,0.71,0.02,3.54
1088,1996-09-05,2.94,3.15,2.85,2.96,14162,8455000.0,10.6,4.59,0.13,7.08
1089,1996-09-06,2.94,2.98,2.8,2.84,4480,2550000.0,6.08,-4.05,-0.12,2.24
1090,1996-09-09,2.96,2.96,2.78,2.81,2157,1214000.0,6.34,-1.06,-0.03,1.08
1091,1996-09-10,2.76,2.79,2.69,2.7,3704,2020000.0,3.56,-3.91,-0.11,1.85
1092,1996-09-11,2.67,2.81,2.64,2.76,2936,1618000.0,6.3,2.22,0.06,1.47
1093,1996-09-12,2.94,3.11,2.79,2.84,13896,8102000.0,11.59,2.9,0.08,6.95
1094,1996-09-13,2.8,3.11,2.79,3.09,12361,7213000.0,11.27,8.8,0.25,6.18
1095,1996-09-16,3.11,3.12,2.87,3.0,8439,4993000.0,8.09,-2.91,-0.09,4.22
1096,1996-09-17,3.06,3.11,2.91,2.95,3880,2277000.0,6.67,-1.67,-0.05,1.94
1097,1996-09-18,2.98,3.0,2.76,2.8,6364,3583000.0,8.14,-5.08,-0.15,3.18
1098,1996-09-19,2.81,2.86,2.8,2.85,2286,1283000.0,2.14,1.79,0.05,1.14
1099,1996-09-20,2.84,3.0,2.84,2.96,3589,2070000.0,5.61,3.86,0.11,1.79
1100,1996-09-23,3.0,3.3,2.96,3.29,16289,10005000.0,11.49,11.15,0.33,8.14
1101,1996-09-24,3.32,3.34,3.12,3.14,14950,9338000.0,6.69,-4.56,-0.15,7.48
1102,1996-09-25,3.14,3.29,2.99,3.0,8355,5050000.0,9.55,-4.46,-0.14,4.18
1103,1996-09-26,3.02,3.16,3.0,3.14,6181,3756000.0,5.33,4.67,0.14,3.09
1104,1996-09-27,3.17,3.36,3.17,3.25,13392,8500000.0,6.05,3.5,0.11,6.7
1105,1996-10-03,3.36,3.56,3.3,3.3,19840,13232000.0,8.0,1.54,0.05,9.92
1106,1996-10-04,3.42,3.7,3.36,3.68,30661,20870000.0,10.3,11.52,0.38,15.33
1107,1996-10-07,3.71,3.74,3.41,3.64,22567,15521000.0,8.97,-1.09,-0.04,11.28
1108,1996-10-08,3.64,3.74,3.54,3.61,15361,10725000.0,5.49,-0.82,-0.03,7.68
1109,1996-10-09,3.62,3.63,3.46,3.51,9803,6705000.0,4.71,-2.77,-0.1,4.9
1110,1996-10-10,3.56,3.71,3.56,3.66,13967,9783000.0,4.27,4.27,0.15,6.98
1111,1996-10-11,3.74,3.76,3.45,3.52,11272,7780000.0,8.47,-3.83,-0.14,5.64
1112,1996-10-14,3.56,3.65,3.51,3.57,10193,6993000.0,3.98,1.42,0.05,5.1
1113,1996-10-15,3.57,3.62,3.39,3.52,11282,7554000.0,6.44,-1.4,-0.05,5.64
1114,1996-10-16,3.49,3.55,3.33,3.41,7435,4924000.0,6.25,-3.13,-0.11,3.72
1115,1996-10-17,3.36,3.54,3.36,3.52,6986,4657000.0,5.28,3.23,0.11,3.49
1116,1996-10-18,3.51,3.52,3.36,3.41,5602,3732000.0,4.55,-3.13,-0.11,2.8
1117,1996-10-21,3.39,3.74,3.36,3.74,12379,8498000.0,11.14,9.68,0.33,6.19
1118,1996-10-22,3.71,3.95,3.42,3.83,26013,18663000.0,14.17,2.41,0.09,13.01
1119,1996-10-23,4.05,4.17,3.95,4.12,46395,35787000.0,5.74,7.57,0.29,23.2
1120,1996-10-24,4.18,4.19,3.92,3.96,21218,16069000.0,6.55,-3.88,-0.16,10.61
1121,1996-10-25,3.95,4.21,3.76,4.06,24274,18581000.0,11.36,2.53,0.1,12.14
1122,1996-10-28,3.99,4.48,3.96,4.25,20838,16794000.0,12.81,4.68,0.19,10.42
1123,1996-10-29,4.31,4.41,4.06,4.13,16296,12857000.0,8.24,-2.82,-0.12,8.15
1124,1996-10-30,4.05,4.13,3.58,3.64,14239,10482000.0,13.32,-11.86,-0.49,7.12
1125,1996-10-31,3.71,3.87,3.59,3.73,11212,7952000.0,7.69,2.47,0.09,5.61
1126,1996-11-01,3.59,3.64,3.36,3.48,8807,5936000.0,7.51,-6.7,-0.25,4.4
1127,1996-11-04,3.41,3.54,3.36,3.48,4632,3088000.0,5.17,0.0,0.0,2.32
1128,1996-11-05,3.51,3.52,3.39,3.39,4566,3038000.0,3.74,-2.59,-0.09,2.28
1129,1996-11-06,3.4,3.45,3.18,3.29,4887,3103000.0,7.96,-2.95,-0.1,2.44
1130,1996-11-07,3.3,3.41,3.29,3.37,3157,2047000.0,3.65,2.43,0.08,1.58
1131,1996-11-08,3.37,3.37,3.17,3.29,3299,2105000.0,5.93,-2.37,-0.08,1.65
1132,1996-11-11,3.33,3.37,3.24,3.37,3901,2509000.0,3.95,2.43,0.08,1.95
1133,1996-11-12,3.4,3.46,3.33,3.45,6072,3990000.0,3.86,2.37,0.08,3.04
1134,1996-11-13,3.46,3.48,3.39,3.41,6285,4168000.0,2.61,-1.16,-0.04,3.14
1135,1996-11-14,3.42,3.68,3.41,3.56,9098,6226000.0,7.92,4.4,0.15,4.55
1136,1996-11-15,3.54,3.54,3.41,3.47,7368,4919000.0,3.65,-2.53,-0.09,3.68
1137,1996-11-18,3.47,3.87,3.47,3.87,12555,8815000.0,11.53,11.53,0.4,6.28
1138,1996-11-19,3.89,4.14,3.8,3.86,15480,11684000.0,8.79,-0.26,-0.01,7.74
1139,1996-11-20,3.83,3.83,3.51,3.76,9448,6782000.0,8.29,-2.59,-0.1,4.72
1140,1996-11-21,3.78,3.89,3.36,3.36,8634,5981000.0,14.1,-10.64,-0.4,4.32
1141,1996-11-22,3.34,3.47,3.23,3.43,5699,3674000.0,7.14,2.08,0.07,2.85
1142,1996-11-25,3.34,3.59,3.29,3.59,6340,4208000.0,8.75,4.66,0.16,3.17
1143,1996-11-26,3.64,3.64,3.37,3.48,4575,3084000.0,7.52,-3.06,-0.11,2.29
1144,1996-11-27,3.47,3.62,3.42,3.52,5316,3607000.0,5.75,1.15,0.04,2.66
1145,1996-11-28,3.59,3.65,3.47,3.58,5856,4031000.0,5.11,1.7,0.06,2.93
1146,1996-11-29,3.59,3.89,3.59,3.81,13779,9919000.0,8.38,6.42,0.23,6.89
1147,1996-12-02,3.95,4.43,3.9,4.34,32875,26062000.0,13.91,13.91,0.53,16.44
1148,1996-12-03,4.43,4.45,4.13,4.18,36055,29288000.0,7.37,-3.69,-0.16,18.03
1149,1996-12-04,4.05,4.41,4.02,4.41,20914,16391000.0,9.33,5.5,0.23,10.46
1150,1996-12-05,4.55,4.68,4.26,4.46,22530,18867000.0,9.52,1.13,0.05,11.27
1151,1996-12-06,4.46,4.46,4.25,4.38,17895,14651000.0,4.71,-1.79,-0.08,8.95
1152,1996-12-09,4.48,4.51,4.31,4.36,20055,16661000.0,4.57,-0.46,-0.02,10.03
1153,1996-12-10,4.36,4.36,4.14,4.2,13983,11111000.0,5.05,-3.67,-0.16,6.99
1154,1996-12-11,4.19,4.36,4.11,4.19,9607,7634000.0,5.95,-0.24,-0.01,4.8
1155,1996-12-12,4.25,4.28,3.83,3.86,9036,6819000.0,10.74,-7.88,-0.33,4.52
1156,1996-12-13,3.92,4.03,3.68,3.77,9998,7369000.0,9.07,-2.33,-0.09,5.0
1157,1996-12-16,3.34,3.54,3.34,3.34,12852,8376000.0,5.31,-11.41,-0.43,6.43
1158,1996-12-17,2.96,3.24,2.95,2.95,6384,3807000.0,8.68,-11.68,-0.39,3.19
1159,1996-12-18,2.69,3.17,2.69,3.14,9887,5791000.0,16.27,6.44,0.19,4.94
1160,1996-12-19,2.77,3.14,2.77,2.77,9127,5198000.0,11.78,-11.78,-0.37,4.56
1161,1996-12-20,2.61,2.76,2.48,2.52,6914,3573000.0,10.11,-9.03,-0.25,3.46
1162,1996-12-23,2.58,2.63,2.51,2.56,4599,2392000.0,4.76,1.59,0.04,2.3
1163,1996-12-24,2.58,2.62,2.4,2.4,3174,1622000.0,8.59,-6.25,-0.16,1.59
1164,1996-12-25,2.46,2.55,2.34,2.51,3281,1639000.0,8.75,4.58,0.11,1.64
1165,1996-12-26,2.55,2.69,2.47,2.67,5098,2662000.0,8.76,6.37,0.16,2.55
1166,1996-12-27,2.64,2.7,2.52,2.67,5320,2799000.0,6.74,0.0,0.0,2.66
1167,1996-12-30,2.7,2.71,2.61,2.65,5127,2733000.0,3.75,-0.75,-0.02,2.56
1168,1996-12-31,2.65,2.7,2.52,2.58,4957,2608000.0,6.79,-2.64,-0.07,2.48
1169,1997-01-02,2.56,2.64,2.53,2.55,1849,952000.0,4.26,-1.16,-0.03,0.92
1170,1997-01-03,2.58,2.58,2.48,2.51,2575,1322000.0,3.92,-1.57,-0.04,1.29
1171,1997-01-06,2.46,2.49,2.43,2.44,1670,833000.0,2.39,-2.79,-0.07,0.84
1172,1997-01-07,2.46,2.52,2.4,2.52,1740,875000.0,4.92,3.28,0.08,0.87
1173,1997-01-08,2.5,2.55,2.47,2.54,1266,642000.0,3.17,0.79,0.02,0.63
1174,1997-01-09,2.56,2.59,2.51,2.54,1706,882000.0,3.15,0.0,0.0,0.85
1175,1997-01-10,2.55,2.58,2.53,2.58,2865,1479000.0,1.97,1.57,0.04,1.43
1176,1997-01-13,2.61,2.64,2.58,2.64,2708,1421000.0,2.33,2.33,0.06,1.35
1177,1997-01-14,2.64,2.64,2.52,2.52,3874,1989000.0,4.55,-4.55,-0.12,1.94
1178,1997-01-15,2.58,2.59,2.4,2.55,1525,781000.0,7.54,1.19,0.03,0.76
1179,1997-01-16,2.52,2.57,2.5,2.55,1133,578000.0,2.75,0.0,0.0,0.57
1180,1997-01-17,2.54,2.58,2.52,2.54,943,483000.0,2.35,-0.39,-0.01,0.47
1181,1997-01-20,2.54,2.56,2.52,2.54,1721,882000.0,1.57,0.0,0.0,0.86
1182,1997-01-21,2.55,2.84,2.55,2.72,11347,6201000.0,11.42,7.09,0.18,5.67
1183,1997-01-22,2.7,2.7,2.58,2.7,3512,1862000.0,4.41,-0.74,-0.02,1.76
1184,1997-01-23,2.7,2.74,2.6,2.64,3519,1867000.0,5.19,-2.22,-0.06,1.76
1185,1997-01-24,2.64,2.7,2.57,2.69,3274,1719000.0,4.92,1.89,0.05,1.64
1186,1997-01-27,2.7,2.75,2.67,2.71,4946,2681000.0,2.97,0.74,0.02,2.47
1187,1997-01-28,2.73,2.73,2.61,2.69,2702,1441000.0,4.43,-0.74,-0.02,1.35
1188,1997-01-29,2.7,2.74,2.65,2.71,3637,1970000.0,3.35,0.74,0.02,1.82
1189,1997-01-30,2.71,2.8,2.68,2.76,5789,3163000.0,4.43,1.85,0.05,2.89
1190,1997-01-31,2.76,2.82,2.75,2.77,4724,2615000.0,2.54,0.36,0.01,2.36
1191,1997-02-17,2.76,2.93,2.64,2.84,6462,3652000.0,10.47,2.53,0.07,3.23
1192,1997-02-18,2.89,3.11,2.66,2.67,21734,12618000.0,15.85,-5.99,-0.17,10.87
1193,1997-02-19,2.7,2.99,2.7,2.99,13677,7958000.0,10.86,11.99,0.32,6.84
1194,1997-02-20,2.65,3.34,2.65,3.34,40557,25649000.0,23.08,11.71,0.35,20.28
1195,1997-02-21,3.42,3.65,3.31,3.56,32229,21810000.0,10.18,6.59,0.22,16.11
1196,1997-02-24,3.51,3.54,3.36,3.39,15887,10511000.0,5.06,-4.78,-0.17,7.94
1197,1997-02-25,3.35,3.59,3.35,3.39,9165,6060000.0,7.08,0.0,0.0,4.58
1198,1997-02-26,3.36,3.4,3.27,3.39,7662,4981000.0,3.83,0.0,0.0,3.83
1199,1997-02-27,3.39,3.42,3.29,3.3,5304,3431000.0,3.83,-2.65,-0.09,2.65
1200,1997-02-28,3.29,3.63,3.24,3.52,14557,9720000.0,11.82,6.67,0.22,7.28
1201,1997-03-03,3.54,3.56,3.42,3.48,11560,7727000.0,3.98,-1.14,-0.04,5.78
1202,1997-03-04,3.51,3.7,3.42,3.65,20807,14270000.0,8.05,4.89,0.17,10.4
1203,1997-03-05,3.62,3.74,3.52,3.54,10830,7514000.0,6.03,-3.01,-0.11,5.42
1204,1997-03-06,3.55,3.65,3.51,3.64,9051,6251000.0,3.95,2.82,0.1,4.53
1205,1997-03-07,3.66,3.68,3.49,3.52,7682,5274000.0,5.22,-3.3,-0.12,3.84
1206,1997-03-10,3.52,3.61,3.48,3.52,7860,5322000.0,3.69,0.0,0.0,3.93
1207,1997-03-11,3.51,3.54,3.45,3.48,5765,3866000.0,2.56,-1.14,-0.04,2.88
1208,1997-03-12,3.49,3.76,3.48,3.64,13823,9539000.0,8.05,4.6,0.16,6.91
1209,1997-03-13,3.65,3.76,3.54,3.58,13105,9144000.0,6.04,-1.65,-0.06,6.55
1210,1997-03-14,3.55,3.65,3.45,3.64,6615,4498000.0,5.59,1.68,0.06,3.31
1211,1997-03-17,3.7,3.95,3.66,3.67,27112,19484000.0,7.97,0.82,0.03,13.56
1212,1997-03-18,3.65,3.65,3.48,3.56,12347,8426000.0,4.63,-3.0,-0.11,6.17
1213,1997-03-19,3.56,3.64,3.45,3.59,6230,4255000.0,5.34,0.84,0.03,3.12
1214,1997-03-20,3.61,3.62,3.29,3.33,6345,4284000.0,9.19,-7.24,-0.26,3.17
1215,1997-03-21,3.42,3.58,3.39,3.57,7530,5069000.0,5.71,7.21,0.24,3.77
1216,1997-03-24,3.58,3.64,3.48,3.55,9084,6236000.0,4.48,-0.56,-0.02,4.54
1217,1997-03-25,3.59,3.75,3.54,3.6,13317,9309000.0,5.92,1.41,0.05,6.66
1218,1997-03-26,3.71,3.9,3.61,3.77,17239,12407000.0,8.06,4.72,0.17,8.62
1219,1997-03-27,3.82,3.82,3.62,3.67,8715,6204000.0,5.31,-2.65,-0.1,4.36
1220,1997-03-28,3.65,3.74,3.63,3.65,7448,5243000.0,3.0,-0.54,-0.02,3.72
1221,1997-03-31,3.74,3.97,3.71,3.95,18349,13565000.0,7.12,8.22,0.3,9.17
1222,1997-04-01,4.0,4.33,3.86,4.16,26462,20551000.0,11.9,5.32,0.21,13.23
1223,1997-04-02,4.12,4.23,3.94,4.01,13413,10285000.0,6.97,-3.61,-0.15,6.71
1224,1997-04-03,3.98,4.01,3.8,3.98,14997,11113000.0,5.24,-0.75,-0.03,7.5
1225,1997-04-04,4.16,4.34,4.07,4.25,41015,32774000.0,6.78,6.78,0.27,20.51
1226,1997-04-07,4.43,4.59,4.3,4.53,36970,30708000.0,6.82,6.59,0.28,18.49
1227,1997-04-08,4.54,4.54,4.29,4.33,22307,18401000.0,5.52,-4.42,-0.2,11.15
1228,1997-04-09,4.34,4.65,4.34,4.58,19254,16358000.0,7.16,5.77,0.25,9.63
1229,1997-04-10,4.55,5.02,4.54,4.77,26787,24092000.0,10.48,4.15,0.19,13.39
1230,1997-04-11,4.73,4.9,4.61,4.77,19769,17484000.0,6.08,0.0,0.0,9.88
1231,1997-04-14,4.9,5.13,4.82,4.87,22607,20726000.0,6.5,2.1,0.1,11.3
1232,1997-04-15,4.87,4.9,4.68,4.81,13621,12109000.0,4.52,-1.23,-0.06,6.81
1233,1997-04-16,4.81,4.86,4.67,4.81,11687,10353000.0,3.95,0.0,0.0,5.84
1234,1997-04-17,4.81,4.81,4.67,4.69,9747,8570000.0,2.91,-2.49,-0.12,4.87
1235,1997-04-18,4.7,4.83,4.55,4.83,9501,8318000.0,5.97,2.99,0.14,4.75
1236,1997-04-21,4.9,4.96,4.7,4.8,11188,10018000.0,5.38,-0.62,-0.03,5.59
1237,1997-04-22,4.89,5.13,4.61,4.87,16324,15023000.0,10.83,1.46,0.07,8.16
1238,1997-04-23,4.83,4.84,4.64,4.77,12446,10857000.0,4.11,-2.05,-0.1,6.22
1239,1997-04-24,4.55,4.73,4.5,4.59,8344,7163000.0,4.82,-3.77,-0.18,4.17
1240,1997-04-25,4.55,4.55,4.3,4.34,9873,8126000.0,5.45,-5.45,-0.25,4.94
1241,1997-04-28,4.28,4.34,3.86,3.86,9318,7042000.0,11.06,-11.06,-0.48,4.66
1242,1997-04-29,3.73,4.29,3.54,4.29,12556,9524000.0,19.43,11.14,0.43,6.28
1243,1997-04-30,4.25,4.37,4.11,4.29,8861,7048000.0,6.06,0.0,0.0,4.43
1244,1997-05-05,4.22,4.34,4.07,4.28,7819,6278000.0,6.29,-0.23,-0.01,3.91
1245,1997-05-06,4.28,4.31,4.07,4.23,7904,6247000.0,5.61,-1.17,-0.05,3.95
1246,1997-05-07,4.23,4.48,4.01,4.27,12381,9921000.0,11.11,0.95,0.04,6.19
1247,1997-05-08,4.22,4.24,3.95,4.01,6275,4835000.0,6.79,-6.09,-0.26,3.14
1248,1997-05-09,4.07,4.16,3.89,4.13,5831,4466000.0,6.73,2.99,0.12,2.92
1249,1997-05-12,4.59,4.59,4.42,4.59,21431,18118000.0,4.12,11.14,0.46,10.72
1250,1997-05-13,4.78,4.83,4.43,4.61,20379,17734000.0,8.71,0.44,0.02,10.19
1251,1997-05-14,4.55,4.55,4.09,4.09,6895,5532000.0,9.98,-11.28,-0.52,3.45
1252,1997-05-15,4.0,4.19,3.89,4.12,5366,4132000.0,7.33,0.73,0.03,2.68
1253,1997-05-16,3.67,4.1,3.66,3.77,8837,6464000.0,10.68,-8.5,-0.35,4.42
1254,1997-05-19,3.88,3.94,3.71,3.8,3121,2254000.0,6.1,0.8,0.03,1.56
1255,1997-05-20,3.86,3.94,3.8,3.88,3163,2331000.0,3.68,2.11,0.08,1.58
1256,1997-05-21,3.89,3.89,3.67,3.73,3557,2532000.0,5.67,-3.87,-0.15,1.78
1257,1997-05-22,3.52,3.55,3.31,3.31,4487,2922000.0,6.43,-11.26,-0.42,2.24
1258,1997-05-23,3.31,3.34,3.11,3.27,3805,2372000.0,6.95,-1.21,-0.04,1.9
1259,1997-05-26,3.27,3.31,3.06,3.08,3175,1927000.0,7.65,-5.81,-0.19,1.59
1260,1997-05-27,3.09,3.35,3.09,3.31,4643,2933000.0,8.44,7.47,0.23,2.32
1261,1997-05-28,3.33,3.36,3.18,3.23,2913,1843000.0,5.44,-2.42,-0.08,1.46
1262,1997-05-30,3.24,3.29,3.12,3.24,1083,674000.0,5.26,0.31,0.01,0.54
1263,1997-06-02,3.24,3.48,3.24,3.42,5525,3587000.0,7.41,5.56,0.18,2.76
1264,1997-06-03,3.39,3.41,3.23,3.33,3172,2035000.0,5.26,-2.63,-0.09,1.59
1265,1997-06-04,3.36,3.51,3.33,3.39,6395,4219000.0,5.41,1.8,0.06,3.2
1266,1997-06-05,3.4,3.4,3.25,3.28,3026,1941000.0,4.42,-3.24,-0.11,1.51
1267,1997-06-06,3.06,3.17,2.94,2.96,5369,3194000.0,7.01,-9.76,-0.32,2.68
1268,1997-06-09,2.99,3.05,2.88,3.04,1871,1082000.0,5.74,2.7,0.08,0.94
1269,1997-06-10,3.08,3.09,2.91,2.91,1464,869000.0,5.92,-4.28,-0.13,0.73
1270,1997-06-11,2.91,3.09,2.84,3.09,2528,1468000.0,8.59,6.19,0.18,1.26
1271,1997-06-12,3.09,3.09,2.88,2.96,1447,854000.0,6.8,-4.21,-0.13,0.72
1272,1997-06-13,2.86,3.25,2.81,3.05,2237,1321000.0,14.86,3.04,0.09,1.12
1273,1997-06-16,3.11,3.15,3.01,3.08,2833,1706000.0,4.59,0.98,0.03,1.42
1274,1997-06-17,3.06,3.12,2.94,3.0,1803,1072000.0,5.84,-2.6,-0.08,0.9
1275,1997-06-18,3.0,3.15,2.99,3.02,2848,1721000.0,5.33,0.67,0.02,1.42
1276,1997-06-19,3.05,3.08,2.95,2.95,1770,1039000.0,4.3,-2.32,-0.07,0.89
1277,1997-06-20,3.06,3.1,2.96,3.1,2381,1425000.0,4.75,5.08,0.15,1.19
1278,1997-06-23,3.06,3.17,2.94,2.98,4378,2608000.0,7.42,-3.87,-0.12,2.19
1279,1997-06-24,3.06,3.1,2.96,3.09,1907,1133000.0,4.7,3.69,0.11,0.95
1280,1997-06-25,3.09,3.11,2.96,3.01,1721,1023000.0,4.85,-2.59,-0.08,0.86
1281,1997-06-26,3.03,3.05,2.91,2.94,2117,1233000.0,4.65,-2.33,-0.07,1.06
1282,1997-06-27,2.93,3.02,2.76,2.82,2541,1436000.0,8.84,-4.08,-0.12,1.27
1283,1997-07-02,2.79,2.8,2.5,2.55,2435,1275000.0,10.64,-9.57,-0.27,1.22
1284,1997-07-03,2.46,2.46,2.39,2.39,2229,1095000.0,2.75,-6.27,-0.16,1.11
1285,1997-07-04,2.33,2.57,2.29,2.48,2701,1346000.0,11.72,3.77,0.09,1.35
1286,1997-07-07,2.49,2.49,2.29,2.3,1457,709000.0,8.06,-7.26,-0.18,0.73
1287,1997-07-08,2.33,2.51,2.3,2.49,4058,1993000.0,9.13,8.26,0.19,2.03
1288,1997-07-09,2.51,2.52,2.39,2.46,1686,838000.0,5.22,-1.2,-0.03,0.84
1289,1997-07-10,2.35,2.61,2.35,2.51,3235,1659000.0,10.57,2.03,0.05,1.62
1290,1997-07-11,2.47,2.58,2.47,2.56,2248,1148000.0,4.38,1.99,0.05,1.12
1291,1997-07-14,2.55,2.63,2.47,2.61,3966,2031000.0,6.25,1.95,0.05,1.98
1292,1997-07-15,2.62,2.62,2.51,2.57,2889,1482000.0,4.21,-1.53,-0.04,1.44
1293,1997-07-16,2.56,2.68,2.51,2.55,2931,1526000.0,6.61,-0.78,-0.02,1.47
1294,1997-07-17,2.51,2.55,2.46,2.52,2474,1247000.0,3.53,-1.18,-0.03,1.24
1295,1997-07-18,2.55,2.56,2.48,2.55,1704,869000.0,3.17,1.19,0.03,0.85
1296,1997-07-21,2.56,2.61,2.52,2.54,3119,1614000.0,3.53,-0.39,-0.01,1.56
1297,1997-07-22,2.55,2.74,2.52,2.7,4152,2183000.0,8.66,6.3,0.16,2.08
1298,1997-07-23,2.73,2.73,2.57,2.59,2934,1558000.0,5.93,-4.07,-0.11,1.47
1299,1997-07-24,2.59,2.59,2.49,2.52,2045,1049000.0,3.86,-2.7,-0.07,1.02
1300,1997-07-25,2.52,2.57,2.48,2.54,1248,637000.0,3.57,0.79,0.02,0.62
1301,1997-07-28,2.55,2.64,2.51,2.6,1759,913000.0,5.12,2.36,0.06,0.88
1302,1997-07-29,2.6,2.75,2.58,2.75,6005,3209000.0,6.54,5.77,0.15,3.0
1303,1997-07-30,2.81,2.81,2.67,2.78,5339,2923000.0,5.09,1.09,0.03,2.67
1304,1997-07-31,2.81,2.81,2.69,2.74,2849,1550000.0,4.32,-1.44,-0.04,1.42
1305,1997-08-01,2.76,2.88,2.73,2.82,3421,1902000.0,5.47,2.92,0.08,1.71
1306,1997-08-04,2.81,2.91,2.76,2.87,3225,1817000.0,5.32,1.77,0.05,1.61
1307,1997-08-05,2.87,2.9,2.74,2.76,2252,1244000.0,5.57,-3.83,-0.11,1.13
1308,1997-08-06,2.73,2.76,2.64,2.64,1674,901000.0,4.35,-4.35,-0.12,0.84
1309,1997-08-07,2.63,2.82,2.59,2.81,1988,1061000.0,8.71,6.44,0.17,0.99
1310,1997-08-08,2.82,2.97,2.79,2.87,7231,4153000.0,6.41,2.14,0.06,3.62
1311,1997-08-11,2.88,2.99,2.81,2.9,5558,3210000.0,6.27,1.05,0.03,2.78
1312,1997-08-12,2.88,2.93,2.73,2.73,3242,1837000.0,6.9,-5.86,-0.17,1.62
1313,1997-08-13,2.73,2.84,2.64,2.67,1899,1038000.0,7.33,-2.2,-0.06,0.95
1314,1997-08-14,2.69,2.8,2.64,2.8,2414,1307000.0,5.99,4.87,0.13,1.21
1315,1997-08-15,2.87,2.87,2.58,2.62,1974,1058000.0,10.36,-6.43,-0.18,0.99
1316,1997-08-18,2.64,2.67,2.62,2.66,1142,605000.0,1.91,1.53,0.04,0.57
1317,1997-08-19,2.64,2.75,2.64,2.68,662,354000.0,4.14,0.75,0.02,0.33
1318,1997-08-20,2.64,2.71,2.64,2.71,616,330000.0,2.61,1.12,0.03,0.31
1319,1997-08-21,2.71,2.75,2.65,2.73,1408,758000.0,3.69,0.74,0.02,0.7
1320,1997-08-22,2.76,2.82,2.75,2.79,2420,1343000.0,2.56,2.2,0.06,1.21
1321,1997-08-25,2.81,2.81,2.72,2.76,1684,923000.0,3.23,-1.08,-0.03,0.84
1322,1997-08-26,2.79,2.79,2.64,2.74,2043,1112000.0,5.43,-0.72,-0.02,1.02
1323,1997-08-27,2.76,2.92,2.7,2.9,5115,2893000.0,8.03,5.84,0.16,2.56
1324,1997-08-28,2.9,3.12,2.88,3.06,9973,5898000.0,8.28,5.52,0.16,4.99
1325,1997-08-29,3.06,3.17,3.02,3.05,7814,4725000.0,4.9,-0.33,-0.01,3.91
1326,1997-09-01,3.05,3.11,2.97,3.08,6521,3920000.0,4.59,0.98,0.03,3.26
1327,1997-09-02,3.11,3.11,2.95,2.98,4036,2387000.0,5.19,-3.25,-0.1,2.02
1328,1997-09-03,3.0,3.03,2.96,2.99,3442,2025000.0,2.35,0.34,0.01,1.72
1329,1997-09-04,2.98,3.11,2.96,3.11,4800,2843000.0,5.02,4.01,0.12,2.4
1330,1997-09-05,3.06,3.31,3.02,3.24,12276,7657000.0,9.32,4.18,0.13,6.14
1331,1997-09-08,3.24,3.45,3.24,3.38,14588,9490000.0,6.48,4.32,0.14,7.29
1332,1997-09-09,3.38,3.39,3.18,3.18,6261,3962000.0,6.21,-5.92,-0.2,3.13
1333,1997-09-10,3.18,3.42,3.17,3.36,8172,5249000.0,7.86,5.66,0.18,4.09
1334,1997-09-11,3.36,3.48,3.09,3.14,7998,5087000.0,11.61,-6.55,-0.22,4.0
1335,1997-09-12,3.18,3.21,2.94,2.97,4796,2903000.0,8.6,-5.41,-0.17,2.4
1336,1997-09-15,2.94,3.04,2.87,2.9,2751,1604000.0,5.72,-2.36,-0.07,1.38
1337,1997-09-16,2.94,2.99,2.9,2.95,3244,1882000.0,3.1,1.72,0.05,1.62
1338,1997-09-17,3.04,3.04,2.79,2.82,2871,1649000.0,8.47,-4.41,-0.13,1.44
1339,1997-09-18,2.85,2.92,2.82,2.88,1915,1084000.0,3.55,2.13,0.06,0.96
1340,1997-09-19,2.89,2.99,2.85,2.98,2074,1198000.0,4.86,3.47,0.1,1.04
1341,1997-09-22,2.97,2.98,2.62,2.62,3099,1729000.0,12.08,-12.08,-0.36,1.55
1342,1997-09-23,2.58,2.7,2.42,2.46,3625,1867000.0,10.69,-6.11,-0.16,1.81
1343,1997-09-24,2.59,2.71,2.56,2.7,3763,1996000.0,6.1,9.76,0.24,1.88
1344,1997-09-25,2.76,2.88,2.69,2.84,6021,3326000.0,7.04,5.19,0.14,3.01
1345,1997-09-26,2.77,2.82,2.7,2.76,2446,1343000.0,4.23,-2.82,-0.08,1.22
1346,1997-09-29,2.68,2.68,2.58,2.61,1597,843000.0,3.62,-5.43,-0.15,0.8
1347,1997-09-30,2.62,2.7,2.56,2.62,1674,876000.0,5.36,0.38,0.01,0.84
1348,1997-10-06,2.62,2.66,2.57,2.62,865,452000.0,3.44,0.0,0.0,0.43
1349,1997-10-07,2.69,2.69,2.59,2.64,472,248000.0,3.82,0.76,0.02,0.24
1350,1997-10-08,2.64,2.8,2.64,2.77,1763,968000.0,6.06,4.92,0.13,0.88
1351,1997-10-09,2.77,2.88,2.77,2.77,2538,1421000.0,3.97,0.0,0.0,1.27
1352,1997-10-10,2.78,2.82,2.72,2.8,1105,609000.0,3.61,1.08,0.03,0.55
1353,1997-10-13,2.76,2.89,2.76,2.8,1236,692000.0,4.64,0.0,0.0,0.62
1354,1997-10-14,2.59,2.81,2.58,2.81,1148,619000.0,8.21,0.36,0.01,0.57
1355,1997-10-15,2.82,3.02,2.76,2.99,7417,4296000.0,9.25,6.41,0.18,3.71
1356,1997-10-16,2.93,2.99,2.83,2.92,2997,1723000.0,5.35,-2.34,-0.07,1.5
1357,1997-10-17,2.85,2.92,2.81,2.87,3034,1717000.0,3.77,-1.71,-0.05,1.52
1358,1997-10-20,2.89,2.97,2.76,2.91,3451,1968000.0,7.32,1.39,0.04,1.73
1359,1997-10-21,2.95,2.95,2.79,2.87,2899,1650000.0,5.5,-1.37,-0.04,1.45
1360,1997-10-22,2.89,2.93,2.71,2.76,4350,2397000.0,7.67,-3.83,-0.11,2.18
1361,1997-10-23,2.76,2.82,2.75,2.77,2481,1372000.0,2.54,0.36,0.01,1.24
1362,1997-10-24,2.76,2.79,2.72,2.79,2044,1118000.0,2.53,0.72,0.02,1.02
1363,1997-10-27,2.79,2.93,2.76,2.91,3954,2233000.0,6.09,4.3,0.12,1.98
1364,1997-10-28,2.91,2.94,2.71,2.76,2153,1201000.0,7.9,-5.15,-0.15,1.08
1365,1997-10-29,2.64,2.79,2.63,2.73,1598,869000.0,5.8,-1.09,-0.03,0.8
1366,1997-10-30,2.73,2.8,2.65,2.67,3075,1681000.0,5.49,-2.2,-0.06,1.54
1367,1997-10-31,2.67,2.88,2.67,2.85,2594,1442000.0,7.87,6.74,0.18,1.3
1368,1997-11-03,2.82,2.82,2.74,2.8,1242,686000.0,2.81,-1.75,-0.05,0.62
1369,1997-11-04,2.85,2.87,2.77,2.8,1657,928000.0,3.57,0.0,0.0,0.83
1370,1997-11-05,2.8,2.8,2.7,2.74,391,213855.0,3.57,-2.14,-0.06,0.2
1371,1997-11-06,2.74,2.76,2.7,2.71,1619,881000.0,2.19,-1.09,-0.03,0.81
1372,1997-11-07,2.76,2.81,2.71,2.79,1748,965000.0,3.69,2.95,0.08,0.87
1373,1997-11-10,2.81,2.91,2.74,2.82,3356,1894000.0,6.09,1.08,0.03,1.68
1374,1997-11-11,2.82,2.96,2.8,2.94,4719,2690000.0,5.67,4.26,0.12,2.36
1375,1997-11-12,2.94,3.05,2.83,2.87,9421,5533000.0,7.48,-2.38,-0.07,4.71
1376,1997-11-13,2.81,2.93,2.76,2.91,2300,1284000.0,5.92,1.39,0.04,1.15
1377,1997-11-14,2.93,3.03,2.85,2.98,6321,3702000.0,6.19,2.41,0.07,3.16
1378,1997-11-17,3.05,3.09,2.95,2.96,5584,3315000.0,4.7,-0.67,-0.02,2.79
1379,1997-11-18,2.97,3.06,2.85,2.87,2293,1334000.0,7.09,-3.04,-0.09,1.15
1380,1997-11-19,2.92,2.92,2.76,2.8,2857,1591000.0,5.57,-2.44,-0.07,1.43
1381,1997-11-20,2.79,2.84,2.72,2.73,3130,1724000.0,4.29,-2.5,-0.07,1.57
1382,1997-11-21,2.75,2.76,2.67,2.7,2303,1244000.0,3.3,-1.1,-0.03,1.15
1383,1997-11-24,2.67,2.69,2.58,2.59,1844,972000.0,4.07,-4.07,-0.11,0.92
1384,1997-11-25,2.63,2.63,2.58,2.63,1371,716000.0,1.93,1.54,0.04,0.69
1385,1997-11-26,2.64,2.7,2.6,2.67,827,440000.0,3.8,1.52,0.04,0.41
1386,1997-11-27,2.65,2.78,2.63,2.73,1473,793000.0,5.62,2.25,0.06,0.74
1387,1997-11-28,2.65,2.78,2.65,2.73,1051,570000.0,4.76,0.0,0.0,0.53
1388,1997-12-01,2.75,2.75,2.67,2.69,1009,545000.0,2.93,-1.47,-0.04,0.5
1389,1997-12-02,2.73,2.74,2.68,2.68,568,307000.0,2.23,-0.37,-0.01,0.28
1390,1997-12-03,2.67,2.73,2.63,2.63,545,291000.0,3.73,-1.87,-0.05,0.27
1391,1997-12-04,2.64,2.67,2.61,2.64,931,492000.0,2.28,0.38,0.01,0.47
1392,1997-12-05,2.64,2.65,2.59,2.61,1594,838000.0,2.27,-1.14,-0.03,0.8
1393,1997-12-08,2.63,2.69,2.6,2.61,1049,553000.0,3.45,0.0,0.0,0.52
1394,1997-12-09,2.61,2.65,2.58,2.65,897,470000.0,2.68,1.53,0.04,0.45
1395,1997-12-10,2.68,2.68,2.61,2.65,652,345000.0,2.64,0.0,0.0,0.33
1396,1997-12-11,2.65,2.65,2.61,2.62,920,484000.0,1.51,-1.13,-0.03,0.46
1397,1997-12-12,2.63,2.7,2.6,2.62,981,519000.0,3.82,0.0,0.0,0.49
1398,1997-12-15,2.62,2.62,2.56,2.6,1706,890000.0,2.29,-0.76,-0.02,0.85
1399,1997-12-16,2.64,2.64,2.56,2.58,1628,846000.0,3.08,-0.77,-0.02,0.81
1400,1997-12-17,2.59,2.6,2.51,2.52,1388,716000.0,3.49,-2.33,-0.06,0.69
1401,1997-12-18,2.53,2.58,2.5,2.56,1167,597000.0,3.17,1.59,0.04,0.58
1402,1997-12-19,2.51,2.67,2.51,2.67,1726,902000.0,6.25,4.3,0.11,0.86
1403,1997-12-22,2.67,2.69,2.57,2.58,1760,921000.0,4.49,-3.37,-0.09,0.88
1404,1997-12-23,2.58,2.61,2.55,2.6,1234,643000.0,2.33,0.78,0.02,0.62
1405,1997-12-24,2.62,2.62,2.55,2.6,1135,589000.0,2.69,0.0,0.0,0.57
1406,1997-12-25,2.59,2.64,2.59,2.64,1392,730000.0,1.92,1.54,0.04,0.7
1407,1997-12-26,2.63,2.78,2.62,2.73,3041,1639000.0,6.06,3.41,0.09,1.52
1408,1997-12-29,2.7,2.87,2.7,2.78,5250,2930000.0,6.23,1.83,0.05,2.63
1409,1997-12-30,2.83,3.01,2.83,2.99,13529,7844000.0,6.47,7.55,0.21,6.76
1410,1997-12-31,3.01,3.31,3.01,3.22,25822,16047000.0,10.03,7.69,0.23,12.91
1411,1998-01-05,3.36,3.58,3.33,3.58,20263,13564000.0,7.76,11.18,0.36,10.13
1412,1998-01-06,3.64,3.88,3.53,3.86,17464,12289000.0,9.78,7.82,0.28,8.73
1413,1998-01-07,3.77,3.85,3.71,3.75,12111,8743000.0,3.63,-2.85,-0.11,6.06
1414,1998-01-08,3.72,4.04,3.66,3.86,9041,6689000.0,10.13,2.93,0.11,4.52
1415,1998-01-09,3.83,3.92,3.58,3.71,11652,8294000.0,8.81,-3.89,-0.15,5.83
1416,1998-01-12,3.65,3.7,3.55,3.56,8041,5563000.0,4.04,-4.04,-0.15,4.02
1417,1998-01-13,3.48,3.53,3.16,3.24,10984,6934000.0,10.39,-8.99,-0.32,5.49
1418,1998-01-14,3.3,3.61,3.29,3.61,12247,8330000.0,9.88,11.42,0.37,6.12
1419,1998-01-15,3.83,3.83,3.62,3.68,10428,7425000.0,5.82,1.94,0.07,5.21
1420,1998-01-16,3.62,3.68,3.51,3.54,5113,3511000.0,4.62,-3.8,-0.14,2.56
1421,1998-01-19,3.56,3.64,3.54,3.54,3303,2270000.0,2.82,0.0,0.0,1.65
1422,1998-01-20,3.54,3.57,3.43,3.54,3599,2423000.0,3.95,0.0,0.0,1.8
1423,1998-01-21,3.56,3.71,3.54,3.57,3608,2517000.0,4.8,0.85,0.03,1.8
1424,1998-01-22,3.57,3.69,3.57,3.58,3358,2340000.0,3.36,0.28,0.01,1.68
1425,1998-01-23,3.59,3.7,3.59,3.67,3860,2710000.0,3.07,2.51,0.09,1.93
1426,1998-02-09,3.89,3.95,3.68,3.68,3378,2416000.0,7.36,0.27,0.01,1.69
1427,1998-02-10,3.7,3.83,3.6,3.75,4604,3266000.0,6.25,1.9,0.07,2.3
1428,1998-02-11,3.76,3.8,3.71,3.73,2166,1547000.0,2.4,-0.53,-0.02,1.08
1429,1998-02-12,3.71,3.89,3.71,3.83,5279,3817000.0,4.83,2.68,0.1,2.64
1430,1998-02-13,3.83,3.92,3.71,3.71,3303,2397000.0,5.48,-3.13,-0.12,1.65
1431,1998-02-16,3.73,3.8,3.71,3.74,4516,3222000.0,2.43,0.81,0.03,2.26
1432,1998-02-17,3.74,3.83,3.73,3.8,3784,2725000.0,2.67,1.6,0.06,1.89
1433,1998-02-18,3.77,4.04,3.75,3.92,11175,8324000.0,7.63,3.16,0.12,5.59
1434,1998-02-19,3.95,3.95,3.79,3.85,4509,3320000.0,4.08,-1.79,-0.07,2.25
1435,1998-02-20,3.91,3.91,3.73,3.77,3167,2274000.0,4.68,-2.08,-0.08,1.58
1436,1998-02-23,3.74,3.74,3.59,3.59,4154,2926000.0,3.98,-4.77,-0.18,2.08
1437,1998-02-24,3.61,3.7,3.59,3.61,3231,2249000.0,3.06,0.56,0.02,1.62
1438,1998-02-25,3.61,3.64,3.48,3.48,3126,2127000.0,4.43,-3.6,-0.13,1.56
1439,1998-02-26,3.48,3.57,3.42,3.54,2299,1546000.0,4.31,1.72,0.06,1.15
1440,1998-02-27,3.56,3.64,3.46,3.64,2410,1627000.0,5.08,2.82,0.1,1.21
1441,1998-03-02,3.59,3.77,3.48,3.56,4427,3121000.0,7.97,-2.2,-0.08,2.21
1442,1998-03-03,3.51,3.65,3.51,3.65,630,434000.0,3.93,2.53,0.09,0.32
1443,1998-03-04,3.65,3.69,3.48,3.48,1785,1236000.0,5.75,-4.66,-0.17,0.89
1444,1998-03-05,3.64,3.7,3.51,3.57,2411,1671000.0,5.46,2.59,0.09,1.21
1445,1998-03-06,3.65,3.65,3.54,3.55,881,603000.0,3.08,-0.56,-0.02,0.44
1446,1998-03-09,3.56,3.62,3.54,3.55,869,594000.0,2.25,0.0,0.0,0.43
1447,1998-03-10,3.54,3.54,3.42,3.51,2092,1399000.0,3.38,-1.13,-0.04,1.05
1448,1998-03-11,3.45,3.61,3.45,3.48,1116,750000.0,4.56,-0.85,-0.03,0.56
1449,1998-03-12,3.45,3.51,3.45,3.49,1049,703000.0,1.72,0.29,0.01,0.52
1450,1998-03-13,3.48,3.53,3.46,3.51,573,384000.0,2.01,0.57,0.02,0.29
1451,1998-03-16,3.51,3.67,3.49,3.57,2098,1446000.0,5.13,1.71,0.06,1.05
1452,1998-03-17,3.59,3.65,3.57,3.59,1618,1115000.0,2.24,0.56,0.02,0.81
1453,1998-03-18,3.62,3.83,3.62,3.74,9298,6685000.0,5.85,4.18,0.15,4.65
1454,1998-03-19,3.77,3.85,3.7,3.71,5592,4043000.0,4.01,-0.8,-0.03,2.8
1455,1998-03-20,3.72,3.75,3.59,3.59,2661,1851000.0,4.31,-3.23,-0.12,1.33
1456,1998-03-23,3.59,3.77,3.59,3.64,1651,1156000.0,5.01,1.39,0.05,0.83
1457,1998-03-24,3.68,3.8,3.64,3.8,3987,2846000.0,4.4,4.4,0.16,1.99
1458,1998-03-25,3.83,3.86,3.68,3.7,2730,1943000.0,4.74,-2.63,-0.1,1.37
1459,1998-03-26,3.71,4.12,3.69,4.12,33453,25548000.0,11.62,11.35,0.42,16.73
1460,1998-03-27,4.16,4.54,4.05,4.28,33059,26775000.0,11.89,3.88,0.16,16.53
1461,1998-03-30,4.33,4.54,4.19,4.31,17347,14165000.0,8.18,0.7,0.03,8.67
1462,1998-03-31,4.3,4.42,4.1,4.34,11547,9202000.0,7.42,0.7,0.03,5.77
1463,1998-04-01,4.31,4.49,4.25,4.43,13845,11429000.0,5.53,2.07,0.09,6.92
1464,1998-04-02,4.48,4.77,4.25,4.27,20917,17516000.0,11.74,-3.61,-0.16,10.46
1465,1998-04-03,4.22,4.74,4.15,4.67,32624,27379000.0,13.82,9.37,0.4,16.31
1466,1998-04-06,4.81,4.95,4.58,4.9,43597,38915000.0,7.92,4.93,0.23,21.8
1467,1998-04-07,4.87,4.87,4.65,4.73,15373,13597000.0,4.49,-3.47,-0.17,7.69
1468,1998-04-08,4.73,5.01,4.62,4.84,16472,14746000.0,8.25,2.33,0.11,8.24
1469,1998-04-09,4.87,4.89,4.31,4.37,19221,16193000.0,11.98,-9.71,-0.47,9.61
1470,1998-04-10,4.28,4.44,4.14,4.34,11345,9095000.0,6.86,-0.69,-0.03,5.67
1471,1998-04-13,4.31,4.34,4.13,4.16,9651,7614000.0,4.84,-4.15,-0.18,4.83
1472,1998-04-14,4.16,4.31,4.08,4.24,6773,5372000.0,5.53,1.92,0.08,3.39
1473,1998-04-15,4.25,4.43,4.25,4.36,7955,6525000.0,4.25,2.83,0.12,3.98
1474,1998-04-16,4.33,4.4,4.2,4.22,5215,4205000.0,4.59,-3.21,-0.14,2.61
1475,1998-04-17,4.1,4.53,4.1,4.37,8797,7180000.0,10.19,3.55,0.15,4.4
1476,1998-04-20,4.34,4.68,4.31,4.67,11404,9676000.0,8.47,6.86,0.3,5.7
1477,1998-04-21,4.71,4.81,4.55,4.76,9008,7817000.0,5.57,1.93,0.09,4.5
1478,1998-04-22,4.79,4.83,4.65,4.7,8230,7235000.0,3.78,-1.26,-0.06,4.12
1479,1998-04-23,4.71,4.73,4.43,4.48,9606,8133000.0,6.38,-4.68,-0.22,4.8
1480,1998-04-24,4.46,4.69,4.33,4.34,7691,6454000.0,8.04,-3.13,-0.14,3.85
1481,1998-04-27,4.34,4.37,4.27,4.29,4678,3781000.0,2.3,-1.15,-0.05,2.34
1482,1998-04-28,4.37,4.43,4.19,4.37,5744,4606000.0,5.59,1.86,0.08,2.87
1483,1998-04-29,4.42,4.42,4.3,4.36,3336,2726000.0,2.75,-0.23,-0.01,1.67
1484,1998-04-30,4.37,4.43,4.34,4.39,4829,3974000.0,2.06,0.69,0.03,2.41
1485,1998-05-04,4.42,4.43,4.22,4.23,5898,4767000.0,4.78,-3.64,-0.16,2.95
1486,1998-05-05,4.28,4.4,4.16,4.38,4327,3491000.0,5.67,3.55,0.15,2.16
1487,1998-05-06,4.37,4.44,4.3,4.43,5460,4481000.0,3.2,1.14,0.05,2.73
1488,1998-05-07,4.46,4.84,4.46,4.62,28316,24911000.0,8.58,4.29,0.19,14.16
1489,1998-05-08,4.59,4.95,4.58,4.93,25971,23221000.0,8.01,6.71,0.31,12.99
1490,1998-05-11,5.07,5.48,5.06,5.38,46806,45952000.0,8.52,9.13,0.45,23.4
1491,1998-05-12,5.38,5.47,4.9,5.02,18741,17655000.0,10.59,-6.69,-0.36,9.37
1492,1998-05-13,5.02,5.32,4.99,5.14,16538,15770000.0,6.57,2.39,0.12,8.27
1493,1998-05-14,5.2,5.24,4.87,4.93,13158,12085000.0,7.2,-4.09,-0.21,6.58
1494,1998-05-15,4.9,5.02,4.73,4.77,11005,9910000.0,5.88,-3.25,-0.16,5.5
1495,1998-05-19,4.83,4.9,4.73,4.83,5000,4505000.0,3.56,1.26,0.06,2.5
1496,1998-05-20,4.95,5.3,4.84,5.09,13388,12658000.0,9.52,5.38,0.26,6.69
1497,1998-05-21,5.24,5.28,5.01,5.08,11870,11212000.0,5.3,-0.2,-0.01,5.94
1498,1998-05-22,5.25,5.64,5.21,5.56,37376,37721000.0,8.46,9.45,0.48,18.69
1499,1998-05-25,5.8,6.17,5.8,6.17,32541,36052000.0,6.65,10.97,0.61,16.27
1500,1998-05-26,6.63,6.83,6.63,6.83,15537,19029000.0,3.24,10.7,0.66,7.77
1501,1998-05-27,7.27,7.4,6.56,7.02,52996,66425000.0,12.3,2.78,0.19,26.5
1502,1998-05-28,6.98,7.76,6.81,7.64,26837,35476000.0,13.53,8.83,0.62,13.42
1503,1998-05-29,7.76,7.81,7.05,7.21,25828,34202000.0,9.95,-5.63,-0.43,12.91
1504,1998-06-01,7.17,7.17,6.62,6.74,18834,23338000.0,7.63,-6.52,-0.47,9.42
1505,1998-06-02,6.73,7.15,6.64,7.11,13666,17075000.0,7.57,5.49,0.37,6.83
1506,1998-06-03,7.14,7.34,7.04,7.27,10907,14116000.0,4.22,2.25,0.16,5.45
1507,1998-06-04,7.29,7.33,6.93,6.99,7216,9206000.0,5.5,-3.85,-0.28,3.61
1508,1998-06-05,6.87,7.15,6.74,7.01,11107,13885000.0,5.87,0.29,0.02,5.55
1509,1998-06-08,7.11,7.17,6.45,6.63,12209,15069000.0,10.27,-5.42,-0.38,6.1
1510,1998-06-09,6.62,6.62,5.92,6.02,17056,19028000.0,10.56,-9.2,-0.61,8.53
1511,1998-06-10,5.92,6.03,5.62,5.77,7166,7612000.0,6.81,-4.15,-0.25,3.58
1512,1998-06-11,5.86,5.92,5.73,5.77,3793,4043000.0,3.29,0.0,0.0,1.9
1513,1998-06-12,5.98,6.18,5.92,6.08,6981,7704000.0,4.51,5.37,0.31,3.49
1514,1998-06-15,6.06,6.13,5.86,5.91,4543,4941000.0,4.44,-2.8,-0.17,2.27
1515,1998-06-16,5.84,6.15,5.71,6.15,5235,5649000.0,7.45,4.06,0.24,2.62
1516,1998-06-17,6.15,6.66,6.09,6.39,12194,14119000.0,9.27,3.9,0.24,6.1
1517,1998-06-18,6.34,6.55,6.23,6.31,5768,6617000.0,5.01,-1.25,-0.08,2.88
1518,1998-06-19,6.33,6.55,6.33,6.37,3509,4056000.0,3.49,0.95,0.06,1.75
1519,1998-06-22,6.4,6.68,6.38,6.62,9281,10851000.0,4.71,3.92,0.25,4.64
1520,1998-06-23,6.63,6.63,6.4,6.42,3763,4381000.0,3.47,-3.02,-0.2,1.88
1521,1998-06-24,6.52,6.52,6.11,6.24,4347,4912000.0,6.39,-2.8,-0.18,2.17
1522,1998-06-25,6.14,6.33,5.97,6.04,4522,4944000.0,5.77,-3.21,-0.2,2.26
1523,1998-06-26,6.21,6.21,6.01,6.06,2703,2971000.0,3.31,0.33,0.02,1.35
1524,1998-06-29,6.04,6.04,5.7,5.72,3215,3388000.0,5.61,-5.61,-0.34,1.61
1525,1998-06-30,5.71,5.98,5.71,5.78,2998,3168000.0,4.72,1.05,0.06,1.5
1526,1998-07-01,5.86,5.99,5.74,5.74,1743,1852000.0,4.33,-0.69,-0.04,0.87
1527,1998-07-02,5.74,5.86,5.59,5.79,1688,1758000.0,4.7,0.87,0.05,0.84
1528,1998-07-03,5.79,5.95,5.59,5.92,4669,4897000.0,6.22,2.25,0.13,2.33
1529,1998-07-06,5.98,5.98,5.59,5.71,1679,1741000.0,6.59,-3.55,-0.21,0.84
1530,1998-07-07,5.65,5.92,5.65,5.89,4909,5145000.0,4.73,3.15,0.18,2.45
1531,1998-07-08,5.95,5.95,5.77,5.86,995,1052000.0,3.06,-0.51,-0.03,0.5
1532,1998-07-09,5.85,5.92,5.79,5.91,1529,1618000.0,2.22,0.85,0.05,0.76
1533,1998-07-10,5.95,6.21,5.92,6.09,4812,5284000.0,4.91,3.05,0.18,2.41
1534,1998-07-13,6.11,6.15,5.95,6.02,2074,2254000.0,3.28,-1.15,-0.07,1.04
1535,1998-07-14,6.04,6.08,5.74,5.76,1964,2096000.0,5.65,-4.32,-0.26,0.98
1536,1998-07-15,5.77,5.88,5.62,5.7,4151,4300000.0,4.51,-1.04,-0.06,2.08
1537,1998-07-16,5.68,5.73,5.49,5.6,4831,4887000.0,4.21,-1.75,-0.1,2.42
1538,1998-07-17,5.56,5.61,5.47,5.47,2937,2950000.0,2.5,-2.32,-0.13,1.47
1539,1998-07-20,5.43,5.43,5.08,5.13,2064,1956000.0,6.4,-6.22,-0.34,1.03
1540,1998-07-21,5.11,5.37,4.96,5.29,1587,1512000.0,7.99,3.12,0.16,0.79
1541,1998-07-22,5.21,5.28,5.13,5.13,1005,954000.0,2.84,-3.02,-0.16,0.5
1542,1998-07-23,5.18,5.68,5.18,5.68,5272,5322000.0,9.75,10.72,0.55,2.64
1543,1998-07-24,5.81,6.2,5.8,6.04,13632,14865000.0,7.04,6.34,0.36,6.82
1544,1998-07-27,6.08,6.11,5.86,6.02,4548,4899000.0,4.14,-0.33,-0.02,2.27
1545,1998-07-28,6.08,6.08,5.84,5.84,2616,2789000.0,3.99,-2.99,-0.18,1.31
1546,1998-07-29,5.84,5.89,5.65,5.67,2093,2179000.0,4.11,-2.91,-0.17,1.05
1547,1998-07-30,5.65,5.92,5.61,5.76,2025,2123000.0,5.47,1.59,0.09,1.01
1548,1998-07-31,5.86,5.92,5.74,5.84,1390,1462000.0,3.13,1.39,0.08,0.7
1549,1998-08-03,5.78,5.79,5.5,5.62,1997,2047000.0,4.97,-3.77,-0.22,1.0
1550,1998-08-04,5.64,5.78,5.56,5.73,1049,1078000.0,3.91,1.96,0.11,0.52
1551,1998-08-05,5.77,6.09,5.65,6.06,3588,3855000.0,7.68,5.76,0.33,1.79
1552,1998-08-06,6.1,6.12,5.8,5.84,3007,3229000.0,5.28,-3.63,-0.22,1.5
1553,1998-08-07,5.83,5.84,5.62,5.84,1946,2019000.0,3.77,0.0,0.0,0.97
1554,1998-08-10,5.74,5.79,5.5,5.62,2809,2875000.0,4.97,-3.77,-0.22,1.4
1555,1998-08-11,5.53,5.73,5.44,5.49,1932,1947000.0,5.16,-2.31,-0.13,0.97
1556,1998-08-12,5.49,5.56,5.14,5.33,2502,2421000.0,7.65,-2.91,-0.16,1.25
1557,1998-08-13,5.35,5.5,5.19,5.44,1955,1904000.0,5.82,2.06,0.11,0.98
1558,1998-08-14,5.45,5.45,5.08,5.2,2350,2239000.0,6.8,-4.41,-0.24,1.18
1559,1998-08-17,5.21,5.21,4.64,4.64,1921,1705000.0,10.96,-10.77,-0.56,0.96
1560,1998-08-18,4.49,4.89,4.49,4.55,1854,1596000.0,8.62,-1.94,-0.09,0.93
1561,1998-08-19,4.83,5.03,4.7,5.01,2553,2303000.0,7.25,10.11,0.46,1.28
1562,1998-08-20,5.01,5.14,4.87,5.08,4113,3773000.0,5.39,1.4,0.07,2.06
1563,1998-08-21,5.03,5.11,4.93,5.08,2448,2243000.0,3.54,0.0,0.0,1.22
1564,1998-08-24,5.08,5.18,4.97,5.13,2476,2300000.0,4.13,0.98,0.05,1.24
1565,1998-08-25,5.11,5.35,4.99,5.33,2869,2716000.0,7.02,3.9,0.2,1.43
1566,1998-08-26,5.23,5.32,5.06,5.06,2961,2795000.0,4.88,-5.07,-0.27,1.48
1567,1998-08-27,5.03,5.16,4.99,5.04,1531,1424000.0,3.36,-0.4,-0.02,0.77
1568,1998-08-28,5.0,5.06,4.93,4.95,1225,1119000.0,2.58,-1.79,-0.09,0.61
1569,1998-08-31,4.9,5.07,4.52,5.02,1464,1296000.0,11.11,1.41,0.07,0.73
1570,1998-09-01,4.99,5.01,4.78,4.84,1807,1632000.0,4.58,-3.59,-0.18,0.9
1571,1998-09-02,4.77,4.94,4.73,4.83,1241,1106000.0,4.34,-0.21,-0.01,0.62
1572,1998-09-03,4.84,4.99,4.84,4.93,1124,1014000.0,3.11,2.07,0.1,0.56
1573,1998-09-04,4.97,5.22,4.95,5.13,2946,2759000.0,5.48,4.06,0.2,1.47
1574,1998-09-07,5.19,5.35,5.07,5.29,3594,3428000.0,5.46,3.12,0.16,1.8
1575,1998-09-08,5.29,5.3,5.14,5.19,2201,2091000.0,3.02,-1.89,-0.1,1.1
1576,1998-09-09,5.13,5.47,5.12,5.45,6684,6538000.0,6.74,5.01,0.26,3.34
1577,1998-09-10,5.48,5.71,5.35,5.58,6933,6976000.0,6.61,2.39,0.13,3.47
1578,1998-09-11,5.58,5.71,5.48,5.58,4844,4899000.0,4.12,0.0,0.0,2.42
1579,1998-09-14,5.59,5.9,5.54,5.8,6507,6826000.0,6.45,3.94,0.22,3.25
1580,1998-09-15,5.8,5.98,5.68,5.86,8160,8606000.0,5.17,1.03,0.06,4.08
1581,1998-09-16,5.86,6.49,5.86,6.49,24318,28136000.0,10.75,10.75,0.63,12.16
1582,1998-09-17,6.81,7.18,6.81,7.18,30741,39210000.0,5.7,10.63,0.69,15.37
1583,1998-09-18,7.18,7.18,6.43,6.52,29249,36016000.0,10.45,-9.19,-0.66,14.62
1584,1998-09-21,6.42,6.65,6.28,6.45,13380,15476000.0,5.67,-1.07,-0.07,6.69
1585,1998-09-22,6.57,7.05,6.54,6.69,15267,18513000.0,7.91,3.72,0.24,7.63
1586,1998-09-23,6.72,6.75,6.41,6.54,6739,7919000.0,5.08,-2.24,-0.15,3.37
1587,1998-09-24,6.46,6.51,6.26,6.27,6796,7796000.0,3.82,-4.13,-0.27,3.4
1588,1998-09-25,6.23,6.58,6.14,6.57,6066,6885000.0,7.02,4.78,0.3,3.03
1589,1998-09-28,6.68,6.68,6.34,6.44,5526,6479000.0,5.18,-1.98,-0.13,2.76
1590,1998-09-29,6.39,7.02,6.32,6.93,15877,19265000.0,10.87,7.61,0.49,7.94
1591,1998-09-30,6.99,7.09,6.81,6.93,8931,11087000.0,4.04,0.0,0.0,4.47
1592,1998-10-05,6.93,6.99,6.81,6.88,5287,6552000.0,2.6,-0.72,-0.05,2.64
1593,1998-10-06,6.9,7.04,6.72,6.9,6695,8199000.0,4.65,0.29,0.02,3.35
1594,1998-10-07,6.9,7.28,6.9,7.17,13255,16784000.0,5.51,3.91,0.27,6.63
1595,1998-10-08,7.23,7.4,7.05,7.4,12588,16305000.0,4.88,3.21,0.23,6.29
1596,1998-10-09,7.43,7.58,7.17,7.4,12867,17034000.0,5.54,0.0,0.0,6.43
1597,1998-10-12,7.39,7.55,7.17,7.49,13195,17325000.0,5.14,1.22,0.09,6.6
1598,1998-10-13,7.58,7.58,6.99,7.11,10377,13322000.0,7.88,-5.07,-0.38,5.19
1599,1998-10-14,7.05,7.11,6.87,6.94,8393,10466000.0,3.38,-2.39,-0.17,4.2
1600,1998-10-15,6.99,7.15,6.84,6.93,7022,8771000.0,4.47,-0.14,-0.01,3.51
1601,1998-10-16,6.96,7.05,6.81,6.82,4779,5889000.0,3.46,-1.59,-0.11,2.39
1602,1998-10-19,6.87,6.98,6.74,6.95,3676,4515000.0,3.52,1.91,0.13,1.84
1603,1998-10-20,6.99,7.15,6.92,6.96,5709,7212000.0,3.31,0.14,0.01,2.85
1604,1998-10-21,6.93,6.96,6.75,6.81,5896,7233000.0,3.02,-2.16,-0.15,2.95
1605,1998-10-22,6.81,6.99,6.75,6.98,6013,7423000.0,3.52,2.5,0.17,3.01
1606,1998-10-23,6.99,7.08,6.86,6.96,5635,7047000.0,3.15,-0.29,-0.02,2.82
1607,1998-10-26,6.93,6.93,6.46,6.87,8411,10166000.0,6.75,-1.29,-0.09,4.21
1608,1998-10-27,6.73,6.93,6.71,6.79,3540,4297000.0,3.2,-1.16,-0.08,1.77
1609,1998-10-28,6.84,7.11,6.75,7.05,7771,9699000.0,5.3,3.83,0.26,3.89
1610,1998-10-29,7.02,7.27,6.88,7.06,7436,9418887.0,5.53,0.14,0.01,3.72
1611,1998-10-30,6.93,7.29,6.87,6.87,7093,8930000.0,5.95,-2.69,-0.19,3.55
1612,1998-11-02,6.81,6.93,6.58,6.81,4279,5131000.0,5.09,-0.87,-0.06,2.14
1613,1998-11-03,6.75,6.86,6.66,6.84,3411,4114000.0,2.94,0.44,0.03,1.71
1614,1998-11-04,6.75,6.86,6.7,6.75,1658,2011000.0,2.34,-1.32,-0.09,0.83
1615,1998-11-05,6.78,6.86,6.68,6.8,4661,5646000.0,2.67,0.74,0.05,2.33
1616,1998-11-06,6.81,6.84,6.54,6.65,8128,9652000.0,4.41,-2.21,-0.15,4.06
1617,1998-11-09,6.63,6.63,6.45,6.56,5021,5872000.0,2.71,-1.35,-0.09,2.51
1618,1998-11-10,6.49,6.75,6.48,6.69,3709,4434000.0,4.12,1.98,0.13,1.85
1619,1998-11-11,6.69,6.81,6.64,6.7,2581,3093000.0,2.54,0.15,0.01,1.29
1620,1998-11-12,6.74,6.89,6.71,6.86,6934,8477000.0,2.69,2.39,0.16,3.47
1621,1998-11-13,6.84,6.93,6.51,6.8,3098,3770000.0,6.12,-0.87,-0.06,1.55
1622,1998-11-16,6.75,6.8,6.54,6.7,2830,3360000.0,3.82,-1.47,-0.1,1.42
1623,1998-11-17,6.7,6.7,6.56,6.63,4409,5223000.0,2.09,-1.04,-0.07,2.2
1624,1998-11-18,6.63,6.71,6.5,6.61,3694,4361000.0,3.17,-0.3,-0.02,1.85
1625,1998-11-19,6.51,6.68,6.51,6.63,1920,2271000.0,2.57,0.3,0.02,0.96
1626,1998-11-20,6.54,6.66,6.51,6.56,1761,2078000.0,2.26,-1.06,-0.07,0.88
1627,1998-11-23,6.58,6.68,6.46,6.67,3041,3590000.0,3.35,1.68,0.11,1.52
1628,1998-11-24,6.68,7.08,6.6,6.9,22420,27615000.0,7.2,3.45,0.23,11.21
1629,1998-11-25,6.95,7.08,6.55,6.55,7540,9185000.0,7.68,-5.07,-0.35,3.77
1630,1998-11-26,6.63,6.9,6.57,6.71,5493,6692000.0,5.04,2.44,0.16,2.75
1631,1998-11-27,6.81,6.86,6.15,6.15,2610,3135000.0,10.58,-8.35,-0.56,1.31
1632,1998-11-30,6.62,6.8,6.52,6.72,4900,5851000.0,4.55,9.27,0.57,2.45
1633,1998-12-01,6.75,6.75,6.48,6.51,2909,3436000.0,4.02,-3.13,-0.21,1.45
1634,1998-12-02,6.46,6.51,6.24,6.39,2694,3090000.0,4.15,-1.84,-0.12,1.35
1635,1998-12-03,6.36,6.36,6.21,6.26,1924,2173000.0,2.35,-2.03,-0.13,0.96
1636,1998-12-04,6.27,6.43,6.16,6.24,1978,2234000.0,4.31,-0.32,-0.02,0.99
1637,1998-12-07,6.39,6.39,6.1,6.14,1588,1767000.0,4.65,-1.6,-0.1,0.79
1638,1998-12-08,6.14,6.24,5.92,6.07,3111,3377000.0,5.21,-1.14,-0.07,1.56
1639,1998-12-09,6.02,6.04,5.87,5.92,1703,1827000.0,2.8,-2.47,-0.15,0.85
1640,1998-12-10,5.86,6.06,5.86,5.87,872,935000.0,3.38,-0.84,-0.05,0.44
1641,1998-12-11,5.89,6.06,5.8,5.99,975,1047000.0,4.43,2.04,0.12,0.49
1642,1998-12-14,6.04,6.04,5.86,5.86,432,463000.0,3.01,-2.17,-0.13,0.22
1643,1998-12-15,5.86,5.86,5.77,5.83,595,625000.0,1.54,-0.51,-0.03,0.3
1644,1998-12-16,5.92,6.02,5.84,5.95,403,432000.0,3.09,2.06,0.12,0.2
1645,1998-12-17,5.89,5.89,5.68,5.73,718,752000.0,3.53,-3.7,-0.22,0.36
1646,1998-12-18,5.56,5.8,5.56,5.62,809,826000.0,4.19,-1.92,-0.11,0.4
1647,1998-12-21,5.62,5.68,5.62,5.68,346,355000.0,1.07,1.07,0.06,0.17
1648,1998-12-22,5.73,5.95,5.68,5.92,716,753000.0,4.75,4.23,0.24,0.36
1649,1998-12-23,5.88,5.92,5.77,5.83,398,420000.0,2.53,-1.52,-0.09,0.2
1650,1998-12-24,5.8,5.98,5.68,5.8,430,450000.0,5.15,-0.51,-0.03,0.22
1651,1998-12-25,5.8,5.84,5.75,5.76,332,348000.0,1.55,-0.69,-0.04,0.17
1652,1998-12-28,5.79,5.8,5.5,5.55,1424,1449000.0,5.21,-3.65,-0.21,0.71
1653,1998-12-29,5.56,5.62,5.26,5.32,4962,4915000.0,6.49,-4.14,-0.23,2.48
1654,1998-12-30,5.26,5.44,5.2,5.38,2460,2386000.0,4.51,1.13,0.06,1.23
1655,1998-12-31,5.37,5.46,5.26,5.38,919,898000.0,3.72,0.0,0.0,0.46
1656,1999-01-04,5.38,5.38,5.21,5.23,226,216000.0,3.16,-2.79,-0.15,0.11
1657,1999-01-05,5.08,5.19,5.08,5.12,561,525000.0,2.1,-2.1,-0.11,0.28
1658,1999-01-06,5.21,5.47,5.13,5.38,1391,1351000.0,6.64,5.08,0.26,0.7
1659,1999-01-07,5.43,5.48,5.31,5.43,1402,1380000.0,3.16,0.93,0.05,0.7
1660,1999-01-08,5.43,5.7,5.26,5.65,3665,3746000.0,8.1,4.05,0.22,1.83
1661,1999-01-11,5.62,5.71,5.5,5.64,1863,1880000.0,3.72,-0.18,-0.01,0.93
1662,1999-01-12,5.65,5.71,5.38,5.44,1415,1422000.0,5.85,-3.55,-0.2,0.71
1663,1999-01-13,5.37,5.48,5.21,5.23,1431,1398000.0,4.96,-3.86,-0.21,0.72
1664,1999-01-14,5.2,5.33,5.17,5.25,867,832000.0,3.06,0.38,0.02,0.43
1665,1999-01-15,5.26,5.26,5.0,5.03,1398,1306000.0,4.95,-4.19,-0.22,0.7
1666,1999-01-18,5.02,5.41,4.65,5.4,2969,2653000.0,15.11,7.36,0.37,1.48
1667,1999-01-19,5.19,5.59,5.08,5.33,2607,2573000.0,9.44,-1.3,-0.07,1.3
1668,1999-01-20,5.44,5.53,5.19,5.26,992,957000.0,6.38,-1.31,-0.07,0.5
1669,1999-01-21,5.21,5.44,5.21,5.38,857,834000.0,4.37,2.28,0.12,0.43
1670,1999-01-22,5.36,5.47,5.26,5.28,1044,1023000.0,3.9,-1.86,-0.1,0.52
1671,1999-01-25,5.32,5.85,5.32,5.85,10274,10706000.0,10.04,10.8,0.57,5.14
1672,1999-01-26,5.85,5.95,5.62,5.7,4878,5105000.0,5.64,-2.56,-0.15,2.44
1673,1999-01-27,5.52,6.05,5.52,6.04,5900,6152000.0,9.3,5.96,0.34,2.95
1674,1999-01-28,6.02,6.13,5.89,5.93,5306,5766000.0,3.97,-1.82,-0.11,2.65
1675,1999-01-29,5.93,5.93,5.63,5.74,2944,3073000.0,5.06,-3.2,-0.19,1.47
1676,1999-02-01,5.68,5.84,5.64,5.73,1485,1538000.0,3.48,-0.17,-0.01,0.74
1677,1999-02-02,5.67,5.8,5.65,5.76,1509,1564000.0,2.62,0.52,0.03,0.75
1678,1999-02-03,5.74,6.09,5.71,5.74,1341,1411000.0,6.6,-0.35,-0.02,0.67
1679,1999-02-04,5.68,5.77,5.5,5.55,2150,2188000.0,4.7,-3.31,-0.19,1.08
1680,1999-02-05,5.5,5.5,5.24,5.24,1636,1595000.0,4.68,-5.59,-0.31,0.82
1681,1999-02-08,5.13,5.32,5.08,5.1,1312,1237000.0,4.58,-2.67,-0.14,0.66
1682,1999-02-09,5.09,5.3,5.09,5.2,1107,1049000.0,4.12,1.96,0.1,0.55
1683,1999-03-01,5.31,5.39,5.23,5.35,848,820000.0,3.08,2.88,0.15,0.42
1684,1999-03-02,5.47,5.9,5.44,5.61,4037,4176000.0,8.6,4.86,0.26,2.02
1685,1999-03-03,5.56,5.79,5.55,5.77,3718,3813000.0,4.28,2.85,0.16,1.86
1686,1999-03-04,5.73,5.97,5.6,5.9,7184,7583000.0,6.41,2.25,0.13,3.59
1687,1999-03-05,5.92,5.96,5.69,5.92,5934,6274000.0,4.58,0.34,0.02,2.97
1688,1999-03-08,5.97,6.26,5.92,6.26,12202,13418000.0,5.74,5.74,0.34,6.1
1689,1999-03-09,6.21,6.44,6.09,6.21,7527,8419000.0,5.59,-0.8,-0.05,3.76
1690,1999-03-10,6.18,6.32,5.92,6.27,10073,11219000.0,6.44,0.97,0.06,5.04
1691,1999-03-11,6.21,6.44,6.21,6.38,10959,12483000.0,3.67,1.75,0.11,5.48
1692,1999-03-12,6.36,6.51,6.32,6.42,8148,9386000.0,2.98,0.63,0.04,4.07
1693,1999-03-15,6.38,6.42,6.16,6.28,4208,4758000.0,4.05,-2.18,-0.14,2.1
1694,1999-03-16,6.27,6.38,6.1,6.36,5586,6260000.0,4.46,1.27,0.08,2.79
1695,1999-03-17,6.34,6.34,6.06,6.1,2923,3266000.0,4.4,-4.09,-0.26,1.46
1696,1999-03-18,6.01,6.09,5.86,5.98,3363,3642000.0,3.77,-1.97,-0.12,1.68
1697,1999-03-19,5.98,6.15,5.98,6.15,5912,6466000.0,2.84,2.84,0.17,2.96
1698,1999-03-22,6.17,6.26,6.0,6.08,4283,4709000.0,4.23,-1.14,-0.07,2.14
1699,1999-03-23,5.98,6.09,5.98,6.09,1830,1989000.0,1.81,0.16,0.01,0.92
1700,1999-03-24,5.99,6.2,5.99,6.12,1593,1760000.0,3.45,0.49,0.03,0.8
1701,1999-03-25,6.01,6.13,6.01,6.12,1942,2133000.0,1.96,0.0,0.0,0.97
1702,1999-03-26,6.14,6.15,6.06,6.08,1466,1614000.0,1.47,-0.65,-0.04,0.73
1703,1999-03-29,6.08,6.38,5.98,6.36,12760,14357000.0,6.58,4.61,0.28,6.38
1704,1999-03-30,6.4,6.42,6.17,6.3,3666,4124425.0,3.93,-0.94,-0.06,1.83
1705,1999-03-31,6.27,6.43,6.18,6.42,10961,12515000.0,3.97,1.9,0.12,5.48
1706,1999-04-01,6.45,6.81,6.37,6.57,18964,22469000.0,6.85,2.34,0.15,9.48
1707,1999-04-02,6.68,6.72,6.42,6.51,6379,7479000.0,4.57,-0.91,-0.06,3.19
1708,1999-04-05,6.59,6.98,6.59,6.8,11204,13689000.0,5.99,4.45,0.29,5.6
1709,1999-04-06,6.72,6.78,6.62,6.74,4381,5250000.0,2.35,-0.88,-0.06,2.19
1710,1999-04-07,6.72,6.83,6.46,6.51,5575,6582000.0,5.49,-3.41,-0.23,2.79
1711,1999-04-08,6.51,6.57,6.2,6.37,5789,6654000.0,5.68,-2.15,-0.14,2.89
1712,1999-04-09,6.36,6.62,6.28,6.5,5389,6302000.0,5.34,2.04,0.13,2.69
1713,1999-04-12,6.45,6.62,6.09,6.1,8052,9101000.0,8.15,-6.15,-0.4,4.03
1714,1999-04-13,6.09,6.18,6.04,6.14,3568,3924000.0,2.3,0.66,0.04,1.78
1715,1999-04-14,6.17,6.21,6.04,6.05,2057,2260000.0,2.77,-1.47,-0.09,1.03
1716,1999-04-15,6.05,6.1,5.92,5.96,3396,3663000.0,2.98,-1.49,-0.09,1.7
1717,1999-04-16,5.96,6.13,5.92,6.04,1928,2093000.0,3.52,1.34,0.08,0.96
1718,1999-04-19,6.07,6.42,6.07,6.31,4414,5006000.0,5.79,4.47,0.27,2.21
1719,1999-04-20,6.33,6.51,6.33,6.37,4169,4815000.0,2.85,0.95,0.06,2.08
1720,1999-04-21,6.4,6.48,5.98,6.02,3689,4126000.0,7.85,-5.49,-0.35,1.84
1721,1999-04-22,5.96,6.24,5.92,6.17,2687,2937000.0,5.32,2.49,0.15,1.34
1722,1999-04-23,6.21,6.39,6.12,6.15,1692,1895000.0,4.38,-0.32,-0.02,0.85
1723,1999-04-26,6.21,6.26,5.98,6.04,2260,2498853.0,4.55,-1.79,-0.11,1.13
1724,1999-04-27,5.98,6.09,5.68,5.98,3195,3421000.0,6.79,-0.99,-0.06,1.6
1725,1999-04-28,5.99,6.05,5.94,6.02,1948,2111000.0,1.84,0.67,0.04,0.97
1726,1999-04-29,6.01,6.44,5.98,6.37,5160,5852000.0,7.64,5.81,0.35,2.58
1727,1999-04-30,6.22,6.56,6.22,6.51,4806,5562000.0,5.34,2.2,0.14,2.4
1728,1999-05-04,6.51,6.51,6.36,6.48,2080,2416000.0,2.3,-0.46,-0.03,1.04
1729,1999-05-05,6.33,6.5,6.33,6.5,1465,1692000.0,2.62,0.31,0.02,0.73
1730,1999-05-06,6.4,6.5,6.36,6.44,1257,1449000.0,2.15,-0.92,-0.06,0.63
1731,1999-05-07,6.34,6.45,6.18,6.33,1941,2199000.0,4.19,-1.71,-0.11,0.97
1732,1999-05-10,6.26,6.32,5.96,6.02,2268,2486000.0,5.69,-4.9,-0.31,1.13
1733,1999-05-11,6.04,6.27,6.02,6.22,1392,1543000.0,4.15,3.32,0.2,0.7
1734,1999-05-12,6.2,6.26,6.08,6.2,1220,1361000.0,2.89,-0.32,-0.02,0.61
1735,1999-05-13,6.2,6.2,6.04,6.08,525,575000.0,2.58,-1.94,-0.12,0.26
1736,1999-05-14,6.08,6.2,5.98,5.99,1076,1174000.0,3.62,-1.48,-0.09,0.54
1737,1999-05-17,5.96,6.12,5.96,6.05,592,645000.0,2.67,1.0,0.06,0.3
1738,1999-05-19,6.15,6.36,6.15,6.32,2463,2787000.0,3.47,4.46,0.27,1.23
1739,1999-05-20,6.32,6.68,6.32,6.6,10434,12274000.0,5.7,4.43,0.28,5.22
1740,1999-05-21,6.87,6.87,6.57,6.62,7610,9097000.0,4.55,0.3,0.02,3.81
1741,1999-05-24,6.68,7.33,6.6,7.17,31431,39975000.0,11.03,8.31,0.55,15.72
1742,1999-05-25,7.17,7.17,6.69,6.74,13923,17284000.0,6.69,-6.0,-0.43,6.96
1743,1999-05-26,6.72,6.96,6.63,6.9,14166,17289000.0,4.9,2.37,0.16,7.08
1744,1999-05-27,6.98,7.05,6.69,6.83,11698,11864000.0,5.22,-1.01,-0.07,4.87
1745,1999-05-28,6.85,6.94,6.55,6.68,8310,8257000.0,5.71,-2.2,-0.15,3.46
1746,1999-05-31,6.65,6.89,6.48,6.82,11403,11404000.0,6.14,2.1,0.14,4.75
1747,1999-06-01,6.83,7.03,6.62,6.85,8191,8366000.0,6.01,0.44,0.03,3.41
1748,1999-06-02,6.87,7.12,6.64,6.69,11079,11357000.0,7.01,-2.34,-0.16,4.62
1749,1999-06-03,6.68,6.81,6.62,6.69,4325,4328000.0,2.84,0.0,0.0,1.8
1750,1999-06-04,6.7,6.83,6.63,6.76,4875,4906000.0,2.99,1.05,0.07,2.03
1751,1999-06-07,6.83,7.08,6.76,7.03,11606,12039000.0,4.73,3.99,0.27,4.84
1752,1999-06-08,7.12,7.12,6.83,6.9,7321,7548000.0,4.13,-1.85,-0.13,3.05
1753,1999-06-09,6.9,6.98,6.69,6.83,7135,7270000.0,4.2,-1.01,-0.07,2.97
1754,1999-06-10,6.98,7.01,6.8,6.81,11812,12173000.0,3.07,-0.29,-0.02,4.92
1755,1999-06-11,6.81,7.05,6.8,6.98,10380,10765000.0,3.67,2.5,0.17,4.33
1756,1999-06-14,6.85,7.65,6.85,7.49,25179,27479000.0,11.46,7.31,0.51,10.49
1757,1999-06-15,7.63,7.96,7.19,7.4,38649,43800000.0,10.28,-1.2,-0.09,16.1
1758,1999-06-16,7.44,7.83,7.44,7.8,20885,23865000.0,5.27,5.41,0.4,8.7
1759,1999-06-17,7.95,8.63,7.95,8.63,39134,48375000.0,8.72,10.64,0.83,16.31
1760,1999-06-18,9.19,9.54,9.08,9.54,52783,72782000.0,5.33,10.54,0.91,21.99
1761,1999-06-21,9.77,10.54,9.77,10.54,53862,81507000.0,8.07,10.48,1.0,22.44
1762,1999-06-22,10.98,10.98,9.98,10.33,24313,37067000.0,9.49,-1.99,-0.21,10.13
1763,1999-06-23,10.38,11.3,10.33,10.75,25106,39505000.0,9.39,4.07,0.42,10.46
1764,1999-06-24,10.79,11.87,10.63,11.87,28368,47618000.0,11.53,10.42,1.12,11.82
1765,1999-06-25,12.0,12.48,10.98,11.05,29624,50763000.0,12.64,-6.91,-0.82,12.34
1766,1999-06-28,11.08,12.2,11.06,12.2,28019,47765000.0,10.32,10.41,1.15,11.67
1767,1999-06-29,12.3,12.43,11.48,11.82,18320,31719000.0,7.79,-3.11,-0.38,7.63
1768,1999-06-30,11.73,11.73,10.83,11.12,11005,18001000.0,7.61,-5.92,-0.7,4.59
1769,1999-07-01,11.15,11.15,9.98,10.12,11909,18127000.0,10.52,-8.99,-1.0,4.96
1770,1999-07-02,10.51,11.18,10.51,11.18,15757,25330000.0,6.62,10.47,1.06,6.57
1771,1999-07-05,11.25,12.32,11.25,11.75,11587,19968000.0,9.57,5.1,0.57,4.83
1772,1999-07-06,11.69,11.69,10.83,10.94,3860,6362000.0,7.32,-6.89,-0.81,1.61
1773,1999-07-07,10.98,11.55,10.98,11.4,4015,6595000.0,5.21,4.2,0.46,1.67
1774,1999-07-08,11.43,11.63,11.12,11.4,4233,7004000.0,4.47,0.0,0.0,1.76
1775,1999-07-09,11.45,12.18,11.45,11.79,9045,15595000.0,6.4,3.42,0.39,3.77
1776,1999-07-12,11.83,12.1,11.4,11.54,6083,10393727.0,5.94,-2.12,-0.25,2.53
1777,1999-07-13,11.61,11.66,10.85,11.1,3737,6087000.0,7.02,-3.81,-0.44,1.56
1778,1999-07-14,11.13,11.53,10.69,10.97,3785,6049000.0,7.57,-1.17,-0.13,1.58
1779,1999-07-15,11.01,11.12,10.63,10.98,4065,6454000.0,4.47,0.09,0.01,1.69
1780,1999-07-16,10.86,11.08,10.51,10.8,4657,7398000.0,5.19,-1.64,-0.18,1.94
1781,1999-07-19,10.79,10.79,10.25,10.25,3152,4798000.0,5.0,-5.09,-0.55,1.31
1782,1999-07-20,10.4,10.94,10.19,10.88,4059,6284000.0,7.32,6.15,0.63,1.69
1783,1999-07-21,10.9,11.12,10.5,10.63,6740,10535000.0,5.7,-2.3,-0.25,2.81
1784,1999-07-22,10.69,10.75,9.98,10.17,5867,8871000.0,7.24,-4.33,-0.46,2.44
1785,1999-07-23,10.01,10.48,10.01,10.23,2569,3831000.0,4.62,0.59,0.06,1.07
1786,1999-07-26,10.23,10.46,10.13,10.32,1462,2192000.0,3.23,0.88,0.09,0.61
1787,1999-07-27,10.26,10.52,10.26,10.37,1565,2371000.0,2.52,0.48,0.05,0.65
1788,1999-07-28,10.39,11.33,10.39,10.45,5114,7824000.0,9.06,0.77,0.08,2.13
1789,1999-07-29,10.45,10.54,10.14,10.15,2332,3491000.0,3.83,-2.87,-0.3,0.97
1790,1999-07-30,10.15,10.61,10.12,10.46,3269,4978000.0,4.83,3.05,0.31,1.36
1791,1999-08-02,10.46,10.82,10.4,10.51,2904,4488000.0,4.02,0.48,0.05,1.21
1792,1999-08-03,10.7,10.7,10.51,10.62,1389,2141000.0,1.81,1.05,0.11,0.58
1793,1999-08-04,10.62,10.69,10.37,10.51,2126,3245000.0,3.01,-1.04,-0.11,0.89
1794,1999-08-05,10.62,10.62,10.19,10.34,2149,3263000.0,4.09,-1.62,-0.17,0.9
1795,1999-08-06,10.35,10.35,9.96,10.35,3445,5111000.0,3.77,0.1,0.01,1.44
1796,1999-08-09,10.3,10.3,10.05,10.2,2231,3313000.0,2.42,-1.45,-0.15,0.93
1797,1999-08-10,10.2,10.62,10.19,10.33,2141,3238000.0,4.22,1.27,0.13,0.89
1798,1999-08-11,10.26,10.5,10.1,10.18,1172,1758000.0,3.87,-1.45,-0.15,0.49
1799,1999-08-12,10.47,10.47,9.98,9.98,1398,2062000.0,4.81,-1.96,-0.2,0.58
1800,1999-08-13,10.12,10.15,9.55,9.8,3047,4376000.0,6.01,-1.8,-0.18,1.27
1801,1999-08-16,9.55,9.87,9.4,9.8,1062,1503000.0,4.8,0.0,0.0,0.44
1802,1999-08-17,9.69,10.23,9.69,10.12,2177,3208000.0,5.51,3.27,0.32,0.91
1803,1999-08-18,9.98,10.26,9.98,10.23,753,1118000.0,2.77,1.09,0.11,0.31
1804,1999-08-19,10.35,10.76,10.26,10.55,3105,4818000.0,4.89,3.13,0.32,1.29
1805,1999-08-20,10.48,10.62,10.4,10.42,1324,2038000.0,2.09,-1.23,-0.13,0.55
1806,1999-08-23,10.3,10.65,10.3,10.58,1776,2736000.0,3.36,1.54,0.16,0.74
1807,1999-08-24,10.48,10.73,10.48,10.58,1185,1831000.0,2.36,0.0,0.0,0.49
1808,1999-08-25,10.55,10.55,10.12,10.26,1360,2041000.0,4.06,-3.02,-0.32,0.57
1809,1999-08-26,10.25,10.26,9.98,10.23,1397,2071000.0,2.73,-0.29,-0.03,0.58
1810,1999-08-27,10.19,10.19,9.91,9.98,1161,1705000.0,2.74,-2.44,-0.25,0.48
1811,1999-08-30,10.0,10.47,10.0,10.25,1169,1763000.0,4.71,2.71,0.27,0.49
1812,1999-08-31,10.23,10.3,10.05,10.25,779,1155000.0,2.44,0.0,0.0,0.32
1813,1999-09-01,10.16,10.26,10.01,10.12,752,1117000.0,2.44,-1.27,-0.13,0.31
1814,1999-09-02,10.09,10.09,9.88,10.04,1387,2019000.0,2.08,-0.79,-0.08,0.58
1815,1999-09-03,10.0,10.0,9.68,9.83,735,1061000.0,3.19,-2.09,-0.21,0.31
1816,1999-09-06,9.8,10.1,9.77,9.98,341,497000.0,3.36,1.53,0.15,0.14
1817,1999-09-07,9.91,9.98,9.55,9.88,693,984000.0,4.31,-1.0,-0.1,0.29
1818,1999-09-08,9.83,9.9,9.7,9.81,520,747000.0,2.02,-0.71,-0.07,0.22
1819,1999-09-09,9.83,10.45,9.82,10.3,3462,5167000.0,6.42,4.99,0.49,1.44
1820,1999-09-10,10.3,10.33,9.9,10.18,2021,2970000.0,4.17,-1.17,-0.12,0.84
1821,1999-09-13,10.23,10.25,9.96,10.18,2245,3309000.0,2.85,0.0,0.0,0.94
1822,1999-09-14,10.08,10.47,10.05,10.25,5170,7724000.0,4.13,0.69,0.07,2.15
1823,1999-09-15,9.24,10.79,9.24,10.48,13246,20304000.0,15.12,2.24,0.23,5.52
1824,1999-09-16,10.48,11.3,10.48,11.02,20154,32210000.0,7.82,5.15,0.54,8.4
1825,1999-09-17,10.98,11.12,10.58,10.75,7931,12431000.0,4.9,-2.45,-0.27,3.3
1826,1999-09-20,10.66,11.1,10.48,10.55,3956,6200000.0,5.77,-1.86,-0.2,1.65
1827,1999-09-21,10.55,10.55,10.25,10.32,2251,3401000.0,2.84,-2.18,-0.23,0.94
1828,1999-09-22,10.3,10.6,9.98,10.01,2301,3421000.0,6.01,-3.0,-0.31,0.96
1829,1999-09-23,10.01,10.2,9.82,9.9,2175,3159422.0,3.8,-1.1,-0.11,0.91
1830,1999-09-24,9.9,10.12,9.83,9.98,2085,3027000.0,2.93,0.81,0.08,0.87
1831,1999-09-27,9.98,10.26,9.69,9.8,1130,1640000.0,5.71,-1.8,-0.18,0.47
1832,1999-09-28,9.8,10.08,9.62,10.08,665,949000.0,4.69,2.86,0.28,0.28
1833,1999-09-29,9.98,10.08,9.78,9.83,904,1306000.0,2.98,-2.48,-0.25,0.38
1834,1999-09-30,9.83,10.01,9.69,9.98,1919,2790000.0,3.26,1.53,0.15,0.8
1835,1999-10-08,9.95,10.18,9.76,9.98,613,887000.0,4.21,0.0,0.0,0.26
1836,1999-10-11,9.91,10.12,9.89,9.9,1627,2381000.0,2.3,-0.8,-0.08,0.68
1837,1999-10-12,9.2,10.11,9.2,9.89,997,1398000.0,9.19,-0.1,-0.01,0.42
1838,1999-10-13,9.91,10.01,9.76,9.9,779,1122000.0,2.53,0.1,0.01,0.32
1839,1999-10-14,9.84,9.97,9.75,9.83,820,1177000.0,2.22,-0.71,-0.07,0.34
1840,1999-10-15,9.84,10.39,9.84,10.19,3393,5074000.0,5.6,3.66,0.36,1.41
1841,1999-10-18,10.15,10.37,9.83,9.98,863,1267000.0,5.3,-2.06,-0.21,0.36
1842,1999-10-19,9.98,10.07,9.63,9.64,1191,1715000.0,4.41,-3.41,-0.34,0.5
1843,1999-10-20,9.71,9.88,9.58,9.8,1067,1511000.0,3.11,1.66,0.16,0.44
1844,1999-10-21,9.78,9.98,9.57,9.76,2170,3118000.0,4.18,-0.41,-0.04,0.9
1845,1999-10-22,9.79,10.1,9.62,9.83,1001,1452000.0,4.92,0.72,0.07,0.42
1846,1999-10-25,9.88,9.88,9.69,9.75,364,520000.0,1.93,-0.81,-0.08,0.15
1847,1999-10-26,9.76,9.9,9.62,9.76,984,1398000.0,2.87,0.1,0.01,0.41
1848,1999-10-27,9.98,10.05,9.84,9.9,1735,2520000.0,2.15,1.43,0.14,0.72
1849,1999-10-28,10.16,10.9,10.13,10.4,17257,26464000.0,7.78,5.05,0.5,7.19
1850,1999-10-29,10.48,10.53,9.9,9.91,6830,10122000.0,6.06,-4.71,-0.49,2.85
1851,1999-11-01,10.05,10.25,9.7,9.88,2830,4105000.0,5.55,-0.3,-0.03,1.18
1852,1999-11-02,9.89,10.04,9.72,9.89,876,1261000.0,3.24,0.1,0.01,0.37
1853,1999-11-03,9.83,10.03,9.76,9.97,1601,2323000.0,2.73,0.81,0.08,0.67
1854,1999-11-04,9.83,10.03,9.76,10.03,2375,3452000.0,2.71,0.6,0.06,0.99
1855,1999-11-05,9.92,10.1,9.92,9.98,862,1258000.0,1.79,-0.5,-0.05,0.36
1856,1999-11-08,9.91,9.93,9.73,9.86,1081,1555000.0,2.0,-1.2,-0.12,0.45
1857,1999-11-09,9.87,9.87,9.62,9.78,1979,2814000.0,2.54,-0.81,-0.08,0.82
1858,1999-11-10,9.75,9.96,9.55,9.78,2026,2890000.0,4.19,0.0,0.0,0.84
1859,1999-11-11,9.78,9.78,9.28,9.44,1529,2135000.0,5.11,-3.48,-0.34,0.64
1860,1999-11-12,9.4,9.4,8.83,8.96,3012,4041000.0,6.04,-5.08,-0.48,1.26
1861,1999-11-15,9.03,9.05,8.85,9.01,1889,2484000.0,2.23,0.56,0.05,0.79
1862,1999-11-16,9.1,9.1,8.85,8.88,1390,1822000.0,2.77,-1.44,-0.13,0.58
1863,1999-11-17,8.88,9.55,8.88,9.41,3664,4967000.0,7.55,5.97,0.53,1.53
1864,1999-11-18,9.4,9.62,9.26,9.43,3066,4255000.0,3.83,0.21,0.02,1.28
1865,1999-11-22,9.4,10.22,9.38,9.95,10094,14689000.0,8.91,5.51,0.52,4.21
1866,1999-11-23,10.0,10.03,9.65,9.8,3876,5566000.0,3.82,-1.51,-0.15,1.62
1867,1999-11-24,9.8,9.98,9.68,9.78,793,1137000.0,3.06,-0.2,-0.02,0.33
1868,1999-11-25,9.77,9.78,8.98,9.61,743,1043000.0,8.18,-1.74,-0.17,0.31
1869,1999-11-26,9.62,9.69,9.48,9.61,1094,1536000.0,2.19,0.0,0.0,0.46
1870,1999-11-29,9.61,9.83,9.55,9.6,1785,2541000.0,2.91,-0.1,-0.01,0.74
1871,1999-11-30,9.6,9.98,9.57,9.58,4244,6076000.0,4.27,-0.21,-0.02,1.77
1872,1999-12-01,9.58,9.98,9.58,9.76,1993,2863000.0,4.18,1.88,0.18,0.83
1873,1999-12-02,9.76,10.05,9.76,9.9,2490,3629000.0,2.97,1.43,0.14,1.04
1874,1999-12-03,9.9,10.05,9.75,9.8,1736,2521000.0,3.03,-1.01,-0.1,0.72
1875,1999-12-06,9.8,10.01,9.73,9.8,743,1071000.0,2.86,0.0,0.0,0.31
1876,1999-12-07,9.8,9.96,9.6,9.75,1001,1427000.0,3.67,-0.51,-0.05,0.42
1877,1999-12-08,9.76,9.89,9.66,9.76,1014,1457000.0,2.36,0.1,0.01,0.42
1878,1999-12-09,9.76,9.89,9.66,9.75,481,689000.0,2.36,-0.1,-0.01,0.2
1879,1999-12-10,9.76,9.76,9.55,9.68,1181,1672000.0,2.15,-0.72,-0.07,0.49
1880,1999-12-13,9.68,9.69,9.4,9.54,1118,1563000.0,3.0,-1.45,-0.14,0.47
1881,1999-12-14,9.52,9.55,9.3,9.42,662,915000.0,2.62,-1.26,-0.12,0.28
1882,1999-12-15,9.4,9.69,9.38,9.48,1183,1659000.0,3.29,0.64,0.06,0.49
1883,1999-12-16,9.49,9.62,9.38,9.38,544,755000.0,2.53,-1.05,-0.1,0.23
1884,1999-12-17,9.38,9.38,9.23,9.32,691,943000.0,1.6,-0.64,-0.06,0.29
1885,1999-12-21,9.32,9.55,9.09,9.26,1178,1596000.0,4.94,-0.64,-0.06,0.49
1886,1999-12-22,9.26,9.37,9.18,9.32,211,286000.0,2.05,0.65,0.06,0.09
1887,1999-12-23,9.3,9.32,9.05,9.19,595,804000.0,2.9,-1.39,-0.13,0.25
1888,1999-12-24,9.12,9.19,8.87,8.98,1334,1767000.0,3.48,-2.29,-0.21,0.56
1889,1999-12-27,9.05,9.05,8.73,8.89,1062,1384000.0,3.56,-1.0,-0.09,0.44
1890,1999-12-28,8.89,9.04,8.62,8.73,1158,1498000.0,4.72,-1.8,-0.16,0.48
1891,1999-12-29,8.73,8.76,8.55,8.65,2100,2673000.0,2.41,-0.92,-0.08,0.88
1892,1999-12-30,8.65,9.22,8.65,9.05,740,964000.0,6.59,4.62,0.4,0.31
1893,2000-01-04,8.83,9.19,8.73,9.05,1867,2477000.0,5.08,0.0,0.0,0.78
1894,2000-01-05,9.06,9.25,8.83,9.1,2189,2906000.0,4.64,0.55,0.05,0.91
1895,2000-01-06,9.08,9.19,8.9,9.19,2328,3099000.0,3.19,0.99,0.09,0.97
1896,2000-01-07,9.25,10.15,9.25,9.65,9115,13078000.0,9.79,5.01,0.46,3.8
1897,2000-01-10,9.68,9.69,8.83,9.55,5898,8216000.0,8.91,-1.04,-0.1,2.46
1898,2000-01-11,9.6,9.62,9.06,9.08,3941,5365000.0,5.86,-4.92,-0.47,1.64
1899,2000-01-12,9.09,9.09,8.62,8.88,3330,4321000.0,5.18,-2.2,-0.2,1.39
1900,2000-01-13,8.89,8.98,8.8,8.81,732,956000.0,2.03,-0.79,-0.07,0.31
1901,2000-01-14,8.83,8.83,8.64,8.66,919,1174000.0,2.16,-1.7,-0.15,0.38
1902,2000-01-17,8.66,8.66,8.13,8.46,1439,1792000.0,6.12,-2.31,-0.2,0.6
1903,2000-01-18,8.33,8.76,8.18,8.51,2046,2531000.0,6.86,0.59,0.05,0.85
1904,2000-01-19,8.5,8.5,8.23,8.37,1472,1811000.0,3.17,-1.65,-0.14,0.61
1905,2000-01-20,8.37,8.69,8.18,8.55,2441,3001000.0,6.09,2.15,0.18,1.02
1906,2000-01-21,8.51,8.68,8.25,8.32,2250,2781000.0,5.03,-2.69,-0.23,0.94
1907,2000-01-24,8.32,8.33,7.89,8.12,2891,3454000.0,5.29,-2.4,-0.2,1.2
1908,2000-01-25,8.08,8.44,7.9,8.12,3235,3888000.0,6.65,0.0,0.0,1.35
1909,2000-01-26,8.12,8.25,7.98,8.0,2364,2806000.0,3.33,-1.48,-0.12,0.99
1910,2000-01-27,8.02,8.19,7.9,8.03,3004,3561000.0,3.63,0.38,0.03,1.25
1911,2000-01-28,8.05,8.12,7.9,7.95,5764,6825000.0,2.74,-1.0,-0.08,2.4
1912,2000-02-14,8.05,8.79,8.05,8.79,8621,10783000.0,9.31,10.57,0.84,3.59
1913,2000-02-15,8.96,8.96,8.4,8.48,8706,11165000.0,6.37,-3.53,-0.31,3.63
1914,2000-02-16,8.45,8.98,8.08,8.98,13039,16429000.0,10.61,5.9,0.5,5.43
1915,2000-02-17,9.04,9.62,8.33,8.4,9579,12599000.0,14.37,-6.46,-0.58,3.99
1916,2000-02-18,8.41,8.94,8.26,8.66,4839,6141000.0,8.1,3.1,0.26,2.02
1917,2000-02-21,8.65,9.4,8.33,9.26,14160,18875000.0,12.36,6.93,0.6,5.9
1918,2000-02-22,9.26,9.4,8.55,8.6,6091,7994000.0,9.18,-7.13,-0.66,2.54
1919,2000-02-23,8.6,9.5,8.57,9.5,45796,63702000.0,10.81,10.47,0.9,19.08
1920,2000-02-24,9.69,10.03,9.13,9.55,34566,48792000.0,9.47,0.53,0.05,14.4
1921,2000-02-25,9.48,9.61,9.05,9.19,12356,16799000.0,5.86,-3.77,-0.36,5.15
1922,2000-02-28,9.19,9.89,9.19,9.49,16623,23237000.0,7.62,3.26,0.3,6.93
1923,2000-02-29,9.75,10.33,9.42,9.96,29367,42572000.0,9.59,4.95,0.47,12.24
1924,2000-03-01,10.19,10.46,9.62,9.73,16105,23473000.0,8.43,-2.31,-0.23,6.71
1925,2000-03-02,9.62,9.98,9.4,9.55,10307,14488000.0,5.96,-1.85,-0.18,4.29
1926,2000-03-03,9.69,9.9,9.48,9.73,7622,10807000.0,4.4,1.88,0.18,3.18
1927,2000-03-06,9.73,9.9,9.18,9.19,8741,12294000.0,7.4,-5.55,-0.54,3.64
1928,2000-03-07,8.98,9.26,8.93,9.12,4409,5855000.0,3.59,-0.76,-0.07,1.84
1929,2000-03-08,9.1,9.33,8.94,9.25,6991,9319000.0,4.28,1.43,0.13,2.91
1930,2000-03-09,9.25,9.44,8.98,9.26,5083,6826000.0,4.97,0.11,0.01,2.12
1931,2000-03-10,9.3,9.65,9.12,9.2,6504,8932000.0,5.72,-0.65,-0.06,2.71
1932,2000-03-13,9.24,9.49,9.06,9.42,5817,7953000.0,4.67,2.39,0.22,2.42
1933,2000-03-14,9.19,9.26,8.85,9.18,6137,8163000.0,4.35,-2.55,-0.24,2.56
1934,2000-03-15,9.18,9.3,9.01,9.13,5507,7413000.0,3.16,-0.54,-0.05,2.29
1935,2000-03-16,9.08,9.08,8.56,8.64,6212,8041000.0,5.7,-5.37,-0.49,2.59
1936,2000-03-17,8.62,8.92,8.62,8.83,4470,5749000.0,3.47,2.2,0.19,1.86
1937,2000-03-20,8.75,9.37,8.65,9.19,5822,7758000.0,8.15,4.08,0.36,2.43
1938,2000-03-21,9.18,9.37,8.83,9.1,4636,6222000.0,5.88,-0.98,-0.09,1.93
1939,2000-03-22,9.05,9.37,8.98,9.33,4679,6291000.0,4.29,2.53,0.23,1.95
1940,2000-03-23,9.33,9.8,9.26,9.77,16796,23767000.0,5.79,4.72,0.44,7.0
1941,2000-03-24,9.8,9.88,9.4,9.44,7893,11157000.0,4.91,-3.38,-0.33,3.29
1942,2000-03-28,10.23,10.23,9.7,9.87,13751,19899000.0,5.61,4.56,0.43,5.73
1943,2000-03-29,9.87,10.0,9.49,9.75,7721,10967000.0,5.17,-1.22,-0.12,3.22
1944,2000-03-30,9.65,10.77,9.65,10.3,27019,40995000.0,11.49,5.64,0.55,11.26
1945,2000-03-31,10.26,10.55,10.12,10.32,13794,20837000.0,4.17,0.19,0.02,5.75
1946,2000-04-03,10.32,10.82,10.12,10.15,10829,16561000.0,6.78,-1.65,-0.17,4.51
1947,2000-04-04,10.1,10.12,9.83,9.93,7718,11242000.0,2.86,-2.17,-0.22,3.22
1948,2000-04-05,9.9,10.31,9.9,10.12,7424,10998000.0,4.13,1.91,0.19,3.09
1949,2000-04-06,10.26,10.61,10.18,10.4,8232,12501000.0,4.25,2.77,0.28,3.43
1950,2000-04-07,10.48,10.6,10.3,10.37,4828,7337000.0,2.88,-0.29,-0.03,2.01
1951,2000-04-10,10.37,10.83,10.27,10.69,8310,12707000.0,5.4,3.09,0.32,3.46
1952,2000-04-11,10.62,11.05,10.48,10.48,9930,15583000.0,5.33,-1.96,-0.21,4.14
1953,2000-04-12,10.55,10.62,10.15,10.19,6753,10156000.0,4.48,-2.77,-0.29,2.81
1954,2000-04-13,10.27,10.47,10.05,10.4,5465,8175000.0,4.12,2.06,0.21,2.28
1955,2000-04-14,10.37,10.62,10.25,10.34,6652,10111000.0,3.56,-0.58,-0.06,2.77
1956,2000-04-17,10.25,10.25,9.84,9.88,7681,11205000.0,3.97,-4.45,-0.46,3.2
1957,2000-04-18,9.99,10.62,9.84,10.55,16951,25246000.0,7.89,6.78,0.67,7.06
1958,2000-04-19,10.55,11.12,10.48,11.12,19962,31619000.0,6.07,5.4,0.57,8.32
1959,2000-04-20,11.18,11.68,10.83,10.83,28005,46002000.0,7.64,-2.61,-0.29,11.67
1960,2000-04-21,10.83,11.11,10.62,10.69,5485,8737289.0,4.52,-1.29,-0.14,2.29
1961,2000-04-24,10.69,11.15,10.67,10.9,6001,9509000.0,4.49,1.96,0.21,2.5
1962,2000-04-25,10.98,10.98,10.62,10.68,3738,5857000.0,3.3,-2.02,-0.22,1.56
1963,2000-04-26,10.69,10.93,10.46,10.48,3893,6025000.0,4.4,-1.87,-0.2,1.62
1964,2000-04-27,10.51,10.54,10.27,10.35,4410,6717000.0,2.58,-1.24,-0.13,1.84
1965,2000-04-28,10.37,10.62,10.23,10.35,2851,4328000.0,3.77,0.0,0.0,1.19
1966,2000-05-08,10.48,10.83,10.48,10.82,4686,7316000.0,3.38,4.54,0.47,1.95
1967,2000-05-09,10.84,10.9,10.48,10.72,4175,6499000.0,3.88,-0.92,-0.1,1.74
1968,2000-05-10,10.48,10.87,10.19,10.23,5690,8850000.0,6.34,-4.57,-0.49,2.37
1969,2000-05-11,10.26,10.4,9.55,9.63,4032,5872000.0,8.31,-5.87,-0.6,1.68
1970,2000-05-12,9.63,9.94,9.63,9.69,1970,2815000.0,3.22,0.62,0.06,0.82
1971,2000-05-15,9.94,10.05,9.69,9.93,1257,1819000.0,3.72,2.48,0.24,0.52
1972,2000-05-16,9.94,10.12,9.94,10.05,1166,1715000.0,1.81,1.21,0.12,0.49
1973,2000-05-17,10.08,10.08,9.76,9.85,1096,1589000.0,3.18,-1.99,-0.2,0.46
1974,2000-05-18,9.9,10.1,9.76,10.03,1622,2356000.0,3.45,1.83,0.18,0.68
1975,2000-05-19,10.05,10.39,10.05,10.26,3568,5302000.0,3.39,2.29,0.23,1.49
1976,2000-05-22,10.34,10.53,10.26,10.53,5563,8431000.0,2.63,2.63,0.27,2.32
1977,2000-05-23,10.58,10.62,10.37,10.44,3002,4588000.0,2.37,-0.85,-0.09,1.25
1978,2000-05-24,10.45,10.75,10.45,10.58,4510,6980000.0,2.87,1.34,0.14,1.88
1979,2000-05-25,10.65,10.75,10.49,10.57,4331,6696000.0,2.46,-0.09,-0.01,1.8
1980,2000-05-26,10.57,10.71,10.3,10.55,5602,8523000.0,3.88,-0.19,-0.02,2.33
1981,2000-05-29,10.69,11.32,10.4,11.19,18083,28560000.0,8.72,6.07,0.64,7.53
1982,2000-05-30,11.18,11.19,10.78,10.83,9058,14454000.0,3.66,-3.22,-0.36,3.77
1983,2000-05-31,10.83,10.94,10.69,10.82,4691,7384000.0,2.31,-0.09,-0.01,1.95
1984,2000-06-01,10.87,11.05,10.83,10.84,4113,6550000.0,2.03,0.18,0.02,1.71
1985,2000-06-02,10.84,11.1,10.84,10.89,4008,6404000.0,2.4,0.46,0.05,1.67
1986,2000-06-05,10.98,11.05,10.55,10.58,4447,6969000.0,4.59,-2.85,-0.31,1.85
1987,2000-06-06,10.6,11.68,10.52,11.36,22470,36459000.0,10.96,7.37,0.78,9.36
1988,2000-06-07,11.46,11.8,11.19,11.35,14885,25034000.0,5.37,-0.09,-0.01,6.2
1989,2000-06-08,11.4,11.7,11.4,11.55,11700,19758000.0,2.64,1.76,0.2,4.88
1990,2000-06-09,11.48,11.55,11.05,11.19,6067,9920000.0,4.33,-3.12,-0.36,2.53
1991,2000-06-12,11.19,11.59,11.0,11.29,3823,6310000.0,5.27,0.89,0.1,1.59
1992,2000-06-13,11.33,11.8,11.33,11.44,3677,6179000.0,4.16,1.33,0.15,1.53
1993,2000-06-14,11.48,11.65,11.19,11.45,2610,4305000.0,4.02,0.09,0.01,1.09
1994,2000-06-15,11.45,11.55,11.26,11.35,1990,3279000.0,2.53,-0.87,-0.1,0.83
1995,2000-06-16,11.45,11.69,11.12,11.24,4089,6813000.0,5.02,-0.97,-0.11,1.7
1996,2000-06-19,11.23,11.23,10.84,10.94,3458,5527000.0,3.47,-2.67,-0.3,1.44
1997,2000-06-20,10.94,11.1,10.85,10.85,2028,3228000.0,2.29,-0.82,-0.09,0.85
1998,2000-06-21,10.82,10.93,10.8,10.93,2027,3211000.0,1.2,0.74,0.08,0.84
1999,2000-06-22,10.94,11.15,10.83,10.85,2489,3959000.0,2.93,-0.73,-0.08,1.04
2000,2000-06-23,10.96,11.46,10.83,11.45,14624,23667000.0,5.81,5.53,0.6,6.09
2001,2000-06-26,11.5,11.9,11.4,11.9,16810,28483000.0,4.37,3.93,0.45,7.0
2002,2000-06-27,11.69,12.15,11.69,12.15,14207,24586000.0,3.87,2.1,0.25,5.92
2003,2000-06-28,12.14,12.53,11.77,11.82,32864,58459000.0,6.26,-2.72,-0.33,13.69
2004,2000-06-29,11.9,12.04,11.55,11.66,8935,15319000.0,4.15,-1.35,-0.16,3.72
2005,2000-06-30,11.68,11.98,11.5,11.59,6411,10857000.0,4.12,-0.6,-0.07,2.67
2006,2000-07-03,11.55,11.55,11.19,11.26,3614,5988000.0,3.11,-2.85,-0.33,1.51
2007,2000-07-04,11.53,11.75,11.4,11.6,4687,7926000.0,3.11,3.02,0.34,1.95
2008,2000-07-05,11.68,12.4,11.68,11.89,13868,24422000.0,6.21,2.5,0.29,5.78
2009,2000-07-06,11.9,12.18,11.65,11.8,5420,9339000.0,4.46,-0.76,-0.09,2.26
2010,2000-07-07,11.88,11.93,11.69,11.79,3459,5938000.0,2.03,-0.08,-0.01,1.44
2011,2000-07-10,11.83,12.08,11.83,11.94,2793,4845000.0,2.12,1.27,0.15,1.16
2012,2000-07-11,11.94,12.05,11.55,11.67,4915,8388000.0,4.19,-2.26,-0.27,2.05
2013,2000-07-12,11.75,11.89,11.5,11.6,3878,6566000.0,3.34,-0.6,-0.07,1.62
2014,2000-07-13,11.69,11.7,11.44,11.48,4261,7187829.0,2.24,-1.03,-0.12,1.78
2015,2000-07-14,11.69,11.9,11.62,11.81,7948,13602000.0,2.44,2.87,0.33,3.31
2016,2000-07-17,11.9,12.18,11.69,11.74,4197,7218000.0,4.15,-0.59,-0.07,1.75
2017,2000-07-18,11.69,11.82,11.56,11.65,4563,7729000.0,2.21,-0.77,-0.09,1.9
2018,2000-07-19,11.65,12.0,11.65,11.83,4280,7351000.0,3.0,1.55,0.18,1.78
2019,2000-07-20,11.96,12.4,11.95,12.08,9666,17095000.0,3.8,2.11,0.25,4.03
2020,2000-07-21,12.26,12.6,12.13,12.43,11733,21167000.0,3.89,2.9,0.35,4.89
2021,2000-07-24,12.55,12.62,12.12,12.4,7843,14152000.0,4.02,-0.24,-0.03,3.27
2022,2000-07-25,12.4,12.55,12.2,12.24,2784,4992000.0,2.82,-1.29,-0.16,1.16
2023,2000-07-26,12.33,13.5,11.96,13.5,7799,13796000.0,12.58,10.29,1.26,3.25
2024,2000-07-27,12.83,13.1,12.4,12.65,20148,37259000.0,5.19,-6.3,-0.85,8.4
2025,2000-07-28,12.65,12.76,12.3,12.5,5248,9478000.0,3.64,-1.19,-0.15,2.19
2026,2000-07-31,12.55,12.63,12.4,12.4,3822,6959000.0,1.84,-0.8,-0.1,1.59
2027,2000-08-01,12.4,12.51,12.32,12.4,3755,6745000.0,1.53,0.0,0.0,1.56
2028,2000-08-02,12.4,12.48,12.13,12.15,3931,6997000.0,2.82,-2.02,-0.25,1.64
2029,2000-08-03,12.23,12.33,12.13,12.19,3590,6370000.0,1.65,0.33,0.04,1.5
2030,2000-08-04,12.25,12.26,12.08,12.13,3761,6640000.0,1.48,-0.49,-0.06,1.57
2031,2000-08-07,12.06,12.47,12.06,12.29,2492,4458000.0,3.38,1.32,0.16,1.04
2032,2000-08-08,12.39,12.4,12.25,12.27,2084,3722000.0,1.22,-0.16,-0.02,0.87
2033,2000-08-09,12.26,12.27,12.1,12.25,3356,5920000.0,1.39,-0.16,-0.02,1.4
2034,2000-08-10,12.4,12.58,12.28,12.5,3629,6562000.0,2.45,2.04,0.25,1.51
2035,2000-08-11,12.5,12.6,12.19,12.21,2690,4842000.0,3.28,-2.32,-0.29,1.12
2036,2000-08-14,12.15,12.39,12.15,12.26,3053,5423000.0,1.97,0.41,0.05,1.27
2037,2000-08-15,12.3,12.33,12.11,12.16,2408,4262000.0,1.79,-0.82,-0.1,1.0
2038,2000-08-16,12.18,12.36,12.15,12.33,2025,3612000.0,1.73,1.4,0.17,0.84
2039,2000-08-17,12.35,12.38,12.17,12.23,2064,3676000.0,1.7,-0.81,-0.1,0.86
2040,2000-08-18,12.24,12.33,12.15,12.19,2298,4086000.0,1.47,-0.33,-0.04,0.96
2041,2000-08-21,12.19,12.19,11.7,11.93,4333,7527000.0,4.02,-2.13,-0.26,1.81
2042,2000-08-22,12.03,12.04,11.78,11.81,6777,11689000.0,2.18,-1.01,-0.12,2.82
2043,2000-08-23,11.87,12.19,11.04,12.1,18079,30529000.0,9.74,2.46,0.29,7.53
2044,2000-08-24,12.1,12.6,11.9,12.53,12850,23063000.0,5.79,3.55,0.43,5.35
2045,2000-08-25,12.51,12.76,12.41,12.61,23476,43082000.0,2.79,0.64,0.08,9.78
2046,2000-08-29,12.76,12.76,12.33,12.37,3276,5950000.0,3.41,-1.9,-0.24,1.37
2047,2000-08-30,12.37,12.39,11.83,11.98,4182,7381000.0,4.53,-3.15,-0.39,1.74
2048,2000-08-31,11.76,11.94,11.4,11.48,6266,10724000.0,4.51,-4.17,-0.5,2.61
2049,2000-09-01,11.48,11.76,11.48,11.55,2590,4384000.0,2.44,0.61,0.07,1.08
2050,2000-09-04,11.48,11.58,11.4,11.51,1690,2826000.0,1.56,-0.35,-0.04,0.7
2051,2000-09-05,11.51,11.55,10.9,11.01,4768,7757000.0,5.65,-4.34,-0.5,1.99
2052,2000-09-06,11.12,11.19,10.93,10.98,1612,2587000.0,2.36,-0.27,-0.03,0.67
2053,2000-09-07,10.97,11.14,10.97,10.98,1685,2712000.0,1.55,0.0,0.0,0.7
2054,2000-09-08,11.1,11.14,10.98,11.08,1408,2264000.0,1.46,0.91,0.1,0.59
2055,2000-09-11,11.11,11.26,10.99,11.18,969,1570000.0,2.44,0.9,0.1,0.4
2056,2000-09-12,11.18,11.36,11.13,11.33,790,1297000.0,2.06,1.34,0.15,0.33
2057,2000-09-13,11.37,11.37,11.23,11.31,748,1230000.0,1.24,-0.18,-0.02,0.31
2058,2000-09-14,11.32,11.33,10.9,11.01,1400,2263000.0,3.8,-2.65,-0.3,0.58
2059,2000-09-15,11.0,11.12,10.63,10.83,2053,3244000.0,4.45,-1.63,-0.18,0.86
2060,2000-09-18,10.76,10.76,10.4,10.4,2177,3361000.0,3.32,-3.97,-0.43,0.91
2061,2000-09-19,10.48,10.55,10.33,10.47,1534,2335000.0,2.12,0.67,0.07,0.64
2062,2000-09-20,10.47,10.5,10.26,10.43,874,1323000.0,2.29,-0.38,-0.04,0.36
2063,2000-09-21,10.44,10.48,10.33,10.33,892,1351000.0,1.44,-0.96,-0.1,0.37
2064,2000-09-22,10.33,10.4,10.33,10.34,498,753000.0,0.68,0.1,0.01,0.21
2065,2000-09-25,10.3,10.4,10.18,10.19,883,1331000.0,2.13,-1.45,-0.15,0.37
2066,2000-09-26,10.19,10.26,10.12,10.15,490,729000.0,1.37,-0.39,-0.04,0.2
2067,2000-09-27,10.2,10.44,10.12,10.44,647,968000.0,3.15,2.86,0.29,0.27
2068,2000-09-28,10.43,10.43,10.19,10.2,625,937000.0,2.3,-2.3,-0.24,0.26
2069,2000-09-29,10.31,10.58,10.16,10.39,699,1062000.0,4.12,1.86,0.19,0.29
2070,2000-10-09,10.55,10.55,10.34,10.48,441,670000.0,2.02,0.87,0.09,0.18
2071,2000-10-10,10.55,10.66,10.39,10.65,1092,1679000.0,2.58,1.62,0.17,0.46
2072,2000-10-11,10.68,10.73,10.55,10.55,824,1282000.0,1.69,-0.94,-0.1,0.34
2073,2000-10-12,10.55,11.33,9.73,10.98,3751,5987000.0,15.17,4.08,0.43,1.56
2074,2000-10-13,10.94,11.15,10.76,10.82,1392,2217000.0,3.55,-1.46,-0.16,0.58
2075,2000-10-16,10.94,11.3,10.94,11.01,1620,2612000.0,3.33,1.76,0.19,0.68
2076,2000-10-17,11.23,11.23,10.98,11.05,476,765000.0,2.27,0.36,0.04,0.2
2077,2000-10-18,11.05,11.12,10.83,10.85,829,1322000.0,2.62,-1.81,-0.2,0.35
2078,2000-10-19,10.83,10.9,10.8,10.85,669,1058000.0,0.92,0.0,0.0,0.28
2079,2000-10-20,10.87,10.98,10.78,10.85,1213,1921000.0,1.84,0.0,0.0,0.51
2080,2000-10-23,10.89,11.12,10.85,11.03,1228,1961000.0,2.49,1.66,0.18,0.51
2081,2000-10-24,11.08,11.1,10.93,10.97,520,832000.0,1.54,-0.54,-0.06,0.22
2082,2000-10-25,11.0,11.11,10.97,11.0,1191,1917000.0,1.28,0.27,0.03,0.5
2083,2000-10-26,11.04,11.3,10.98,11.05,1811,2945000.0,2.91,0.45,0.05,0.75
2084,2000-10-27,11.13,11.22,11.01,11.04,909,1472000.0,1.9,-0.09,-0.01,0.38
2085,2000-10-30,11.12,11.47,11.04,11.45,2245,3687000.0,3.89,3.71,0.41,0.94
2086,2000-10-31,11.69,11.77,11.23,11.33,3005,5050000.0,4.72,-1.05,-0.12,1.25
2087,2000-11-01,11.31,11.61,11.26,11.56,2065,3464000.0,3.09,2.03,0.23,0.86
2088,2000-11-02,11.62,11.62,11.33,11.44,2071,3452000.0,2.51,-1.04,-0.12,0.86
2089,2000-11-03,11.4,11.4,11.23,11.26,1307,2155000.0,1.49,-1.57,-0.18,0.54
2090,2000-11-06,11.4,11.68,11.26,11.44,1033,1718000.0,3.73,1.6,0.18,0.43
2091,2000-11-07,11.4,11.53,11.33,11.43,727,1208000.0,1.75,-0.09,-0.01,0.3
2092,2000-11-08,11.4,11.53,11.35,11.4,883,1465000.0,1.57,-0.26,-0.03,0.37
2093,2000-11-09,11.39,11.48,11.24,11.25,1618,2663000.0,2.11,-1.32,-0.15,0.67
2094,2000-11-10,11.25,11.54,11.25,11.42,1814,2997000.0,2.58,1.51,0.17,0.76
2095,2000-11-13,11.19,11.5,11.19,11.48,1784,2964000.0,2.71,0.53,0.06,0.74
2096,2000-11-14,11.44,11.69,11.32,11.69,4559,7679000.0,3.22,1.83,0.21,1.9
2097,2000-11-15,11.7,12.0,11.7,11.76,4296,7388000.0,2.57,0.6,0.07,1.79
2098,2000-11-16,11.76,12.05,11.76,12.01,3989,6929000.0,2.47,2.13,0.25,1.66
2099,2000-11-17,12.06,12.12,11.81,11.87,2171,3749000.0,2.58,-1.17,-0.14,0.9
2100,2000-11-20,11.9,12.05,11.55,11.9,2082,3564000.0,4.21,0.25,0.03,0.87
2101,2000-11-21,11.94,12.15,11.94,12.05,4758,8312000.0,1.76,1.26,0.15,1.98
2102,2000-11-22,12.05,12.12,11.83,11.96,1680,2918000.0,2.41,-0.75,-0.09,0.7
2103,2000-11-23,12.05,12.24,11.96,12.19,3593,6326000.0,2.34,1.92,0.23,1.5
2104,2000-11-24,12.1,12.13,11.55,11.57,2647,4547000.0,4.76,-5.09,-0.62,1.1
2105,2000-11-27,11.33,11.62,11.3,11.5,1309,2188000.0,2.77,-0.61,-0.07,0.55
2106,2000-11-28,11.48,11.98,11.48,11.78,1482,2526000.0,4.35,2.43,0.28,0.62
2107,2000-11-29,11.77,11.77,11.47,11.54,1318,2220000.0,2.55,-2.04,-0.24,0.55
2108,2000-11-30,11.53,11.82,11.51,11.73,1953,3310000.0,2.69,1.65,0.19,0.81
2109,2000-12-01,11.9,12.18,11.73,12.04,6580,11493000.0,3.84,2.64,0.31,2.74
2110,2000-12-04,12.05,12.33,12.01,12.3,6395,11292000.0,2.66,2.16,0.26,2.66
2111,2000-12-05,12.38,12.39,12.05,12.1,1967,3479000.0,2.76,-1.63,-0.2,0.82
2112,2000-12-06,12.16,12.69,12.15,12.33,13902,25217000.0,4.46,1.9,0.23,5.79
2113,2000-12-07,12.37,13.35,12.3,13.16,25503,48018000.0,8.52,6.73,0.83,10.63
2114,2000-12-08,13.13,13.4,12.4,12.51,14120,26428000.0,7.6,-4.94,-0.65,5.88
2115,2000-12-11,12.5,12.73,12.2,12.32,10675,19281000.0,4.24,-1.52,-0.19,4.45
2116,2000-12-12,12.3,12.4,12.04,12.19,6028,10670000.0,2.92,-1.06,-0.13,2.51
2117,2000-12-13,12.12,12.37,12.08,12.2,3480,6166000.0,2.38,0.08,0.01,1.45
2118,2000-12-14,12.2,12.4,12.17,12.37,4729,8463000.0,1.89,1.39,0.17,1.97
2119,2000-12-15,12.37,12.4,11.7,11.78,6695,11698000.0,5.66,-4.77,-0.59,2.79
2120,2000-12-18,11.73,11.9,11.45,11.83,8288,13932000.0,3.82,0.42,0.05,3.45
2121,2000-12-19,11.87,12.4,11.83,12.28,5190,9195000.0,4.82,3.8,0.45,2.16
2122,2000-12-20,12.4,12.59,12.24,12.48,9751,17679000.0,2.85,1.63,0.2,4.06
2123,2000-12-21,12.55,12.78,12.33,12.7,7836,14312000.0,3.61,1.76,0.22,3.27
2124,2000-12-22,12.75,13.08,12.63,12.87,8030,15054000.0,3.54,1.34,0.17,3.35
2125,2000-12-25,12.88,13.08,12.7,12.73,4948,9220000.0,2.95,-1.09,-0.14,2.06
2126,2000-12-26,12.76,12.87,12.59,12.76,5972,10981000.0,2.2,0.24,0.03,2.49
2127,2000-12-27,12.69,12.74,12.53,12.54,4221,7715000.0,1.65,-1.72,-0.22,1.76
2128,2000-12-28,12.43,12.7,12.33,12.43,3119,5668000.0,2.95,-0.88,-0.11,1.3
2129,2000-12-29,12.33,12.91,12.33,12.87,5063,9384000.0,4.67,3.54,0.44,2.11
2130,2001-01-02,12.87,12.98,12.55,12.9,4137,7659000.0,3.34,0.23,0.03,1.72
2131,2001-01-03,12.98,13.08,12.64,12.98,5078,9498000.0,3.41,0.62,0.08,2.12
2132,2001-01-04,12.98,13.3,12.95,13.19,9356,17818000.0,2.7,1.62,0.21,3.9
2133,2001-01-05,13.12,13.33,12.92,13.24,5033,9566000.0,3.11,0.38,0.05,2.1
2134,2001-01-08,13.2,13.23,12.83,12.94,4805,9046000.0,3.02,-2.27,-0.3,2.0
2135,2001-01-09,12.94,13.04,12.69,12.98,3940,7336000.0,2.7,0.31,0.04,1.64
2136,2001-01-10,12.91,13.33,12.76,13.26,5401,10321000.0,4.39,2.16,0.28,2.25
2137,2001-01-11,13.3,13.33,13.0,13.09,2396,4560000.0,2.49,-1.28,-0.17,1.0
2138,2001-01-12,13.05,13.19,12.8,13.08,3111,5870000.0,2.98,-0.08,-0.01,1.3
2139,2001-01-15,12.96,12.96,12.26,12.4,3720,6778000.0,5.35,-5.2,-0.68,1.55
2140,2001-01-16,12.18,12.39,11.69,12.05,3429,5987000.0,5.65,-2.82,-0.35,1.43
2141,2001-01-17,12.05,12.18,12.03,12.13,1581,2778000.0,1.24,0.66,0.08,0.66
2142,2001-01-18,11.98,12.39,11.98,12.39,1960,3459000.0,3.38,2.14,0.26,0.82
2143,2001-01-19,12.39,12.46,12.18,12.3,2648,4757000.0,2.26,-0.73,-0.09,1.1
2144,2001-02-05,12.15,12.19,11.69,11.76,1338,2302000.0,4.07,-4.39,-0.54,0.56
2145,2001-02-06,11.69,11.76,11.33,11.56,1246,2090000.0,3.66,-1.7,-0.2,0.52
2146,2001-02-07,11.9,11.9,11.53,11.55,878,1481000.0,3.2,-0.09,-0.01,0.37
2147,2001-02-08,11.9,11.9,11.12,11.38,1332,2206000.0,6.75,-1.47,-0.17,0.56
2148,2001-02-09,11.33,11.76,11.3,11.48,606,1010000.0,4.04,0.88,0.1,0.25
2149,2001-02-12,11.39,11.49,11.32,11.44,524,869000.0,1.48,-0.35,-0.04,0.22
2150,2001-02-13,10.4,11.68,10.4,11.5,676,1131000.0,11.19,0.52,0.06,0.28
2151,2001-02-14,11.41,11.42,11.23,11.32,717,1184000.0,1.65,-1.57,-0.18,0.3
2152,2001-02-15,11.48,11.48,11.22,11.22,593,975000.0,2.3,-0.88,-0.1,0.25
2153,2001-02-16,11.23,11.23,11.02,11.13,776,1252000.0,1.87,-0.8,-0.09,0.32
2154,2001-02-19,11.41,11.76,11.32,11.55,812,1364000.0,3.95,3.77,0.42,0.34
2155,2001-02-20,11.4,11.69,11.05,11.33,469,780000.0,5.54,-1.9,-0.22,0.2
2156,2001-02-21,11.33,11.33,11.01,11.08,1616,2602000.0,2.82,-2.21,-0.25,0.67
2157,2001-02-22,10.62,11.26,10.62,11.09,696,1121000.0,5.78,0.09,0.01,0.29
2158,2001-02-23,11.08,11.26,10.98,11.26,744,1200000.0,2.52,1.53,0.17,0.31
2159,2001-02-26,11.27,11.55,10.98,11.33,1355,2244000.0,5.06,0.62,0.07,0.56
2160,2001-02-27,11.33,11.43,11.13,11.4,622,1021000.0,2.65,0.62,0.07,0.26
2161,2001-02-28,11.4,11.4,11.15,11.25,674,1108000.0,2.19,-1.32,-0.15,0.28
2162,2001-03-01,11.31,11.55,11.15,11.55,1496,2474000.0,3.56,2.67,0.3,0.62
2163,2001-03-02,11.3,11.75,10.89,11.58,1392,2322000.0,7.45,0.26,0.03,0.58
2164,2001-03-05,11.48,11.69,11.48,11.62,1094,1843000.0,1.81,0.35,0.04,0.46
2165,2001-03-06,11.5,11.65,11.5,11.55,416,700000.0,1.29,-0.6,-0.07,0.17
2166,2001-03-07,11.68,11.69,11.55,11.66,1344,2267000.0,1.21,0.95,0.11,0.56
2167,2001-03-08,11.6,11.69,11.6,11.68,483,818000.0,0.77,0.17,0.02,0.2
2168,2001-03-09,11.61,11.68,11.48,11.53,525,883000.0,1.71,-1.28,-0.15,0.22
2169,2001-03-12,11.53,11.53,11.33,11.53,838,1393000.0,1.73,0.0,0.0,0.35
2170,2001-03-13,11.55,11.55,11.28,11.41,684,1132000.0,2.34,-1.04,-0.12,0.29
2171,2001-03-14,11.34,11.6,11.3,11.46,973,1615000.0,2.63,0.44,0.05,0.41
2172,2001-03-15,11.05,11.63,11.05,11.42,617,1023000.0,5.06,-0.35,-0.04,0.26
2173,2001-03-16,11.44,11.45,11.19,11.23,1624,2667000.0,2.28,-1.66,-0.19,0.68
2174,2001-03-19,11.19,11.44,11.12,11.42,1638,2710000.0,2.85,1.69,0.19,0.68
2175,2001-03-20,11.46,11.94,11.42,11.83,3929,6747000.0,4.55,3.59,0.41,1.64
2176,2001-03-21,11.9,12.03,11.82,11.95,3463,6009000.0,1.78,1.01,0.12,1.44
2177,2001-03-22,11.98,12.18,11.76,12.0,2959,5147000.0,3.51,0.42,0.05,1.23
2178,2001-03-23,12.05,12.14,11.69,11.7,1940,3355000.0,3.75,-2.5,-0.3,0.81
2179,2001-03-26,11.7,12.05,11.69,12.04,2902,4979000.0,3.08,2.91,0.34,1.21
2180,2001-03-27,12.13,12.13,11.9,12.01,1521,2652000.0,1.91,-0.25,-0.03,0.63
2181,2001-03-29,11.58,11.96,11.58,11.88,784,1347000.0,3.16,-1.08,-0.13,0.33
2182,2001-03-30,11.88,12.03,11.69,12.03,1977,3383000.0,2.86,1.26,0.15,0.82
2183,2001-04-02,12.02,12.02,11.8,11.88,1598,2761000.0,1.83,-1.25,-0.15,0.67
2184,2001-04-03,11.88,11.98,11.76,11.77,1626,2797000.0,1.85,-0.93,-0.11,0.68
2185,2001-04-04,11.8,11.81,11.6,11.69,2319,3955000.0,1.78,-0.68,-0.08,0.97
2186,2001-04-05,11.69,11.81,11.6,11.81,1494,2538000.0,1.8,1.03,0.12,0.62
2187,2001-04-06,11.82,11.94,11.78,11.83,1209,2082000.0,1.35,0.17,0.02,0.5
2188,2001-04-09,11.83,11.83,11.6,11.82,1519,2579000.0,1.94,-0.08,-0.01,0.63
2189,2001-04-10,11.83,12.23,11.7,12.21,4721,8251000.0,4.48,3.3,0.39,1.97
2190,2001-04-11,12.21,12.6,12.21,12.51,10013,18081000.0,3.19,2.46,0.3,4.17
2191,2001-04-12,12.46,12.66,12.37,12.62,5997,10901000.0,2.32,0.88,0.11,2.5
2192,2001-04-13,12.54,12.76,12.44,12.69,4606,8439000.0,2.54,0.55,0.07,1.92
2193,2001-04-16,12.73,12.9,12.55,12.81,5128,9494000.0,2.76,0.95,0.12,2.14
2194,2001-04-17,13.03,13.2,12.94,13.13,11637,22093000.0,2.03,2.5,0.32,4.85
2195,2001-04-18,13.2,13.33,13.03,13.25,10946,20931000.0,2.28,0.91,0.12,4.56
2196,2001-04-19,13.19,13.23,12.73,12.84,5276,9896000.0,3.77,-3.09,-0.41,2.2
2197,2001-04-20,12.89,14.17,12.89,14.17,33045,67145000.0,9.97,10.36,1.33,13.77
2198,2001-04-23,14.16,14.46,13.69,14.16,20712,42297000.0,5.43,-0.07,-0.01,8.63
2199,2001-04-24,14.15,14.48,13.76,14.33,14168,28960000.0,5.08,1.2,0.17,5.9
2200,2001-04-25,14.44,14.53,13.4,13.4,10937,21969000.0,7.89,-6.49,-0.93,4.56
2201,2001-04-26,13.39,13.67,13.14,13.34,7745,15042000.0,3.96,-0.45,-0.06,3.23
2202,2001-04-27,13.4,14.19,13.4,13.95,17747,35748000.0,5.92,4.57,0.61,7.39
2203,2001-04-30,14.32,15.4,14.32,15.4,53187,117482000.0,7.74,10.39,1.45,22.16
2204,2001-05-08,15.62,15.65,15.05,15.47,16868,37404863.0,3.9,0.45,0.07,7.03
2205,2001-05-09,15.4,16.31,15.2,15.4,26027,59214000.0,7.18,-0.45,-0.07,10.84
2206,2001-05-10,15.4,16.13,15.26,16.08,18883,43084000.0,5.65,4.42,0.68,7.87
2207,2001-05-11,16.23,17.37,16.23,16.5,18038,43018000.0,7.09,2.61,0.42,7.52
2208,2001-05-14,16.55,16.68,15.98,16.31,12241,28565000.0,4.24,-1.15,-0.19,5.1
2209,2001-05-15,16.38,16.75,16.15,16.43,9494,22422000.0,3.68,0.74,0.12,3.96
2210,2001-05-16,16.69,16.76,16.03,16.12,10258,23919000.0,4.44,-1.89,-0.31,4.27
2211,2001-05-17,16.12,16.26,15.63,15.7,10919,24892000.0,3.91,-2.61,-0.42,4.55
2212,2001-05-18,15.83,16.48,15.83,16.37,9187,21516000.0,4.14,4.27,0.67,3.83
2213,2001-05-21,16.68,16.68,15.62,16.12,11037,25356000.0,6.48,-1.53,-0.25,4.6
2214,2001-05-22,16.19,16.3,15.73,15.8,4774,10892000.0,3.54,-1.99,-0.32,1.99
2215,2001-05-23,15.8,15.83,15.12,15.47,7964,17655000.0,4.49,-2.09,-0.33,3.32
2216,2001-05-24,15.58,15.62,15.23,15.49,4341,9619000.0,2.52,0.13,0.02,1.81
2217,2001-05-25,15.51,15.51,14.9,14.96,4769,10386000.0,3.94,-3.42,-0.53,1.99
2218,2001-05-28,14.82,14.82,14.3,14.39,7878,16518000.0,3.48,-3.81,-0.57,3.28
2219,2001-05-29,14.18,14.8,14.15,14.48,4057,8476000.0,4.52,0.63,0.09,1.69
2220,2001-05-30,14.51,15.65,14.19,15.6,9042,19953000.0,10.08,7.73,1.12,3.77
2221,2001-05-31,15.82,15.89,15.48,15.75,6614,14932000.0,2.63,0.96,0.15,2.76
2222,2001-06-01,15.83,16.26,15.26,15.44,6305,14416000.0,6.35,-1.97,-0.31,2.63
2223,2001-06-04,15.48,15.69,15.26,15.53,3268,7304000.0,2.78,0.58,0.09,1.36
2224,2001-06-05,15.58,15.8,15.27,15.5,3268,7292000.0,3.41,-0.19,-0.03,1.36
2225,2001-06-06,15.62,16.19,15.59,15.91,7827,17897000.0,3.87,2.65,0.41,3.26
2226,2001-06-07,16.05,16.15,15.48,15.48,3569,8061000.0,4.21,-2.7,-0.43,1.49
2227,2001-06-08,15.73,15.73,15.4,15.59,2360,5292000.0,2.13,0.71,0.11,0.98
2228,2001-06-11,15.82,15.87,15.03,15.27,2945,6513000.0,5.39,-2.05,-0.32,1.23
2229,2001-06-12,15.26,15.4,15.05,15.2,2392,5222000.0,2.29,-0.46,-0.07,1.0
2230,2001-06-13,15.51,15.51,14.83,15.19,4034,8730000.0,4.47,-0.07,-0.01,1.68
2231,2001-06-14,15.26,15.33,14.4,14.54,8465,17937000.0,6.12,-4.28,-0.65,3.53
2232,2001-06-15,14.4,14.69,14.26,14.52,3248,6788000.0,2.96,-0.14,-0.02,1.35
2233,2001-06-18,14.55,14.62,13.26,13.48,8399,16621000.0,9.37,-7.16,-1.04,3.5
2234,2001-06-19,13.48,13.56,13.3,13.44,3051,5922000.0,1.93,-0.3,-0.04,1.27
2235,2001-06-20,13.55,13.94,13.45,13.55,2669,5302000.0,3.65,0.82,0.11,1.11
2236,2001-06-21,13.58,13.8,13.41,13.69,1799,3529000.0,2.88,1.03,0.14,0.75
2237,2001-06-22,13.69,13.73,13.53,13.69,2184,4311000.0,1.46,0.0,0.0,0.91
2238,2001-06-25,13.69,13.69,13.44,13.54,2437,4778000.0,1.83,-1.1,-0.15,1.02
2239,2001-06-26,13.54,14.03,13.54,13.87,3740,7505000.0,3.62,2.44,0.33,1.56
2240,2001-06-27,13.9,14.13,13.76,13.8,2617,5247000.0,2.67,-0.5,-0.07,1.09
2241,2001-06-28,13.8,13.98,13.48,13.51,2236,4417000.0,3.62,-2.1,-0.29,0.93
2242,2001-06-29,13.4,13.68,13.26,13.4,2162,4201000.0,3.11,-0.81,-0.11,0.9
2243,2001-07-02,13.6,13.6,13.35,13.36,1148,2238000.0,1.87,-0.3,-0.04,0.48
2244,2001-07-03,13.73,13.73,13.37,13.63,989,1938000.0,2.69,2.02,0.27,0.41
2245,2001-07-04,13.9,13.9,13.55,13.55,624,1231000.0,2.57,-0.59,-0.08,0.26
2246,2001-07-05,13.53,13.53,13.3,13.3,1126,2180000.0,1.7,-1.85,-0.25,0.47
2247,2001-07-06,13.3,13.66,13.3,13.37,676,1314000.0,2.71,0.53,0.07,0.28
2248,2001-07-09,13.37,13.37,12.87,12.94,1822,3444000.0,3.74,-3.22,-0.43,0.76
2249,2001-07-10,12.98,13.33,12.98,13.11,1100,2079000.0,2.7,1.31,0.17,0.46
2250,2001-07-11,13.15,13.23,12.85,12.89,1048,1967000.0,2.9,-1.68,-0.22,0.44
2251,2001-07-12,12.87,12.87,12.54,12.57,2881,5265000.0,2.56,-2.48,-0.32,1.2
2252,2001-07-13,12.58,12.75,12.38,12.4,1877,3406348.0,2.94,-1.35,-0.17,0.78
2253,2001-07-16,12.4,12.58,12.12,12.16,2314,4127000.0,3.71,-1.94,-0.24,0.96
2254,2001-07-17,12.18,12.82,12.02,12.78,3340,6037000.0,6.58,5.1,0.62,1.39
2255,2001-07-18,12.75,13.01,12.62,12.78,2040,3788000.0,3.05,0.0,0.0,0.85
2256,2001-07-19,12.78,12.89,12.65,12.88,943,1740000.0,1.88,0.78,0.1,0.39
2257,2001-07-20,12.94,13.14,12.94,13.08,2372,4479000.0,1.55,1.55,0.2,0.99
2258,2001-07-23,13.2,13.23,12.98,13.15,1372,2600000.0,1.91,0.54,0.07,0.57
2259,2001-07-24,13.15,13.3,12.98,12.98,1980,3761000.0,2.43,-1.29,-0.17,0.83
2260,2001-07-25,12.9,13.52,12.9,13.13,2236,4288000.0,4.78,1.16,0.15,0.93
2261,2001-07-26,13.19,14.32,13.15,13.76,11416,22827000.0,8.91,4.8,0.63,4.76
2262,2001-07-27,13.69,13.76,13.21,13.37,3268,6345000.0,4.0,-2.83,-0.39,1.36
2263,2001-07-30,13.55,13.55,12.04,12.04,3539,6496000.0,11.29,-9.95,-1.33,1.47
2264,2001-07-31,12.04,12.6,12.03,12.3,2763,4930000.0,4.73,2.16,0.26,1.15
2265,2001-08-01,12.76,12.76,12.33,12.76,1627,2974000.0,3.5,3.74,0.46,0.68
2266,2001-08-02,12.76,12.89,12.19,12.55,1392,2518000.0,5.49,-1.65,-0.21,0.58
2267,2001-08-03,12.55,12.75,12.43,12.53,968,1758000.0,2.55,-0.16,-0.02,0.4
2268,2001-08-06,12.4,12.55,12.19,12.19,1568,2797000.0,2.87,-2.71,-0.34,0.65
2269,2001-08-07,12.19,12.4,12.1,12.3,1247,2216000.0,2.46,0.9,0.11,0.52
2270,2001-08-08,12.3,12.4,12.05,12.4,668,1189000.0,2.85,0.81,0.1,0.28
2271,2001-08-09,12.3,12.69,12.3,12.68,1155,2105000.0,3.15,2.26,0.28,0.48
2272,2001-08-10,12.69,12.98,12.69,12.93,1971,3679000.0,2.29,1.97,0.25,0.82
2273,2001-08-13,13.11,13.38,12.89,13.19,2039,3878000.0,3.79,2.01,0.26,0.85
2274,2001-08-14,13.12,13.28,12.8,12.98,1558,2936000.0,3.64,-1.59,-0.21,0.65
2275,2001-08-15,13.01,13.37,13.0,13.19,1961,3754000.0,2.85,1.62,0.21,0.82
2276,2001-08-16,13.19,13.2,12.8,12.94,1006,1900000.0,3.03,-1.9,-0.25,0.42
2277,2001-08-17,12.93,13.11,12.83,12.94,846,1587000.0,2.16,0.0,0.0,0.35
2278,2001-08-20,12.98,13.23,12.93,12.98,814,1544000.0,2.32,0.31,0.04,0.34
2279,2001-08-21,13.26,13.58,13.13,13.58,5664,11001000.0,3.47,4.62,0.6,2.36
2280,2001-08-22,13.59,13.61,13.05,13.38,3069,5910000.0,4.12,-1.47,-0.2,1.28
2281,2001-08-23,13.09,13.48,13.05,13.4,1588,3049000.0,3.21,0.15,0.02,0.66
2282,2001-08-24,13.46,13.46,13.18,13.22,1152,2209000.0,2.09,-1.34,-0.18,0.48
2283,2001-08-27,13.12,13.12,12.68,12.83,2153,3999000.0,3.33,-2.95,-0.39,0.9
2284,2001-08-28,12.7,12.89,12.33,12.88,1800,3284000.0,4.36,0.39,0.05,0.75
2285,2001-08-29,12.87,13.05,12.86,12.95,936,1759000.0,1.48,0.54,0.07,0.39
2286,2001-08-30,12.68,13.03,12.68,12.82,237,441000.0,2.7,-1.0,-0.13,0.1
2287,2001-08-31,12.82,12.97,12.69,12.69,281,521000.0,2.18,-1.01,-0.13,0.12
2288,2001-09-03,12.62,12.86,12.48,12.54,622,1141000.0,2.99,-1.18,-0.15,0.26
2289,2001-09-04,12.54,12.91,12.53,12.91,1107,2039000.0,3.03,2.95,0.37,0.46
2290,2001-09-05,12.98,13.42,12.98,13.12,1910,3663000.0,3.41,1.63,0.21,0.8
2291,2001-09-06,12.9,13.24,12.9,12.95,785,1479000.0,2.59,-1.3,-0.17,0.33
2292,2001-09-07,12.95,13.11,12.63,12.63,891,1655000.0,3.71,-2.47,-0.32,0.37
2293,2001-09-10,12.4,13.07,12.4,12.96,1145,2126000.0,5.3,2.61,0.33,0.48
2294,2001-09-11,13.1,13.1,12.85,12.95,589,1106000.0,1.93,-0.08,-0.01,0.25
2295,2001-09-12,12.53,12.75,12.4,12.6,2111,3850000.0,2.7,-2.7,-0.35,0.88
2296,2001-09-13,12.63,12.78,12.55,12.56,525,964000.0,1.83,-0.32,-0.04,0.22
2297,2001-09-14,12.69,12.69,12.35,12.35,1852,3336000.0,2.71,-1.67,-0.21,0.77
2298,2001-09-17,12.3,12.37,11.33,11.51,3680,6319000.0,8.42,-6.8,-0.84,1.53
2299,2001-09-18,11.39,11.88,11.2,11.53,2046,3405000.0,5.91,0.17,0.02,0.85
2300,2001-09-19,11.58,11.8,11.46,11.69,714,1204000.0,2.95,1.39,0.16,0.3
2301,2001-09-20,11.67,11.97,11.6,11.69,1161,1983000.0,3.17,0.0,0.0,0.48
2302,2001-09-21,11.73,11.73,11.53,11.55,366,616000.0,1.71,-1.2,-0.14,0.15
2303,2001-09-24,11.53,11.6,11.3,11.48,481,798000.0,2.6,-0.61,-0.07,0.2
2304,2001-09-25,11.48,11.69,11.4,11.45,319,533000.0,2.53,-0.26,-0.03,0.13
2305,2001-09-26,11.55,11.55,11.26,11.37,446,736000.0,2.53,-0.7,-0.08,0.19
2306,2001-09-27,11.33,11.4,11.03,11.32,509,832000.0,3.25,-0.44,-0.05,0.21
2307,2001-09-28,11.53,11.55,11.2,11.46,522,867000.0,3.09,1.24,0.14,0.22
2308,2001-10-08,11.33,11.46,11.07,11.08,505,821000.0,3.4,-3.32,-0.38,0.21
2309,2001-10-09,11.08,11.25,11.05,11.2,354,578000.0,1.81,1.08,0.12,0.15
2310,2001-10-10,11.05,11.08,10.55,10.58,786,1234000.0,4.73,-5.54,-0.62,0.33
2311,2001-10-11,10.62,10.69,9.78,9.9,2010,2930000.0,8.6,-6.43,-0.68,0.84
2312,2001-10-12,9.9,10.26,9.12,10.17,2473,3567000.0,11.52,2.73,0.27,1.03
2313,2001-10-15,10.16,10.85,10.01,10.58,1953,2987000.0,8.26,4.03,0.41,0.81
2314,2001-10-16,10.54,10.54,9.91,10.12,562,842000.0,5.95,-4.35,-0.46,0.23
2315,2001-10-17,9.92,10.22,9.9,10.08,422,617000.0,3.16,-0.4,-0.04,0.18
2316,2001-10-18,9.89,9.98,9.56,9.62,745,1060000.0,4.17,-4.56,-0.46,0.31
2317,2001-10-19,9.55,9.57,9.19,9.3,1796,2450000.0,3.95,-3.33,-0.32,0.75
2318,2001-10-22,9.19,9.48,8.98,9.01,1281,1744000.0,5.38,-3.12,-0.29,0.53
2319,2001-10-23,9.95,9.96,9.55,9.96,3383,4917000.0,4.55,10.54,0.95,1.41
2320,2001-10-24,10.65,10.8,10.28,10.62,5262,8111000.0,5.22,6.63,0.66,2.19
2321,2001-10-25,10.33,10.48,10.27,10.41,1484,2247000.0,1.98,-1.98,-0.21,0.62
2322,2001-10-26,10.32,10.68,10.19,10.48,1791,2723000.0,4.71,0.67,0.07,0.75
2323,2001-10-29,10.4,11.1,10.4,10.83,3151,4994000.0,6.68,3.34,0.35,1.31
2324,2001-10-30,10.76,11.05,10.68,10.7,878,1393000.0,3.42,-1.2,-0.13,0.37
2325,2001-10-31,10.6,10.77,10.46,10.76,659,1016000.0,2.9,0.56,0.06,0.27
2326,2001-11-01,10.7,11.03,10.69,10.94,1077,1715000.0,3.16,1.67,0.18,0.45
2327,2001-11-02,10.77,10.95,10.7,10.83,436,686000.0,2.29,-1.01,-0.11,0.18
2328,2001-11-05,10.76,10.8,10.62,10.68,636,992000.0,1.66,-1.39,-0.15,0.27
2329,2001-11-06,10.62,10.87,10.48,10.49,497,773000.0,3.65,-1.78,-0.19,0.21
2330,2001-11-07,10.55,10.69,10.01,10.01,1598,2433000.0,6.48,-4.58,-0.48,0.67
2331,2001-11-08,9.87,10.05,9.4,9.98,698,1003000.0,6.49,-0.3,-0.03,0.29
2332,2001-11-09,9.78,10.25,9.78,10.05,392,580000.0,4.71,0.7,0.07,0.16
2333,2001-11-12,10.19,10.4,10.05,10.12,363,543000.0,3.48,0.7,0.07,0.15
2334,2001-11-13,10.05,10.23,10.05,10.05,263,390000.0,1.78,-0.69,-0.07,0.11
2335,2001-11-14,10.05,10.46,10.05,10.15,395,593000.0,4.08,1.0,0.1,0.16
2336,2001-11-15,10.28,10.3,10.05,10.27,275,411000.0,2.46,1.18,0.12,0.11
2337,2001-11-16,10.4,10.9,10.4,10.57,2214,3442000.0,4.87,2.92,0.3,0.92
2338,2001-11-19,10.69,11.12,10.58,11.11,2214,3442927.0,5.11,5.11,0.54,0.92
2339,2001-11-20,11.12,11.23,10.98,11.12,5126,8199885.0,2.25,0.09,0.01,2.14
2340,2001-11-21,11.15,11.15,10.99,11.1,1863,3001449.0,1.44,-0.18,-0.02,0.78
2341,2001-11-22,11.05,11.12,10.87,10.98,1729,2768000.0,2.25,-1.08,-0.12,0.72
2342,2001-11-23,10.98,11.1,10.91,10.95,1460,2335000.0,1.73,-0.27,-0.03,0.61
2343,2001-11-26,10.98,11.3,10.98,11.19,2713,4420000.0,2.92,2.19,0.24,1.13
2344,2001-11-27,11.26,11.26,11.05,11.15,774,1253000.0,1.88,-0.36,-0.04,0.32
2345,2001-11-28,11.19,11.26,11.05,11.15,1729,2816000.0,1.88,0.0,0.0,0.72
2346,2001-11-29,11.15,11.62,11.12,11.3,3660,6064000.0,4.48,1.35,0.15,1.53
2347,2001-11-30,11.33,11.37,11.16,11.36,1865,3054000.0,1.86,0.53,0.06,0.78
2348,2001-12-03,11.4,11.44,11.21,11.33,1727,2855000.0,2.02,-0.26,-0.03,0.72
2349,2001-12-04,11.27,11.39,11.18,11.33,1643,2698000.0,1.85,0.0,0.0,0.68
2350,2001-12-05,11.44,11.44,11.03,11.03,1686,2760123.0,3.62,-2.65,-0.3,0.7
2351,2001-12-06,10.98,11.18,10.98,11.1,1235,1987811.0,1.81,0.63,0.07,0.51
2352,2001-12-07,11.12,11.14,10.89,10.94,1960,3133896.0,2.25,-1.44,-0.16,0.82
2353,2001-12-10,10.89,11.09,10.89,10.99,984,1571439.0,1.83,0.46,0.05,0.41
2354,2001-12-11,11.05,11.06,10.87,10.88,800,1274742.0,1.73,-1.0,-0.11,0.33
2355,2001-12-12,10.88,10.89,10.66,10.69,1069,1681363.0,2.11,-1.75,-0.19,0.45
2356,2001-12-13,10.75,10.75,10.43,10.48,1154,1788962.0,2.99,-1.96,-0.21,0.48
2357,2001-12-14,10.4,10.68,10.32,10.4,504,768688.0,3.44,-0.76,-0.08,0.21
2358,2001-12-17,10.34,10.51,10.34,10.43,515,783819.0,1.63,0.29,0.03,0.21
2359,2001-12-19,10.68,10.8,10.4,10.4,907,1398949.0,3.84,-0.29,-0.03,0.38
2360,2001-12-20,10.37,10.73,10.12,10.13,1264,1913801.0,5.87,-2.6,-0.27,0.53
2361,2001-12-21,10.1,10.35,9.98,10.25,919,1374285.0,3.65,1.18,0.12,0.38
2362,2001-12-24,10.37,10.37,9.9,9.95,408,603209.0,4.59,-2.93,-0.3,0.17
2363,2001-12-25,10.12,10.19,9.87,10.03,680,991270.0,3.22,0.8,0.08,0.28
2364,2001-12-26,9.91,10.12,9.69,9.9,1297,1881972.0,4.29,-1.3,-0.13,0.54
2365,2001-12-27,10.01,10.01,9.78,9.82,1564,2271058.0,2.32,-0.81,-0.08,0.65
2366,2001-12-28,9.83,9.96,9.48,9.79,1673,2372336.0,4.89,-0.31,-0.03,0.7
2367,2001-12-31,9.78,9.98,9.62,9.97,3204,4645411.0,3.68,1.84,0.18,1.34
2368,2002-01-04,9.95,10.01,9.55,9.68,1382,1951424.0,4.61,-2.91,-0.29,0.58
2369,2002-01-07,9.51,9.66,9.48,9.56,622,872121.0,1.86,-1.24,-0.12,0.26
2370,2002-01-08,9.51,9.88,9.51,9.66,1037,1480645.0,3.87,1.05,0.1,0.43
2371,2002-01-09,9.58,9.68,9.47,9.56,2150,3018163.0,2.17,-1.04,-0.1,0.9
2372,2002-01-10,9.45,9.65,9.34,9.62,1646,2292361.0,3.24,0.63,0.06,0.69
2373,2002-01-11,9.62,9.75,9.45,9.75,4250,6031432.0,3.12,1.35,0.13,1.77
2374,2002-01-14,9.68,10.05,9.58,9.97,10033,14533867.0,4.82,2.26,0.22,4.18
2375,2002-01-15,9.89,10.04,9.77,9.9,3332,4824541.0,2.71,-0.7,-0.07,1.39
2376,2002-01-16,9.88,10.15,9.78,10.12,3481,5084016.0,3.74,2.22,0.22,1.45
2377,2002-01-17,10.04,10.18,9.06,9.07,4251,6012186.0,11.07,-10.38,-1.05,1.77
2378,2002-01-18,8.69,8.83,8.12,8.25,4511,5626079.0,7.83,-9.04,-0.82,1.88
2379,2002-01-21,8.12,8.12,7.38,7.38,4025,4533977.0,8.97,-10.55,-0.87,1.68
2380,2002-01-22,7.6,7.6,7.1,7.13,2897,3152053.0,6.78,-3.39,-0.25,1.21
2381,2002-01-23,7.15,7.55,6.39,7.53,6956,7090986.0,16.27,5.61,0.4,2.9
2382,2002-01-24,7.37,8.1,7.0,7.79,8469,9549487.0,14.61,3.45,0.26,3.53
2383,2002-01-25,7.62,7.9,7.51,7.78,3946,4501731.0,5.01,-0.13,-0.01,1.65
2384,2002-01-28,7.98,8.6,7.98,8.6,25614,32372994.0,7.97,10.54,0.82,10.68
2385,2002-01-29,8.7,8.8,8.23,8.7,14902,18701711.0,6.63,1.16,0.1,6.21
2386,2002-01-30,8.68,9.0,8.45,8.7,13237,16962100.0,6.32,0.0,0.0,5.52
2387,2002-01-31,8.69,9.33,8.6,9.08,20089,26566145.0,8.39,4.37,0.38,8.38
2388,2002-02-01,9.02,9.15,8.83,8.89,9037,11886355.0,3.52,-2.09,-0.19,3.77
2389,2002-02-04,8.9,9.03,8.76,8.93,4887,6397145.0,3.04,0.45,0.04,2.04
2390,2002-02-05,8.93,8.93,8.69,8.78,4305,5574820.0,2.69,-1.68,-0.15,1.8
2391,2002-02-06,8.8,9.4,8.76,9.0,8405,11288343.0,7.29,2.51,0.22,3.5
2392,2002-02-07,9.0,9.15,8.9,9.09,4336,5762868.0,2.78,1.0,0.09,1.81
2393,2002-02-08,9.19,9.28,8.97,8.98,3024,4026853.0,3.41,-1.21,-0.11,1.26
2394,2002-02-25,9.26,9.3,9.05,9.15,3706,4980603.0,2.78,1.89,0.17,1.55
2395,2002-02-26,9.18,9.55,9.09,9.33,5627,7717944.0,5.03,1.97,0.18,2.35
2396,2002-02-27,9.33,9.4,9.22,9.25,1930,2632016.0,1.93,-0.86,-0.08,0.8
2397,2002-02-28,9.26,9.32,9.01,9.05,2468,3313838.0,3.35,-2.16,-0.2,1.03
2398,2002-03-01,9.01,9.23,8.9,8.98,2203,2934705.0,3.65,-0.77,-0.07,0.92
2399,2002-03-04,8.9,9.12,8.9,9.11,1592,2113055.0,2.45,1.45,0.13,0.66
2400,2002-03-05,9.08,9.48,9.08,9.34,4356,5961827.0,4.39,2.52,0.23,1.82
2401,2002-03-06,9.44,10.12,9.4,9.63,12735,18300259.0,7.71,3.1,0.29,5.31
2402,2002-03-07,9.65,9.89,9.59,9.88,5251,7445878.0,3.12,2.6,0.25,2.19
2403,2002-03-08,9.9,10.1,9.66,10.05,9119,13145123.0,4.45,1.72,0.17,3.8
2404,2002-03-11,9.96,10.04,9.84,10.0,8809,12796583.0,1.99,-0.5,-0.05,3.67
2405,2002-03-12,10.03,10.33,9.9,10.18,12055,17843146.0,4.3,1.8,0.18,5.03
2406,2002-03-13,10.19,10.25,9.76,9.78,4529,6646638.0,4.81,-3.93,-0.4,1.89
2407,2002-03-14,9.9,10.33,9.67,10.3,7032,10368631.0,6.75,5.32,0.52,2.93
2408,2002-03-15,10.33,10.48,9.76,9.78,7185,10733688.0,6.99,-5.05,-0.52,3.0
2409,2002-03-18,9.89,10.15,9.75,9.82,2929,4249492.0,4.09,0.41,0.04,1.22
2410,2002-03-19,9.76,10.12,9.76,10.05,2877,4190296.0,3.67,2.34,0.23,1.2
2411,2002-03-20,10.08,10.32,10.01,10.18,4348,6450583.0,3.08,1.29,0.13,1.81
2412,2002-03-21,10.32,10.32,9.99,10.06,2849,4206795.0,3.24,-1.18,-0.12,1.19
2413,2002-03-22,10.03,10.15,9.84,9.88,2530,3679298.0,3.08,-1.79,-0.18,1.05
2414,2002-03-25,9.9,10.01,9.82,9.93,1384,2005168.0,1.92,0.51,0.05,0.58
2415,2002-03-26,9.93,9.93,9.68,9.75,2426,3472993.0,2.52,-1.81,-0.18,1.01
2416,2002-03-27,9.73,9.8,9.55,9.7,2167,3070848.0,2.56,-0.51,-0.05,0.9
2417,2002-03-28,9.8,9.9,9.68,9.7,1396,2005844.0,2.27,0.0,0.0,0.58
2418,2002-03-29,9.71,9.71,9.23,9.27,3532,4886459.0,4.95,-4.43,-0.43,1.47
2419,2002-04-01,9.26,9.33,9.07,9.18,2078,2800415.0,2.8,-0.97,-0.09,0.87
2420,2002-04-02,9.19,9.55,9.07,9.21,2077,2828969.0,5.23,0.33,0.03,0.87
2421,2002-04-03,9.21,9.33,9.13,9.2,1190,1609901.0,2.17,-0.11,-0.01,0.5
2422,2002-04-04,9.2,9.6,9.07,9.6,3146,4340606.0,5.76,4.35,0.4,1.31
2423,2002-04-05,9.76,9.76,9.4,9.43,2235,3148337.0,3.75,-1.77,-0.17,0.93
2424,2002-04-08,9.44,9.6,9.28,9.53,1712,2368610.0,3.39,1.06,0.1,0.71
2425,2002-04-09,9.48,10.13,9.48,10.03,6606,9578728.0,6.82,5.25,0.5,2.75
2426,2002-04-10,10.03,10.39,9.94,10.12,10305,15383098.0,4.49,0.9,0.09,4.3
2427,2002-04-11,10.1,10.3,9.98,9.98,5911,8783868.0,3.16,-1.38,-0.14,2.46
2428,2002-04-12,9.98,10.13,9.94,9.98,2199,3220970.0,1.9,0.0,0.0,0.92
2429,2002-04-15,10.06,10.12,9.78,9.84,1754,2536309.0,3.41,-1.4,-0.14,0.73
2430,2002-04-16,9.84,9.9,9.76,9.77,1067,1532793.0,1.42,-0.71,-0.07,0.44
2431,2002-04-17,9.68,9.92,9.68,9.82,1164,1663869.0,2.46,0.51,0.05,0.49
2432,2002-04-18,9.73,9.83,9.55,9.56,1681,2375004.0,2.85,-2.65,-0.26,0.7
2433,2002-04-19,9.53,9.68,9.44,9.67,2096,2924874.0,2.51,1.15,0.11,0.87
2434,2002-04-22,9.66,9.76,9.48,9.6,875,1237782.0,2.9,-0.72,-0.07,0.36
2435,2002-04-23,9.83,9.83,9.58,9.68,459,647582.0,2.6,0.83,0.08,0.19
2436,2002-04-24,9.69,9.83,9.55,9.6,1174,1659618.0,2.89,-0.83,-0.08,0.49
2437,2002-04-25,9.73,9.73,9.55,9.71,1059,1500190.0,1.88,1.15,0.11,0.44
2438,2002-04-26,9.7,10.58,9.7,10.25,11770,17652216.0,9.06,5.56,0.54,4.91
2439,2002-04-30,11.31,11.32,11.09,11.32,55062,90690357.0,2.24,10.44,1.07,22.96
2440,2002-05-08,11.1,11.1,10.48,10.54,22486,35234897.0,5.48,-6.89,-0.78,9.38
2441,2002-05-09,10.55,10.76,10.48,10.52,8183,12661694.0,2.66,-0.19,-0.02,3.41
2442,2002-05-10,10.46,10.5,10.23,10.26,6358,9558581.0,2.57,-2.47,-0.26,2.65
2443,2002-05-13,10.23,10.54,10.19,10.48,4947,7500062.0,3.41,2.14,0.22,2.06
2444,2002-05-14,10.44,10.44,10.07,10.15,4436,6661122.0,3.53,-3.15,-0.33,1.85
2445,2002-05-15,10.07,10.18,9.92,9.92,4255,6241153.0,2.56,-2.27,-0.23,1.77
2446,2002-05-16,9.94,9.95,9.44,9.46,5526,7848932.0,5.14,-4.64,-0.46,2.3
2447,2002-05-17,9.4,9.8,9.38,9.62,5600,7866731.0,4.44,1.69,0.16,2.33
2448,2002-05-20,9.6,9.6,9.3,9.45,2691,3706571.0,3.12,-1.77,-0.17,1.12
2449,2002-05-21,9.68,9.89,9.62,9.84,5550,7924370.0,2.86,4.13,0.39,2.31
2450,2002-05-22,9.83,9.83,9.53,9.53,3219,4532976.0,3.05,-3.15,-0.31,1.34
2451,2002-05-23,9.7,9.8,9.62,9.73,1963,2790216.0,1.89,2.1,0.2,0.82
2452,2002-05-24,9.85,9.88,9.65,9.67,1398,1989373.0,2.36,-0.62,-0.06,0.58
2453,2002-05-27,9.85,10.33,9.85,10.15,9149,13505931.0,4.96,4.96,0.48,3.81
2454,2002-05-28,10.08,10.18,9.94,9.98,2571,3777528.0,2.36,-1.67,-0.17,1.07
2455,2002-05-29,9.98,9.98,9.56,9.65,3826,5417763.0,4.21,-3.31,-0.33,1.6
2456,2002-05-30,9.68,9.69,9.42,9.58,1925,2692118.0,2.8,-0.73,-0.07,0.8
2457,2002-05-31,9.58,9.71,9.46,9.51,1335,1867675.0,2.61,-0.73,-0.07,0.56
2458,2002-06-03,9.4,9.4,9.05,9.07,3217,4361008.0,3.68,-4.63,-0.44,1.34
2459,2002-06-04,9.12,9.25,8.92,9.09,1623,2176138.0,3.64,0.22,0.02,0.68
2460,2002-06-05,9.09,9.1,8.83,8.83,1892,2473366.0,2.97,-2.86,-0.26,0.79
2461,2002-06-06,8.76,9.44,8.75,9.28,2679,3571833.0,7.81,5.1,0.45,1.12
2462,2002-06-07,9.23,9.44,9.19,9.31,2286,3134350.0,2.69,0.32,0.03,0.95
2463,2002-06-10,9.25,9.28,9.08,9.11,1210,1628634.0,2.15,-2.15,-0.2,0.5
2464,2002-06-11,9.17,9.55,9.17,9.4,2778,3848051.0,4.17,3.18,0.29,1.16
2465,2002-06-12,9.39,9.4,9.19,9.28,1044,1419190.0,2.23,-1.28,-0.12,0.44
2466,2002-06-13,9.32,9.32,9.15,9.15,676,915027.0,1.83,-1.4,-0.13,0.28
2467,2002-06-14,9.13,9.31,9.02,9.03,773,1033982.0,3.17,-1.31,-0.12,0.32
2468,2002-06-17,8.98,9.11,8.94,9.07,280,371910.0,1.88,0.44,0.04,0.12
2469,2002-06-18,9.15,9.4,9.13,9.28,992,1352836.0,2.98,2.32,0.21,0.41
2470,2002-06-19,9.29,9.33,8.94,8.98,767,1030801.0,4.2,-3.23,-0.3,0.32
2471,2002-06-20,9.05,9.25,9.05,9.1,492,660749.0,2.23,1.34,0.12,0.21
2472,2002-06-21,9.16,9.64,9.16,9.55,5825,8116519.0,5.27,4.95,0.45,2.43
2473,2002-06-24,10.55,10.55,10.03,10.55,17284,26234192.0,5.45,10.47,1.0,7.21
2474,2002-06-25,10.46,10.54,10.08,10.17,9667,14580399.0,4.36,-3.6,-0.38,4.03
2475,2002-06-26,10.02,10.3,9.93,10.22,4764,7045842.0,3.64,0.49,0.05,1.99
2476,2002-06-27,10.26,10.3,10.05,10.11,2463,3660000.0,2.45,-1.08,-0.11,1.03
2477,2002-06-28,10.05,10.18,9.83,9.98,4349,6329064.0,3.46,-1.29,-0.13,1.81
2478,2002-07-01,9.98,9.98,9.84,9.92,1490,2159144.0,1.4,-0.6,-0.06,0.62
2479,2002-07-02,9.9,10.16,9.83,10.13,2079,3048218.0,3.33,2.12,0.21,0.87
2480,2002-07-03,10.19,10.19,10.01,10.05,1016,1495138.0,1.78,-0.79,-0.08,0.42
2481,2002-07-04,10.05,10.18,9.94,9.94,2206,3251938.0,2.39,-1.09,-0.11,0.92
2482,2002-07-05,9.9,10.61,9.9,10.19,5839,8718232.0,7.14,2.52,0.25,2.43
2483,2002-07-08,10.25,10.39,10.2,10.28,2865,4306012.0,1.86,0.88,0.09,1.19
2484,2002-07-09,10.28,10.3,10.12,10.18,1608,2390190.0,1.75,-0.97,-0.1,0.67
2485,2002-07-10,10.13,10.19,9.98,9.98,1589,2332372.0,2.06,-1.96,-0.2,0.66
2486,2002-07-11,9.98,10.05,9.92,10.0,1067,1557927.0,1.3,0.2,0.02,0.44
2487,2002-07-12,10.01,10.3,9.9,10.13,2216,3280984.0,4.0,1.3,0.13,0.92
2488,2002-07-15,10.13,10.23,9.98,10.01,1022,1506172.0,2.47,-1.18,-0.12,0.43
2489,2002-07-16,10.03,10.12,9.94,10.01,842,1234070.0,1.8,0.0,0.0,0.35
2490,2002-07-17,10.03,10.15,9.9,10.15,907,1323347.0,2.5,1.4,0.14,0.38
2491,2002-07-18,10.15,10.23,9.98,10.17,1374,2041012.0,2.46,0.2,0.02,0.57
2492,2002-07-19,10.23,10.48,10.22,10.43,10099,15309388.0,2.56,2.56,0.26,4.21
2493,2002-07-22,10.48,10.48,10.06,10.13,4462,6698436.0,4.03,-2.88,-0.3,1.86
2494,2002-07-23,10.08,10.19,10.05,10.11,2234,3308122.0,1.38,-0.2,-0.02,0.93
2495,2002-07-24,10.14,10.32,10.04,10.29,3359,5015059.0,2.77,1.78,0.18,1.4
2496,2002-07-25,10.29,10.38,10.18,10.22,4249,6378809.0,1.94,-0.68,-0.07,1.77
2497,2002-07-26,10.13,10.23,9.97,9.98,2329,3426579.0,2.54,-2.35,-0.24,0.97
2498,2002-07-29,9.95,10.0,9.9,9.98,1730,2515226.0,1.0,0.0,0.0,0.72
2499,2002-07-30,9.98,10.08,9.9,9.97,2044,2978935.0,1.8,-0.1,-0.01,0.85
2500,2002-07-31,9.97,9.98,9.87,9.88,1167,1694461.0,1.1,-0.9,-0.09,0.49
2501,2002-08-01,9.88,9.95,9.77,9.87,887,1279205.0,1.82,-0.1,-0.01,0.37
2502,2002-08-02,9.88,9.93,9.77,9.85,768,1110426.0,1.62,-0.2,-0.02,0.32
2503,2002-08-05,9.83,9.88,9.8,9.88,694,997000.0,0.81,0.3,0.03,0.29
2504,2002-08-06,9.83,10.03,9.83,9.93,588,857235.0,2.02,0.51,0.05,0.25
2505,2002-08-07,10.01,10.01,9.84,9.95,410,593493.0,1.71,0.2,0.02,0.17
2506,2002-08-08,9.78,9.93,9.78,9.8,632,908859.0,1.51,-1.51,-0.15,0.26
2507,2002-08-09,9.8,9.86,9.78,9.78,411,589518.0,0.82,-0.2,-0.02,0.17
2508,2002-08-12,9.73,9.77,9.6,9.6,1044,1479102.0,1.74,-1.84,-0.18,0.44
2509,2002-08-13,9.68,9.82,9.61,9.78,3491,4966936.0,2.19,1.88,0.18,1.46
2510,2002-08-14,9.82,9.83,9.68,9.79,285,405983.0,1.53,0.1,0.01,0.12
2511,2002-08-15,9.78,9.79,9.71,9.74,276,394055.0,0.82,-0.51,-0.05,0.12
2512,2002-08-16,9.8,9.8,9.64,9.73,627,891174.0,1.64,-0.1,-0.01,0.26
2513,2002-08-19,9.8,9.8,9.65,9.65,656,932406.0,1.54,-0.82,-0.08,0.27
2514,2002-08-20,9.65,9.79,9.63,9.76,800,1139510.0,1.66,1.14,0.11,0.33
2515,2002-08-21,9.76,9.81,9.7,9.8,902,1289220.0,1.13,0.41,0.04,0.38
2516,2002-08-22,9.83,10.12,9.83,10.0,3165,4646154.0,2.96,2.04,0.2,1.32
2517,2002-08-23,9.94,9.99,9.84,9.88,722,1049296.0,1.5,-1.2,-0.12,0.3
2518,2002-08-26,9.89,10.18,9.88,10.18,6935,10259124.0,3.04,3.04,0.3,2.89
2519,2002-08-27,10.23,10.44,10.15,10.34,12205,18399109.0,2.85,1.57,0.16,5.09
2520,2002-08-28,10.33,10.4,10.1,10.1,3291,4928000.0,2.9,-2.32,-0.24,1.37
2521,2002-08-29,9.98,10.12,9.98,10.0,1599,2346579.0,1.39,-0.99,-0.1,0.67
2522,2002-08-30,10.02,10.14,9.99,10.0,487,714911.0,1.5,0.0,0.0,0.2
2523,2002-09-02,10.01,10.1,9.95,9.99,719,1051587.0,1.5,-0.1,-0.01,0.3
2524,2002-09-03,10.05,10.13,10.01,10.03,525,772958.0,1.2,0.4,0.04,0.22
2525,2002-09-04,10.11,10.28,9.98,10.05,925,1369375.0,2.99,0.2,0.02,0.39
2526,2002-09-05,10.01,10.12,9.8,9.83,2063,2989060.0,3.18,-2.19,-0.22,0.86
2527,2002-09-06,9.83,9.95,9.77,9.79,1092,1573295.0,1.83,-0.41,-0.04,0.46
2528,2002-09-09,9.77,9.88,9.77,9.79,703,1008790.0,1.12,0.0,0.0,0.29
2529,2002-09-10,9.8,9.9,9.78,9.84,609,875741.0,1.23,0.51,0.05,0.25
2530,2002-09-11,9.85,9.85,9.69,9.78,818,1172387.0,1.63,-0.61,-0.06,0.34
2531,2002-09-12,9.86,9.87,9.77,9.82,441,634433.0,1.02,0.41,0.04,0.18
2532,2002-09-13,9.87,9.87,9.69,9.8,352,502739.0,1.83,-0.2,-0.02,0.15
2533,2002-09-16,9.74,9.76,9.69,9.69,972,1381883.0,0.71,-1.12,-0.11,0.41
2534,2002-09-17,9.68,9.77,9.63,9.68,825,1169692.0,1.44,-0.1,-0.01,0.34
2535,2002-09-18,9.59,9.71,9.51,9.52,1101,1550520.0,2.07,-1.65,-0.16,0.46
2536,2002-09-19,9.52,9.74,9.46,9.73,1267,1778938.0,2.94,2.21,0.21,0.53
2537,2002-09-20,9.67,9.9,9.6,9.65,1865,2683922.0,3.08,-0.82,-0.08,0.78
2538,2002-09-23,9.57,9.71,9.57,9.62,488,688800.0,1.45,-0.31,-0.03,0.2
2539,2002-09-24,9.63,9.69,9.62,9.65,560,791275.0,0.73,0.31,0.03,0.23
2540,2002-09-25,9.63,9.83,9.55,9.69,1371,1952394.0,2.9,0.41,0.04,0.57
2541,2002-09-26,9.58,9.7,9.56,9.61,832,1175892.0,1.44,-0.83,-0.08,0.35
2542,2002-09-27,9.63,9.63,9.42,9.53,852,1191643.0,2.19,-0.83,-0.08,0.36
2543,2002-10-08,9.48,9.64,9.41,9.45,662,918295.0,2.41,-0.84,-0.08,0.28
2544,2002-10-09,9.48,9.48,9.27,9.3,974,1336046.0,2.22,-1.59,-0.15,0.41
2545,2002-10-10,9.33,9.38,9.25,9.26,364,497613.0,1.4,-0.43,-0.04,0.15
2546,2002-10-11,9.29,9.35,9.18,9.19,513,697302.0,1.84,-0.76,-0.07,0.21
2547,2002-10-14,9.19,9.19,8.98,9.19,784,1046949.0,2.29,0.0,0.0,0.33
2548,2002-10-15,9.19,9.19,9.08,9.12,390,523367.0,1.2,-0.76,-0.07,0.16
2549,2002-10-16,9.15,9.28,9.12,9.22,558,754788.0,1.75,1.1,0.1,0.23
2550,2002-10-17,9.24,9.24,8.99,9.03,376,504062.0,2.71,-2.06,-0.19,0.16
2551,2002-10-18,8.94,9.08,8.85,9.01,917,1205596.0,2.55,-0.22,-0.02,0.38
2552,2002-10-21,8.95,8.98,8.87,8.93,920,1207058.0,1.22,-0.89,-0.08,0.38
2553,2002-10-22,8.93,9.18,8.9,9.13,1264,1680960.0,3.14,2.24,0.2,0.53
2554,2002-10-23,9.25,9.25,8.98,9.12,736,979528.0,2.96,-0.11,-0.01,0.31
2555,2002-10-24,9.1,9.31,9.1,9.13,1210,1630432.0,2.3,0.11,0.01,0.5
2556,2002-10-25,9.19,9.2,8.94,8.96,887,1175214.0,2.85,-1.86,-0.17,0.37
2557,2002-10-28,8.96,8.96,8.83,8.9,927,1210481.0,1.45,-0.67,-0.06,0.39
2558,2002-10-29,8.88,8.95,8.65,8.9,1141,1473395.0,3.37,0.0,0.0,0.48
2559,2002-10-30,8.89,8.9,8.73,8.75,662,856723.0,1.91,-1.69,-0.15,0.28
2560,2002-10-31,8.76,8.83,8.75,8.83,378,488413.0,0.91,0.91,0.08,0.16
2561,2002-11-01,8.87,8.94,8.7,8.8,482,621416.0,2.72,-0.34,-0.03,0.2
2562,2002-11-04,8.9,8.95,8.8,8.94,764,996712.0,1.7,1.59,0.14,0.32
2563,2002-11-05,8.94,9.15,8.94,9.13,1416,1890028.0,2.35,2.13,0.19,0.59
2564,2002-11-06,9.13,9.18,9.05,9.13,876,1171813.0,1.42,0.0,0.0,0.37
2565,2002-11-07,9.12,9.15,8.98,8.99,774,1032205.0,1.86,-1.53,-0.14,0.32
2566,2002-11-08,9.04,9.15,8.71,8.71,1469,1913286.0,4.89,-3.11,-0.28,0.61
2567,2002-11-11,8.69,8.78,8.65,8.66,622,796372.0,1.49,-0.57,-0.05,0.26
2568,2002-11-12,8.75,8.75,8.35,8.37,1170,1461293.0,4.62,-3.35,-0.29,0.49
2569,2002-11-13,8.37,8.37,8.08,8.24,1365,1648060.0,3.46,-1.55,-0.13,0.57
2570,2002-11-14,8.18,8.23,7.91,7.92,880,1049763.0,3.88,-3.88,-0.32,0.37
2571,2002-11-15,7.89,8.12,7.76,7.97,1118,1317755.0,4.55,0.63,0.05,0.47
2572,2002-11-18,8.08,8.1,7.83,7.86,709,830638.0,3.39,-1.38,-0.11,0.3
2573,2002-11-19,8.0,8.4,7.99,8.1,2686,3220674.0,5.22,3.05,0.24,1.12
2574,2002-11-20,8.05,8.05,7.92,7.95,2282,2697885.0,1.6,-1.85,-0.15,0.95
2575,2002-11-21,7.78,7.98,7.78,7.9,1562,1832497.0,2.52,-0.63,-0.05,0.65
2576,2002-11-22,7.89,8.33,7.89,8.13,4418,5351048.0,5.57,2.91,0.23,1.84
2577,2002-11-25,8.1,8.26,7.96,8.15,1032,1239497.0,3.69,0.25,0.02,0.43
2578,2002-11-26,8.12,8.22,7.84,7.97,1322,1561011.0,4.66,-2.21,-0.18,0.55
2579,2002-11-27,7.88,8.08,7.85,8.08,1156,1363364.0,2.89,1.38,0.11,0.48
2580,2002-11-28,8.25,8.26,8.05,8.2,1871,2252871.0,2.6,1.49,0.12,0.78
2581,2002-11-29,8.2,8.51,8.12,8.33,6256,7692710.0,4.76,1.59,0.13,2.61
2582,2002-12-02,8.22,8.3,8.06,8.07,2262,2734411.0,2.88,-3.12,-0.26,0.94
2583,2002-12-03,8.39,8.39,8.01,8.18,1323,1593438.0,4.71,1.36,0.11,0.55
2584,2002-12-04,8.27,8.38,8.08,8.15,2338,2847603.0,3.67,-0.37,-0.03,0.97
2585,2002-12-05,8.13,8.13,7.94,8.04,1183,1403607.0,2.33,-1.35,-0.11,0.49
2586,2002-12-06,8.0,8.26,7.98,8.05,1006,1208933.0,3.48,0.12,0.01,0.42
2587,2002-12-09,8.05,8.16,7.98,8.05,410,489946.0,2.24,0.0,0.0,0.17
2588,2002-12-10,8.1,8.21,7.9,8.03,1242,1476919.0,3.85,-0.25,-0.02,0.52
2589,2002-12-11,7.98,8.14,7.93,8.05,705,835452.0,2.62,0.25,0.02,0.29
2590,2002-12-12,8.05,8.19,8.05,8.09,879,1054703.0,1.74,0.5,0.04,0.37
2591,2002-12-13,7.96,8.18,7.96,8.13,665,794243.0,2.72,0.49,0.04,0.28
2592,2002-12-16,8.15,8.2,8.1,8.16,763,919223.0,1.23,0.37,0.03,0.32
2593,2002-12-17,8.19,8.21,8.11,8.2,1138,1371756.0,1.23,0.49,0.04,0.47
2594,2002-12-18,8.23,8.58,8.19,8.33,5296,6585169.0,4.76,1.59,0.13,2.21
2595,2002-12-19,8.26,8.35,8.16,8.26,1420,1725221.0,2.28,-0.84,-0.07,0.59
2596,2002-12-20,8.35,8.39,8.21,8.35,1119,1369706.0,2.18,1.09,0.09,0.47
2597,2002-12-23,8.37,8.42,8.35,8.36,1419,1752437.0,0.84,0.12,0.01,0.59
2598,2002-12-24,8.35,8.5,8.3,8.47,1790,2220024.0,2.39,1.32,0.11,0.75
2599,2002-12-25,8.45,8.47,8.37,8.38,1253,1553362.0,1.18,-1.06,-0.09,0.52
2600,2002-12-26,8.4,8.4,8.01,8.01,1947,2359154.0,4.65,-4.42,-0.37,0.81
2601,2002-12-27,7.94,8.08,7.84,7.93,1090,1279774.0,3.0,-1.0,-0.08,0.45
2602,2002-12-30,7.87,7.88,7.7,7.74,1182,1363619.0,2.27,-2.4,-0.19,0.49
2603,2002-12-31,7.41,7.75,7.41,7.53,834,942927.0,4.39,-2.71,-0.21,0.35
2604,2003-01-02,7.53,7.62,7.33,7.34,1513,1664470.0,3.85,-2.52,-0.19,0.63
2605,2003-01-03,7.32,7.4,7.23,7.26,2421,2629886.0,2.32,-1.09,-0.08,1.01
2606,2003-01-06,7.32,7.51,7.27,7.49,1861,2037013.0,3.31,3.17,0.23,0.78
2607,2003-01-07,7.49,7.54,7.34,7.4,1023,1132802.0,2.67,-1.2,-0.09,0.43
2608,2003-01-08,7.46,7.76,7.44,7.62,1338,1505177.0,4.32,2.97,0.22,0.56
2609,2003-01-09,7.65,8.15,7.62,7.98,4221,4915565.0,6.96,4.72,0.36,1.76
2610,2003-01-10,7.93,8.4,7.87,8.08,5908,7109806.0,6.64,1.25,0.1,2.46
2611,2003-01-13,8.0,8.38,7.98,8.23,3820,4661565.0,4.95,1.86,0.15,1.59
2612,2003-01-14,8.23,8.83,8.23,8.53,5648,7082879.0,7.29,3.65,0.3,2.35
2613,2003-01-15,8.62,9.15,8.54,8.62,7966,10308224.0,7.15,1.06,0.09,3.32
2614,2003-01-16,8.62,8.76,8.62,8.7,2291,2928613.0,1.62,0.93,0.08,0.96
2615,2003-01-17,8.76,8.9,8.63,8.66,2384,3060463.0,3.1,-0.46,-0.04,0.99
2616,2003-01-20,8.63,8.63,8.3,8.55,1702,2131498.0,3.81,-1.27,-0.11,0.71
2617,2003-01-21,8.61,8.82,8.49,8.5,2605,3320292.0,3.86,-0.58,-0.05,1.09
2618,2003-01-22,8.44,8.53,8.35,8.47,1268,1579005.0,2.12,-0.35,-0.03,0.53
2619,2003-01-23,8.47,8.65,8.37,8.39,944,1177933.0,3.31,-0.94,-0.08,0.39
2620,2003-01-24,8.33,8.49,8.33,8.47,1520,1884074.0,1.91,0.95,0.08,0.63
2621,2003-01-27,8.55,8.62,8.49,8.58,1354,1707109.0,1.53,1.3,0.11,0.56
2622,2003-01-28,8.58,8.6,8.53,8.55,1117,1408355.0,0.82,-0.35,-0.03,0.47
2623,2003-01-29,8.58,8.75,8.52,8.56,1661,2107363.0,2.69,0.12,0.01,0.69
2624,2003-02-10,8.46,8.46,8.34,8.4,666,823853.0,1.4,-1.87,-0.16,0.28
2625,2003-02-11,8.4,8.49,8.33,8.48,539,668757.0,1.9,0.95,0.08,0.22
2626,2003-02-12,8.48,8.63,8.4,8.63,999,1253720.0,2.71,1.77,0.15,0.42
2627,2003-02-13,8.68,9.25,8.6,8.84,11899,15719338.0,7.53,2.43,0.21,4.96
2628,2003-02-14,8.83,8.96,8.73,8.88,4081,5314083.0,2.6,0.45,0.04,1.7
2629,2003-02-17,8.82,9.03,8.73,8.93,3211,4211373.0,3.38,0.56,0.05,1.34
2630,2003-02-18,8.9,8.91,8.76,8.77,1921,2490550.0,1.68,-1.79,-0.16,0.8
2631,2003-02-19,8.83,8.9,8.74,8.84,1174,1522043.0,1.82,0.8,0.07,0.49
2632,2003-02-20,8.87,8.93,8.77,8.82,1012,1314367.0,1.81,-0.23,-0.02,0.42
2633,2003-02-21,8.82,8.85,8.59,8.67,3596,4603462.0,2.95,-1.7,-0.15,1.5
2634,2003-02-24,8.62,8.75,8.55,8.58,811,1029527.0,2.31,-1.04,-0.09,0.34
2635,2003-02-25,8.58,8.8,8.55,8.77,1179,1514876.0,2.91,2.21,0.19,0.49
2636,2003-02-26,8.82,8.82,8.69,8.78,754,969274.0,1.48,0.11,0.01,0.31
2637,2003-02-27,8.78,8.89,8.7,8.78,1004,1301827.0,2.16,0.0,0.0,0.42
2638,2003-02-28,8.76,8.8,8.64,8.72,1019,1311414.0,1.82,-0.68,-0.06,0.42
2639,2003-03-03,8.73,8.95,8.73,8.93,2005,2624313.0,2.52,2.41,0.21,0.84
2640,2003-03-04,9.01,9.12,8.83,8.93,4506,5965439.0,3.25,0.0,0.0,1.88
2641,2003-03-05,8.84,8.87,8.69,8.75,1553,2001068.0,2.02,-2.02,-0.18,0.65
2642,2003-03-06,8.76,8.9,8.65,8.65,1450,1865880.0,2.86,-1.14,-0.1,0.6
2643,2003-03-07,8.65,8.83,8.65,8.69,1231,1582405.0,2.08,0.46,0.04,0.51
2644,2003-03-10,8.83,8.87,8.68,8.76,2670,3438432.0,2.19,0.81,0.07,1.11
2645,2003-03-11,8.7,8.7,8.44,8.53,1536,1935295.0,2.97,-2.63,-0.23,0.64
2646,2003-03-12,8.53,8.56,8.43,8.53,623,779808.0,1.52,0.0,0.0,0.26
2647,2003-03-13,8.55,8.58,8.48,8.49,532,668859.0,1.17,-0.47,-0.04,0.22
2648,2003-03-14,8.51,8.62,8.48,8.49,646,811649.0,1.65,0.0,0.0,0.27
2649,2003-03-17,8.45,8.45,8.26,8.37,1027,1263466.0,2.24,-1.41,-0.12,0.43
2650,2003-03-18,8.41,8.5,8.35,8.36,428,531005.0,1.79,-0.12,-0.01,0.18
2651,2003-03-19,8.33,8.4,8.26,8.4,400,491625.0,1.67,0.48,0.04,0.17
2652,2003-03-20,8.23,8.49,8.23,8.29,364,446641.0,3.1,-1.31,-0.11,0.15
2653,2003-03-21,8.26,8.35,8.2,8.32,259,317268.0,1.81,0.36,0.03,0.11
2654,2003-03-24,8.34,8.35,8.27,8.33,318,389818.0,0.96,0.12,0.01,0.13
2655,2003-03-25,8.4,8.4,8.23,8.3,269,328747.0,2.04,-0.36,-0.03,0.11
2656,2003-03-26,8.33,8.33,8.13,8.23,356,431046.0,2.41,-0.84,-0.07,0.15
2657,2003-03-27,8.14,8.46,8.12,8.41,745,913438.0,4.13,2.19,0.18,0.31
2658,2003-03-28,8.34,8.38,8.26,8.36,942,1156946.0,1.43,-0.59,-0.05,0.39
2659,2003-03-31,8.4,8.4,8.26,8.37,375,461292.0,1.67,0.12,0.01,0.16
2660,2003-04-01,8.39,8.43,8.25,8.42,860,1062217.0,2.15,0.6,0.05,0.36
2661,2003-04-02,8.37,8.41,8.35,8.39,454,560958.0,0.71,-0.36,-0.03,0.19
2662,2003-04-03,8.39,8.39,8.28,8.29,808,993570.0,1.31,-1.19,-0.1,0.34
2663,2003-04-04,8.29,8.29,8.2,8.2,1030,1252644.0,1.09,-1.09,-0.09,0.43
2664,2003-04-07,8.19,8.26,8.01,8.03,1578,1893263.0,3.05,-2.07,-0.17,0.66
2665,2003-04-08,8.02,8.07,7.91,7.93,1225,1446430.0,1.99,-1.25,-0.1,0.51
2666,2003-04-09,7.93,7.98,7.78,7.93,1883,2191429.0,2.52,0.0,0.0,0.78
2667,2003-04-10,8.05,8.05,7.86,7.97,2036,2385731.0,2.4,0.5,0.04,0.85
2668,2003-04-11,7.94,8.0,7.89,7.97,1939,2277573.0,1.38,0.0,0.0,0.81
2669,2003-04-14,7.96,8.19,7.84,8.15,2864,3421391.0,4.39,2.26,0.18,1.19
2670,2003-04-15,8.15,8.3,8.15,8.25,2031,2468933.0,1.84,1.23,0.1,0.85
2671,2003-04-16,8.25,8.3,7.98,8.0,2481,2983461.0,3.88,-3.03,-0.25,1.03
2672,2003-04-17,8.0,8.12,7.91,8.04,948,1122542.0,2.63,0.5,0.04,0.4
2673,2003-04-18,8.05,8.44,7.76,8.29,3538,4307884.0,8.46,3.11,0.25,1.47
2674,2003-04-21,8.28,8.28,7.95,8.08,1643,1957189.0,3.98,-2.53,-0.21,0.68
2675,2003-04-22,7.95,8.2,7.95,8.08,754,901792.0,3.09,0.0,0.0,0.31
2676,2003-04-23,8.01,8.1,7.95,8.0,905,1070804.0,1.86,-0.99,-0.08,0.38
2677,2003-04-24,7.92,7.94,7.69,7.7,1483,1715534.0,3.13,-3.75,-0.3,0.62
2678,2003-04-25,7.57,7.72,7.48,7.55,926,1041780.0,3.12,-1.95,-0.15,0.39
2679,2003-04-28,7.46,7.52,7.26,7.48,1687,1854897.0,3.44,-0.93,-0.07,0.7
2680,2003-04-30,7.38,7.45,7.26,7.31,1649,1795184.0,2.54,-2.27,-0.17,0.69
2681,2003-05-12,7.31,7.42,7.23,7.25,1352,1472528.0,2.6,-0.82,-0.06,0.56
2682,2003-05-13,7.25,7.26,6.75,7.01,2148,2210856.0,7.03,-3.31,-0.24,0.9
2683,2003-05-14,6.84,7.12,6.84,7.11,1293,1360446.0,3.99,1.43,0.1,0.54
2684,2003-05-15,7.1,7.65,6.98,7.52,1724,1874572.0,9.42,5.77,0.41,0.72
2685,2003-05-16,7.55,7.92,7.49,7.56,4554,5248283.0,5.72,0.53,0.04,1.9
2686,2003-05-19,7.51,7.62,7.39,7.58,736,819809.0,3.04,0.26,0.02,0.31
2687,2003-05-20,7.58,7.58,7.48,7.48,648,721477.0,1.32,-1.32,-0.1,0.27
2688,2003-05-21,7.41,7.56,7.41,7.46,320,353978.0,2.01,-0.27,-0.02,0.13
2689,2003-05-22,7.48,7.53,7.4,7.43,383,422933.0,1.74,-0.4,-0.03,0.16
2690,2003-05-23,7.41,7.54,7.39,7.43,769,848538.0,2.02,0.0,0.0,0.32
2691,2003-05-26,7.48,7.48,7.26,7.27,982,1068007.0,2.96,-2.15,-0.16,0.41
2692,2003-05-27,7.35,7.35,7.24,7.33,649,702473.0,1.51,0.83,0.06,0.27
2693,2003-05-28,7.35,7.42,7.26,7.4,969,1055747.0,2.18,0.95,0.07,0.4
2694,2003-05-29,7.35,7.5,7.29,7.48,1406,1543635.0,2.84,1.08,0.08,0.59
2695,2003-05-30,7.54,7.76,7.51,7.62,1557,1761071.0,3.34,1.87,0.14,0.65
2696,2003-06-02,7.72,7.72,7.51,7.64,729,819393.0,2.76,0.26,0.02,0.3
2697,2003-06-03,7.85,7.85,7.55,7.56,1045,1191368.0,3.93,-1.05,-0.08,0.44
2698,2003-06-04,7.53,7.55,7.35,7.54,1761,1946108.0,2.65,-0.26,-0.02,0.73
2699,2003-06-05,7.49,7.76,7.49,7.62,2166,2458850.0,3.58,1.06,0.08,0.9
2700,2003-06-06,7.62,7.8,7.48,7.73,3765,4296279.0,4.2,1.44,0.11,1.57
2701,2003-06-09,7.73,7.86,7.57,7.83,3679,4254347.0,3.75,1.29,0.1,1.53
2702,2003-06-10,7.77,8.03,7.7,7.73,2477,2884642.0,4.21,-1.28,-0.1,1.03
2703,2003-06-11,7.81,8.08,7.8,8.08,4813,5683503.0,3.62,4.53,0.35,2.01
2704,2003-06-12,8.05,8.19,7.95,8.02,4848,5795040.0,2.97,-0.74,-0.06,2.02
2705,2003-06-13,8.03,8.03,7.83,7.9,2131,2487286.0,2.49,-1.5,-0.12,0.89
2706,2003-06-16,7.83,7.95,7.75,7.76,931,1077637.0,2.53,-1.77,-0.14,0.39
2707,2003-06-17,7.82,8.2,7.8,8.14,4970,5915737.0,5.15,4.9,0.38,2.07
2708,2003-06-18,7.98,8.03,7.9,7.93,2491,2938635.0,1.6,-2.58,-0.21,1.04
2709,2003-06-19,7.9,7.9,7.69,7.79,1425,1638538.0,2.65,-1.77,-0.14,0.59
2710,2003-06-20,7.76,7.86,7.69,7.69,683,782358.0,2.18,-1.28,-0.1,0.28
2711,2003-06-23,7.75,7.75,7.48,7.52,1072,1199633.0,3.51,-2.21,-0.17,0.45
2712,2003-06-24,7.53,7.65,7.49,7.64,443,495757.0,2.13,1.6,0.12,0.18
2713,2003-06-25,7.55,7.88,7.52,7.87,1622,1861223.0,4.71,3.01,0.23,0.68
2714,2003-06-26,7.63,7.98,7.61,7.62,3820,4360764.0,4.7,-3.18,-0.25,1.59
2715,2003-06-27,7.58,7.61,7.48,7.49,491,549647.0,1.71,-1.71,-0.13,0.2
2716,2003-06-30,7.49,7.53,7.4,7.4,575,636037.0,1.74,-1.2,-0.09,0.24
2717,2003-07-01,7.4,7.53,7.4,7.42,349,386327.0,1.76,0.27,0.02,0.15
2718,2003-07-02,7.33,7.5,7.33,7.46,341,375327.0,2.29,0.54,0.04,0.14
2719,2003-07-03,7.42,7.48,7.37,7.4,860,944884.0,1.47,-0.8,-0.06,0.36
2720,2003-07-04,7.38,7.44,7.28,7.3,432,471840.0,2.16,-1.35,-0.1,0.18
2721,2003-07-07,7.3,7.35,7.25,7.34,670,725477.0,1.37,0.55,0.04,0.28
2722,2003-07-08,7.34,7.52,7.34,7.48,250,275409.0,2.45,1.91,0.14,0.1
2723,2003-07-09,7.4,7.51,7.4,7.51,429,477543.0,1.47,0.4,0.03,0.18
2724,2003-07-10,7.58,8.23,7.55,7.69,3784,4380039.0,9.05,2.4,0.18,1.58
2725,2003-07-11,7.61,7.73,7.57,7.63,615,695982.0,2.08,-0.78,-0.06,0.26
2726,2003-07-14,7.57,7.58,7.45,7.45,957,1064151.0,1.7,-2.36,-0.18,0.4
2727,2003-07-15,7.45,7.5,7.42,7.46,907,1002167.0,1.07,0.13,0.01,0.38
2728,2003-07-16,7.43,7.53,7.43,7.45,571,632341.0,1.34,-0.13,-0.01,0.24
2729,2003-07-17,7.45,7.55,7.45,7.55,960,1067089.0,1.34,1.34,0.1,0.4
2730,2003-07-18,7.45,7.58,7.44,7.45,722,804242.0,1.85,-1.32,-0.1,0.3
2731,2003-07-21,7.75,7.75,7.33,7.35,1095,1221650.0,5.64,-1.34,-0.1,0.46
2732,2003-07-22,7.35,7.41,7.24,7.35,842,916254.0,2.31,0.0,0.0,0.35
2733,2003-07-23,7.26,7.46,7.26,7.34,213,231198.0,2.72,-0.14,-0.01,0.09
2734,2003-07-24,7.28,7.33,7.28,7.28,222,240857.0,0.68,-0.82,-0.06,0.09
2735,2003-07-25,7.01,7.3,7.01,7.18,399,427300.0,3.98,-1.37,-0.1,0.17
2736,2003-07-28,7.23,7.23,7.05,7.15,404,425325.0,2.51,-0.42,-0.03,0.17
2737,2003-07-29,7.15,7.15,7.05,7.15,278,293232.0,1.4,0.0,0.0,0.12
2738,2003-07-30,7.15,7.15,7.05,7.1,109,115061.0,1.4,-0.7,-0.05,0.05
2739,2003-07-31,7.03,7.1,7.03,7.06,172,181185.0,0.99,-0.56,-0.04,0.07
2740,2003-08-01,7.06,7.09,6.98,7.09,327,343825.0,1.56,0.42,0.03,0.14
2741,2003-08-04,7.15,7.4,6.9,7.25,590,635687.0,7.05,2.26,0.16,0.25
2742,2003-08-05,7.25,7.31,7.19,7.24,314,337447.0,1.66,-0.14,-0.01,0.13
2743,2003-08-06,7.25,7.25,7.15,7.15,99,105628.0,1.38,-1.24,-0.09,0.04
2744,2003-08-07,7.16,7.38,7.16,7.31,524,568012.0,3.08,2.24,0.16,0.22
2745,2003-08-08,7.25,7.33,7.05,7.07,332,352727.0,3.83,-3.28,-0.24,0.14
2746,2003-08-11,7.05,7.12,6.99,7.1,117,122902.0,1.84,0.42,0.03,0.05
2747,2003-08-12,7.05,7.18,7.05,7.15,123,129750.0,1.83,0.7,0.05,0.05
2748,2003-08-13,7.26,7.26,7.06,7.13,153,161715.0,2.8,-0.28,-0.02,0.06
2749,2003-08-14,7.09,7.15,7.05,7.08,221,233655.0,1.4,-0.7,-0.05,0.09
2750,2003-08-15,6.98,7.11,6.98,7.01,313,327698.0,1.84,-0.99,-0.07,0.13
2751,2003-08-18,7.01,7.1,7.0,7.01,306,320821.0,1.43,0.0,0.0,0.13
2752,2003-08-19,7.0,7.1,7.0,7.08,148,154544.0,1.43,1.0,0.07,0.06
2753,2003-08-20,7.05,7.05,6.95,6.99,190,197724.0,1.41,-1.27,-0.09,0.08
2754,2003-08-21,6.98,7.0,6.94,6.94,258,267776.0,0.86,-0.72,-0.05,0.11
2755,2003-08-22,6.93,7.1,6.87,6.89,508,527081.0,3.31,-0.72,-0.05,0.21
2756,2003-08-25,6.87,6.96,6.76,6.8,228,231764.0,2.9,-1.31,-0.09,0.1
2757,2003-08-26,6.89,6.89,6.8,6.8,209,213057.0,1.32,0.0,0.0,0.09
2758,2003-08-27,6.77,6.9,6.75,6.85,308,313600.0,2.21,0.74,0.05,0.13
2759,2003-08-28,6.85,6.87,6.76,6.78,191,194299.0,1.61,-1.02,-0.07,0.08
2760,2003-08-29,6.73,6.82,6.73,6.8,263,266058.0,1.33,0.29,0.02,0.11
2761,2003-09-01,6.76,6.92,6.75,6.91,324,330460.0,2.5,1.62,0.11,0.13
2762,2003-09-02,6.94,6.95,6.83,6.85,343,350823.0,1.74,-0.87,-0.06,0.14
2763,2003-09-03,6.83,7.2,6.76,7.07,1080,1131613.0,6.42,3.21,0.22,0.45
2764,2003-09-04,7.05,7.1,6.91,6.98,647,676016.0,2.69,-1.27,-0.09,0.27
2765,2003-09-05,6.9,6.98,6.8,6.81,216,221078.0,2.58,-2.44,-0.17,0.09
2766,2003-09-08,6.8,6.89,6.73,6.82,318,322889.0,2.35,0.15,0.01,0.13
2767,2003-09-09,6.9,6.9,6.78,6.82,142,145058.0,1.76,0.0,0.0,0.06
2768,2003-09-10,6.83,6.87,6.8,6.8,79,80460.0,1.03,-0.29,-0.02,0.03
2769,2003-09-11,6.98,6.98,6.8,6.82,127,130098.0,2.65,0.29,0.02,0.05
2770,2003-09-12,6.8,6.8,6.65,6.68,658,660372.0,2.2,-2.05,-0.14,0.27
2771,2003-09-15,6.69,6.74,6.42,6.68,1207,1188119.0,4.79,0.0,0.0,0.5
2772,2003-09-16,6.55,6.75,6.5,6.71,394,389364.0,3.74,0.45,0.03,0.16
2773,2003-09-17,6.88,6.88,6.59,6.62,297,297415.0,4.32,-1.34,-0.09,0.12
2774,2003-09-18,6.6,6.69,6.52,6.53,317,312037.0,2.57,-1.36,-0.09,0.13
2775,2003-09-19,6.51,6.86,6.48,6.62,666,669016.0,5.82,1.38,0.09,0.28
2776,2003-09-22,6.63,6.63,6.57,6.59,199,196544.0,0.91,-0.45,-0.03,0.08
2777,2003-09-23,6.63,6.72,6.62,6.72,162,161392.0,1.52,1.97,0.13,0.07
2778,2003-09-24,6.76,6.83,6.67,6.81,681,688957.0,2.38,1.34,0.09,0.28
2779,2003-09-25,6.88,6.9,6.64,6.65,404,410023.0,3.82,-2.35,-0.16,0.17
2780,2003-09-26,6.58,6.6,6.53,6.53,200,196891.0,1.05,-1.8,-0.12,0.08
2781,2003-09-29,6.55,6.74,6.48,6.57,212,208478.0,3.98,0.61,0.04,0.09
2782,2003-09-30,6.13,6.58,6.13,6.55,440,424717.0,6.85,-0.3,-0.02,0.18
2783,2003-10-08,6.48,6.69,6.4,6.47,116,111954.0,4.43,-1.22,-0.08,0.05
2784,2003-10-09,6.59,6.59,6.48,6.48,73,71408.0,1.7,0.15,0.01,0.03
2785,2003-10-10,6.51,6.65,6.5,6.63,305,300626.0,2.31,2.31,0.15,0.13
2786,2003-10-13,6.69,6.9,6.67,6.7,1135,1149892.0,3.47,1.06,0.07,0.47
2787,2003-10-14,6.64,6.64,6.48,6.53,306,301985.0,2.39,-2.54,-0.17,0.13
2788,2003-10-15,6.54,6.81,6.41,6.54,826,813161.0,6.13,0.15,0.01,0.34
2789,2003-10-16,6.48,6.5,6.4,6.4,376,363057.0,1.53,-2.14,-0.14,0.16
2790,2003-10-17,6.43,6.53,6.35,6.44,201,194709.0,2.81,0.63,0.04,0.08
2791,2003-10-20,6.27,6.35,6.27,6.28,177,167595.0,1.24,-2.48,-0.16,0.07
2792,2003-10-21,6.3,6.3,6.2,6.27,209,195673.0,1.59,-0.16,-0.01,0.09
2793,2003-10-22,6.38,6.55,6.26,6.49,850,813237.0,4.63,3.51,0.22,0.35
2794,2003-10-23,6.5,6.53,6.32,6.32,268,259107.0,3.24,-2.62,-0.17,0.11
2795,2003-10-24,6.4,6.55,6.28,6.41,704,680465.0,4.27,1.42,0.09,0.29
2796,2003-10-27,6.27,6.4,6.27,6.29,286,270718.0,2.03,-1.87,-0.12,0.12
2797,2003-10-28,6.26,6.38,6.03,6.05,509,467593.0,5.56,-3.82,-0.24,0.21
2798,2003-10-29,6.05,6.05,5.48,5.65,1528,1322037.0,9.42,-6.61,-0.4,0.64
2799,2003-10-30,5.56,5.62,5.53,5.55,322,271967.0,1.59,-1.77,-0.1,0.13
2800,2003-10-31,5.61,5.65,5.53,5.6,512,434860.0,2.16,0.9,0.05,0.21
2801,2003-11-03,5.55,5.65,5.48,5.6,355,299995.0,3.04,0.0,0.0,0.15
2802,2003-11-04,5.73,5.78,5.62,5.69,650,561412.0,2.86,1.61,0.09,0.27
2803,2003-11-05,5.81,5.87,5.62,5.7,873,757602.0,4.39,0.18,0.01,0.36
2804,2003-11-06,5.76,5.76,5.25,5.26,1588,1287698.0,8.95,-7.72,-0.44,0.66
2805,2003-11-07,5.26,5.46,5.23,5.27,1353,1092226.0,4.37,0.19,0.01,0.56
2806,2003-11-10,5.26,5.26,5.17,5.18,440,347578.0,1.71,-1.71,-0.09,0.18
2807,2003-11-11,5.2,5.2,5.02,5.08,227,177839.0,3.47,-1.93,-0.1,0.09
2808,2003-11-12,5.13,5.18,4.99,5.04,556,429567.0,3.74,-0.79,-0.04,0.23
2809,2003-11-13,5.0,5.05,4.89,5.04,631,479621.0,3.17,0.0,0.0,0.26
2810,2003-11-14,5.04,5.12,5.04,5.12,672,519653.0,1.59,1.59,0.08,0.28
2811,2003-11-17,5.11,5.15,4.99,5.11,298,231446.0,3.13,-0.2,-0.01,0.12
2812,2003-11-18,5.03,5.06,4.93,5.01,486,369847.0,2.54,-1.96,-0.1,0.2
2813,2003-11-19,4.99,5.18,4.99,5.14,575,447142.0,3.79,2.59,0.13,0.24
2814,2003-11-20,5.18,5.45,5.02,5.39,5475,4422766.0,8.37,4.86,0.25,2.28
2815,2003-11-21,5.44,5.52,5.2,5.23,2445,1982112.0,5.94,-2.97,-0.16,1.02
2816,2003-11-24,5.26,5.53,5.26,5.52,2190,1800742.0,5.16,5.54,0.29,0.91
2817,2003-11-25,5.59,6.05,5.59,5.69,6669,5824303.0,8.33,3.08,0.17,2.78
2818,2003-11-26,5.65,5.83,5.54,5.73,3192,2750914.0,5.1,0.7,0.04,1.33
2819,2003-11-27,5.73,5.75,5.55,5.56,1786,1514650.0,3.49,-2.97,-0.17,0.74
2820,2003-11-28,5.55,5.6,5.48,5.54,1202,1007785.0,2.16,-0.36,-0.02,0.5
2821,2003-12-01,5.62,5.81,5.6,5.75,1901,1646736.0,3.79,3.79,0.21,0.79
2822,2003-12-02,5.85,5.96,5.63,5.79,2755,2412017.0,5.74,0.7,0.04,1.15
2823,2003-12-03,5.79,5.79,5.64,5.76,1300,1123400.0,2.59,-0.52,-0.03,0.54
2824,2003-12-04,5.66,5.8,5.65,5.76,1107,960202.0,2.6,0.0,0.0,0.46
2825,2003-12-05,5.76,5.76,5.68,5.75,1030,889105.0,1.39,-0.17,-0.01,0.43
2826,2003-12-08,5.73,5.75,5.57,5.58,919,782909.0,3.13,-2.96,-0.17,0.38
2827,2003-12-09,5.57,5.6,5.52,5.6,507,425665.0,1.43,0.36,0.02,0.21
2828,2003-12-10,5.62,5.69,5.52,5.65,1324,1117079.0,3.04,0.89,0.05,0.55
2829,2003-12-11,5.68,5.69,5.55,5.58,1988,1678247.0,2.48,-1.24,-0.07,0.83
2830,2003-12-12,5.65,6.19,5.58,6.19,21327,19495979.0,10.93,10.93,0.61,8.89
2831,2003-12-15,6.15,6.8,6.0,6.38,28790,27670855.0,12.92,3.07,0.19,12.0
2832,2003-12-16,6.25,7.07,6.0,7.07,32290,32546195.0,16.77,10.82,0.69,13.45
2833,2003-12-17,7.23,7.76,7.1,7.33,44775,49238906.0,9.34,3.68,0.26,18.66
2834,2003-12-18,7.19,7.59,6.93,7.0,25387,27287909.0,9.0,-4.5,-0.33,10.58
2835,2003-12-19,6.83,7.12,6.35,6.62,26048,26044518.0,11.0,-5.43,-0.38,10.85
2836,2003-12-22,6.62,7.03,6.5,6.9,21890,22271310.0,8.01,4.23,0.28,9.12
2837,2003-12-23,6.91,7.11,6.69,6.88,13731,14090115.0,6.09,-0.29,-0.02,5.72
2838,2003-12-24,6.8,6.9,6.56,6.75,11216,11239097.0,4.94,-1.89,-0.13,4.67
2839,2003-12-25,6.7,7.32,6.62,6.88,17357,18157721.0,10.37,1.93,0.13,7.23
2840,2003-12-26,6.8,6.93,6.58,6.71,9052,9071689.0,5.09,-2.47,-0.17,3.77
2841,2003-12-29,6.66,6.66,6.48,6.48,5962,5839450.0,2.68,-3.43,-0.23,2.48
2842,2003-12-30,6.42,6.63,6.38,6.55,4787,4664533.0,3.86,1.08,0.07,1.99
2843,2003-12-31,6.56,6.67,6.41,6.61,5145,5033015.0,3.97,0.92,0.06,2.14
2844,2004-01-02,6.58,6.9,6.49,6.85,8356,8423130.0,6.2,3.63,0.24,3.48
2845,2004-01-05,6.85,7.01,6.7,6.9,9403,9609363.0,4.53,0.73,0.05,3.92
2846,2004-01-06,6.9,7.0,6.74,6.83,7880,8076111.0,3.77,-1.01,-0.07,3.28
2847,2004-01-07,6.8,6.83,6.63,6.73,8790,8826376.0,2.93,-1.46,-0.1,3.66
2848,2004-01-08,6.73,7.19,6.73,7.1,14667,15316063.0,6.84,5.5,0.37,6.11
2849,2004-01-09,7.12,7.73,7.01,7.4,22281,24226060.0,10.14,4.23,0.3,9.28
2850,2004-01-12,7.42,7.64,7.24,7.35,11681,12864291.0,5.41,-0.68,-0.05,4.87
2851,2004-01-13,7.35,7.69,7.3,7.47,10202,11409990.0,5.31,1.63,0.12,4.25
2852,2004-01-14,7.51,7.54,7.01,7.03,9874,10522553.0,7.1,-5.89,-0.44,4.11
2853,2004-01-15,6.99,7.05,6.7,6.73,9897,10087640.0,4.98,-4.27,-0.3,4.12
2854,2004-01-16,6.7,6.85,6.7,6.83,4939,4999866.0,2.23,1.49,0.1,2.06
2855,2004-01-29,6.96,7.08,6.76,7.07,4408,4567541.0,4.69,3.51,0.24,1.84
2856,2004-01-30,7.06,7.06,6.83,6.93,4858,5004206.0,3.25,-1.98,-0.14,2.02
2857,2004-02-02,6.98,7.33,6.92,7.24,11167,11922905.0,5.92,4.47,0.31,4.65
2858,2004-02-03,7.19,7.45,7.15,7.36,8172,8888320.0,4.14,1.66,0.12,3.41
2859,2004-02-04,7.4,8.03,7.32,7.98,21906,24870692.0,9.65,8.42,0.62,9.13
2860,2004-02-05,7.98,8.01,7.63,7.75,15683,18074693.0,4.76,-2.88,-0.23,6.53
2861,2004-02-06,7.83,8.58,7.83,8.23,37601,46344694.0,9.68,6.19,0.48,15.67
2862,2004-02-09,8.12,8.23,7.97,8.12,14808,17690549.0,3.16,-1.34,-0.11,6.17
2863,2004-02-10,8.12,8.45,8.06,8.09,12152,14792196.0,4.8,-0.37,-0.03,5.06
2864,2004-02-11,8.09,8.26,7.8,8.03,10450,12240973.0,5.69,-0.74,-0.06,4.35
2865,2004-02-12,8.05,8.12,7.9,7.99,5471,6457259.0,2.74,-0.5,-0.04,2.28
2866,2004-02-13,8.06,8.08,7.85,8.08,5817,6858546.0,2.88,1.13,0.09,2.42
2867,2004-02-16,8.05,8.32,8.03,8.25,7546,9124891.0,3.59,2.1,0.17,3.14
2868,2004-02-17,8.26,8.29,8.08,8.13,6205,7472521.0,2.55,-1.45,-0.12,2.59
2869,2004-02-18,8.14,8.23,7.98,8.01,7446,8857065.0,3.08,-1.48,-0.12,3.1
2870,2004-02-19,8.01,8.4,8.01,8.3,10278,12474485.0,4.87,3.62,0.29,4.28
2871,2004-02-20,8.3,8.61,8.2,8.3,11649,14460488.0,4.94,0.0,0.0,4.85
2872,2004-02-23,8.52,8.55,8.13,8.14,8553,10568843.0,5.06,-1.93,-0.16,3.56
2873,2004-02-24,8.12,8.43,7.88,8.41,11748,14160166.0,6.76,3.32,0.27,4.9
2874,2004-02-25,8.42,8.45,7.98,8.0,6734,8174278.0,5.59,-4.88,-0.41,2.81
2875,2004-02-26,7.98,7.99,7.68,7.73,6242,7198707.0,3.88,-3.38,-0.27,2.6
2876,2004-02-27,7.73,7.91,7.69,7.83,3064,3547629.0,2.85,1.29,0.1,1.28
2877,2004-03-01,7.83,7.95,7.73,7.92,3678,4262098.0,2.81,1.15,0.09,1.53
2878,2004-03-02,7.92,8.0,7.83,7.95,3463,4051743.0,2.15,0.38,0.03,1.44
2879,2004-03-03,7.94,7.96,7.58,7.6,3889,4453849.0,4.78,-4.4,-0.35,1.62
2880,2004-03-04,7.58,7.73,7.29,7.65,5738,6393708.0,5.79,0.66,0.05,2.39
2881,2004-03-05,7.62,7.65,7.43,7.45,2720,3037158.0,2.88,-2.61,-0.2,1.13
2882,2004-03-08,7.45,7.48,7.19,7.19,2990,3246635.0,3.89,-3.49,-0.26,1.25
2883,2004-03-09,7.27,7.39,7.18,7.18,2344,2526223.0,2.92,-0.14,-0.01,0.98
2884,2004-03-10,7.18,7.48,7.14,7.38,2989,3260786.0,4.74,2.79,0.2,1.25
2885,2004-03-11,7.37,7.76,7.26,7.63,5163,5763376.0,6.78,3.39,0.25,2.15
2886,2004-03-12,7.69,7.69,7.43,7.5,2109,2352286.0,3.41,-1.7,-0.13,0.88
2887,2004-03-15,7.51,7.62,7.48,7.59,3044,3414121.0,1.87,1.2,0.09,1.27
2888,2004-03-16,7.62,7.68,7.55,7.65,2797,3156239.0,1.71,0.79,0.06,1.17
2889,2004-03-17,7.65,7.65,7.48,7.51,3096,3457000.0,2.22,-1.83,-0.14,1.29
2890,2004-03-18,7.51,7.58,7.39,7.41,2810,3127369.0,2.53,-1.33,-0.1,1.17
2891,2004-03-19,7.3,7.41,7.01,7.25,9880,10502499.0,5.4,-2.16,-0.16,4.12
2892,2004-03-22,7.23,7.3,7.17,7.25,4289,4596747.0,1.79,0.0,0.0,1.79
2893,2004-03-23,7.24,7.24,7.05,7.09,3960,4189957.0,2.62,-2.21,-0.16,1.65
2894,2004-03-24,7.05,7.21,7.05,7.12,3405,3621687.0,2.26,0.42,0.03,1.42
2895,2004-03-25,7.15,7.28,7.12,7.27,3855,4145383.0,2.25,2.11,0.15,1.61
2896,2004-03-26,7.26,7.26,7.15,7.18,2426,2600379.0,1.51,-1.24,-0.09,1.01
2897,2004-03-29,7.23,7.24,7.03,7.05,2336,2473334.0,2.92,-1.81,-0.13,0.97
2898,2004-03-30,7.08,7.37,7.05,7.34,5337,5752608.0,4.54,4.11,0.29,2.22
2899,2004-03-31,7.34,7.47,7.28,7.46,5731,6290798.0,2.59,1.63,0.12,2.39
2900,2004-04-01,7.47,7.62,7.43,7.47,6813,7607873.0,2.55,0.13,0.01,2.84
2901,2004-04-02,7.53,7.55,7.33,7.37,4632,5107565.0,2.95,-1.34,-0.1,1.93
2902,2004-04-05,7.4,7.6,7.38,7.6,4911,5448079.0,2.99,3.12,0.23,2.05
2903,2004-04-06,7.6,7.74,7.49,7.63,6006,6791165.0,3.29,0.39,0.03,2.5
2904,2004-04-07,7.63,7.68,7.53,7.55,3795,4273729.0,1.97,-1.05,-0.08,1.58
2905,2004-04-08,7.51,7.55,7.38,7.38,2981,3294924.0,2.25,-2.25,-0.17,1.24
2906,2004-04-09,7.43,7.51,7.18,7.22,3034,3303417.0,4.47,-2.17,-0.16,1.26
2907,2004-04-12,7.12,7.25,7.12,7.18,1866,1996270.0,1.8,-0.55,-0.04,0.78
2908,2004-04-13,7.19,7.3,7.1,7.14,1949,2079416.0,2.79,-0.56,-0.04,0.81
2909,2004-04-14,7.13,7.13,6.76,6.83,3915,4029860.0,5.18,-4.34,-0.31,1.63
2910,2004-04-15,6.98,6.98,6.76,6.77,1580,1617727.0,3.22,-0.88,-0.06,0.66
2911,2004-04-16,6.79,6.9,6.55,6.76,1926,1931454.0,5.17,-0.15,-0.01,0.8
2912,2004-04-19,6.79,6.88,6.47,6.48,3132,3096577.0,6.07,-4.14,-0.28,1.3
2913,2004-04-21,6.62,6.65,6.5,6.53,1042,1027367.0,2.31,0.77,0.05,0.43
2914,2004-04-22,6.55,6.73,6.45,6.69,1212,1201139.0,4.29,2.45,0.16,0.5
2915,2004-04-23,6.7,6.7,6.38,6.4,1317,1285048.0,4.78,-4.33,-0.29,0.55
2916,2004-04-26,6.43,6.43,6.25,6.33,1600,1518854.0,2.81,-1.09,-0.07,0.67
2917,2004-04-27,6.33,6.38,6.26,6.3,965,913922.0,1.9,-0.47,-0.03,0.4
2918,2004-04-28,6.28,6.32,6.19,6.3,1183,1113969.0,2.06,0.0,0.0,0.49
2919,2004-04-29,6.33,6.33,6.14,6.14,970,906695.0,3.02,-2.54,-0.16,0.4
2920,2004-04-30,6.08,6.18,5.9,6.02,1443,1313212.0,4.56,-1.95,-0.12,0.6
2921,2004-05-10,6.03,6.1,5.96,5.98,892,805849.0,2.33,-0.66,-0.04,0.37
2922,2004-05-11,5.98,6.05,5.93,5.99,797,720892.0,2.01,0.17,0.01,0.33
2923,2004-05-12,6.01,6.26,5.98,6.26,1325,1231129.0,4.67,4.51,0.27,0.55
2924,2004-05-13,6.25,6.25,6.14,6.17,774,719817.0,1.76,-1.44,-0.09,0.32
2925,2004-05-14,6.15,6.15,6.0,6.01,919,837771.0,2.43,-2.59,-0.16,0.38
2926,2004-05-17,5.97,6.1,5.97,6.02,466,423559.0,2.16,0.17,0.01,0.19
2927,2004-05-18,6.08,6.28,6.08,6.28,1736,1616551.0,3.32,4.32,0.26,0.72
2928,2004-05-19,6.26,6.56,6.26,6.34,3157,3044289.0,4.78,0.96,0.06,1.32
2929,2004-05-20,6.3,6.33,6.13,6.25,1202,1121392.0,3.15,-1.42,-0.09,0.5
2930,2004-05-21,6.19,6.31,6.19,6.31,726,681597.0,1.92,0.96,0.06,0.3
2931,2004-05-24,6.33,6.44,6.26,6.36,956,909516.0,2.85,0.79,0.05,0.4
2932,2004-05-25,6.33,6.36,6.05,6.08,1161,1075085.0,4.87,-4.4,-0.28,0.48
2933,2004-05-26,6.05,6.15,5.99,6.08,601,547314.0,2.63,0.0,0.0,0.25
2934,2004-05-27,6.08,6.3,6.05,6.27,1515,1412077.0,4.11,3.13,0.19,0.63
2935,2004-05-28,6.25,6.29,6.19,6.19,798,747763.0,1.59,-1.28,-0.08,0.33
2936,2004-05-31,6.18,6.18,6.1,6.15,572,528003.0,1.29,-0.65,-0.04,0.24
2937,2004-06-01,6.15,6.45,6.13,6.4,2482,2360549.0,5.2,4.07,0.25,1.03
2938,2004-06-02,6.41,6.82,6.35,6.61,8677,8573964.0,7.34,3.28,0.21,3.62
2939,2004-06-03,6.56,6.56,6.33,6.34,2649,2544847.0,3.48,-4.08,-0.27,1.1
2940,2004-06-04,6.33,6.37,6.23,6.31,1517,1431144.0,2.21,-0.47,-0.03,0.63
2941,2004-06-07,6.31,6.31,6.1,6.16,1683,1554407.0,3.33,-2.38,-0.15,0.7
2942,2004-06-08,6.12,6.23,6.11,6.17,788,728281.0,1.95,0.16,0.01,0.33
2943,2004-06-09,6.21,6.22,5.62,5.75,2700,2378072.0,9.72,-6.81,-0.42,1.13
2944,2004-06-10,5.71,5.76,5.59,5.64,1634,1400045.0,2.96,-1.91,-0.11,0.68
2945,2004-06-11,5.65,5.87,5.65,5.66,1316,1146911.0,3.9,0.35,0.02,0.55
2946,2004-06-14,5.67,5.8,5.4,5.45,1003,837789.0,7.07,-3.71,-0.21,0.42
2947,2004-06-15,5.45,5.59,5.4,5.56,864,721170.0,3.49,2.02,0.11,0.36
2948,2004-06-16,5.53,5.64,5.48,5.62,637,538336.0,2.88,1.08,0.06,0.27
2949,2004-06-17,5.62,5.62,5.44,5.44,860,716487.0,3.2,-3.2,-0.18,0.36
2950,2004-06-18,5.43,5.46,5.38,5.4,944,774445.0,1.47,-0.74,-0.04,0.39
2951,2004-06-21,5.43,5.55,5.43,5.55,684,571111.0,2.22,2.78,0.15,0.29
2952,2004-06-22,5.6,5.94,5.6,5.68,2821,2455641.0,6.13,2.34,0.13,1.18
2953,2004-06-23,5.62,5.69,5.57,5.69,728,618900.0,2.11,0.18,0.01,0.3
2954,2004-06-24,5.74,5.89,5.65,5.82,2385,2089893.0,4.22,2.28,0.13,0.99
2955,2004-06-25,5.73,5.88,5.48,5.48,1708,1447807.0,6.87,-5.84,-0.34,0.71
2956,2004-06-28,5.48,5.51,5.18,5.18,1154,934450.0,6.02,-5.47,-0.3,0.48
2957,2004-06-29,5.19,5.39,5.15,5.35,1143,911022.0,4.63,3.28,0.17,0.48
2958,2004-06-30,5.32,5.33,5.23,5.32,1099,884336.0,1.87,-0.56,-0.03,0.46
2959,2004-07-01,5.32,5.51,5.3,5.5,1425,1172358.0,3.95,3.38,0.18,0.59
2960,2004-07-02,5.49,5.55,5.39,5.46,681,562250.0,2.91,-0.73,-0.04,0.28
2961,2004-07-05,5.4,5.45,5.36,5.43,301,245728.0,1.65,-0.55,-0.03,0.13
2962,2004-07-06,5.4,5.52,5.4,5.46,759,628998.0,2.21,0.55,0.03,0.32
2963,2004-07-07,5.3,5.42,5.3,5.3,765,618557.0,2.2,-2.93,-0.16,0.32
2964,2004-07-08,5.27,5.35,5.27,5.35,273,220411.0,1.51,0.94,0.05,0.11
2965,2004-07-09,5.35,5.35,5.27,5.27,452,365142.0,1.5,-1.5,-0.08,0.19
2966,2004-07-12,5.32,5.32,4.96,4.99,1681,1296303.0,6.83,-5.31,-0.28,0.7
2967,2004-07-13,4.69,4.83,4.46,4.5,3369,2376349.0,7.41,-9.82,-0.49,1.4
2968,2004-07-14,4.48,4.5,4.2,4.35,3613,2423784.0,6.67,-3.33,-0.15,1.51
2969,2004-07-15,4.35,4.54,4.26,4.36,1683,1139388.0,6.44,0.23,0.01,0.7
2970,2004-07-16,4.35,4.58,4.35,4.54,2778,1922500.0,5.28,4.13,0.18,1.16
2971,2004-07-19,4.54,4.65,4.54,4.55,1466,1031126.0,2.42,0.22,0.01,0.61
2972,2004-07-20,4.55,4.55,4.4,4.44,1053,724898.0,3.3,-2.42,-0.11,0.44
2973,2004-07-21,4.44,4.52,4.4,4.43,813,555701.0,2.7,-0.23,-0.01,0.34
2974,2004-07-22,4.42,4.43,4.3,4.31,1202,810453.0,2.93,-2.71,-0.12,0.5
2975,2004-07-23,4.28,4.35,4.27,4.35,529,352109.0,1.86,0.93,0.04,0.22
2976,2004-07-26,4.33,4.33,4.12,4.15,1170,760211.0,4.83,-4.6,-0.2,0.49
2977,2004-07-27,4.12,4.21,4.1,4.19,1512,974715.0,2.65,0.96,0.04,0.63
2978,2004-07-28,4.21,4.45,4.21,4.32,1423,945807.0,5.73,3.1,0.13,0.59
2979,2004-07-29,4.26,4.44,4.26,4.43,1453,977857.0,4.17,2.55,0.11,0.61
2980,2004-07-30,4.38,4.38,4.29,4.3,641,427355.0,2.03,-2.93,-0.13,0.27
2981,2004-08-02,4.32,4.32,4.23,4.25,313,206090.0,2.09,-1.16,-0.05,0.13
2982,2004-08-03,4.25,4.34,4.25,4.33,481,319834.0,2.12,1.88,0.08,0.2
2983,2004-08-04,4.33,4.81,4.33,4.81,13206,9635628.0,11.09,11.09,0.48,5.5
2984,2004-08-05,4.87,5.33,4.82,5.1,24168,18646302.0,10.6,6.03,0.29,10.07
2985,2004-08-06,4.99,5.16,4.88,5.07,11896,9090214.0,5.49,-0.59,-0.03,4.96
2986,2004-08-09,5.04,5.05,4.95,5.04,5090,3878901.0,1.97,-0.59,-0.03,2.12
2987,2004-08-10,5.03,5.23,4.95,5.09,10810,8406853.0,5.56,0.99,0.05,4.5
2988,2004-08-11,5.07,5.07,4.85,4.95,8182,6168247.0,4.32,-2.75,-0.14,3.41
2989,2004-08-12,4.89,5.0,4.76,4.99,5506,4100165.0,4.85,0.81,0.04,2.29
2990,2004-08-13,4.93,5.03,4.87,4.9,3579,2701941.0,3.21,-1.8,-0.09,1.49
2991,2004-08-16,4.91,4.98,4.73,4.94,4266,3161533.0,5.1,0.82,0.04,1.78
2992,2004-08-17,4.88,5.12,4.83,5.08,6664,5104303.0,5.87,2.83,0.14,2.78
2993,2004-08-18,5.09,5.15,4.93,4.94,3913,3006808.0,4.33,-2.76,-0.14,1.63
2994,2004-08-19,4.9,4.9,4.69,4.78,3774,2754821.0,4.25,-3.24,-0.16,1.57
2995,2004-08-20,4.78,4.8,4.25,4.4,6375,4373229.0,11.51,-7.95,-0.38,2.66
2996,2004-08-23,4.33,4.39,4.15,4.3,2716,1792719.0,5.45,-2.27,-0.1,1.13
2997,2004-08-24,4.26,4.5,4.26,4.43,2609,1773464.0,5.58,3.02,0.13,1.09
2998,2004-08-25,4.42,4.73,4.3,4.59,5669,3948230.0,9.71,3.61,0.16,2.36
2999,2004-08-26,4.54,4.73,4.35,4.46,4004,2812915.0,8.28,-2.83,-0.13,1.67
3000,2004-08-27,4.36,4.45,4.28,4.33,1733,1167163.0,3.81,-2.91,-0.13,0.72
3001,2004-08-30,4.29,4.43,4.26,4.42,1213,819480.0,3.93,2.08,0.09,0.51
3002,2004-08-31,4.55,4.75,4.42,4.6,5081,3588975.0,7.47,4.07,0.18,2.12
3003,2004-09-01,4.59,4.59,4.44,4.45,1865,1300830.0,3.26,-3.26,-0.15,0.78
3004,2004-09-02,4.46,4.71,4.45,4.67,2431,1716331.0,5.84,4.94,0.22,1.01
3005,2004-09-03,4.68,4.75,4.58,4.65,2469,1762146.0,3.64,-0.43,-0.02,1.03
3006,2004-09-06,4.63,4.69,4.6,4.67,1018,728405.0,1.94,0.43,0.02,0.42
3007,2004-09-07,4.67,4.68,4.55,4.61,1198,850742.0,2.78,-1.28,-0.06,0.5
3008,2004-09-08,4.62,4.65,4.53,4.58,960,676062.0,2.6,-0.65,-0.03,0.4
3009,2004-09-09,4.55,4.55,4.35,4.37,2566,1749653.0,4.37,-4.59,-0.21,1.07
3010,2004-09-10,4.32,4.41,4.28,4.4,657,441115.0,2.97,0.69,0.03,0.27
3011,2004-09-13,4.34,4.4,4.24,4.26,1552,1034004.0,3.64,-3.18,-0.14,0.65
3012,2004-09-14,4.25,4.55,4.25,4.46,2319,1584575.0,7.04,4.69,0.2,0.97
3013,2004-09-15,4.45,4.85,4.44,4.76,5716,4140228.0,9.19,6.73,0.3,2.38
3014,2004-09-16,4.9,5.24,4.9,4.93,8415,6410607.0,7.14,3.57,0.17,3.51
3015,2004-09-17,4.98,5.15,4.8,5.12,8168,6232519.0,7.1,3.85,0.19,3.4
3016,2004-09-20,5.19,5.64,5.08,5.49,14903,12270596.0,10.94,7.23,0.37,6.21
3017,2004-09-21,5.46,5.48,5.26,5.32,9137,7424465.0,4.01,-3.1,-0.17,3.81
3018,2004-09-22,5.32,5.43,5.23,5.26,5210,4203753.0,3.76,-1.13,-0.06,2.17
3019,2004-09-23,5.24,5.43,5.09,5.38,3655,2918038.0,6.46,2.28,0.12,1.52
3020,2004-09-24,5.37,5.46,5.08,5.1,6686,5401141.0,7.06,-5.2,-0.28,2.79
3021,2004-09-27,5.18,5.25,4.94,4.99,2932,2274120.0,6.08,-2.16,-0.11,1.22
3022,2004-09-28,5.02,5.05,4.93,5.0,1197,912162.0,2.4,0.2,0.01,0.5
3023,2004-09-29,5.0,5.07,4.85,4.86,1772,1346062.0,4.4,-2.8,-0.14,0.74
3024,2004-09-30,4.86,4.9,4.68,4.68,2041,1500815.0,4.53,-3.7,-0.18,0.85
3025,2004-10-08,4.69,4.86,4.56,4.85,1224,888350.0,6.41,3.63,0.17,0.51
3026,2004-10-11,4.83,5.02,4.69,4.88,2498,1869921.0,6.8,0.62,0.03,1.04
3027,2004-10-12,4.95,4.96,4.73,4.73,1349,991444.0,4.71,-3.07,-0.15,0.56
3028,2004-10-13,4.73,4.85,4.73,4.82,817,598691.0,2.54,1.9,0.09,0.34
3029,2004-10-14,4.82,4.82,4.37,4.44,2912,2048868.0,9.34,-7.88,-0.38,1.21
3030,2004-10-15,4.48,4.5,4.33,4.4,1418,965182.0,3.83,-0.9,-0.04,0.59
3031,2004-10-18,4.53,4.53,4.39,4.41,1035,706433.0,3.18,0.23,0.01,0.43
3032,2004-10-19,4.55,4.59,4.42,4.45,1798,1249078.0,3.85,0.91,0.04,0.75
3033,2004-10-20,4.45,4.45,4.19,4.27,1879,1242421.0,5.84,-4.04,-0.18,0.78
3034,2004-10-21,4.32,4.35,3.83,3.84,4649,2914802.0,12.18,-10.07,-0.43,1.94
3035,2004-10-22,3.95,4.27,3.84,4.14,4104,2598954.0,11.2,7.81,0.3,1.71
3036,2004-10-25,4.15,4.2,3.97,3.98,2533,1597482.0,5.56,-3.86,-0.16,1.06
3037,2004-10-26,3.96,4.11,3.85,4.1,2466,1525677.0,6.53,3.02,0.12,1.03
3038,2004-10-27,4.11,4.33,3.98,4.31,2741,1767249.0,8.54,5.12,0.21,1.14
3039,2004-10-28,4.33,4.55,4.26,4.38,5572,3777614.0,6.73,1.62,0.07,2.32
3040,2004-10-29,4.23,4.33,4.08,4.13,2789,1816370.0,5.71,-5.71,-0.25,1.16
3041,2004-11-01,4.13,4.16,4.02,4.06,1308,833176.0,3.39,-1.69,-0.07,0.55
3042,2004-11-02,4.05,4.1,4.0,4.08,843,531442.0,2.46,0.49,0.02,0.35
3043,2004-11-03,4.1,4.21,4.07,4.19,961,620732.0,3.43,2.7,0.11,0.4
3044,2004-11-04,4.23,4.4,4.09,4.1,3140,2080045.0,7.4,-2.15,-0.09,1.31
3045,2004-11-05,4.15,4.17,4.08,4.12,1182,757400.0,2.2,0.49,0.02,0.49
3046,2004-11-08,4.13,4.2,4.09,4.13,610,390816.0,2.67,0.24,0.01,0.25
3047,2004-11-09,4.08,4.3,4.08,4.23,1595,1042538.0,5.33,2.42,0.1,0.66
3048,2004-11-10,4.24,4.44,4.2,4.43,3510,2364585.0,5.67,4.73,0.2,1.46
3049,2004-11-11,4.45,4.53,4.3,4.36,4170,2859320.0,5.19,-1.58,-0.07,1.74
3050,2004-11-12,4.32,4.39,4.3,4.33,2299,1540325.0,2.06,-0.69,-0.03,0.96
3051,2004-11-15,4.43,4.8,4.37,4.75,14395,10329401.0,9.93,9.7,0.42,6.0
3052,2004-11-16,4.73,4.74,4.55,4.64,7373,5252555.0,4.0,-2.32,-0.11,3.07
3053,2004-11-17,4.65,4.65,4.55,4.65,3439,2432916.0,2.16,0.22,0.01,1.43
3054,2004-11-18,4.58,4.68,4.58,4.66,2710,1930033.0,2.15,0.22,0.01,1.13
3055,2004-11-19,4.68,4.82,4.66,4.74,6277,4572733.0,3.43,1.72,0.08,2.62
3056,2004-11-22,4.8,4.82,4.69,4.76,5427,3949991.0,2.74,0.42,0.02,2.26
3057,2004-11-23,4.76,5.08,4.66,4.91,10847,8162494.0,8.82,3.15,0.15,4.52
3058,2004-11-24,4.87,4.88,4.62,4.63,5018,3652407.0,5.3,-5.7,-0.28,2.09
3059,2004-11-25,4.58,4.66,4.51,4.6,3118,2187282.0,3.24,-0.65,-0.03,1.3
3060,2004-11-26,4.59,4.68,4.57,4.58,1832,1299444.0,2.39,-0.43,-0.02,0.76
3061,2004-11-29,4.56,4.58,4.45,4.47,1389,962431.0,2.84,-2.4,-0.11,0.58
3062,2004-11-30,4.4,4.51,4.4,4.51,834,574589.0,2.46,0.89,0.04,0.35
3063,2004-12-01,4.55,4.55,4.44,4.45,1257,867377.0,2.44,-1.33,-0.06,0.52
3064,2004-12-02,4.45,4.55,4.43,4.55,1619,1119427.0,2.7,2.25,0.1,0.67
3065,2004-12-03,4.55,4.73,4.55,4.65,2669,1908404.0,3.96,2.2,0.1,1.11
3066,2004-12-06,4.73,4.73,4.56,4.64,1225,870433.0,3.66,-0.22,-0.01,0.51
3067,2004-12-07,4.75,5.03,4.68,4.68,9436,7019091.0,7.54,0.86,0.04,3.93
3068,2004-12-08,4.71,4.8,4.63,4.66,1955,1403444.0,3.63,-0.43,-0.02,0.81
3069,2004-12-09,4.66,4.78,4.66,4.69,2010,1457291.0,2.58,0.64,0.03,0.84
3070,2004-12-10,4.69,4.73,4.44,4.48,3624,2531334.0,6.18,-4.48,-0.21,1.51
3071,2004-12-13,4.48,4.48,4.35,4.37,1273,864521.0,2.9,-2.46,-0.11,0.53
3072,2004-12-14,4.45,4.45,4.35,4.35,604,408695.0,2.29,-0.46,-0.02,0.25
3073,2004-12-15,4.37,4.39,4.18,4.3,1400,923063.0,4.83,-1.15,-0.05,0.58
3074,2004-12-16,4.3,4.32,4.23,4.23,853,563681.0,2.09,-1.63,-0.07,0.36
3075,2004-12-17,4.19,4.28,4.18,4.21,616,403213.0,2.36,-0.47,-0.02,0.26
3076,2004-12-20,4.21,4.21,4.12,4.19,418,270401.0,2.14,-0.48,-0.02,0.17
3077,2004-12-21,4.28,4.4,4.23,4.28,1065,708727.0,4.06,2.15,0.09,0.44
3078,2004-12-22,4.32,4.49,4.26,4.45,1854,1259494.0,5.37,3.97,0.17,0.77
3079,2004-12-23,4.39,4.45,4.19,4.31,1147,768936.0,5.84,-3.15,-0.14,0.48
3080,2004-12-24,4.26,4.43,4.25,4.32,513,343672.0,4.18,0.23,0.01,0.21
3081,2004-12-27,4.37,4.37,4.27,4.3,243,162778.0,2.31,-0.46,-0.02,0.1
3082,2004-12-28,4.28,4.32,4.26,4.29,359,237932.0,1.4,-0.23,-0.01,0.15
3083,2004-12-29,4.4,4.4,4.29,4.32,455,304850.0,2.56,0.7,0.03,0.19
3084,2004-12-30,4.24,4.33,4.2,4.28,389,256457.0,3.01,-0.93,-0.04,0.16
3085,2004-12-31,4.33,4.37,4.16,4.18,1026,668610.0,4.91,-2.34,-0.1,0.43
3086,2005-01-04,4.15,4.18,4.12,4.15,635,407856.0,1.44,-0.72,-0.03,0.26
3087,2005-01-05,4.19,4.31,4.19,4.25,646,426171.0,2.89,2.41,0.1,0.27
3088,2005-01-06,4.25,4.26,4.18,4.24,560,364921.0,1.88,-0.24,-0.01,0.23
3089,2005-01-07,4.33,4.36,4.21,4.28,821,548376.0,3.54,0.94,0.04,0.34
3090,2005-01-10,4.28,4.35,4.27,4.35,416,278072.0,1.87,1.64,0.07,0.17
3091,2005-01-11,4.39,4.39,4.3,4.38,681,456695.0,2.07,0.69,0.03,0.28
3092,2005-01-12,4.37,4.38,4.19,4.33,1011,667235.0,4.34,-1.14,-0.05,0.42
3093,2005-01-13,4.26,4.44,4.25,4.43,1769,1192323.0,4.39,2.31,0.1,0.74
3094,2005-01-14,4.43,4.69,4.35,4.48,9108,6404992.0,7.67,1.13,0.05,3.79
3095,2005-01-17,4.56,4.9,4.56,4.78,22646,16468414.0,7.59,6.7,0.3,9.44
3096,2005-01-18,4.73,4.96,4.66,4.9,14996,11099117.0,6.28,2.51,0.12,6.25
3097,2005-01-19,4.83,4.88,4.72,4.79,6852,5013939.0,3.27,-2.24,-0.11,2.85
3098,2005-01-20,4.74,4.74,4.58,4.7,6912,4941185.0,3.34,-1.88,-0.09,2.88
3099,2005-01-21,4.69,4.76,4.52,4.69,6407,4571570.0,5.11,-0.21,-0.01,2.67
3100,2005-01-24,4.77,4.9,4.69,4.85,9390,6903071.0,4.48,3.41,0.16,3.91
3101,2005-01-25,4.83,4.92,4.7,4.81,6295,4653476.0,4.54,-0.82,-0.04,2.62
3102,2005-01-26,4.7,4.81,4.61,4.63,4242,3060643.0,4.16,-3.74,-0.18,1.77
3103,2005-01-27,4.62,4.65,4.52,4.53,3110,2189763.0,2.81,-2.16,-0.1,1.3
3104,2005-01-28,4.48,4.53,4.19,4.27,4260,2877927.0,7.51,-5.74,-0.26,1.78
3105,2005-01-31,4.2,4.31,4.08,4.17,2507,1620632.0,5.39,-2.34,-0.1,1.04
3106,2005-02-01,4.13,4.24,4.01,4.01,2532,1627497.0,5.52,-3.84,-0.16,1.06
3107,2005-02-02,4.01,4.29,4.01,4.28,2791,1805209.0,6.98,6.73,0.27,1.16
3108,2005-02-03,4.28,4.38,4.19,4.2,2753,1816658.0,4.44,-1.87,-0.08,1.15
3109,2005-02-04,4.19,4.37,4.12,4.35,4017,2643846.0,5.95,3.57,0.15,1.67
3110,2005-02-16,4.4,4.44,4.33,4.41,3257,2213678.0,2.53,1.38,0.06,1.36
3111,2005-02-17,4.39,4.42,4.3,4.39,2382,1600192.0,2.72,-0.45,-0.02,0.99
3112,2005-02-18,4.38,4.41,4.31,4.31,842,565553.0,2.28,-1.82,-0.08,0.35
3113,2005-02-21,4.31,4.4,4.29,4.36,1048,704430.0,2.55,1.16,0.05,0.44
3114,2005-02-22,4.35,4.6,4.32,4.57,5600,3890459.0,6.42,4.82,0.21,2.33
3115,2005-02-23,4.5,4.8,4.5,4.65,5851,4199684.0,6.56,1.75,0.08,2.44
3116,2005-02-24,4.65,4.7,4.59,4.68,2461,1760008.0,2.37,0.65,0.03,1.03
3117,2005-02-25,4.64,4.76,4.63,4.65,4537,3248805.0,2.78,-0.64,-0.03,1.89
3118,2005-02-28,4.62,4.65,4.55,4.56,2155,1523208.0,2.15,-1.94,-0.09,0.9
3119,2005-03-01,4.55,4.8,4.53,4.78,5857,4227054.0,5.92,4.82,0.22,2.44
3120,2005-03-02,4.73,4.77,4.55,4.57,3745,2673806.0,4.6,-4.39,-0.21,1.56
3121,2005-03-03,4.58,4.65,4.56,4.62,1902,1344597.0,1.97,1.09,0.05,0.79
3122,2005-03-04,4.62,4.62,4.48,4.5,2083,1456220.0,3.03,-2.6,-0.12,0.87
3123,2005-03-07,4.42,4.53,4.4,4.45,1953,1336613.0,2.89,-1.11,-0.05,0.81
3124,2005-03-08,4.5,4.58,4.45,4.58,1521,1058163.0,2.92,2.92,0.13,0.63
3125,2005-03-09,4.58,4.68,4.55,4.65,2581,1828652.0,2.84,1.53,0.07,1.08
3126,2005-03-10,4.65,4.65,4.32,4.41,1910,1323547.0,7.1,-5.16,-0.24,0.8
3127,2005-03-11,4.4,4.46,4.38,4.46,1677,1145542.0,1.81,1.13,0.05,0.7
3128,2005-03-14,4.44,4.51,4.34,4.4,1424,968227.0,3.81,-1.35,-0.06,0.59
3129,2005-03-15,4.43,4.43,4.3,4.3,1645,1103794.0,2.95,-2.27,-0.1,0.69
3130,2005-03-16,4.31,4.38,4.28,4.35,912,609985.0,2.33,1.16,0.05,0.38
3131,2005-03-17,4.32,4.32,4.23,4.24,1012,669387.0,2.07,-2.53,-0.11,0.42
3132,2005-03-18,4.23,4.28,4.13,4.14,1043,679110.0,3.54,-2.36,-0.1,0.43
3133,2005-03-21,4.18,4.2,3.83,4.06,1130,711766.0,8.94,-1.93,-0.08,0.47
3134,2005-03-22,4.05,4.06,3.87,3.9,1668,1021736.0,4.68,-3.94,-0.16,0.7
3135,2005-03-23,3.83,3.99,3.83,3.91,1306,798883.0,4.1,0.26,0.01,0.54
3136,2005-03-24,3.89,3.99,3.89,3.97,865,530780.0,2.56,1.53,0.06,0.36
3137,2005-03-25,4.05,4.05,3.92,3.93,862,530464.0,3.27,-1.01,-0.04,0.36
3138,2005-03-28,3.87,3.87,3.7,3.76,2138,1260103.0,4.33,-4.33,-0.17,0.89
3139,2005-03-29,3.76,4.03,3.76,3.85,2474,1517300.0,7.18,2.39,0.09,1.03
3140,2005-03-30,3.85,3.98,3.7,3.83,2839,1703423.0,7.27,-0.52,-0.02,1.18
3141,2005-03-31,3.9,4.11,3.8,4.1,5555,3457303.0,8.09,7.05,0.27,2.31
3142,2005-04-01,4.12,4.26,3.98,4.23,6968,4477949.0,6.83,3.17,0.13,2.9
3143,2005-04-04,4.16,4.23,4.0,4.02,2555,1613100.0,5.44,-4.96,-0.21,1.06
3144,2005-04-05,4.02,4.1,3.95,4.03,1616,1011624.0,3.73,0.25,0.01,0.67
3145,2005-04-06,4.03,4.05,3.88,4.02,1654,1021795.0,4.22,-0.25,-0.01,0.69
3146,2005-04-07,3.98,4.2,3.98,4.09,3410,2184491.0,5.47,1.74,0.07,1.42
3147,2005-04-08,4.09,4.4,4.02,4.3,6646,4404644.0,9.29,5.13,0.21,2.77
3148,2005-04-11,4.33,4.36,4.2,4.22,3268,2160488.0,3.72,-1.86,-0.08,1.36
3149,2005-04-12,4.23,4.3,4.1,4.21,2606,1698195.0,4.74,-0.24,-0.01,1.09
3150,2005-04-13,4.26,4.68,4.26,4.56,16687,11777861.0,9.98,8.31,0.35,6.95
3151,2005-04-14,4.51,4.8,4.48,4.58,17544,12584240.0,7.02,0.44,0.02,7.31
3152,2005-04-15,4.53,5.07,4.48,5.06,30018,22314597.0,12.88,10.48,0.48,12.51
3153,2005-04-18,4.98,4.98,4.51,4.51,13637,9787942.0,9.29,-10.87,-0.55,5.68
3154,2005-04-19,4.34,4.8,4.26,4.79,19889,13977906.0,11.97,6.21,0.28,8.29
3155,2005-04-20,4.67,4.69,4.32,4.4,10437,7231755.0,7.72,-8.14,-0.39,4.35
3156,2005-04-21,4.38,4.44,3.98,4.01,8605,5476639.0,10.45,-8.86,-0.39,3.59
3157,2005-04-22,4.02,4.06,3.83,3.93,5741,3532214.0,5.74,-2.0,-0.08,2.39
3158,2005-04-25,3.98,3.98,3.55,3.68,6315,3709159.0,10.94,-6.36,-0.25,2.63
3159,2005-04-26,3.69,3.93,3.58,3.83,5348,3189833.0,9.51,4.08,0.15,2.23
3160,2005-04-27,3.85,3.85,3.68,3.71,2947,1722766.0,4.44,-3.13,-0.12,1.23
3161,2005-04-28,3.7,3.9,3.63,3.85,5207,3075434.0,7.28,3.77,0.14,2.17
3162,2005-04-29,3.74,3.82,3.68,3.69,3765,2205476.0,3.64,-4.16,-0.16,1.57
3163,2005-05-09,3.83,4.03,3.71,3.81,5908,3587230.0,8.67,3.25,0.12,2.46
3164,2005-05-10,3.86,3.88,3.55,3.8,3765,2189660.0,8.66,-0.26,-0.01,1.57
3165,2005-05-11,3.8,3.89,3.73,3.83,3044,1819775.0,4.21,0.79,0.03,1.27
3166,2005-05-12,3.85,3.85,3.69,3.75,1661,975697.0,4.18,-2.09,-0.08,0.69
3167,2005-05-13,3.7,3.78,3.62,3.76,2969,1724285.0,4.27,0.27,0.01,1.24
3168,2005-05-16,3.76,3.97,3.7,3.92,6165,3718309.0,7.18,4.26,0.16,2.57
3169,2005-05-17,3.84,3.97,3.83,3.9,2960,1799191.0,3.57,-0.51,-0.02,1.23
3170,2005-05-18,3.91,3.93,3.76,3.9,3287,1979152.0,4.36,0.0,0.0,1.37
3171,2005-05-19,3.9,3.9,3.77,3.85,1702,1020074.0,3.33,-1.28,-0.05,0.71
3172,2005-05-20,3.85,3.88,3.78,3.78,1918,1148456.0,2.6,-1.82,-0.07,0.8
3173,2005-05-23,3.69,3.75,3.62,3.64,2746,1585876.0,3.44,-3.7,-0.14,1.14
3174,2005-05-24,3.64,3.78,3.62,3.78,2148,1255334.0,4.4,3.85,0.14,0.89
3175,2005-05-25,3.76,3.79,3.69,3.73,1811,1061322.0,2.65,-1.32,-0.05,0.75
3176,2005-05-26,3.73,3.76,3.65,3.7,1238,719998.0,2.95,-0.8,-0.03,0.52
3177,2005-05-27,3.75,3.89,3.74,3.83,4249,2536208.0,4.05,3.51,0.13,1.77
3178,2005-05-30,3.88,3.93,3.8,3.9,4792,2908765.0,3.39,1.83,0.07,2.0
3179,2005-05-31,3.88,3.88,3.76,3.8,2022,1209625.0,3.08,-2.56,-0.1,0.84
3180,2005-06-01,3.73,3.83,3.73,3.73,1369,806006.0,2.63,-1.84,-0.07,0.57
3181,2005-06-03,3.66,3.77,3.63,3.68,1711,990344.0,3.75,-1.34,-0.05,0.71
3182,2005-06-06,3.71,3.86,3.7,3.8,2663,1584977.0,4.35,3.26,0.12,1.11
3183,2005-06-07,3.83,4.0,3.8,3.87,5424,3300936.0,5.26,1.84,0.07,2.26
3184,2005-06-08,3.83,4.22,3.83,4.16,9910,6234979.0,10.08,7.49,0.29,4.13
3185,2005-06-09,4.11,4.23,4.01,4.1,8374,5319087.0,5.29,-1.44,-0.06,3.49
3186,2005-06-10,4.11,4.22,3.96,4.16,7259,4621111.0,6.34,1.46,0.06,3.02
3187,2005-06-13,4.12,4.15,3.97,4.06,3496,2204727.0,4.33,-2.4,-0.1,1.46
3188,2005-06-14,4.08,4.11,3.94,3.95,2683,1673294.0,4.19,-2.71,-0.11,1.12
3189,2005-06-15,3.92,3.98,3.78,3.8,2421,1464312.0,5.06,-3.8,-0.15,1.01
3190,2005-06-16,3.7,3.95,3.7,3.89,2902,1747400.0,6.58,2.37,0.09,1.21
3191,2005-06-17,3.89,3.9,3.78,3.82,2301,1377273.0,3.08,-1.8,-0.07,0.96
3192,2005-06-20,3.78,4.03,3.78,4.03,5075,3136030.0,6.54,5.5,0.21,2.11
3193,2005-06-21,3.99,4.05,3.92,3.96,3428,2127994.0,3.23,-1.74,-0.07,1.43
3194,2005-06-22,3.96,3.98,3.91,3.97,1711,1054041.0,1.77,0.25,0.01,0.71
3195,2005-06-23,3.98,4.06,3.94,3.95,2026,1264645.0,3.02,-0.5,-0.02,0.84
3196,2005-06-24,3.93,3.99,3.86,3.92,1316,803147.0,3.29,-0.76,-0.03,0.55
3197,2005-06-27,4.01,4.15,3.96,4.02,4940,3111436.0,4.85,2.55,0.1,2.06
3198,2005-06-28,4.01,4.1,3.94,4.09,3957,2479058.0,3.98,1.74,0.07,1.65
3199,2005-06-29,4.05,4.16,4.02,4.03,4289,2735955.0,3.42,-1.47,-0.06,1.79
3200,2005-06-30,3.98,4.01,3.8,3.8,3320,2024684.0,5.21,-5.71,-0.23,1.38
3201,2005-07-01,3.81,3.81,3.62,3.63,3101,1802200.0,5.0,-4.47,-0.17,1.29
3202,2005-07-04,3.55,3.62,3.23,3.23,5960,3100659.0,10.74,-11.02,-0.4,2.48
3203,2005-07-05,3.2,3.23,3.01,3.1,3287,1634219.0,6.81,-4.02,-0.13,1.37
3204,2005-07-06,3.15,3.22,3.09,3.12,2087,1047637.0,4.19,0.65,0.02,0.87
3205,2005-07-07,3.14,3.18,3.1,3.15,1366,688183.0,2.56,0.96,0.03,0.57
3206,2005-07-08,3.11,3.11,2.85,2.9,3863,1822564.0,8.25,-7.94,-0.25,1.61
3207,2005-07-11,2.9,3.08,2.78,2.9,2730,1286627.0,10.34,0.0,0.0,1.14
3208,2005-07-12,2.88,3.05,2.86,3.05,2345,1118883.0,6.55,5.17,0.15,0.98
3209,2005-07-13,3.39,3.39,3.19,3.2,10742,5561515.0,6.56,4.92,0.15,4.48
3210,2005-07-14,3.12,3.15,2.99,3.06,3493,1714089.0,5.0,-4.38,-0.14,1.46
3211,2005-07-15,3.06,3.06,2.9,2.91,2338,1117822.0,5.23,-4.9,-0.15,0.97
3212,2005-07-18,2.87,2.93,2.8,2.85,1091,507782.0,4.47,-2.06,-0.06,0.45
3213,2005-07-19,2.85,2.9,2.81,2.9,1336,619634.0,3.16,1.75,0.05,0.56
3214,2005-07-20,2.9,2.93,2.85,2.86,1601,749142.0,2.76,-1.38,-0.04,0.67
3215,2005-07-21,2.93,2.97,2.85,2.9,1565,737495.0,4.2,1.4,0.04,0.65
3216,2005-07-22,2.98,3.08,2.91,2.99,3100,1495490.0,5.86,3.1,0.09,1.29
3217,2005-07-25,2.99,3.03,2.96,3.0,1465,708466.0,2.34,0.33,0.01,0.61
3218,2005-07-26,3.0,3.1,3.0,3.08,2928,1440679.0,3.33,2.67,0.08,1.22
3219,2005-07-27,3.08,3.22,3.02,3.2,3848,1912182.0,6.49,3.9,0.12,1.6
3220,2005-07-28,3.19,3.28,3.11,3.16,4072,2070680.0,5.31,-1.25,-0.04,1.7
3221,2005-07-29,3.15,3.29,3.1,3.21,4574,2342185.0,6.01,1.58,0.05,1.91
3222,2005-08-01,3.2,3.25,3.17,3.25,3441,1766744.0,2.49,1.25,0.04,1.43
3223,2005-08-02,3.26,3.35,3.26,3.31,6246,3274800.0,2.77,1.85,0.06,2.6
3224,2005-08-03,3.31,3.35,3.26,3.28,5381,2842617.0,2.72,-0.91,-0.03,2.24
3225,2005-08-04,3.25,3.26,3.17,3.23,3943,2020343.0,2.74,-1.52,-0.05,1.64
3226,2005-08-05,3.23,3.45,3.23,3.4,9158,4906188.0,6.81,5.26,0.17,3.82
3227,2005-08-08,3.51,3.75,3.5,3.63,14884,8556104.0,7.35,6.76,0.23,6.2
3228,2005-08-09,3.63,3.88,3.54,3.85,13109,7708172.0,9.37,6.06,0.22,5.46
3229,2005-08-10,3.85,4.03,3.78,4.0,14357,8773499.0,6.49,3.9,0.15,5.98
3230,2005-08-11,3.98,4.12,3.89,4.08,14471,9069837.0,5.75,2.0,0.08,6.03
3231,2005-08-12,4.1,4.44,4.09,4.25,21941,14498432.0,8.58,4.17,0.17,9.14
3232,2005-08-15,4.33,4.34,4.06,4.18,10375,6651684.0,6.59,-1.65,-0.07,4.32
3233,2005-08-16,4.18,4.51,4.08,4.36,15640,10500071.0,10.29,4.31,0.18,6.52
3234,2005-08-17,4.35,4.51,4.15,4.45,17161,11641022.0,8.26,2.06,0.09,7.15
3235,2005-08-18,4.4,4.73,3.98,4.05,18603,12822298.0,16.85,-8.99,-0.4,7.75
3236,2005-08-19,4.05,4.19,3.63,3.82,11193,6740619.0,13.83,-5.68,-0.23,4.66
3237,2005-08-22,3.73,3.83,3.65,3.77,6924,4057512.0,4.71,-1.31,-0.05,2.89
3238,2005-08-23,3.78,3.8,3.7,3.76,4243,2498303.0,2.65,-0.27,-0.01,1.77
3239,2005-08-24,3.76,4.05,3.75,4.01,10477,6485947.0,7.98,6.65,0.25,4.37
3240,2005-08-25,4.05,4.46,4.01,4.46,20326,13468361.0,11.22,11.22,0.45,8.47
3241,2005-08-26,4.55,4.66,4.05,4.12,18391,12327492.0,13.68,-7.62,-0.34,7.66
3242,2005-08-29,4.1,4.2,3.98,4.1,7423,4721630.0,5.34,-0.49,-0.02,3.09
3243,2005-08-30,4.05,4.05,3.76,3.78,7132,4387406.0,7.07,-7.8,-0.32,2.97
3244,2005-08-31,3.79,4.02,3.79,3.98,4891,2996771.0,6.08,5.29,0.2,2.04
3245,2005-09-01,3.98,4.12,3.94,4.11,5568,3517395.0,4.52,3.27,0.13,2.32
3246,2005-09-02,4.08,4.25,4.08,4.16,6895,4456662.0,4.14,1.22,0.05,2.87
3247,2005-09-05,4.16,4.46,4.14,4.44,10182,6792644.0,7.69,6.73,0.28,4.24
3248,2005-09-06,4.15,4.45,4.12,4.15,11538,7661156.0,7.43,-6.53,-0.29,4.81
3249,2005-09-07,4.12,4.25,4.12,4.23,5006,3244126.0,3.13,1.93,0.08,2.09
3250,2005-09-08,4.26,4.28,4.12,4.2,4987,3242023.0,3.78,-0.71,-0.03,2.08
3251,2005-09-09,4.16,4.32,4.12,4.17,5884,3864558.0,4.76,-0.71,-0.03,2.45
3252,2005-09-12,4.08,4.19,4.03,4.06,3787,2407880.0,3.84,-2.64,-0.11,1.58
3253,2005-09-13,4.08,4.19,4.08,4.19,3701,2383357.0,2.71,3.2,0.13,1.54
3254,2005-09-14,4.2,4.4,4.19,4.29,7425,4942715.0,5.01,2.39,0.1,3.09
3255,2005-09-15,4.29,4.5,4.29,4.38,10991,7470795.0,4.9,2.1,0.09,4.58
3256,2005-09-16,4.46,4.5,4.37,4.43,13537,9242731.0,2.97,1.14,0.05,5.64
3257,2005-09-19,4.44,4.55,4.4,4.47,11168,7688844.0,3.39,0.9,0.04,4.65
3258,2005-09-20,4.49,4.5,4.28,4.38,8275,5564742.0,4.92,-2.01,-0.09,3.45
3259,2005-09-21,4.38,4.41,4.29,4.32,4184,2800593.0,2.74,-1.37,-0.06,1.74
3260,2005-09-22,4.3,4.38,4.05,4.09,5086,3306906.0,7.64,-5.32,-0.23,2.12
3261,2005-09-23,4.1,4.14,3.9,3.91,4129,2594638.0,5.87,-4.4,-0.18,1.72
3262,2005-09-26,3.87,4.03,3.85,3.99,2950,1818665.0,4.6,2.05,0.08,1.23
3263,2005-09-27,3.98,4.08,3.87,3.9,2582,1592589.0,5.26,-2.26,-0.09,1.08
3264,2005-09-28,3.9,4.1,3.9,4.05,4967,3112348.0,5.13,3.85,0.15,2.07
3265,2005-09-29,4.5,4.5,4.26,4.35,13959,9416449.0,5.93,7.41,0.3,5.82
3266,2005-09-30,4.38,4.39,4.13,4.18,8450,5550781.0,5.98,-3.91,-0.17,3.52
3267,2005-10-10,4.19,4.19,4.0,4.05,3354,2125670.0,4.55,-3.11,-0.13,1.4
3268,2005-10-11,4.07,4.16,4.03,4.15,2848,1814731.0,3.21,2.47,0.1,1.19
3269,2005-10-12,4.12,4.15,4.01,4.11,3337,2116159.0,3.37,-0.96,-0.04,1.39
3270,2005-10-13,4.13,4.29,4.08,4.1,5150,3336732.0,5.11,-0.24,-0.01,2.15
3271,2005-10-14,4.1,4.1,3.98,4.0,3191,1995864.0,2.93,-2.44,-0.1,1.33
3272,2005-10-17,3.98,4.08,3.95,4.07,2834,1768712.0,3.25,1.75,0.07,1.18
3273,2005-10-18,4.05,4.3,4.05,4.27,8212,5353812.0,6.14,4.91,0.2,3.42
3274,2005-10-19,4.3,4.65,4.23,4.33,22707,15545216.0,9.84,1.41,0.06,9.46
3275,2005-10-20,4.28,4.28,4.05,4.23,11385,7308292.0,5.31,-2.31,-0.1,4.74
3276,2005-10-21,4.15,4.23,4.1,4.21,4828,3120972.0,3.07,-0.47,-0.02,2.01
3277,2005-10-24,4.21,4.44,4.18,4.36,7249,4841400.0,6.18,3.56,0.15,3.02
3278,2005-10-25,4.36,4.4,4.24,4.37,7762,5193149.0,3.67,0.23,0.01,3.23
3279,2005-10-26,4.33,4.33,4.01,4.01,6075,3917469.0,7.32,-8.24,-0.36,2.53
3280,2005-10-27,4.01,4.05,3.66,3.81,7919,4740577.0,9.73,-4.99,-0.2,3.3
3281,2005-10-28,3.83,3.85,3.63,3.67,3264,1901351.0,5.77,-3.67,-0.14,1.36
3282,2005-10-31,3.76,3.78,3.69,3.73,2345,1372412.0,2.45,1.63,0.06,0.98
3283,2005-11-01,3.66,3.73,3.48,3.58,3538,1983941.0,6.7,-4.02,-0.15,1.47
3284,2005-11-02,3.65,3.75,3.58,3.72,3921,2277470.0,4.75,3.91,0.14,1.63
3285,2005-11-03,3.68,3.75,3.6,3.63,2456,1414060.0,4.03,-2.42,-0.09,1.02
3286,2005-11-04,3.63,3.72,3.6,3.71,1412,811317.0,3.31,2.2,0.08,0.59
3287,2005-11-07,3.7,3.79,3.65,3.75,1552,905588.0,3.77,1.08,0.04,0.65
3288,2005-11-08,3.75,3.85,3.68,3.82,3690,2181090.0,4.53,1.87,0.07,1.54
3289,2005-11-09,3.83,3.84,3.73,3.73,2666,1576199.0,2.88,-2.36,-0.09,1.11
3290,2005-11-10,3.8,3.98,3.68,3.71,6177,3710240.0,8.04,-0.54,-0.02,2.57
3291,2005-11-11,3.65,3.7,3.55,3.66,4018,2287936.0,4.04,-1.35,-0.05,1.67
3292,2005-11-14,3.61,3.66,3.58,3.65,1224,699654.0,2.19,-0.27,-0.01,0.51
3293,2005-11-15,3.7,3.85,3.66,3.7,4995,2952775.0,5.21,1.37,0.05,2.08
3294,2005-11-16,3.69,3.75,3.64,3.75,1796,1042452.0,2.97,1.35,0.05,0.75
3295,2005-11-17,3.74,3.83,3.73,3.77,2664,1579598.0,2.67,0.53,0.02,1.11
3296,2005-11-18,3.75,3.94,3.73,3.88,6414,3859784.0,5.57,2.92,0.11,2.67
3297,2005-11-21,3.87,3.94,3.83,3.87,4051,2461571.0,2.84,-0.26,-0.01,1.69
3298,2005-11-22,3.89,3.89,3.68,3.7,2861,1685340.0,5.43,-4.39,-0.17,1.19
3299,2005-11-23,3.74,3.75,3.7,3.73,1533,895817.0,1.35,0.81,0.03,0.64
3300,2005-11-24,3.75,3.8,3.72,3.73,1348,794967.0,2.14,0.0,0.0,0.56
3301,2005-11-25,3.71,3.75,3.66,3.7,1614,938507.0,2.41,-0.8,-0.03,0.67
3302,2005-11-28,3.75,3.75,3.67,3.75,1566,912633.0,2.16,1.35,0.05,0.65
3303,2005-11-29,3.73,3.73,3.65,3.65,1029,595348.0,2.13,-2.67,-0.1,0.43
3304,2005-11-30,3.65,3.68,3.6,3.65,1224,699210.0,2.19,0.0,0.0,0.51
3305,2005-12-01,3.62,3.82,3.6,3.78,4147,2435712.0,6.03,3.56,0.13,1.73
3306,2005-12-02,3.7,3.74,3.63,3.65,2249,1297596.0,2.91,-3.44,-0.13,0.94
3307,2005-12-05,3.62,3.69,3.33,3.35,3173,1753526.0,9.86,-8.22,-0.3,1.32
3308,2005-12-06,3.35,3.43,3.35,3.4,1447,776655.0,2.39,1.49,0.05,0.6
3309,2005-12-07,3.38,3.41,3.33,3.4,1883,1005712.0,2.35,0.0,0.0,0.78
3310,2005-12-08,3.38,3.43,3.36,3.4,864,464953.0,2.06,0.0,0.0,0.36
3311,2005-12-09,3.41,3.48,3.4,3.45,1402,765880.0,2.35,1.47,0.05,0.58
3312,2005-12-12,3.48,3.53,3.46,3.51,1834,1015191.0,2.03,1.74,0.06,0.76
3313,2005-12-13,3.44,3.51,3.4,3.46,1214,661736.0,3.13,-1.42,-0.05,0.51
3314,2005-12-14,3.46,3.51,3.43,3.5,1623,893411.0,2.31,1.16,0.04,0.68
3315,2005-12-15,3.52,3.6,3.46,3.52,3531,1977493.0,4.0,0.57,0.02,1.47
3316,2005-12-16,3.49,3.57,3.48,3.55,1348,750414.0,2.56,0.85,0.03,0.56
3317,2005-12-19,3.55,3.6,3.51,3.55,653,364750.0,2.54,0.0,0.0,0.27
3318,2005-12-20,3.53,3.53,3.49,3.53,1112,616354.0,1.13,-0.56,-0.02,0.46
3319,2005-12-21,3.5,3.55,3.46,3.48,1628,899869.0,2.55,-1.42,-0.05,0.68
3320,2005-12-22,3.48,3.49,3.39,3.46,1676,914586.0,2.87,-0.57,-0.02,0.7
3321,2005-12-23,3.44,3.54,3.44,3.52,2047,1130138.0,2.89,1.73,0.06,0.85
3322,2005-12-26,3.55,3.63,3.53,3.59,4782,2707951.0,2.84,1.99,0.07,1.99
3323,2005-12-27,3.55,3.59,3.54,3.57,1214,682172.0,1.39,-0.56,-0.02,0.51
3324,2005-12-28,3.55,3.68,3.55,3.63,3720,2129223.0,3.64,1.68,0.06,1.55
3325,2005-12-29,3.59,3.63,3.58,3.63,3305,1878974.0,1.38,0.0,0.0,1.38
3326,2005-12-30,3.63,3.66,3.55,3.55,1850,1050877.0,3.03,-2.2,-0.08,0.77
3327,2006-01-04,3.6,3.63,3.55,3.6,2192,1238083.0,2.25,1.41,0.05,0.91
3328,2006-01-05,3.58,3.66,3.58,3.66,3478,1982200.0,2.22,1.67,0.06,1.45
3329,2006-01-06,3.66,3.73,3.61,3.68,4343,2511974.0,3.28,0.55,0.02,1.81
3330,2006-01-09,3.69,3.75,3.68,3.74,3496,2039342.0,1.9,1.63,0.06,1.46
3331,2006-01-10,3.71,3.86,3.71,3.85,7224,4323848.0,4.01,2.94,0.11,3.01
3332,2006-01-11,3.88,4.09,3.86,4.02,18773,11711410.0,5.97,4.42,0.17,7.82
3333,2006-01-12,4.02,4.07,3.93,4.02,7831,4869142.0,3.48,0.0,0.0,3.26
3334,2006-01-13,4.03,4.03,3.89,3.93,6744,4153966.0,3.48,-2.24,-0.09,2.81
3335,2006-01-16,3.93,3.96,3.76,3.76,5887,3563529.0,5.09,-4.33,-0.17,2.45
3336,2006-01-17,3.73,3.78,3.73,3.76,4107,2413468.0,1.33,0.0,0.0,1.71
3337,2006-01-18,3.73,3.9,3.73,3.85,2791,1672804.0,4.52,2.39,0.09,1.16
3338,2006-01-19,3.86,3.89,3.81,3.89,3261,1962961.0,2.08,1.04,0.04,1.36
3339,2006-01-20,3.89,3.89,3.8,3.82,3076,1843888.0,2.31,-1.8,-0.07,1.28
3340,2006-01-23,3.82,3.89,3.78,3.88,3408,2047852.0,2.88,1.57,0.06,1.42
3341,2006-01-24,3.84,4.01,3.76,3.93,8256,5007577.0,6.44,1.29,0.05,3.44
3342,2006-01-25,3.92,3.92,3.76,3.8,2994,1792552.0,4.07,-3.31,-0.13,1.25
3343,2006-02-06,3.8,3.87,3.8,3.86,2572,1546044.0,1.84,1.58,0.06,1.07
3344,2006-02-07,3.86,3.97,3.84,3.96,5513,3362126.0,3.37,2.59,0.1,2.3
3345,2006-02-08,3.93,4.04,3.88,4.03,6598,4094088.0,4.04,1.77,0.07,2.75
3346,2006-02-09,4.04,4.06,3.92,3.93,4319,2670543.0,3.47,-2.48,-0.1,1.8
3347,2006-02-10,3.93,3.96,3.9,3.93,2307,1416883.0,1.53,0.0,0.0,0.96
3348,2006-02-13,3.92,3.93,3.83,3.86,2523,1520973.0,2.54,-1.78,-0.07,1.05
3349,2006-02-14,3.86,3.9,3.83,3.88,1657,1002129.0,1.81,0.52,0.02,0.69
3350,2006-02-15,3.88,3.95,3.88,3.93,2732,1671989.0,1.8,1.29,0.05,1.14
3351,2006-02-16,3.93,4.05,3.9,3.99,11365,7072372.0,3.82,1.53,0.06,4.74
3352,2006-02-17,4.0,4.01,3.87,3.9,4351,2673084.0,3.51,-2.26,-0.09,1.81
3353,2006-02-20,3.87,4.03,3.87,3.94,4445,2755503.0,4.1,1.03,0.04,1.85
3354,2006-02-21,3.94,3.94,3.76,3.93,4581,2758710.0,4.57,-0.25,-0.01,1.91
3355,2006-02-22,3.93,4.12,3.89,4.05,12742,8007165.0,5.85,3.05,0.12,5.31
3356,2006-02-23,4.03,4.13,3.98,4.1,7735,4902726.0,3.7,1.23,0.05,3.22
3357,2006-02-24,4.1,4.3,4.01,4.2,13843,8943436.0,7.07,2.44,0.1,5.77
3358,2006-02-27,4.2,4.4,4.13,4.34,15294,10209280.0,6.43,3.33,0.14,6.37
3359,2006-02-28,4.32,4.32,4.18,4.26,7227,4738287.0,3.23,-1.84,-0.08,3.01
3360,2006-03-01,4.26,4.26,4.12,4.19,6404,4155860.0,3.29,-1.64,-0.07,2.67
3361,2006-03-02,4.18,4.33,4.05,4.05,7065,4610845.0,6.68,-3.34,-0.14,2.94
3362,2006-03-03,4.02,4.1,3.96,4.01,5929,3720366.0,3.46,-0.99,-0.04,2.47
3363,2006-03-06,4.03,4.08,3.99,4.02,2525,1586418.0,2.24,0.25,0.01,1.05
3364,2006-03-07,3.98,4.04,3.85,3.88,4289,2623658.0,4.73,-3.48,-0.14,1.79
3365,2006-03-08,3.87,3.93,3.84,3.91,2283,1389505.0,2.32,0.77,0.03,0.95
3366,2006-03-09,3.94,3.94,3.79,3.83,2674,1612063.0,3.84,-2.05,-0.08,1.11
3367,2006-03-10,3.86,3.87,3.78,3.8,1637,976677.0,2.35,-0.78,-0.03,0.68
3368,2006-03-13,3.8,3.84,3.77,3.83,1305,779127.0,1.84,0.79,0.03,0.54
3369,2006-03-14,3.83,3.86,3.76,3.8,1627,965876.0,2.61,-0.78,-0.03,0.68
3370,2006-03-15,3.8,3.89,3.76,3.88,2045,1226468.0,3.42,2.11,0.08,0.85
3371,2006-03-16,3.88,3.92,3.86,3.9,1602,973737.0,1.55,0.52,0.02,0.67
3372,2006-03-17,3.88,4.03,3.88,3.98,5734,3551730.0,3.85,2.05,0.08,2.39
3373,2006-03-20,4.01,4.15,3.95,4.11,7616,4830551.0,5.03,3.27,0.13,3.17
3374,2006-03-21,4.15,4.33,3.98,4.02,11208,7262447.0,8.52,-2.19,-0.09,4.67
3375,2006-03-22,4.02,4.06,3.92,4.06,4060,2521321.0,3.48,1.0,0.04,1.69
3376,2006-03-23,4.2,4.37,4.13,4.13,12085,7940342.0,5.91,1.72,0.07,5.04
3377,2006-03-24,4.13,4.22,4.02,4.2,6091,3880225.0,4.84,1.69,0.07,2.54
3378,2006-03-27,4.15,4.19,4.02,4.1,4835,3066673.0,4.05,-2.38,-0.1,2.01
3379,2006-03-28,4.09,4.13,4.03,4.11,4209,2680702.0,2.44,0.24,0.01,1.75
3380,2006-03-29,4.15,4.15,4.03,4.05,4609,2916271.0,2.92,-1.46,-0.06,1.92
3381,2006-03-30,4.03,4.07,3.95,3.95,3767,2352705.0,2.96,-2.47,-0.1,1.57
3382,2006-03-31,3.97,4.07,3.9,4.05,3776,2345911.0,4.3,2.53,0.1,1.57
3383,2006-04-03,4.08,4.08,3.97,4.06,3113,1951954.0,2.72,0.25,0.01,1.3
3384,2006-04-04,4.05,4.23,4.04,4.17,8914,5763480.0,4.68,2.71,0.11,3.71
3385,2006-04-05,4.18,4.2,4.08,4.17,5572,3587711.0,2.88,0.0,0.0,2.32
3386,2006-04-06,4.14,4.33,4.14,4.24,11442,7551536.0,4.56,1.68,0.07,4.77
3387,2006-04-07,4.24,4.31,4.15,4.25,7013,4598629.0,3.77,0.24,0.01,2.92
3388,2006-04-10,4.25,4.39,4.23,4.37,9767,6551948.0,3.76,2.82,0.12,4.07
3389,2006-04-11,4.39,4.58,4.38,4.5,14014,9716672.0,4.58,2.97,0.13,5.84
3390,2006-04-12,4.53,4.58,4.41,4.54,8015,5549843.0,3.78,0.89,0.04,3.34
3391,2006-04-13,4.53,4.62,4.43,4.45,11041,7684143.0,4.19,-1.98,-0.09,4.6
3392,2006-04-14,4.46,4.94,4.4,4.94,22054,16204607.0,12.13,11.01,0.49,9.19
3393,2006-07-04,5.48,5.48,5.48,5.48,184,153070.0,0.0,10.93,0.54,0.08
3394,2006-07-05,6.08,6.08,6.08,6.08,448,409033.0,0.0,10.95,0.6,0.19
3395,2006-07-06,6.73,6.73,6.73,6.73,2081,2091284.0,0.0,10.69,0.65,0.87
3396,2006-07-07,7.45,7.45,7.45,7.45,8957,9906862.0,0.0,10.7,0.72,3.73
3397,2006-07-11,7.65,8.24,7.26,7.88,38262,44493473.0,13.15,5.77,0.43,15.94
3398,2006-07-12,7.4,8.53,7.4,8.41,23534,28407764.0,14.34,6.73,0.53,9.81
3399,2006-07-13,8.44,9.3,8.2,9.3,49656,66248953.0,13.08,10.58,0.89,20.69
3400,2006-08-03,5.26,5.7,4.48,5.23,64713,50609847.0,13.12,-43.76,-4.07,17.4
3401,2006-08-04,5.12,5.8,4.76,5.8,74953,63751832.0,19.89,10.9,0.57,20.15
3402,2006-08-07,5.67,5.98,5.18,5.18,52772,44746873.0,13.79,-10.69,-0.62,14.19
3403,2006-08-08,4.97,5.6,4.69,5.39,51236,39794375.0,17.57,4.05,0.21,13.77
3404,2006-08-09,5.2,5.61,5.07,5.4,44534,36301719.0,10.02,0.19,0.01,11.97
3405,2006-08-10,5.29,5.69,5.2,5.53,43476,36389546.0,9.07,2.41,0.13,11.69
3406,2006-08-11,5.45,5.65,5.3,5.38,32077,26554847.0,6.33,-2.71,-0.15,8.62
3407,2006-08-14,5.35,5.45,4.92,5.08,35351,27702479.0,9.85,-5.58,-0.3,9.5
3408,2006-08-15,5.09,5.23,4.9,5.13,22449,17369607.0,6.5,0.98,0.05,6.03
3409,2006-08-16,5.05,5.2,5.0,5.14,25115,19567697.0,3.9,0.19,0.01,6.75
3410,2006-08-17,5.05,5.13,4.83,4.87,23746,18058458.0,5.84,-5.25,-0.27,6.38
3411,2006-08-18,4.83,5.03,4.78,4.92,23254,17551538.0,5.13,1.03,0.05,6.25
3412,2006-08-21,4.55,4.8,4.51,4.75,23798,17173220.0,5.89,-3.46,-0.17,6.4
3413,2006-08-22,4.9,5.28,4.77,5.28,55414,43609337.0,10.74,11.16,0.53,14.9
3414,2006-08-23,5.15,5.8,5.12,5.5,66872,56013149.0,12.88,4.17,0.22,17.98
3415,2006-08-24,5.41,5.67,5.37,5.55,27376,22803295.0,5.45,0.91,0.05,7.36
3416,2006-08-25,5.55,5.66,5.39,5.43,22104,18439930.0,4.86,-2.16,-0.12,5.94
3417,2006-08-28,5.4,5.59,5.26,5.5,31908,26349347.0,6.08,1.29,0.07,8.58
3418,2006-08-29,5.49,6.1,5.44,6.0,71602,63063793.0,12.0,9.09,0.5,19.25
3419,2006-08-30,5.93,6.23,5.77,6.02,61597,55935479.0,7.67,0.33,0.02,16.56
3420,2006-09-01,5.5,5.98,5.37,5.38,56170,47991884.0,10.13,-10.63,-0.64,15.1
3421,2006-09-04,5.28,5.65,5.23,5.51,34731,28921024.0,7.81,2.42,0.13,9.34
3422,2006-09-05,5.49,5.55,5.33,5.4,25182,20716532.0,3.99,-2.0,-0.11,6.77
3423,2006-09-06,5.36,5.48,5.3,5.41,14166,11545661.0,3.33,0.19,0.01,3.81
3424,2006-09-07,5.41,5.63,5.13,5.6,30216,24919873.0,9.24,3.51,0.19,8.12
3425,2006-09-08,5.49,5.97,5.47,5.76,38190,33155813.0,8.93,2.86,0.16,10.27
3426,2006-09-11,5.72,6.14,5.69,6.03,40011,35953593.0,7.81,4.69,0.27,10.76
3427,2006-09-12,6.03,6.1,5.84,6.01,20779,18719083.0,4.31,-0.33,-0.02,5.59
3428,2006-09-13,5.98,6.15,5.76,6.02,29651,26684457.0,6.49,0.17,0.01,7.97
3429,2006-09-14,6.0,6.1,5.77,5.98,26729,23909280.0,5.48,-0.66,-0.04,7.19
3430,2006-09-15,5.98,6.2,5.83,6.02,31405,28687346.0,6.19,0.67,0.04,8.44
3431,2006-09-18,5.98,6.1,5.84,5.98,23317,20983763.0,4.32,-0.66,-0.04,6.27
3432,2006-09-19,5.97,6.62,5.88,6.42,61315,58101303.0,12.37,7.36,0.44,16.48
3433,2006-09-20,6.33,6.83,6.28,6.54,49625,48661524.0,8.57,1.87,0.12,13.34
3434,2006-09-21,6.53,6.62,6.44,6.48,23489,22852874.0,2.75,-0.92,-0.06,6.31
3435,2006-09-22,6.68,7.17,6.27,6.49,49807,50387318.0,13.89,0.15,0.01,13.39
3436,2006-09-25,6.6,6.9,6.45,6.63,50613,50098653.0,6.93,2.16,0.14,13.61
3437,2006-09-26,6.65,6.76,6.38,6.6,24525,24168115.0,5.73,-0.45,-0.03,6.59
3438,2006-09-27,6.48,6.63,6.16,6.39,32412,31088798.0,7.12,-3.18,-0.21,8.71
3439,2006-09-28,6.28,6.4,6.19,6.25,22349,21032942.0,3.29,-2.19,-0.14,6.01
3440,2006-09-29,6.27,6.4,6.1,6.38,22826,21368317.0,4.8,2.08,0.13,6.14
3441,2006-10-09,6.3,6.45,6.26,6.35,16520,15667182.0,2.98,-0.47,-0.03,4.44
3442,2006-10-10,6.37,6.37,6.19,6.24,19240,18025529.0,2.83,-1.73,-0.11,5.17
3443,2006-10-11,6.24,6.47,6.03,6.43,26240,24849913.0,7.05,3.04,0.19,7.05
3444,2006-10-12,6.43,7.05,6.42,6.8,63046,64168042.0,9.8,5.75,0.37,16.95
3445,2006-10-13,6.69,6.88,6.55,6.59,25449,25414867.0,4.85,-3.09,-0.21,6.84
3446,2006-10-16,6.59,6.65,6.39,6.55,19169,18665380.0,3.95,-0.61,-0.04,5.15
3447,2006-10-17,6.54,6.59,6.39,6.49,13082,12718441.0,3.05,-0.92,-0.06,3.52
3448,2006-10-18,6.49,6.55,6.41,6.51,14208,13766320.0,2.16,0.31,0.02,3.82
3449,2006-10-19,6.52,6.54,6.27,6.33,21477,20545188.0,4.15,-2.76,-0.18,5.77
3450,2006-10-20,6.3,6.4,6.23,6.36,18044,17054310.0,2.69,0.47,0.03,4.85
3451,2006-10-23,6.33,6.35,5.83,5.85,15020,13798287.0,8.18,-8.02,-0.51,4.04
3452,2006-10-24,5.83,6.06,5.76,6.03,18926,16793454.0,5.13,3.08,0.18,5.09
3453,2006-10-25,5.95,6.04,5.58,5.65,20806,18072091.0,7.63,-6.3,-0.38,5.59
3454,2006-10-26,5.66,5.66,5.08,5.47,24547,20076009.0,10.27,-3.19,-0.18,6.6
3455,2006-10-27,5.37,5.43,5.01,5.07,19988,15643208.0,7.68,-7.31,-0.4,5.37
3456,2006-10-30,5.07,5.07,4.67,4.88,17176,12671765.0,7.89,-3.75,-0.19,4.62
3457,2006-10-31,4.82,5.07,4.8,5.07,17373,13171513.0,5.53,3.89,0.19,4.67
3458,2006-11-01,5.07,5.1,4.9,4.99,13615,10340907.0,3.94,-1.58,-0.08,3.66
3459,2006-11-02,4.99,4.99,4.71,4.87,17980,13201704.0,5.61,-2.4,-0.12,4.83
3460,2006-11-03,4.83,4.9,4.73,4.83,15703,11547315.0,3.49,-0.82,-0.04,4.22
3461,2006-11-06,4.81,4.81,4.63,4.66,15615,11249459.0,3.73,-3.52,-0.17,4.2
3462,2006-11-07,4.75,4.8,4.58,4.73,14318,10314488.0,4.72,1.5,0.07,3.85
3463,2006-11-08,4.73,4.87,4.65,4.85,17741,13030520.0,4.65,2.54,0.12,4.77
3464,2006-11-09,4.86,4.87,4.72,4.85,11191,8238649.0,3.09,0.0,0.0,3.01
3465,2006-11-10,4.95,4.95,4.63,4.67,14191,10444718.0,6.6,-3.71,-0.18,3.81
3466,2006-11-13,4.65,4.76,4.39,4.45,11445,8122705.0,7.92,-4.71,-0.22,3.08
3467,2006-11-14,4.4,4.5,4.19,4.33,14165,9430814.0,6.97,-2.7,-0.12,3.81
3468,2006-11-15,4.37,4.53,4.29,4.51,10334,7062617.0,5.54,4.16,0.18,2.78
3469,2006-11-16,4.5,4.5,4.31,4.34,11092,7523039.0,4.21,-3.77,-0.17,2.98
3470,2006-11-17,4.32,4.44,4.31,4.43,8715,5915056.0,3.0,2.07,0.09,2.34
3471,2006-11-20,4.4,4.65,4.31,4.59,17120,11862949.0,7.67,3.61,0.16,4.6
3472,2006-11-21,4.55,4.58,4.42,4.53,8495,5881746.0,3.49,-1.31,-0.06,2.28
3473,2006-11-22,4.53,4.99,4.46,4.83,24483,17910280.0,11.7,6.62,0.3,6.58
3474,2006-11-23,4.77,4.86,4.72,4.82,15280,11216160.0,2.9,-0.21,-0.01,4.11
3475,2006-11-24,4.85,4.87,4.55,4.79,16757,12206438.0,6.64,-0.62,-0.03,4.5
3476,2006-11-27,4.84,5.02,4.71,4.97,20527,15438342.0,6.47,3.76,0.18,5.52
3477,2006-11-28,4.9,5.05,4.9,5.02,12803,9743645.0,3.02,1.01,0.05,3.44
3478,2006-11-29,5.01,5.09,4.82,4.97,10960,8307483.0,5.38,-1.0,-0.05,2.95
3479,2006-11-30,4.92,5.05,4.88,5.03,21950,16650973.0,3.42,1.21,0.06,5.9
3480,2006-12-01,5.03,5.48,4.96,5.34,37401,29601552.0,10.34,6.16,0.31,10.05
3481,2006-12-04,5.35,5.69,5.27,5.6,32952,27583475.0,7.87,4.87,0.26,8.86
3482,2006-12-05,5.6,5.65,5.4,5.61,20701,17300379.0,4.46,0.18,0.01,5.56
3483,2006-12-06,5.49,6.03,5.48,5.86,41386,36168372.0,9.8,4.46,0.25,11.13
3484,2006-12-07,5.84,6.25,5.83,6.11,48851,44731730.0,7.17,4.27,0.25,13.13
3485,2006-12-08,6.08,6.19,5.66,5.68,37659,33513709.0,8.67,-7.04,-0.43,10.12
3486,2006-12-11,5.73,6.05,5.73,5.99,21483,19163464.0,5.63,5.46,0.31,5.77
3487,2006-12-12,5.96,6.08,5.8,5.99,15435,13834452.0,4.67,0.0,0.0,4.15
3488,2006-12-13,6.08,6.11,5.82,6.06,14438,12999131.0,4.84,1.17,0.07,3.88
3489,2006-12-14,6.08,6.38,6.0,6.36,35227,32860385.0,6.27,4.95,0.3,9.47
3490,2006-12-15,6.37,6.37,5.82,5.89,47600,43301719.0,8.65,-7.39,-0.47,12.8
3491,2006-12-18,5.88,5.89,5.48,5.67,51795,43898193.0,6.96,-3.74,-0.22,13.92
3492,2006-12-19,5.62,5.78,5.5,5.75,22624,19435889.0,4.94,1.41,0.08,6.08
3493,2006-12-20,5.73,5.73,5.55,5.64,20041,17006415.0,3.13,-1.91,-0.11,5.39
3494,2006-12-21,5.64,5.76,5.55,5.67,18484,15812191.0,3.72,0.53,0.03,4.97
3495,2006-12-22,5.62,5.89,5.62,5.73,18004,15637368.0,4.76,1.06,0.06,4.84
3496,2006-12-25,5.87,5.95,5.73,5.77,18810,16514384.0,3.84,0.7,0.04,5.06
3497,2006-12-26,5.8,5.8,5.42,5.45,18748,15768341.0,6.59,-5.55,-0.32,5.04
3498,2006-12-27,5.46,5.46,5.28,5.33,13524,10930368.0,3.3,-2.2,-0.12,3.64
3499,2006-12-28,5.33,5.43,5.03,5.05,14440,11424987.0,7.5,-5.25,-0.28,3.88
3500,2006-12-29,5.15,5.33,4.98,5.31,12896,10157696.0,6.93,5.15,0.26,3.47
3501,2007-01-05,5.4,5.4,5.05,5.32,14812,11832318.0,6.59,0.19,0.01,3.98
3502,2007-01-08,5.31,5.62,5.25,5.62,23594,19375608.0,6.95,5.64,0.3,6.34
3503,2007-01-09,5.7,5.92,5.68,5.83,46425,40440229.0,4.27,3.74,0.21,12.48
3504,2007-01-10,5.77,5.81,5.62,5.8,20951,18050434.0,3.26,-0.51,-0.03,5.63
3505,2007-01-11,5.76,6.08,5.76,5.87,33166,29735229.0,5.52,1.21,0.07,8.92
3506,2007-01-12,5.87,6.0,5.48,5.65,20008,17387880.0,8.86,-3.75,-0.22,5.38
3507,2007-01-15,5.65,5.95,5.51,5.92,24970,21864241.0,7.79,4.78,0.27,6.71
3508,2007-01-16,5.98,6.05,5.73,5.91,22474,19941293.0,5.41,-0.17,-0.01,6.04
3509,2007-01-17,5.93,6.05,5.73,5.8,27373,24292496.0,5.41,-1.86,-0.11,7.36
3510,2007-01-18,5.83,6.23,5.76,6.22,36915,33548823.0,8.1,7.24,0.42,9.92
3511,2007-01-19,6.2,6.4,6.1,6.28,32580,30624789.0,4.82,0.96,0.06,8.76
3512,2007-01-22,6.3,6.75,6.3,6.59,51631,50362566.0,7.17,4.94,0.31,13.88
3513,2007-01-23,6.87,7.3,6.87,7.3,92701,99226614.0,6.53,10.77,0.71,24.92
3514,2007-01-24,7.72,7.73,6.97,7.08,69293,74997194.0,10.41,-3.01,-0.22,18.63
3515,2007-01-25,6.97,6.97,6.33,6.36,42534,41844489.0,9.04,-10.17,-0.72,11.43
3516,2007-01-26,6.26,6.46,5.97,6.39,33061,30573757.0,7.7,0.47,0.03,8.89
3517,2007-01-29,6.32,6.87,6.2,6.71,30118,29426063.0,10.49,5.01,0.32,8.1
3518,2007-01-30,6.77,6.83,6.37,6.39,24095,23666386.0,6.86,-4.77,-0.32,6.48
3519,2007-01-31,6.39,6.65,6.08,6.13,20265,19419360.0,8.92,-4.07,-0.26,5.45
3520,2007-02-01,6.13,6.43,5.94,6.31,21089,19628596.0,7.99,2.94,0.18,5.67
3521,2007-02-02,6.33,6.61,6.08,6.1,21883,20966018.0,8.4,-3.33,-0.21,5.88
3522,2007-02-05,6.1,6.26,6.05,6.19,9915,9165460.0,3.44,1.48,0.09,2.67
3523,2007-02-06,6.39,6.46,6.19,6.43,9965,9500138.0,4.36,3.88,0.24,2.68
3524,2007-02-07,6.44,6.64,6.33,6.62,22201,21482456.0,4.82,2.95,0.19,5.97
3525,2007-02-08,6.6,6.76,6.52,6.64,16647,16543463.0,3.63,0.3,0.02,4.47
3526,2007-02-09,6.64,6.68,6.5,6.51,12978,12733496.0,2.71,-1.96,-0.13,3.49
3527,2007-02-12,6.65,6.79,6.51,6.72,12860,12841096.0,4.3,3.23,0.21,3.46
3528,2007-02-13,6.69,6.83,6.58,6.7,13709,13681446.0,3.72,-0.3,-0.02,3.69
3529,2007-02-14,6.75,6.96,6.63,6.85,20684,21071613.0,4.93,2.24,0.15,5.56
3530,2007-02-15,6.92,7.09,6.78,7.04,24192,25087319.0,4.53,2.77,0.19,6.5
3531,2007-02-16,7.1,7.18,6.9,6.98,29493,30915491.0,3.98,-0.85,-0.06,7.93
3532,2007-02-26,6.98,7.69,6.85,7.56,38121,41640142.0,12.03,8.31,0.58,10.25
3533,2007-02-27,7.66,7.7,6.76,6.76,38678,41844539.0,12.43,-10.58,-0.8,10.4
3534,2007-02-28,6.65,7.05,6.4,6.95,27803,28087427.0,9.62,2.81,0.19,7.47
3535,2007-03-01,6.96,6.98,6.48,6.58,24080,24116103.0,7.19,-5.32,-0.37,6.47
3536,2007-03-02,6.62,6.91,6.6,6.76,16309,16529312.0,4.71,2.74,0.18,4.38
3537,2007-03-05,6.68,6.88,6.26,6.46,19564,19258850.0,9.17,-4.44,-0.3,5.26
3538,2007-03-06,6.46,6.76,6.42,6.69,15892,15720630.0,5.26,3.56,0.23,4.27
3539,2007-03-07,6.7,6.89,6.62,6.77,19981,20239155.0,4.04,1.2,0.08,5.37
3540,2007-03-08,6.85,7.37,6.78,7.26,41175,44001672.0,8.71,7.24,0.49,11.07
3541,2007-03-09,7.31,7.55,7.17,7.39,45900,50176563.0,5.23,1.79,0.13,12.34
3542,2007-03-12,7.42,7.73,7.08,7.69,48903,54454729.0,8.8,4.06,0.3,13.15
3543,2007-03-13,7.66,8.02,7.55,7.61,39043,45022364.0,6.11,-1.04,-0.08,10.5
3544,2007-03-14,7.55,7.57,7.12,7.28,27945,30389915.0,5.91,-4.34,-0.33,7.51
3545,2007-03-15,7.23,8.05,7.23,8.05,48870,56282294.0,11.26,10.58,0.77,13.14
3546,2007-03-16,8.25,8.25,7.4,7.63,39504,45819399.0,10.56,-5.22,-0.42,10.62
3547,2007-03-19,7.26,7.94,7.2,7.71,23301,26397468.0,9.7,1.05,0.08,6.26
3548,2007-03-20,7.76,8.12,7.62,8.0,25140,29256366.0,6.49,3.76,0.29,6.76
3549,2007-03-21,7.96,8.19,7.83,8.1,23155,27356193.0,4.5,1.25,0.1,6.22
3550,2007-03-22,8.08,8.25,7.83,7.85,26676,31540187.0,5.19,-3.09,-0.25,7.17
3551,2007-03-23,7.83,8.02,7.44,7.7,24023,27503851.0,7.39,-1.91,-0.15,6.46
3552,2007-03-26,7.68,8.52,7.68,8.52,55572,67301906.0,10.91,10.65,0.82,14.94
3553,2007-03-27,8.26,8.52,8.25,8.29,33028,40637722.0,3.17,-2.7,-0.23,8.88
3554,2007-03-28,8.26,8.4,7.55,8.07,35139,41768624.0,10.25,-2.65,-0.22,9.45
3555,2007-03-29,8.12,8.48,7.9,7.93,37822,45945064.0,7.19,-1.73,-0.14,10.17
3556,2007-03-30,7.97,8.23,7.83,8.08,18181,21581443.0,5.04,1.89,0.15,4.89
3557,2007-04-02,8.03,8.33,7.98,8.15,20039,24119194.0,4.33,0.87,0.07,5.39
3558,2007-04-03,8.18,8.21,7.9,8.12,21024,24970010.0,3.8,-0.37,-0.03,5.65
3559,2007-04-04,8.18,8.86,7.96,8.62,53708,66666897.0,11.08,6.16,0.5,14.44
3560,2007-04-05,8.53,8.54,8.3,8.43,31103,38646094.0,2.78,-2.2,-0.19,8.36
3561,2007-04-06,8.33,8.61,8.26,8.42,22676,28257473.0,4.15,-0.12,-0.01,6.1
3562,2007-04-09,8.48,8.98,8.41,8.74,46438,59407116.0,6.77,3.8,0.32,12.48
3563,2007-04-10,8.73,8.73,8.19,8.58,27624,34740898.0,6.18,-1.83,-0.16,7.43
3564,2007-04-11,8.62,8.9,8.37,8.66,23482,29917546.0,6.18,0.93,0.08,6.31
3565,2007-04-12,8.55,8.73,8.44,8.63,24373,30763143.0,3.35,-0.35,-0.03,6.55
3566,2007-04-13,8.64,8.93,8.59,8.76,45783,59237678.0,3.94,1.51,0.13,12.31
3567,2007-04-16,8.76,9.25,8.69,9.05,43484,57857746.0,6.39,3.31,0.29,11.69
3568,2007-04-17,9.01,9.76,8.83,9.43,75080,102899723.0,10.28,4.2,0.38,20.18
3569,2007-04-18,9.27,9.83,9.27,9.58,42808,59891122.0,5.94,1.59,0.15,11.51
3570,2007-04-19,9.62,9.68,8.58,8.84,43465,58200873.0,11.48,-7.72,-0.74,11.68
3571,2007-04-20,8.98,9.35,8.9,9.25,29267,39439966.0,5.09,4.64,0.41,7.87
3572,2007-04-23,9.55,9.69,9.19,9.6,33513,46704696.0,5.41,3.78,0.35,9.01
3573,2007-04-24,9.55,10.01,9.23,10.0,58942,83600096.0,8.13,4.17,0.4,15.84
3574,2007-04-25,10.0,10.03,9.53,9.78,48739,70331916.0,5.0,-2.2,-0.22,13.1
3575,2007-04-26,9.83,10.17,9.7,9.83,34291,50032472.0,4.81,0.51,0.05,9.22
3576,2007-04-27,9.43,9.91,9.19,9.57,31069,43127052.0,7.32,-2.64,-0.26,8.35
3577,2007-04-30,9.44,10.02,9.44,9.86,39369,56477331.0,6.06,3.03,0.29,10.58
3578,2007-05-08,9.98,10.89,9.77,10.74,52268,80103513.0,11.36,8.92,0.88,14.05
3579,2007-05-09,10.55,10.64,9.94,10.34,40945,61469500.0,6.52,-3.72,-0.4,11.01
3580,2007-05-10,10.33,10.62,10.26,10.43,26872,40937206.0,3.48,0.87,0.09,7.22
3581,2007-05-11,10.32,10.32,9.91,10.15,24855,36731503.0,3.93,-2.68,-0.28,6.68
3582,2007-05-14,10.03,10.33,9.55,10.28,23795,35137720.0,7.68,1.28,0.13,6.4
3583,2007-05-15,10.2,10.33,9.27,9.41,29012,41680140.0,10.31,-8.46,-0.87,7.8
3584,2007-05-16,9.48,9.69,9.14,9.58,23036,31943212.0,5.84,1.81,0.17,6.19
3585,2007-05-17,9.58,10.06,9.49,9.93,29283,42315871.0,5.95,3.65,0.35,7.87
3586,2007-05-18,10.16,10.35,9.98,10.32,34335,51217329.0,3.73,3.93,0.39,9.23
3587,2007-05-21,10.55,11.4,10.55,11.4,35540,58432191.0,8.24,10.47,1.08,9.55
3588,2007-05-22,12.58,12.58,12.58,12.58,20425,37275315.0,0.0,10.35,1.18,5.49
3589,2007-05-23,13.83,13.83,12.3,12.34,106887,197953707.0,12.16,-1.91,-0.24,28.73
3590,2007-05-24,12.05,13.62,11.89,13.62,65812,119751674.0,14.02,10.37,1.28,17.69
3591,2007-05-25,13.83,14.98,13.35,14.15,68409,139211206.0,11.97,3.89,0.53,18.39
3592,2007-05-28,13.84,14.87,13.78,14.15,45115,92864268.0,7.7,0.0,0.0,12.13
3593,2007-05-29,14.19,14.51,13.87,14.18,33371,68229460.0,4.52,0.21,0.03,8.97
3594,2007-05-31,12.73,13.4,12.71,12.71,45686,85096420.0,4.87,-10.37,-1.47,12.28
3595,2007-06-01,12.62,13.1,11.4,11.4,37647,65453943.0,13.38,-10.31,-1.31,10.12
3596,2007-06-04,12.58,12.58,12.05,12.58,85467,155613356.0,4.65,10.35,1.18,22.98
3597,2007-06-05,12.4,12.6,11.28,12.57,74918,128934271.0,10.49,-0.08,-0.01,20.14
3598,2007-06-06,12.39,13.75,11.98,13.39,70949,135207170.0,14.08,6.52,0.82,19.07
3599,2007-06-07,14.58,14.78,13.48,14.78,60527,126223196.0,9.71,10.38,1.39,16.27
3600,2007-06-08,15.68,16.3,14.8,16.3,68365,156410558.0,10.15,10.28,1.52,18.38
3601,2007-06-11,17.26,17.8,16.12,16.47,77365,188811454.0,10.31,1.04,0.17,20.8
3602,2007-06-12,16.29,17.76,15.88,17.61,59688,146196940.0,11.41,6.92,1.14,16.05
3603,2007-06-13,17.28,17.9,16.71,17.05,55015,135895898.0,6.76,-3.18,-0.56,14.79
3604,2007-06-14,16.69,16.83,15.98,16.25,45650,107308609.0,4.99,-4.69,-0.8,12.27
3605,2007-06-15,15.98,16.76,15.84,16.08,25882,60809879.0,5.66,-1.05,-0.17,6.96
3606,2007-06-18,16.19,17.4,16.19,16.73,34948,84490989.0,7.52,4.04,0.65,9.39
3607,2007-06-19,16.45,16.69,15.98,16.25,28362,66110171.0,4.24,-2.87,-0.48,7.62
3608,2007-06-20,16.23,16.68,15.61,15.68,38023,87975497.0,6.58,-3.51,-0.57,10.22
3609,2007-06-21,15.33,15.95,14.96,15.17,28846,63863789.0,6.31,-3.25,-0.51,7.75
3610,2007-06-22,15.12,16.55,15.05,16.53,49204,113386001.0,9.89,8.97,1.36,13.23
3611,2007-06-25,16.62,17.38,15.57,16.75,67430,161603115.0,10.95,1.33,0.22,18.13
3612,2007-06-26,16.4,16.75,15.03,15.73,44400,99685638.0,10.27,-6.09,-1.02,11.94
3613,2007-06-27,15.52,16.06,15.12,15.79,26419,59399974.0,5.98,0.38,0.06,7.1
3614,2007-06-28,15.94,16.33,15.12,15.13,27228,61781906.0,7.66,-4.18,-0.66,7.32
3615,2007-06-29,14.25,14.25,13.58,13.58,35932,70985042.0,4.43,-10.24,-1.55,9.66
3616,2007-07-02,12.41,13.39,12.18,12.3,31335,56507016.0,8.91,-9.43,-1.28,8.42
3617,2007-07-03,12.74,12.76,11.18,12.65,43162,74784849.0,12.85,2.85,0.35,11.6
3618,2007-07-04,12.24,12.76,11.83,12.1,25347,45186188.0,7.35,-4.35,-0.55,6.81
3619,2007-07-05,11.85,11.85,10.84,10.84,21035,34258391.0,8.35,-10.41,-1.26,5.65
3620,2007-07-06,10.48,11.33,10.28,11.25,30017,47237794.0,9.69,3.78,0.41,8.07
3621,2007-07-09,11.26,11.63,10.83,11.29,26520,43394126.0,7.11,0.36,0.04,7.13
3622,2007-07-10,11.26,11.28,10.34,10.43,24123,38139620.0,8.33,-7.62,-0.86,6.48
3623,2007-07-12,10.55,11.32,10.55,10.88,20196,32471026.0,7.38,4.31,0.45,5.43
3624,2007-07-13,10.98,11.94,10.94,11.75,31357,52430043.0,9.19,8.0,0.87,8.43
3625,2007-07-16,11.58,11.62,10.71,10.72,20528,33321424.0,7.74,-8.77,-1.03,5.52
3626,2007-07-17,10.41,11.03,10.33,10.77,12985,20237299.0,6.53,0.47,0.05,3.49
3627,2007-07-18,10.9,11.29,10.62,11.04,15377,24877856.0,6.22,2.51,0.27,4.13
3628,2007-07-19,10.98,11.44,10.8,11.35,16741,27456435.0,5.8,2.81,0.31,4.5
3629,2007-07-20,11.33,12.26,11.19,11.83,29499,50032043.0,9.43,4.23,0.48,7.93
3630,2007-07-23,11.98,12.65,11.69,12.38,29439,52171747.0,8.11,4.65,0.55,7.91
3631,2007-07-24,12.33,12.56,11.98,11.99,27736,49170845.0,4.68,-3.15,-0.39,7.46
3632,2007-07-25,11.76,12.4,11.76,12.3,20503,36132086.0,5.34,2.59,0.31,5.51
3633,2007-07-26,12.2,12.55,12.06,12.3,23000,41151065.0,3.98,0.0,0.0,6.18
3634,2007-07-27,12.26,13.58,12.12,13.58,26648,50681019.0,11.87,10.41,1.28,7.16
3635,2007-07-30,14.13,14.55,13.83,14.03,47837,97819078.0,5.3,3.31,0.45,12.86
3636,2007-07-31,13.88,14.11,13.34,14.04,31431,62531172.0,5.49,0.07,0.01,8.45
3637,2007-08-01,13.98,14.51,12.64,12.75,31610,63080074.0,13.32,-9.19,-1.29,8.5
3638,2007-08-02,12.76,13.83,12.75,13.63,26429,50420146.0,8.47,6.9,0.88,7.1
3639,2007-08-03,13.69,13.83,13.12,13.4,23254,45385294.0,5.21,-1.69,-0.23,3.92
3640,2007-08-06,13.42,14.43,13.15,14.16,32099,63902451.0,9.55,5.67,0.76,5.41
3641,2007-08-07,14.18,14.33,13.62,13.75,20856,41736251.0,5.01,-2.9,-0.41,3.52
3642,2007-08-08,13.48,13.65,12.78,12.99,19407,36845744.0,6.33,-5.53,-0.76,3.27
3643,2007-08-09,13.0,13.19,12.79,12.99,14830,27785677.0,3.08,0.0,0.0,2.5
3644,2007-08-10,13.0,13.05,11.69,12.17,20369,36244321.0,10.47,-6.31,-0.82,3.43
3645,2007-08-13,11.83,12.08,11.44,11.83,16667,28314506.0,5.26,-2.79,-0.34,2.81
3646,2007-08-14,11.8,12.37,11.76,12.17,9896,17481292.0,5.16,2.87,0.34,1.67
3647,2007-08-15,12.25,12.58,11.83,12.07,15964,28128139.0,6.16,-0.82,-0.1,2.69
3648,2007-08-16,11.93,12.26,11.6,11.96,14031,23981552.0,5.47,-0.91,-0.11,2.37
3649,2007-08-17,12.05,12.55,11.82,12.25,16175,28776667.0,6.1,2.42,0.29,2.73
3650,2007-08-20,12.4,12.67,12.4,12.56,18042,32947189.0,2.2,2.53,0.31,3.04
3651,2007-08-21,12.66,13.55,12.66,13.07,25110,47938857.0,7.09,4.06,0.51,4.23
3652,2007-08-22,12.76,13.33,12.73,13.1,22127,41894773.0,4.59,0.23,0.03,3.73
3653,2007-08-23,13.14,13.14,12.6,12.9,24049,44504748.0,4.12,-1.53,-0.2,4.06
3654,2007-08-24,12.9,12.9,12.38,12.41,26580,48417981.0,4.03,-3.8,-0.49,4.48
3655,2007-08-27,12.6,13.7,12.6,13.7,51170,97800700.0,8.86,10.39,1.29,8.63
3656,2007-08-28,13.84,13.9,13.05,13.13,31104,59959235.0,6.2,-4.16,-0.57,5.24
3657,2007-08-29,13.01,13.01,12.33,12.43,22106,40320951.0,5.18,-5.33,-0.7,3.73
3658,2007-08-30,12.49,12.93,12.49,12.61,12827,23664831.0,3.54,1.45,0.18,2.16
3659,2007-08-31,12.65,13.23,12.62,12.88,15446,29066069.0,4.84,2.14,0.27,2.6
3660,2007-09-03,12.69,13.39,12.69,13.24,24892,47485333.0,5.43,2.8,0.36,4.2
3661,2007-09-04,13.32,13.45,12.93,12.99,19115,36274248.0,3.93,-1.89,-0.25,3.22
3662,2007-09-05,13.27,14.33,13.27,14.33,113489,233017241.0,8.16,10.32,1.34,19.14
3663,2007-09-06,14.47,14.9,13.89,14.66,80672,167299645.0,7.05,2.3,0.33,13.6
3664,2007-09-07,14.19,14.53,13.53,13.64,61290,124275362.0,6.82,-6.96,-1.02,10.34
3665,2007-09-10,14.23,15.05,14.23,15.05,63076,136445379.0,6.01,10.34,1.41,10.64
3666,2007-09-11,15.33,16.25,13.84,14.09,104887,233236327.0,16.01,-6.38,-0.96,17.69
3667,2007-09-12,14.4,14.53,13.12,13.83,43900,87045638.0,10.01,-1.85,-0.26,7.4
3668,2007-09-14,14.05,14.55,13.28,13.94,36931,74485408.0,9.18,0.8,0.11,6.23
3669,2007-09-17,13.65,14.12,13.48,13.78,25926,51587870.0,4.59,-1.15,-0.16,4.37
3670,2007-09-18,13.8,14.18,13.43,14.13,26856,53434039.0,5.44,2.54,0.35,4.53
3671,2007-09-19,14.12,14.89,13.98,14.17,32701,68135260.0,6.44,0.28,0.04,5.51
3672,2007-09-20,14.14,14.33,13.7,13.8,19217,38486556.0,4.45,-2.61,-0.37,3.24
3673,2007-09-21,13.82,13.82,12.4,13.05,29269,55676690.0,10.29,-5.43,-0.75,4.94
3674,2007-09-24,13.03,13.26,12.5,12.82,14113,26112406.0,5.82,-1.76,-0.23,2.38
3675,2007-09-25,12.94,13.05,12.51,12.88,12947,24073364.0,4.21,0.47,0.06,2.18
3676,2007-09-26,12.76,13.03,12.68,12.7,8628,16071077.0,2.72,-1.4,-0.18,1.45
3677,2007-09-27,12.9,13.75,12.64,13.23,12212,23301574.0,8.74,4.17,0.53,2.06
3678,2007-09-28,13.33,13.73,13.15,13.24,13413,26066890.0,4.38,0.08,0.01,2.26
3679,2007-10-08,13.68,13.68,12.82,12.97,12063,22763368.0,6.5,-2.04,-0.27,2.03
3680,2007-10-09,12.97,12.98,12.5,12.88,11180,20535120.0,3.7,-0.69,-0.09,1.89
3681,2007-10-10,12.76,13.47,12.55,12.64,13724,25459304.0,7.14,-1.86,-0.24,2.31
3682,2007-10-11,12.64,12.64,11.76,12.01,25204,44299861.0,6.96,-4.98,-0.63,4.25
3683,2007-10-12,12.1,12.12,10.89,11.33,21796,35762972.0,10.24,-5.66,-0.68,3.68
3684,2007-10-15,11.62,12.15,11.28,11.68,13536,22976459.0,7.68,3.09,0.35,2.28
3685,2007-10-16,11.76,11.76,11.12,11.4,13692,22564979.0,5.48,-2.4,-0.28,2.31
3686,2007-10-17,11.62,11.75,11.3,11.45,11655,19609870.0,3.95,0.44,0.05,1.97
3687,2007-10-18,11.34,11.45,10.91,11.0,10173,16493031.0,4.72,-3.93,-0.45,1.72
3688,2007-10-19,10.98,11.61,10.98,11.33,11622,19273247.0,5.73,3.0,0.33,1.96
3689,2007-10-22,11.31,11.43,10.38,10.44,9826,15659991.0,9.27,-7.86,-0.89,1.66
3690,2007-10-23,10.33,10.58,9.75,10.08,12058,17762393.0,7.95,-3.45,-0.36,2.03
3691,2007-10-24,10.13,10.47,9.92,10.14,8341,12372438.0,5.46,0.6,0.06,1.41
3692,2007-10-25,9.98,10.18,9.08,9.08,11582,15804006.0,10.85,-10.45,-1.06,1.95
3693,2007-10-26,8.92,9.15,8.21,8.48,12906,16348691.0,10.35,-6.61,-0.6,2.18
3694,2007-10-29,8.55,8.76,8.2,8.66,16200,19992215.0,6.6,2.12,0.18,2.73
3695,2007-10-30,8.48,9.02,8.48,8.98,9818,12669465.0,6.24,3.7,0.32,1.66
3696,2007-10-31,8.85,9.63,8.69,9.41,17865,24339817.0,10.47,4.79,0.43,3.01
3697,2007-11-01,9.4,9.4,8.83,8.85,11499,15323904.0,6.06,-5.95,-0.56,1.94
3698,2007-11-02,8.69,9.78,8.53,9.78,15252,20569298.0,14.12,10.51,0.93,2.57
3699,2007-11-05,9.53,10.8,9.41,10.09,33552,50387543.0,14.21,3.17,0.31,5.66
3700,2007-11-06,10.33,10.33,9.69,9.85,14761,21484056.0,6.34,-2.38,-0.24,2.49
3701,2007-11-07,9.85,10.1,9.35,9.98,11190,15873175.0,7.61,1.32,0.13,1.89
3702,2007-11-08,9.96,10.19,9.52,9.55,9286,13442144.0,6.71,-4.31,-0.43,1.57
3703,2007-11-09,9.4,9.76,9.2,9.72,8212,11503172.0,5.86,1.78,0.17,1.38
3704,2007-11-12,9.6,9.76,8.7,9.15,9501,12818194.0,10.91,-5.86,-0.57,1.6
3705,2007-11-13,9.15,10.0,9.12,9.98,14306,20089900.0,9.62,9.07,0.83,2.41
3706,2007-11-14,9.94,10.52,9.8,10.18,16040,23905809.0,7.21,2.0,0.2,2.7
3707,2007-11-15,9.98,10.89,9.98,10.5,28763,44342635.0,8.94,3.14,0.32,4.85
3708,2007-11-16,10.33,10.69,10.12,10.3,10845,16367612.0,5.43,-1.9,-0.2,1.83
3709,2007-11-19,10.3,10.55,10.15,10.4,8523,12981833.0,3.88,0.97,0.1,1.44
3710,2007-11-20,10.48,10.83,10.37,10.53,13844,21480580.0,4.42,1.25,0.13,2.33
3711,2007-11-21,10.38,10.83,10.38,10.53,11282,17465793.0,4.27,0.0,0.0,1.9
3712,2007-11-22,10.26,10.38,9.48,9.61,10149,14903196.0,8.55,-8.74,-0.92,1.71
3713,2007-11-23,9.55,9.83,9.51,9.83,6361,9000641.0,3.33,2.29,0.22,1.07
3714,2007-11-27,9.56,10.04,9.35,9.93,8937,12639720.0,7.02,1.02,0.1,1.51
3715,2007-11-28,9.9,10.45,9.83,10.19,9308,13888943.0,6.24,2.62,0.26,1.57
3716,2007-11-29,10.26,10.68,10.09,10.51,11738,17974198.0,5.79,3.14,0.32,1.98
3717,2007-11-30,10.51,11.52,10.41,10.94,31477,50701222.0,10.56,4.09,0.43,5.31
3718,2007-12-03,10.89,11.58,10.7,11.25,22157,36355119.0,8.04,2.83,0.31,3.74
3719,2007-12-04,11.69,11.69,11.0,11.26,14622,24091340.0,6.13,0.09,0.01,2.47
3720,2007-12-05,11.05,11.45,11.05,11.11,14060,22874202.0,3.55,-1.33,-0.15,2.37
3721,2007-12-06,11.11,12.04,11.09,11.85,24759,41833520.0,8.55,6.66,0.74,4.18
3722,2007-12-07,11.83,12.18,11.65,11.86,18279,31755132.0,4.47,0.08,0.01,3.08
3723,2007-12-10,11.62,12.38,11.62,12.09,28518,49634882.0,6.41,1.94,0.23,4.81
3724,2007-12-11,11.98,12.05,11.63,11.97,22890,39256906.0,3.47,-0.99,-0.12,3.86
3725,2007-12-12,11.97,11.98,11.48,11.64,19648,33290735.0,4.18,-2.76,-0.33,3.31
3726,2007-12-13,11.78,12.26,11.58,11.62,23262,40515372.0,5.84,-0.17,-0.02,3.92
3727,2007-12-14,11.47,11.62,10.94,11.5,20374,33274323.0,5.85,-1.03,-0.12,3.44
3728,2007-12-17,11.35,11.73,11.35,11.36,10832,18151861.0,3.3,-1.22,-0.14,1.83
3729,2007-12-18,11.4,11.46,11.06,11.13,8566,13940347.0,3.52,-2.02,-0.23,1.44
3730,2007-12-19,11.19,11.59,11.08,11.36,11802,19494853.0,4.58,2.07,0.23,1.99
3731,2007-12-20,11.53,11.68,11.35,11.48,9352,15694925.0,2.9,1.06,0.12,1.58
3732,2007-12-21,11.6,12.1,11.48,12.08,19015,32804083.0,5.4,5.23,0.6,3.21
3733,2007-12-25,12.15,12.74,11.89,12.21,22118,39236277.0,7.04,1.08,0.13,3.73
3734,2007-12-26,12.2,12.43,11.88,12.05,21363,37543545.0,4.5,-1.31,-0.16,3.6
3735,2007-12-27,12.05,12.62,12.01,12.25,22010,39430498.0,5.06,1.66,0.2,3.71
3736,2007-12-28,12.29,12.4,11.83,11.9,17972,31316073.0,4.65,-2.86,-0.35,3.03
3737,2008-01-02,11.9,12.11,11.55,12.03,15748,27077332.0,4.71,1.09,0.13,2.66
3738,2008-01-03,12.12,12.69,11.94,12.61,26798,48360207.0,6.23,4.82,0.58,4.52
3739,2008-01-04,12.63,12.76,12.33,12.54,19097,34664297.0,3.41,-0.56,-0.07,3.22
3740,2008-01-07,12.42,13.03,12.35,12.91,29403,54576573.0,5.42,2.95,0.37,4.96
3741,2008-01-08,12.98,13.12,12.2,12.38,26283,48627408.0,7.13,-4.11,-0.53,4.43
3742,2008-01-09,12.33,13.08,12.33,12.97,21258,39375238.0,6.06,4.77,0.59,3.58
3743,2008-01-10,12.98,13.48,12.83,13.4,29862,57268276.0,5.01,3.32,0.43,5.04
3744,2008-01-11,13.48,13.48,12.83,13.32,21353,40443771.0,4.85,-0.6,-0.08,3.6
3745,2008-01-14,13.26,13.32,12.9,13.1,13634,25831662.0,3.15,-1.65,-0.22,2.3
3746,2008-01-15,13.13,13.25,12.83,13.22,14966,28345365.0,3.21,0.92,0.12,2.52
3747,2008-01-16,13.03,13.19,12.41,12.47,17733,32597999.0,5.9,-5.67,-0.75,2.99
3748,2008-01-17,12.33,12.66,11.33,11.71,17808,31044795.0,10.67,-6.09,-0.76,3.0
3749,2008-01-18,11.7,11.89,11.43,11.63,10792,18318657.0,3.93,-0.68,-0.08,1.82
3750,2008-01-21,11.76,12.03,11.33,11.49,11384,19428284.0,6.02,-1.2,-0.14,1.92
3751,2008-01-22,10.98,11.19,10.3,10.3,13270,20385088.0,7.75,-10.36,-1.19,2.24
3752,2008-01-23,10.26,10.61,10.02,10.6,14292,21716960.0,5.73,2.91,0.3,2.41
3753,2008-01-24,10.6,10.9,10.38,10.76,13862,21560020.0,4.91,1.51,0.16,2.34
3754,2008-01-25,10.64,10.98,10.64,10.94,11443,18134380.0,3.16,1.67,0.18,1.93
3755,2008-01-28,10.98,11.18,9.8,9.8,10550,15909250.0,12.61,-10.42,-1.14,1.78
3756,2008-01-29,9.93,10.24,9.44,10.04,6738,9757750.0,8.16,2.45,0.24,1.14
3757,2008-01-30,10.32,11.08,10.1,10.75,16423,25688336.0,9.76,7.07,0.71,2.77
3758,2008-01-31,10.48,10.68,9.98,9.98,6764,10248748.0,6.51,-7.16,-0.77,1.14
3759,2008-02-01,10.05,10.12,8.95,9.32,9193,12766884.0,11.72,-6.61,-0.66,1.55
3760,2008-02-04,9.53,10.23,9.53,10.16,6182,9000809.0,7.51,9.01,0.84,1.04
3761,2008-02-05,10.1,10.73,9.9,10.5,9422,14268477.0,8.17,3.35,0.34,1.59
3762,2008-02-13,10.55,10.65,10.12,10.3,4737,7190922.0,5.05,-1.9,-0.2,0.8
3763,2008-02-14,10.4,10.76,10.3,10.74,7484,11480662.0,4.47,4.27,0.44,1.26
3764,2008-02-15,10.6,10.62,10.38,10.58,4264,6529074.0,2.23,-1.49,-0.16,0.72
3765,2008-02-18,10.7,10.88,10.45,10.7,9209,14382566.0,4.06,1.13,0.12,1.55
3766,2008-02-19,10.77,11.0,10.73,10.81,7948,12558353.0,2.52,1.03,0.11,1.34
3767,2008-02-20,10.82,11.18,10.81,10.93,13256,21233962.0,3.42,1.11,0.12,2.24
3768,2008-02-21,10.91,11.05,10.52,10.98,12037,19058207.0,4.85,0.46,0.05,2.03
3769,2008-02-22,10.98,11.01,10.32,10.43,11728,18098501.0,6.28,-5.01,-0.55,1.98
3770,2008-02-25,10.3,10.53,9.76,9.8,8925,13079468.0,7.38,-6.04,-0.63,1.51
3771,2008-02-26,10.05,10.13,9.62,9.97,6904,10014810.0,5.2,1.73,0.17,1.16
3772,2008-02-27,10.19,10.83,9.98,10.67,10139,15611723.0,8.53,7.02,0.7,1.71
3773,2008-02-28,10.67,11.15,10.53,10.77,13733,21784550.0,5.81,0.94,0.1,2.32
3774,2008-02-29,10.7,11.33,10.69,11.33,19593,31723389.0,5.94,5.2,0.56,3.3
3775,2008-03-03,11.24,12.04,11.12,12.01,30505,51883322.0,8.12,6.0,0.68,5.14
3776,2008-03-04,12.05,12.15,11.53,11.7,23701,40702683.0,5.16,-2.58,-0.31,4.0
3777,2008-03-05,11.41,11.9,11.4,11.68,13090,22107351.0,4.27,-0.17,-0.02,2.21
3778,2008-03-06,11.69,12.24,11.44,11.45,16192,27797994.0,6.85,-1.97,-0.23,2.73
3779,2008-03-07,11.47,11.58,10.85,11.05,11048,17979143.0,6.38,-3.49,-0.4,1.86
3780,2008-03-10,11.08,12.12,10.65,12.0,31027,52061492.0,13.3,8.6,0.95,5.23
3781,2008-03-11,11.87,12.49,11.4,12.44,40302,71022049.0,9.08,3.67,0.44,6.8
3782,2008-03-12,12.55,12.66,12.0,12.23,26254,46985777.0,5.31,-1.69,-0.21,4.43
3783,2008-03-13,12.19,12.87,11.97,12.63,53860,97784337.0,7.36,3.27,0.4,9.08
3784,2008-03-14,12.51,12.69,11.68,11.85,25052,44276623.0,8.0,-6.18,-0.78,4.22
3785,2008-03-17,11.68,11.7,10.62,10.62,23882,38089095.0,9.11,-10.38,-1.23,4.03
3786,2008-03-18,10.12,10.98,9.51,9.51,22637,32198549.0,13.84,-10.45,-1.11,3.82
3787,2008-03-19,9.68,10.12,9.39,9.79,20328,29141637.0,7.68,2.94,0.28,3.43
3788,2008-03-20,9.55,10.37,8.77,10.09,23501,33059377.0,16.34,3.06,0.3,3.96
3789,2008-03-21,9.9,10.61,9.7,10.11,19919,29838663.0,9.02,0.2,0.02,3.36
3790,2008-03-24,10.19,10.48,9.94,9.98,15833,23662623.0,5.34,-1.29,-0.13,2.67
3791,2008-03-25,9.87,10.25,9.49,10.19,12258,17742844.0,7.62,2.1,0.21,2.07
3792,2008-03-26,10.25,10.43,9.98,10.11,9644,14377788.0,4.42,-0.79,-0.08,1.63
3793,2008-03-27,9.97,9.97,9.05,9.06,11646,16161628.0,9.1,-10.39,-1.05,1.96
3794,2008-03-28,8.98,9.62,8.55,9.52,11328,15125101.0,11.81,5.08,0.46,1.91
3795,2008-03-31,9.12,9.37,8.52,8.55,10046,13087686.0,8.93,-10.19,-0.97,1.69
3796,2008-04-01,8.55,8.74,7.65,7.65,13212,15494125.0,12.75,-10.53,-0.9,2.23
3797,2008-04-02,7.83,7.98,6.84,6.89,14599,15578411.0,14.9,-9.93,-0.76,2.46
3798,2008-04-03,6.4,7.29,6.39,7.04,5487,5712189.0,13.06,2.18,0.15,0.93
3799,2008-04-07,7.05,7.67,6.9,7.61,10374,11508009.0,10.94,8.1,0.57,1.75
3800,2008-04-08,7.47,8.05,7.47,7.72,12140,14006776.0,7.62,1.45,0.11,2.05
3801,2008-04-09,7.58,7.75,6.9,6.91,10494,11561415.0,11.01,-10.49,-0.81,1.77
3802,2008-04-10,6.83,7.25,6.73,7.18,7897,8299585.0,7.53,3.91,0.27,1.33
3803,2008-04-11,7.32,7.69,7.12,7.49,10610,11856834.0,7.94,4.32,0.31,1.79
3804,2008-04-14,7.28,7.4,6.76,6.89,10919,11454129.0,8.54,-8.01,-0.6,1.84
3805,2008-04-15,6.89,7.51,6.69,7.5,8723,9182666.0,11.9,8.85,0.61,1.47
3806,2008-04-16,7.5,7.73,7.27,7.4,12896,14345608.0,6.13,-1.33,-0.1,2.17
3807,2008-04-17,7.37,7.71,7.3,7.53,10710,11918909.0,5.54,1.76,0.13,1.81
3808,2008-04-18,7.4,7.4,6.83,6.98,7821,8291329.0,7.57,-7.3,-0.55,1.32
3809,2008-04-21,7.69,7.69,7.01,7.18,8327,9049648.0,9.74,2.87,0.2,1.4
3810,2008-04-22,6.92,7.18,6.58,7.08,8123,8319471.0,8.36,-1.39,-0.1,1.37
3811,2008-04-23,6.83,7.51,6.83,7.45,9455,10270273.0,9.6,5.23,0.37,1.59
3812,2008-04-24,8.23,8.23,7.76,8.13,26901,32002165.0,6.31,9.13,0.68,4.54
3813,2008-04-28,7.82,8.13,7.4,7.87,13927,16000204.0,8.98,-3.2,-0.26,2.35
3814,2008-04-29,7.82,8.15,7.69,8.01,10909,12884381.0,5.84,1.78,0.14,1.84
3815,2008-04-30,8.11,8.39,7.87,8.38,15953,19327876.0,6.49,4.62,0.37,2.69
3816,2008-05-05,8.26,8.75,8.03,8.62,20285,25310087.0,8.59,2.86,0.24,3.42
3817,2008-05-06,8.58,8.66,8.28,8.33,14494,18017100.0,4.41,-3.36,-0.29,2.44
3818,2008-05-07,8.32,8.5,7.69,7.83,14711,17740419.0,9.72,-6.0,-0.5,2.48
3819,2008-05-08,7.83,8.32,7.63,8.22,13128,15581020.0,8.81,4.98,0.39,2.21
3820,2008-05-09,8.25,8.55,7.9,8.18,14339,17568003.0,7.91,-0.49,-0.04,2.42
3821,2008-05-12,7.98,8.39,7.82,8.28,10318,12466226.0,6.97,1.22,0.1,1.74
3822,2008-05-13,8.01,8.68,7.92,8.55,23773,29641717.0,9.18,3.26,0.27,4.01
3823,2008-05-14,8.58,8.73,8.36,8.66,17949,22625571.0,4.33,1.29,0.11,3.03
3824,2008-05-15,8.58,8.89,8.28,8.28,17200,21759980.0,7.04,-4.39,-0.38,2.9
3825,2008-05-16,8.33,8.36,7.91,8.1,11688,14055006.0,5.43,-2.17,-0.18,1.97
3826,2008-05-19,8.06,8.3,8.03,8.22,5993,7212017.0,3.33,1.48,0.12,1.01
3827,2008-05-20,8.19,8.38,8.05,8.26,18041,21986367.0,4.01,0.49,0.04,3.04
3828,2008-05-21,8.15,8.75,7.84,8.68,19419,23907907.0,11.02,5.08,0.42,3.27
3829,2008-05-22,8.59,9.59,8.49,9.37,74856,102515762.0,12.67,7.95,0.69,12.62
3830,2008-05-23,9.17,9.24,8.43,8.58,39556,50959509.0,8.64,-8.43,-0.79,6.67
3831,2008-05-26,8.35,8.46,7.98,7.99,16840,20266840.0,5.59,-6.88,-0.59,2.84
3832,2008-05-27,7.8,8.1,7.76,7.9,11100,12921492.0,4.26,-1.13,-0.09,1.87
3833,2008-05-28,7.94,8.05,7.58,8.03,16305,18901759.0,5.95,1.65,0.13,2.75
3834,2008-05-29,7.98,8.04,7.59,7.6,11200,12979760.0,5.6,-5.35,-0.43,1.89
3835,2008-05-30,7.61,7.75,7.55,7.7,7253,8193526.0,2.63,1.32,0.1,1.22
3836,2008-06-02,7.63,7.76,7.4,7.67,6275,7094380.0,4.68,-0.39,-0.03,1.06
3837,2008-06-03,7.71,7.72,7.49,7.63,5674,6372261.0,3.0,-0.52,-0.04,0.96
3838,2008-06-04,7.6,7.92,7.53,7.7,8538,9784468.0,5.11,0.92,0.07,1.44
3839,2008-06-05,7.66,7.66,7.4,7.42,7367,8199678.0,3.38,-3.64,-0.28,1.24
3840,2008-06-06,7.4,7.6,7.4,7.48,4553,5063512.0,2.7,0.81,0.06,0.77
3841,2008-06-10,7.12,7.31,6.68,6.68,8566,8692659.0,8.42,-10.7,-0.8,1.44
3842,2008-06-11,6.48,6.83,6.48,6.67,5385,5370278.0,5.24,-0.15,-0.01,0.91
3843,2008-06-12,6.68,6.8,6.19,6.44,5391,5216226.0,9.15,-3.45,-0.23,0.91
3844,2008-06-13,6.57,6.58,6.03,6.04,4215,3995691.0,8.54,-6.21,-0.4,0.71
3845,2008-06-16,6.16,6.16,5.57,5.84,3912,3445495.0,9.77,-3.31,-0.2,0.66
3846,2008-06-17,5.71,5.92,5.21,5.22,5346,4479957.0,12.16,-10.62,-0.62,0.9
3847,2008-06-18,5.12,5.78,4.73,5.78,9727,7883834.0,20.11,10.73,0.56,1.64
3848,2008-06-19,5.78,5.78,5.16,5.16,7357,6062849.0,10.73,-10.73,-0.62,1.24
3849,2008-06-20,5.3,5.65,5.16,5.55,10976,9088467.0,9.5,7.56,0.39,1.85
3850,2008-06-23,5.33,5.51,5.3,5.33,4818,3924759.0,3.78,-3.96,-0.22,0.81
3851,2008-06-24,5.3,5.59,5.28,5.51,5028,4163579.0,5.82,3.38,0.18,0.85
3852,2008-06-25,5.51,6.05,5.44,5.93,9903,8733118.0,11.07,7.62,0.42,1.67
3853,2008-06-26,5.9,6.03,5.76,5.9,8923,7895382.0,4.55,-0.51,-0.03,1.5
3854,2008-06-27,5.68,5.78,5.27,5.3,6983,5825195.0,8.64,-10.17,-0.6,1.18
3855,2008-06-30,5.32,5.45,5.26,5.45,4287,3491717.0,3.58,2.83,0.15,0.72
3856,2008-07-01,5.46,5.46,5.18,5.2,4114,3313461.0,5.14,-4.59,-0.25,0.69
3857,2008-07-02,5.19,5.4,5.19,5.3,3151,2543369.0,4.04,1.92,0.1,0.53
3858,2008-07-03,5.26,5.73,5.13,5.62,7575,6349246.0,11.32,6.04,0.32,1.28
3859,2008-07-04,5.48,5.78,5.48,5.63,6360,5419959.0,5.34,0.18,0.01,1.07
3860,2008-07-07,5.98,6.15,5.7,6.06,12618,11350337.0,7.99,7.64,0.43,2.13
3861,2008-07-08,5.98,6.07,5.85,6.03,9157,8231592.0,3.63,-0.5,-0.03,1.54
3862,2008-07-09,6.11,6.22,5.93,6.21,13668,12502757.0,4.81,2.99,0.18,2.3
3863,2008-07-10,6.12,6.3,6.0,6.05,11301,10444862.0,4.83,-2.58,-0.16,1.91
3864,2008-07-11,6.01,6.1,5.8,5.97,6972,6250297.0,4.96,-1.32,-0.08,1.18
3865,2008-07-14,5.94,6.61,5.94,6.61,14249,13909316.0,11.22,10.72,0.64,2.4
3866,2008-07-18,6.33,6.53,5.9,6.18,37322,33541669.0,9.53,-6.51,-0.43,6.29
3867,2008-07-21,5.98,6.42,5.74,6.4,25240,23232491.0,11.0,3.56,0.22,4.26
3868,2008-07-22,6.19,6.54,6.15,6.22,17296,16343479.0,6.09,-2.81,-0.18,2.92
3869,2008-07-23,6.33,6.33,6.0,6.14,12460,11548225.0,5.31,-1.29,-0.08,2.1
3870,2008-07-24,6.19,6.26,5.98,6.24,13043,12088138.0,4.56,1.63,0.1,2.2
3871,2008-07-25,6.1,6.25,6.05,6.16,7039,6496475.0,3.21,-1.28,-0.08,1.19
3872,2008-07-28,6.23,6.83,6.1,6.51,38385,37809675.0,11.85,5.68,0.35,6.47
3873,2008-07-29,6.52,7.19,6.27,7.08,51814,52382434.0,14.13,8.76,0.57,8.74
3874,2008-07-30,6.88,7.07,6.7,6.74,32796,33523302.0,5.23,-4.8,-0.34,5.53
3875,2008-07-31,6.68,6.78,6.02,6.05,24015,22667531.0,11.28,-10.24,-0.69,4.05
3876,2008-08-01,5.94,6.18,5.72,6.03,16984,15161363.0,7.6,-0.33,-0.02,2.86
3877,2008-08-05,5.84,5.9,5.51,5.58,12546,10798680.0,6.47,-7.46,-0.45,1.65
3878,2008-08-06,5.62,5.7,5.33,5.45,6534,5465022.0,6.63,-2.33,-0.13,0.86
3879,2008-08-07,5.47,5.82,5.35,5.72,8714,7400193.0,8.62,4.95,0.27,1.14
3880,2008-08-08,5.62,5.94,5.2,5.24,10284,8790313.0,12.94,-8.39,-0.48,1.35
3881,2008-08-11,5.1,5.26,4.67,4.67,8468,6344130.0,11.26,-10.88,-0.57,1.11
3882,2008-08-12,4.46,4.68,4.4,4.53,4442,3110298.0,6.0,-3.0,-0.14,0.58
3883,2008-08-13,4.45,4.68,4.2,4.58,6603,4538823.0,10.6,1.1,0.05,0.87
3884,2008-08-14,4.3,4.75,4.3,4.66,4980,3547814.0,9.83,1.75,0.08,0.65
3885,2008-08-15,4.65,4.78,4.57,4.68,4856,3500330.0,4.51,0.43,0.02,0.64
3886,2008-08-18,4.62,4.69,4.17,4.18,6487,4391467.0,11.11,-10.68,-0.5,0.85
3887,2008-08-19,4.22,4.43,4.21,4.36,6383,4289515.0,5.26,4.31,0.18,0.84
3888,2008-08-20,4.36,4.83,4.29,4.75,12007,8518334.0,12.39,8.94,0.39,1.57
3889,2008-08-21,4.69,4.87,4.51,4.76,12550,9029982.0,7.58,0.21,0.01,1.65
3890,2008-08-22,4.76,5.25,4.65,4.97,21146,16129084.0,12.61,4.41,0.21,2.77
3891,2008-08-25,4.98,5.25,4.79,4.8,13711,10549828.0,9.26,-3.42,-0.17,1.8
3892,2008-08-26,4.68,4.68,4.28,4.38,14630,9935481.0,8.33,-8.75,-0.42,1.92
3893,2008-08-27,4.32,4.5,4.19,4.4,9783,6614809.0,7.08,0.46,0.02,1.28
3894,2008-08-28,4.43,4.48,4.3,4.4,5738,3881844.0,4.09,0.0,0.0,0.75
3895,2008-08-29,4.44,4.78,4.35,4.71,15372,10926469.0,9.77,7.05,0.31,2.02
3896,2008-09-01,4.48,4.89,4.48,4.81,11638,8367948.0,8.7,2.12,0.1,1.53
3897,2008-09-02,4.64,4.95,4.64,4.85,8970,6582941.0,6.44,0.83,0.04,1.18
3898,2008-09-03,4.77,4.83,4.62,4.73,7430,5368772.0,4.33,-2.47,-0.12,0.97
3899,2008-09-04,4.73,5.12,4.69,5.04,27253,20728502.0,9.09,6.55,0.31,3.57
3900,2008-09-05,5.08,5.25,4.68,4.73,44763,34612794.0,11.31,-6.15,-0.31,5.87
3901,2008-09-08,4.71,4.79,4.34,4.57,18990,13224761.0,9.51,-3.38,-0.16,2.49
3902,2008-09-09,4.54,4.73,4.48,4.68,11690,8281126.0,5.47,2.41,0.11,1.53
3903,2008-09-10,4.8,5.01,4.68,4.89,24337,18071955.0,7.05,4.49,0.21,3.19
3904,2008-09-11,4.76,4.93,4.58,4.6,12588,9147252.0,7.16,-5.93,-0.29,1.65
3905,2008-09-12,4.57,4.64,4.43,4.46,7428,5183354.0,4.57,-3.04,-0.14,0.97
3906,2008-09-16,4.4,4.4,3.97,3.97,15712,9950807.0,9.64,-10.99,-0.49,2.06
3907,2008-09-17,3.83,4.22,3.53,3.56,11276,6574147.0,17.38,-10.33,-0.41,1.48
3908,2008-09-18,3.42,3.45,3.17,3.33,12698,6673304.0,7.87,-6.46,-0.23,1.67
3909,2008-09-19,3.71,3.71,3.57,3.71,10097,5851841.0,4.2,11.41,0.38,1.32
3910,2008-09-22,4.04,4.12,3.7,3.88,20274,12360328.0,11.32,4.58,0.17,2.66
3911,2008-09-23,3.75,3.78,3.55,3.55,9602,5516398.0,5.93,-8.51,-0.33,1.26
3912,2008-09-24,3.34,3.77,3.34,3.76,6934,3945437.0,12.11,5.92,0.21,0.91
3913,2008-09-25,3.73,3.93,3.73,3.87,11589,6969905.0,5.32,2.93,0.11,1.52
3914,2008-09-26,3.87,3.93,3.73,3.83,7535,4515867.0,5.17,-1.03,-0.04,0.99
3915,2008-10-06,3.73,3.76,3.62,3.68,6003,3487494.0,3.66,-3.92,-0.15,0.79
3916,2008-10-07,3.59,3.79,3.48,3.75,3424,1995994.0,8.42,1.9,0.07,0.45
3917,2008-10-08,3.69,3.78,3.6,3.63,4488,2616890.0,4.8,-3.2,-0.12,0.59
3918,2008-10-09,3.78,3.78,3.56,3.57,3503,2002561.0,6.06,-1.65,-0.06,0.46
3919,2008-10-10,3.27,3.43,3.17,3.17,9375,4812836.0,7.28,-11.2,-0.4,1.23
3920,2008-10-13,3.17,3.37,2.95,3.35,6956,3503928.0,13.25,5.68,0.18,0.91
3921,2008-10-14,3.43,3.53,3.25,3.4,9153,4943929.0,8.36,1.49,0.05,1.2
3922,2008-10-15,3.55,3.69,3.42,3.55,14253,7984714.0,7.94,4.41,0.15,1.87
3923,2008-10-16,3.38,3.52,3.15,3.49,13586,7231226.0,10.42,-1.69,-0.06,1.78
3924,2008-10-17,3.55,3.88,3.48,3.74,41421,24738866.0,11.46,7.16,0.25,5.43
3925,2008-10-20,3.48,3.66,3.32,3.6,35719,19360903.0,9.09,-3.74,-0.14,4.68
3926,2008-10-21,3.48,3.6,3.38,3.42,23441,12880569.0,6.11,-5.0,-0.18,3.07
3927,2008-10-22,3.32,3.4,3.1,3.13,13324,6921338.0,8.77,-8.48,-0.29,1.75
3928,2008-10-23,3.01,3.12,2.94,3.12,8033,3925548.0,5.75,-0.32,-0.01,1.05
3929,2008-10-24,3.1,3.17,2.98,2.99,5544,2738319.0,6.09,-4.17,-0.13,0.73
3930,2008-10-27,2.88,2.96,2.65,2.65,7712,3463694.0,10.37,-11.37,-0.34,1.01
3931,2008-10-28,2.55,2.73,2.53,2.69,6322,2755586.0,7.55,1.51,0.04,0.83
3932,2008-10-29,2.75,2.75,2.38,2.4,5904,2524590.0,13.75,-10.78,-0.29,0.77
3933,2008-10-30,2.41,2.51,2.4,2.48,7289,2974230.0,4.58,3.33,0.08,0.96
3934,2008-10-31,2.48,2.5,2.4,2.43,3595,1462430.0,4.03,-2.02,-0.05,0.47
3935,2008-11-03,2.43,2.47,2.4,2.44,2388,964970.0,2.88,0.41,0.01,0.31
3936,2008-11-04,2.4,2.42,2.3,2.38,2863,1119004.0,4.92,-2.46,-0.06,0.38
3937,2008-11-05,2.4,2.51,2.4,2.49,4279,1751705.0,4.62,4.62,0.11,0.56
3938,2008-11-06,2.4,2.45,2.37,2.4,2551,1022191.0,3.21,-3.61,-0.09,0.33
3939,2008-11-07,2.43,2.53,2.33,2.53,4470,1837338.0,8.33,5.42,0.13,0.59
3940,2008-11-10,2.6,2.79,2.53,2.77,9941,4380301.0,10.28,9.49,0.24,1.3
3941,2008-11-11,2.77,2.9,2.68,2.69,13838,6274618.0,7.94,-2.89,-0.08,1.81
3942,2008-11-12,2.7,2.93,2.65,2.88,14920,6844093.0,10.41,7.06,0.19,1.96
3943,2008-11-13,2.8,3.21,2.77,3.21,42612,21592034.0,15.28,11.46,0.33,5.59
3944,2008-11-14,3.3,3.37,3.12,3.34,38839,19965430.0,7.79,4.05,0.13,5.09
3945,2008-11-17,3.23,3.47,3.19,3.43,27648,14679244.0,8.38,2.69,0.09,3.63
3946,2008-11-18,3.41,3.42,3.04,3.04,21293,10877523.0,11.08,-11.37,-0.39,2.79
3947,2008-11-19,3.01,3.32,3.01,3.32,18413,9393461.0,10.2,9.21,0.28,2.42
3948,2008-11-20,3.27,3.52,3.23,3.4,21236,11313947.0,8.73,2.41,0.08,2.79
3949,2008-11-21,3.23,3.45,3.05,3.27,20150,10402835.0,11.76,-3.82,-0.13,2.64
3950,2008-11-24,3.25,3.33,3.07,3.1,8790,4486923.0,7.95,-5.2,-0.17,1.15
3951,2008-11-25,3.22,3.22,3.1,3.2,10714,5435923.0,3.87,3.23,0.1,1.41
3952,2008-11-26,3.23,3.37,3.23,3.32,17797,9381936.0,4.38,3.75,0.12,2.33
3953,2008-11-27,3.54,3.66,3.28,3.28,26441,14487695.0,11.45,-1.2,-0.04,3.47
3954,2008-11-28,3.26,3.35,3.13,3.33,15505,8009676.0,6.71,1.52,0.05,2.03
3955,2008-12-01,3.34,3.7,3.32,3.7,41082,23186744.0,11.41,11.11,0.37,5.39
3956,2008-12-02,3.48,3.86,3.48,3.68,38092,21969969.0,10.27,-0.54,-0.02,5.0
3957,2008-12-03,3.69,3.83,3.59,3.79,29072,17124887.0,6.52,2.99,0.11,3.81
3958,2008-12-04,3.8,3.98,3.73,3.75,32240,19364257.0,6.6,-1.06,-0.04,4.23
3959,2008-12-05,3.72,4.03,3.72,3.99,29954,18302737.0,8.27,6.4,0.24,3.93
3960,2008-12-08,4.12,4.15,3.93,4.1,30992,19442544.0,5.51,2.76,0.11,4.07
3961,2008-12-09,4.1,4.18,3.88,4.12,30736,19260464.0,7.32,0.49,0.02,4.03
3962,2008-12-10,4.08,4.25,3.99,4.23,36298,23423878.0,6.31,2.67,0.11,4.76
3963,2008-12-11,4.19,4.19,3.88,3.89,28477,17866381.0,7.33,-8.04,-0.34,3.74
3964,2008-12-12,3.98,4.05,3.59,3.66,21488,12929532.0,11.83,-5.91,-0.23,2.82
3965,2008-12-15,3.67,3.8,3.58,3.73,10177,5909266.0,6.01,1.91,0.07,1.33
3966,2008-12-16,3.76,3.89,3.58,3.82,15382,9076102.0,8.31,2.41,0.09,2.02
3967,2008-12-17,3.8,4.11,3.77,4.03,29017,17813167.0,8.9,5.5,0.21,3.81
3968,2008-12-18,3.96,4.25,3.91,4.05,24340,15321859.0,8.44,0.5,0.02,3.19
3969,2008-12-19,4.0,4.05,3.93,4.0,18707,11661960.0,2.96,-1.23,-0.05,2.45
3970,2008-12-22,3.98,4.02,3.82,3.9,14917,9095892.0,5.0,-2.5,-0.1,1.96
3971,2008-12-23,3.95,3.95,3.59,3.62,14078,8319098.0,9.23,-7.18,-0.28,1.85
3972,2008-12-24,3.66,3.66,3.42,3.57,11140,6227728.0,6.63,-1.38,-0.05,1.46
3973,2008-12-25,3.57,3.69,3.51,3.6,10082,5725319.0,5.04,0.84,0.03,1.32
3974,2008-12-26,3.62,3.65,3.48,3.48,7289,4086357.0,4.72,-3.33,-0.12,0.96
3975,2008-12-29,3.42,3.48,3.26,3.4,7300,3880599.0,6.32,-2.3,-0.08,0.96
3976,2008-12-30,3.48,3.48,3.3,3.32,6101,3265419.0,5.29,-2.35,-0.08,0.8
3977,2008-12-31,3.33,3.68,3.28,3.51,20743,11492159.0,12.05,5.72,0.19,2.72
3978,2009-01-05,3.52,3.91,3.44,3.91,54313,32441329.0,13.39,11.4,0.4,7.12
3979,2009-01-06,3.91,4.07,3.83,4.04,52203,32168036.0,6.14,3.32,0.13,6.85
3980,2009-01-07,3.98,4.3,3.87,4.15,51550,32951758.0,10.64,2.72,0.11,6.76
3981,2009-01-08,4.15,4.29,4.0,4.03,34009,21728317.0,6.99,-2.89,-0.12,4.46
3982,2009-01-09,3.92,4.21,3.92,4.13,30902,19717450.0,7.2,2.48,0.1,4.05
3983,2009-01-12,4.12,4.25,4.06,4.23,28309,18421258.0,4.6,2.42,0.1,3.71
3984,2009-01-13,4.18,4.18,3.96,3.96,16787,10586445.0,5.2,-6.38,-0.27,2.2
3985,2009-01-14,4.01,4.4,3.98,4.4,41162,27526648.0,10.61,11.11,0.44,5.4
3986,2009-01-15,4.37,4.8,4.37,4.58,74069,51994563.0,9.77,4.09,0.18,9.72
3987,2009-01-16,4.58,4.64,4.48,4.5,39159,27449248.0,3.49,-1.75,-0.08,5.14
3988,2009-01-19,4.56,4.62,4.33,4.42,25264,17495040.0,6.44,-1.78,-0.08,3.31
3989,2009-01-20,4.41,4.59,4.33,4.55,18892,13158863.0,5.88,2.94,0.13,2.48
3990,2009-01-21,4.51,4.58,4.33,4.45,18148,12530392.0,5.49,-2.2,-0.1,2.38
3991,2009-01-22,4.55,4.69,4.42,4.6,20065,14104383.0,6.07,3.37,0.15,2.63
3992,2009-01-23,4.57,4.65,4.44,4.48,17299,12143220.0,4.57,-2.61,-0.12,2.27
3993,2009-02-02,4.51,4.65,4.4,4.63,27529,19105120.0,5.58,3.35,0.15,3.61
3994,2009-02-03,4.59,4.73,4.59,4.69,26810,19197977.0,3.02,1.3,0.06,3.52
3995,2009-02-05,5.01,5.2,5.0,5.2,73077,57694178.0,4.26,10.87,0.51,9.58
3996,2009-02-06,5.19,5.53,5.05,5.39,83612,66762860.0,9.23,3.65,0.19,10.97
3997,2009-02-09,5.33,5.5,5.27,5.41,53892,44009907.0,4.27,0.37,0.02,7.07
3998,2009-02-10,5.33,5.51,5.2,5.48,38721,31424710.0,5.73,1.29,0.07,5.08
3999,2009-02-11,5.3,5.63,5.25,5.34,42703,35092872.0,6.93,-2.55,-0.14,5.6
4000,2009-02-12,5.34,5.74,5.3,5.64,45339,37759433.0,8.24,5.62,0.3,5.95
4001,2009-02-13,5.59,5.78,5.48,5.7,36993,31585681.0,5.32,1.06,0.06,4.85
4002,2009-02-16,5.62,6.31,5.62,6.26,57572,51974890.0,12.11,9.82,0.56,7.55
4003,2009-02-17,6.04,6.19,5.62,5.65,39968,35763240.0,9.11,-9.74,-0.61,5.24
4004,2009-02-18,5.4,5.69,5.28,5.4,29340,24497732.0,7.26,-4.42,-0.25,3.85
4005,2009-02-19,5.46,5.66,5.39,5.5,20367,17044082.0,5.0,1.85,0.1,2.67
4006,2009-02-20,5.44,5.8,5.4,5.69,26282,22325617.0,7.27,3.45,0.19,3.45
4007,2009-02-23,5.68,5.93,5.55,5.84,30847,26954161.0,6.68,2.64,0.15,4.05
4008,2009-02-24,5.8,5.99,5.42,5.51,29254,25397485.0,9.76,-5.65,-0.33,3.84
4009,2009-02-25,5.55,5.63,5.14,5.4,26591,21669722.0,8.89,-2.0,-0.11,3.49
4010,2009-02-26,5.48,5.57,4.82,4.94,23275,18701505.0,13.89,-8.52,-0.46,3.05
4011,2009-02-27,4.94,5.48,4.94,5.47,55808,44274497.0,10.93,10.73,0.53,7.32
4012,2009-03-02,5.34,5.82,5.26,5.79,60985,51685899.0,10.24,5.85,0.32,8.0
4013,2009-03-03,5.62,6.05,5.5,5.98,63628,56044292.0,9.5,3.28,0.19,8.35
4014,2009-03-04,6.3,6.33,5.94,6.06,65196,59801097.0,6.52,1.34,0.08,8.55
4015,2009-03-05,6.09,6.6,5.94,6.55,81147,76668288.0,10.89,8.09,0.49,10.64
4016,2009-03-06,6.33,6.52,6.01,6.1,41508,39079759.0,7.79,-6.87,-0.45,5.44
4017,2009-03-09,6.03,6.23,5.55,5.57,34694,30664433.0,11.15,-8.69,-0.53,4.55
4018,2009-03-10,5.52,5.85,5.48,5.84,18888,16307138.0,6.64,4.85,0.27,2.48
4019,2009-03-11,5.98,5.99,5.48,5.6,18736,16303450.0,8.73,-4.11,-0.24,2.46
4020,2009-03-12,5.55,5.65,5.3,5.55,17364,14330998.0,6.25,-0.89,-0.05,2.28
4021,2009-03-13,5.6,5.87,5.55,5.66,19353,16755674.0,5.77,1.98,0.11,2.54
4022,2009-03-16,5.6,5.68,5.39,5.63,15076,12557541.0,5.12,-0.53,-0.03,1.98
4023,2009-03-17,5.68,5.95,5.68,5.86,23477,20672567.0,4.8,4.09,0.23,3.08
4024,2009-03-18,5.84,6.08,5.83,5.85,25574,22962292.0,4.27,-0.17,-0.01,3.35
4025,2009-03-19,5.96,6.05,5.84,6.0,22912,20583951.0,3.59,2.56,0.15,3.01
4026,2009-03-20,6.08,6.23,5.87,6.2,37118,34111238.0,6.0,3.33,0.2,4.87
4027,2009-03-23,6.2,6.29,6.1,6.21,33446,31149119.0,3.06,0.16,0.01,4.39
4028,2009-03-24,6.25,6.35,6.08,6.1,26368,24445022.0,4.35,-1.77,-0.11,3.46
4029,2009-03-25,6.1,6.11,5.9,5.9,25958,23494076.0,3.44,-3.28,-0.2,3.4
4030,2009-03-26,5.95,6.33,5.9,6.32,36744,34000719.0,7.29,7.12,0.42,4.82
4031,2009-03-27,6.33,6.9,6.33,6.81,74175,74346004.0,9.02,7.75,0.49,9.73
4032,2009-03-30,6.69,7.11,6.66,6.72,51806,52844208.0,6.61,-1.32,-0.09,6.8
4033,2009-03-31,6.35,6.98,6.12,6.93,47571,46921708.0,12.8,3.13,0.21,6.24
4034,2009-04-01,6.9,7.02,6.73,6.88,41237,42349439.0,4.18,-0.72,-0.05,5.41
4035,2009-04-02,6.93,6.94,6.62,6.68,34929,35183365.0,4.65,-2.91,-0.2,4.58
4036,2009-04-03,6.68,6.76,6.54,6.55,25313,25070346.0,3.29,-1.95,-0.13,3.32
4037,2009-04-07,6.54,6.68,6.5,6.68,14738,14590156.0,2.75,1.98,0.13,1.93
4038,2009-04-08,6.69,6.69,6.26,6.28,18726,18324669.0,6.44,-5.99,-0.4,2.46
4039,2009-04-09,6.25,6.46,6.23,6.43,15862,15087779.0,3.66,2.39,0.15,2.08
4040,2009-04-10,6.47,7.05,6.46,6.97,59597,61052768.0,9.18,8.4,0.54,7.82
4041,2009-04-13,7.16,7.71,7.16,7.6,97087,108196421.0,7.89,9.04,0.63,12.73
4042,2009-04-14,7.55,7.55,7.23,7.45,52485,57739851.0,4.21,-1.97,-0.15,6.88
4043,2009-04-15,7.4,7.55,7.24,7.53,42590,46854163.0,4.16,1.07,0.08,5.59
4044,2009-04-16,7.5,7.5,7.19,7.27,36435,39476772.0,4.12,-3.45,-0.26,4.78
4045,2009-04-17,7.2,7.4,6.98,7.13,28195,30034211.0,5.78,-1.93,-0.14,3.7
4046,2009-04-20,7.12,7.5,7.05,7.45,31580,34541398.0,6.31,4.49,0.32,4.14
4047,2009-04-21,7.38,7.74,7.32,7.55,45439,51018617.0,5.64,1.34,0.1,5.96
4048,2009-04-22,7.57,7.69,6.97,7.05,32093,34925805.0,9.54,-6.62,-0.5,4.21
4049,2009-04-23,7.05,7.46,6.96,7.35,22234,23814607.0,7.09,4.26,0.3,2.92
4050,2009-04-27,7.18,7.18,6.7,6.7,21741,22353602.0,6.53,-8.84,-0.65,2.85
4051,2009-04-28,6.7,6.88,6.62,6.83,12055,12214249.0,3.88,1.94,0.13,1.58
4052,2009-04-29,6.83,7.21,6.83,7.14,21021,22225204.0,5.56,4.54,0.31,2.76
4053,2009-04-30,7.15,7.51,7.13,7.25,26985,29329294.0,5.32,1.54,0.11,3.54
4054,2009-05-04,7.36,7.53,7.19,7.53,32519,35656913.0,4.69,3.86,0.28,4.27
4055,2009-05-05,7.64,7.75,7.46,7.6,43612,49196789.0,3.85,0.93,0.07,5.72
4056,2009-05-06,7.62,7.98,7.56,7.94,63202,73128362.0,5.53,4.47,0.34,8.29
4057,2009-05-07,8.06,8.13,7.55,7.73,51668,59683539.0,7.3,-2.64,-0.21,6.78
4058,2009-05-08,7.74,7.8,7.48,7.6,30258,34229374.0,4.14,-1.68,-0.13,3.97
4059,2009-05-11,7.6,7.65,7.19,7.2,22795,25299761.0,6.05,-5.26,-0.4,2.99
4060,2009-05-12,7.15,7.71,7.15,7.7,31677,35412340.0,7.78,6.94,0.5,4.15
4061,2009-05-13,7.73,7.83,7.56,7.62,27151,30899784.0,3.51,-1.04,-0.08,3.56
4062,2009-05-14,7.49,7.73,7.41,7.55,15145,17018920.0,4.2,-0.92,-0.07,1.99
4063,2009-05-15,7.5,7.65,7.27,7.42,22452,24887243.0,5.03,-1.72,-0.13,2.94
4064,2009-05-18,7.53,7.7,7.37,7.66,22443,25165698.0,4.45,3.23,0.24,2.94
4065,2009-05-19,7.76,7.76,7.48,7.56,27232,30639033.0,3.66,-1.31,-0.1,3.57
4066,2009-05-20,7.56,7.95,7.44,7.78,60890,69622028.0,6.75,2.91,0.22,7.99
4067,2009-05-21,7.56,7.68,7.44,7.49,30227,33803856.0,3.08,-3.73,-0.29,3.96
4068,2009-05-22,7.6,7.86,7.53,7.76,54549,62573560.0,4.41,3.6,0.27,7.15
4069,2009-05-25,7.62,8.4,7.48,8.37,91217,108385358.0,11.86,7.86,0.61,11.96
4070,2009-05-26,8.25,8.8,8.12,8.13,96659,120376172.0,8.12,-2.87,-0.24,12.68
4071,2009-05-27,8.13,8.25,7.88,8.06,31367,37347682.0,4.55,-0.86,-0.07,4.11
4072,2009-06-01,8.15,8.6,8.03,8.34,42350,52044892.0,7.07,3.47,0.28,5.55
4073,2009-06-02,8.42,8.58,8.23,8.4,41028,50910459.0,4.2,0.72,0.06,5.38
4074,2009-06-03,8.4,8.46,8.2,8.29,32801,40030709.0,3.1,-1.31,-0.11,4.3
4075,2009-06-04,8.19,8.29,7.9,8.12,29010,34622589.0,4.7,-2.05,-0.17,3.81
4076,2009-06-05,8.13,8.3,8.12,8.24,25034,30413736.0,2.22,1.48,0.12,3.28
4077,2009-06-08,8.22,8.25,7.98,8.08,21652,25928631.0,3.28,-1.94,-0.16,2.84
4078,2009-06-09,7.94,8.15,7.81,8.07,20245,23962588.0,4.21,-0.12,-0.01,2.66
4079,2009-06-10,8.05,8.1,7.93,8.03,20183,23846931.0,2.11,-0.5,-0.04,2.65
4080,2009-06-11,8.03,8.25,8.02,8.23,25773,31105606.0,2.86,2.49,0.2,3.38
4081,2009-06-12,8.19,8.23,7.82,7.87,23196,27338396.0,4.98,-4.37,-0.36,3.04
4082,2009-06-15,7.88,7.94,7.69,7.89,16852,19440645.0,3.18,0.25,0.02,2.21
4083,2009-06-16,7.83,7.83,7.59,7.62,20658,23498751.0,3.04,-3.42,-0.27,2.71
4084,2009-06-17,7.63,7.75,7.55,7.7,14185,16104668.0,2.62,1.05,0.08,1.86
4085,2009-06-18,7.7,7.98,7.69,7.97,27681,32095294.0,3.77,3.51,0.27,3.63
4086,2009-06-19,8.0,8.06,7.8,7.97,29073,34248201.0,3.26,0.0,0.0,3.81
4087,2009-06-22,7.97,8.05,7.89,8.02,31387,36997310.0,2.01,0.63,0.05,4.12
4088,2009-06-23,7.98,8.32,7.92,8.22,56282,68045944.0,4.99,2.49,0.2,7.38
4089,2009-06-24,8.22,8.34,8.06,8.18,37307,45127415.0,3.41,-0.49,-0.04,4.89
4090,2009-06-25,8.04,8.18,7.75,7.96,38427,45146448.0,5.26,-2.69,-0.22,5.04
4091,2009-06-26,8.0,8.15,7.8,8.08,35347,41764431.0,4.4,1.51,0.12,4.64
4092,2009-06-29,8.16,8.24,7.99,8.03,34438,41313050.0,3.09,-0.62,-0.05,4.52
4093,2009-06-30,8.04,8.07,7.69,7.73,29899,34527962.0,4.73,-3.74,-0.3,3.92
4094,2009-07-01,7.73,7.88,7.73,7.83,19485,22575739.0,1.94,1.29,0.1,2.56
4095,2009-07-02,7.83,8.0,7.76,7.98,29919,34945231.0,3.07,1.92,0.15,3.92
4096,2009-07-03,7.92,8.14,7.88,8.13,42369,50560529.0,3.26,1.88,0.15,5.56
4097,2009-07-06,8.13,8.23,8.05,8.07,51208,61549823.0,2.21,-0.74,-0.06,6.72
4098,2009-07-07,7.94,8.01,7.79,7.86,24877,29002106.0,2.73,-2.6,-0.21,3.26
4099,2009-07-08,7.77,7.95,7.76,7.87,14251,16614936.0,2.42,0.13,0.01,1.87
4100,2009-07-09,7.88,8.09,7.79,8.06,36966,43398350.0,3.81,2.41,0.19,4.85
4101,2009-07-10,7.99,8.12,7.93,7.95,33870,40222636.0,2.36,-1.36,-0.11,4.44
4102,2009-07-13,7.98,8.27,7.91,8.21,49688,59600159.0,4.53,3.27,0.26,6.52
4103,2009-07-14,8.32,8.36,8.13,8.3,53559,65183031.0,2.8,1.1,0.09,7.02
4104,2009-07-15,8.38,8.4,8.2,8.25,43491,53070949.0,2.41,-0.6,-0.05,5.7
4105,2009-07-16,8.3,8.3,8.12,8.12,31869,38508241.0,2.18,-1.58,-0.13,4.18
4106,2009-07-17,8.12,8.29,8.08,8.2,30982,37564840.0,2.59,0.99,0.08,4.06
4107,2009-07-20,8.28,8.58,8.2,8.48,62111,77016460.0,4.63,3.41,0.28,8.15
4108,2009-07-21,8.46,8.47,8.03,8.05,41845,50814205.0,5.19,-5.07,-0.43,5.49
4109,2009-07-22,8.05,8.3,8.05,8.25,27855,33805134.0,3.11,2.48,0.2,3.65
4110,2009-07-23,8.32,8.83,8.32,8.49,64394,81512831.0,6.18,2.91,0.24,8.45
4111,2009-07-24,8.42,8.49,8.13,8.25,33276,40859192.0,4.24,-2.83,-0.24,4.36
4112,2009-07-27,8.26,8.33,8.19,8.33,28577,34836897.0,1.7,0.97,0.08,3.75
4113,2009-07-28,8.47,8.72,8.38,8.57,58721,74024298.0,4.08,2.88,0.24,7.7
4114,2009-07-29,8.51,8.51,7.67,7.79,41547,50066084.0,9.8,-9.1,-0.78,5.45
4115,2009-07-30,7.69,7.91,7.32,7.6,27363,30862022.0,7.57,-2.44,-0.19,3.59
4116,2009-07-31,7.62,7.94,7.53,7.82,24716,28311161.0,5.39,2.89,0.22,3.24
4117,2009-08-03,7.9,8.04,7.65,7.96,20927,24455533.0,4.99,1.79,0.14,1.42
4118,2009-08-04,8.0,8.03,7.73,7.9,21380,24840675.0,3.77,-0.75,-0.06,1.45
4119,2009-08-05,7.92,8.19,7.83,8.18,35911,42513535.0,4.56,3.54,0.28,2.44
4120,2009-08-06,8.2,8.55,8.05,8.5,72413,89564133.0,6.11,3.91,0.32,4.91
4121,2009-08-07,8.42,8.42,7.87,7.9,77631,92508383.0,6.47,-7.06,-0.6,5.27
4122,2009-08-10,7.91,8.03,7.59,7.7,32432,37382590.0,5.57,-2.53,-0.2,2.2
4123,2009-08-11,7.73,7.77,7.47,7.56,36252,40647916.0,3.9,-1.82,-0.14,2.46
4124,2009-08-12,7.55,7.62,6.99,7.03,25121,27434098.0,8.33,-7.01,-0.53,1.7
4125,2009-08-13,7.09,7.28,7.03,7.14,17796,18901775.0,3.56,1.56,0.11,1.21
4126,2009-08-14,7.15,7.18,6.65,6.65,24398,24862610.0,7.42,-6.86,-0.49,1.66
4127,2009-08-17,6.53,6.58,5.95,5.95,19454,18261959.0,9.47,-10.53,-0.7,1.32
4128,2009-08-18,5.94,6.31,5.41,6.26,24293,22324479.0,15.13,5.21,0.31,1.65
4129,2009-08-19,6.23,6.23,5.67,5.78,23777,21300022.0,8.95,-7.67,-0.48,1.61
4130,2009-08-20,5.74,6.03,5.69,6.02,19024,16918956.0,5.88,4.15,0.24,1.29
4131,2009-08-21,5.98,6.13,5.9,6.12,20556,18696660.0,3.82,1.66,0.1,1.4
4132,2009-08-24,6.12,6.29,6.0,6.23,23224,21508034.0,4.74,1.8,0.11,1.58
4133,2009-08-25,6.28,6.28,5.94,6.14,22212,20207617.0,5.46,-1.44,-0.09,1.51
4134,2009-08-26,6.1,6.46,6.1,6.35,36015,34195730.0,5.86,3.42,0.21,2.44
4135,2009-08-27,6.26,6.48,6.19,6.39,27284,26048424.0,4.57,0.63,0.04,1.85
4136,2009-08-28,6.4,6.43,6.1,6.11,16277,15125572.0,5.16,-4.38,-0.28,1.1
4137,2009-08-31,5.93,6.04,5.62,5.85,16209,14216175.0,6.87,-4.26,-0.26,1.1
4138,2009-09-01,5.9,6.04,5.83,6.03,21730,19443076.0,3.59,3.08,0.18,1.47
4139,2009-09-02,6.03,6.1,5.84,6.05,12068,10901413.0,4.31,0.33,0.02,0.82
4140,2009-09-03,6.05,6.35,6.0,6.28,21211,19857053.0,5.79,3.8,0.23,1.44
4141,2009-09-04,6.25,6.47,6.25,6.39,27129,25908922.0,3.5,1.75,0.11,1.84
4142,2009-09-07,6.4,6.53,6.32,6.51,29315,28238758.0,3.29,1.88,0.12,1.99
4143,2009-09-08,6.51,6.75,6.33,6.68,42213,41505762.0,6.45,2.61,0.17,2.86
4144,2009-09-09,6.66,6.66,6.41,6.55,26158,25617771.0,3.74,-1.95,-0.13,1.78
4145,2009-09-10,6.57,6.57,6.4,6.43,15342,14863755.0,2.6,-1.83,-0.12,1.04
4146,2009-09-11,6.53,6.57,6.44,6.52,20628,20147818.0,2.02,1.4,0.09,1.4
4147,2009-09-14,6.53,6.73,6.53,6.68,26814,26596788.0,3.07,2.45,0.16,1.82
4148,2009-09-15,6.68,6.93,6.65,6.86,41051,41593372.0,4.19,2.69,0.18,2.79
4149,2009-09-16,6.73,6.83,6.66,6.77,24701,24901475.0,2.48,-1.31,-0.09,1.68
4150,2009-09-17,6.77,7.13,6.71,6.99,40143,41815319.0,6.2,3.25,0.22,2.72
4151,2009-09-18,7.05,7.1,6.7,6.82,33892,35053904.0,5.72,-2.43,-0.17,2.3
4152,2009-09-21,6.76,7.12,6.69,7.11,30977,32166234.0,6.3,4.25,0.29,2.1
4153,2009-09-22,7.12,7.23,6.88,6.88,27145,28427910.0,4.92,-3.23,-0.23,1.84
4154,2009-09-23,6.87,7.0,6.33,6.63,21896,22248812.0,9.74,-3.63,-0.25,1.49
4155,2009-09-24,6.55,6.7,6.32,6.53,14932,14565082.0,5.73,-1.51,-0.1,1.01
4156,2009-09-25,6.61,6.61,6.35,6.39,9168,8888681.0,3.98,-2.14,-0.14,0.62
4157,2009-09-28,6.4,6.5,5.83,6.02,9505,8958205.0,10.49,-5.79,-0.37,0.65
4158,2009-09-29,6.01,6.12,5.78,5.89,10921,9771339.0,5.65,-2.16,-0.13,0.74
4159,2009-09-30,5.95,6.03,5.88,5.89,6523,5836416.0,2.55,0.0,0.0,0.44
4160,2009-10-09,5.95,6.25,5.95,6.21,9688,8937462.0,5.09,5.43,0.32,0.66
4161,2009-10-12,6.21,6.33,6.18,6.19,8279,7769405.0,2.42,-0.32,-0.02,0.56
4162,2009-10-13,6.19,6.38,6.19,6.32,7833,7394019.0,3.07,2.1,0.13,0.53
4163,2009-10-14,6.39,6.5,6.27,6.41,12141,11678168.0,3.64,1.42,0.09,0.82
4164,2009-10-15,6.46,6.52,6.33,6.52,12851,12395245.0,2.96,1.72,0.11,0.87
4165,2009-10-16,6.6,7.1,6.6,6.95,59360,61079813.0,7.67,6.6,0.43,4.03
4166,2009-10-19,6.87,6.99,6.68,6.96,32359,32991849.0,4.46,0.14,0.01,2.2
4167,2009-10-20,7.02,7.02,6.83,6.93,27435,28311797.0,2.73,-0.43,-0.03,1.86
4168,2009-10-21,6.92,6.92,6.77,6.78,20309,20717730.0,2.16,-2.16,-0.15,1.38
4169,2009-10-22,6.78,6.92,6.71,6.83,16494,16816253.0,3.1,0.74,0.05,1.12
4170,2009-10-23,6.85,6.96,6.78,6.85,24362,24920244.0,2.64,0.29,0.02,1.65
4171,2009-10-26,6.87,6.95,6.78,6.84,20596,21086746.0,2.48,-0.15,-0.01,1.4
4172,2009-10-27,6.75,6.84,6.35,6.38,27225,26791527.0,7.16,-6.73,-0.46,1.85
4173,2009-10-28,6.38,6.47,6.33,6.43,15819,15192650.0,2.19,0.78,0.05,1.07
4174,2009-10-29,6.37,6.38,6.18,6.37,23898,22459714.0,3.11,-0.93,-0.06,1.62
4175,2009-10-30,6.46,6.54,6.33,6.36,15069,14531517.0,3.3,-0.16,-0.01,1.02
4176,2009-11-02,6.4,6.6,6.19,6.56,18712,18074723.0,6.45,3.14,0.2,1.27
4177,2009-11-03,6.53,6.83,6.53,6.78,29415,29604534.0,4.57,3.35,0.22,2.0
4178,2009-11-04,6.86,6.93,6.78,6.91,38385,39410294.0,2.21,1.92,0.13,2.61
4179,2009-11-05,6.93,6.95,6.78,6.93,25471,26141448.0,2.46,0.29,0.02,1.73
4180,2009-11-06,6.96,7.01,6.9,6.91,30550,31645180.0,1.59,-0.29,-0.02,2.07
4181,2009-11-09,6.9,7.26,6.9,7.13,55254,58537954.0,5.21,3.18,0.22,3.75
4182,2009-11-10,7.15,7.2,6.95,6.99,33644,35311608.0,3.51,-1.96,-0.14,2.28
4183,2009-11-11,7.02,7.03,6.88,6.96,24367,25222911.0,2.15,-0.43,-0.03,1.65
4184,2009-11-12,6.94,7.1,6.94,7.04,27496,28881655.0,2.3,1.15,0.08,1.87
4185,2009-11-13,7.05,7.17,6.92,7.16,30240,31823699.0,3.55,1.7,0.12,2.05
4186,2009-11-16,7.23,7.37,7.19,7.28,57529,62103786.0,2.51,1.68,0.12,3.9
4187,2009-11-17,7.28,7.4,7.19,7.38,40966,44351431.0,2.88,1.37,0.1,2.78
4188,2009-11-18,7.4,7.58,7.32,7.54,53034,58672157.0,3.52,2.17,0.16,3.6
4189,2009-11-19,7.55,7.55,7.37,7.52,37670,41803966.0,2.39,-0.27,-0.02,2.56
4190,2009-11-20,7.53,7.66,7.42,7.47,37074,41567020.0,3.19,-0.66,-0.05,2.52
4191,2009-11-23,7.47,7.7,7.47,7.65,43285,48765336.0,3.08,2.41,0.18,2.94
4192,2009-11-24,7.65,7.68,7.06,7.1,43649,48086488.0,8.1,-7.19,-0.55,2.96
4193,2009-11-25,7.05,7.28,7.05,7.28,24255,25893800.0,3.24,2.54,0.18,1.65
4194,2009-11-26,7.3,7.49,7.1,7.28,50700,55034146.0,5.36,0.0,0.0,3.44
4195,2009-11-27,7.05,7.32,6.8,6.83,31365,32987326.0,7.14,-6.18,-0.45,2.13
4196,2009-11-30,6.85,7.24,6.85,7.23,24896,26102612.0,5.71,5.86,0.4,1.69
4197,2009-12-01,7.14,7.44,7.14,7.4,34168,37350347.0,4.15,2.35,0.17,2.32
4198,2009-12-02,7.4,7.6,7.35,7.58,42759,47506143.0,3.38,2.43,0.18,2.9
4199,2009-12-03,7.58,7.96,7.48,7.91,72024,82468936.0,6.33,4.35,0.33,4.89
4200,2009-12-04,7.96,7.96,7.27,7.43,68083,76634283.0,8.72,-6.07,-0.48,4.62
4201,2009-12-07,7.44,7.68,7.42,7.66,30398,33959280.0,3.5,3.1,0.23,2.06
4202,2009-12-08,7.68,7.79,7.45,7.58,30768,34736845.0,4.44,-1.04,-0.08,2.09
4203,2009-12-09,7.58,7.87,7.48,7.86,63759,73143122.0,5.15,3.69,0.28,4.33
4204,2009-12-10,7.91,8.08,7.76,8.07,80018,94144274.0,4.07,2.67,0.21,5.43
4205,2009-12-11,8.12,8.17,7.76,7.81,75793,88967474.0,5.08,-3.22,-0.26,5.14
4206,2009-12-14,7.81,7.88,7.48,7.8,29443,33656085.0,5.12,-0.13,-0.01,2.0
4207,2009-12-15,7.8,7.95,7.72,7.78,23926,27796428.0,2.95,-0.26,-0.02,1.62
4208,2009-12-16,7.73,7.76,7.55,7.58,27006,30624320.0,2.7,-2.57,-0.2,1.83
4209,2009-12-17,7.58,7.66,7.2,7.29,20485,22520202.0,6.07,-3.83,-0.29,1.39
4210,2009-12-18,7.12,7.43,7.12,7.26,22947,24927568.0,4.25,-0.41,-0.03,1.56
4211,2009-12-21,7.26,7.44,7.23,7.36,11667,12696833.0,2.89,1.38,0.1,0.79
4212,2009-12-22,7.38,7.38,6.84,6.88,21712,22861488.0,7.34,-6.52,-0.48,1.47
4213,2009-12-23,6.88,7.01,6.73,6.97,14266,14655159.0,4.07,1.31,0.09,0.97
4214,2009-12-24,7.0,7.2,6.9,7.18,17813,18814682.0,4.3,3.01,0.21,1.21
4215,2009-12-25,7.18,7.28,7.1,7.18,14017,15008177.0,2.51,0.0,0.0,0.95
4216,2009-12-29,7.21,7.44,7.17,7.42,25680,27875356.0,3.76,3.34,0.24,1.74
4217,2009-12-30,7.4,7.44,7.23,7.34,14102,15341784.0,2.83,-1.08,-0.08,0.96
4218,2009-12-31,7.28,7.47,7.28,7.4,20278,22232134.0,2.59,0.82,0.06,1.38
4219,2010-01-04,7.45,7.45,7.33,7.35,14382,15757983.0,1.62,-0.68,-0.05,0.98
4220,2010-01-05,7.35,7.47,7.23,7.46,22658,24812740.0,3.27,1.5,0.11,1.54
4221,2010-01-06,7.46,7.94,7.45,7.69,61639,71013233.0,6.57,3.08,0.23,4.18
4222,2010-01-07,7.67,7.98,7.6,7.64,32136,37075338.0,4.94,-0.65,-0.05,2.18
4223,2010-01-08,7.68,7.94,7.58,7.9,32931,38041514.0,4.71,3.4,0.26,2.23
4224,2010-01-11,7.94,7.98,7.68,7.7,37433,43366873.0,3.8,-2.53,-0.2,2.54
4225,2010-01-12,7.7,7.82,7.55,7.78,26023,29655438.0,3.51,1.04,0.08,1.77
4226,2010-01-13,7.58,7.75,7.4,7.43,35442,39796746.0,4.5,-4.5,-0.35,2.41
4227,2010-01-14,7.4,7.65,7.4,7.59,30210,33888830.0,3.36,2.15,0.16,2.05
4228,2010-01-15,7.56,7.78,7.53,7.7,29575,33668963.0,3.29,1.45,0.11,2.01
4229,2010-01-18,7.7,7.9,7.7,7.88,34261,39693539.0,2.6,2.34,0.18,2.33
4230,2010-01-19,7.87,8.19,7.84,8.05,68110,80789933.0,4.44,2.16,0.17,4.62
4231,2010-01-20,8.05,8.19,7.86,7.95,58060,68846264.0,4.1,-1.24,-0.1,3.94
4232,2010-01-21,8.05,8.36,7.84,8.27,65358,78740593.0,6.54,4.03,0.32,4.44
4233,2010-01-22,8.04,8.24,7.65,7.86,50392,59476497.0,7.13,-4.96,-0.41,3.42
4234,2010-01-25,7.79,7.9,7.55,7.56,19734,22605613.0,4.45,-3.82,-0.3,1.34
4235,2010-01-26,7.6,7.68,7.04,7.15,19683,21541790.0,8.47,-5.42,-0.41,1.34
4236,2010-01-27,7.21,7.33,7.08,7.14,14823,15927556.0,3.5,-0.14,-0.01,1.01
4237,2010-01-28,7.15,7.36,7.15,7.32,12049,13032723.0,2.94,2.52,0.18,0.82
4238,2010-01-29,7.26,7.43,7.22,7.32,14662,15995814.0,2.87,0.0,0.0,1.0
4239,2010-02-01,7.31,7.31,6.89,6.9,15158,15937262.0,5.74,-5.74,-0.42,1.03
4240,2010-02-02,6.99,7.05,6.76,6.78,15704,16172201.0,4.2,-1.74,-0.12,1.07
4241,2010-02-03,6.87,7.03,6.72,7.02,13833,14200242.0,4.57,3.54,0.24,0.94
4242,2010-02-04,6.99,7.15,6.92,7.08,12841,13501666.0,3.28,0.85,0.06,0.87
4243,2010-02-05,6.95,7.11,6.78,6.98,11489,11938520.0,4.66,-1.41,-0.1,0.78
4244,2010-02-08,6.96,7.23,6.96,7.15,11478,12159125.0,3.87,2.44,0.17,0.78
4245,2010-02-09,7.15,7.23,7.03,7.18,8060,8535185.0,2.8,0.42,0.03,0.55
4246,2010-02-10,7.13,7.26,7.13,7.25,8737,9373806.0,1.81,0.97,0.07,0.59
4247,2010-02-11,7.3,7.3,7.15,7.15,6526,7016460.0,2.07,-1.38,-0.1,0.44
4248,2010-02-12,7.26,7.33,7.16,7.25,6653,7171730.0,2.38,1.4,0.1,0.45
4249,2010-02-22,7.24,7.35,7.19,7.27,8010,8674492.0,2.21,0.28,0.02,0.54
4250,2010-02-23,7.27,7.3,6.97,7.3,9385,10041900.0,4.54,0.41,0.03,0.64
4251,2010-02-24,7.27,7.61,7.27,7.55,17817,19723619.0,4.66,3.42,0.25,1.21
4252,2010-02-25,7.62,7.63,7.49,7.58,15899,17861635.0,1.85,0.4,0.03,1.08
4253,2010-02-26,7.53,7.65,7.53,7.57,13813,15557705.0,1.58,-0.13,-0.01,0.94
4254,2010-03-01,7.62,7.73,7.55,7.68,16022,18227492.0,2.38,1.45,0.11,1.09
4255,2010-03-02,7.75,7.9,7.65,7.78,26546,30727662.0,3.26,1.3,0.1,1.8
4256,2010-03-03,7.8,8.08,7.77,8.03,31580,37329438.0,3.98,3.21,0.25,2.14
4257,2010-03-04,8.11,8.33,7.7,7.71,42161,50041092.0,7.85,-3.99,-0.32,2.86
4258,2010-03-05,7.76,8.02,7.63,7.9,25913,30049736.0,5.06,2.46,0.19,1.76
4259,2010-03-08,8.03,8.26,7.86,8.14,35765,42813080.0,5.06,3.04,0.24,2.43
4260,2010-03-09,8.1,8.1,7.85,7.89,24798,29255109.0,3.07,-3.07,-0.25,1.68
4261,2010-03-10,7.93,7.93,7.64,7.76,18127,20931603.0,3.68,-1.65,-0.13,1.23
4262,2010-03-11,7.79,7.85,7.65,7.75,10858,12473578.0,2.58,-0.13,-0.01,0.74
4263,2010-03-12,7.77,7.87,7.69,7.75,15046,17336119.0,2.32,0.0,0.0,1.02
4264,2010-03-15,7.76,8.0,7.69,7.98,26679,31179047.0,4.0,2.97,0.23,1.81
4265,2010-03-16,7.96,8.08,7.83,8.07,23945,28337271.0,3.13,1.13,0.09,1.63
4266,2010-03-17,8.08,8.18,7.98,8.16,38207,45743043.0,2.48,1.12,0.09,2.59
4267,2010-03-18,8.18,8.32,8.08,8.27,49787,60391637.0,2.94,1.35,0.11,3.38
4268,2010-03-19,8.23,8.41,8.15,8.29,39522,48330846.0,3.14,0.24,0.02,2.68
4269,2010-03-22,8.28,8.29,8.07,8.13,34746,41815027.0,2.65,-1.93,-0.16,2.36
4270,2010-03-23,8.15,8.47,8.12,8.31,52222,64314305.0,4.31,2.21,0.18,3.54
4271,2010-03-24,8.33,8.4,8.13,8.17,34525,42051094.0,3.25,-1.68,-0.14,2.34
4272,2010-03-25,8.01,8.14,7.82,8.01,43619,51394775.0,3.92,-1.96,-0.16,2.96
4273,2010-03-26,7.98,8.18,7.91,8.11,28724,34391275.0,3.37,1.25,0.1,1.95
4274,2010-03-29,8.12,8.23,7.98,8.13,19957,23872265.0,3.08,0.25,0.02,1.35
4275,2010-03-30,8.13,8.19,8.08,8.15,20581,24737258.0,1.35,0.25,0.02,1.4
4276,2010-03-31,8.15,8.45,8.13,8.4,52589,64461539.0,3.93,3.07,0.25,3.57
4277,2010-04-01,8.4,8.46,8.33,8.43,43972,54510192.0,1.55,0.36,0.03,2.98
4278,2010-04-02,8.47,8.51,8.13,8.25,39423,48442507.0,4.51,-2.14,-0.18,2.68
4279,2010-04-06,8.26,8.43,8.24,8.33,35054,43192445.0,2.3,0.97,0.08,2.38
4280,2010-04-07,8.33,8.38,8.2,8.27,21674,26454356.0,2.16,-0.72,-0.06,1.47
4281,2010-04-08,8.28,8.33,8.06,8.18,29530,35749490.0,3.26,-1.09,-0.09,2.0
4282,2010-04-09,8.16,8.33,8.08,8.25,28607,34706597.0,3.06,0.86,0.07,1.94
4283,2010-04-12,8.25,8.45,8.24,8.42,42300,52320401.0,2.55,2.06,0.17,2.87
4284,2010-04-13,8.42,8.67,8.08,8.41,37100,46042405.0,7.01,-0.12,-0.01,2.52
4285,2010-04-14,8.4,8.69,8.33,8.68,47075,59275087.0,4.28,3.21,0.27,3.19
4286,2010-04-15,8.7,8.76,8.48,8.5,40543,51484532.0,3.23,-2.07,-0.18,2.75
4287,2010-04-16,8.42,8.5,8.2,8.23,22355,27413684.0,3.53,-3.18,-0.27,1.52
4288,2010-04-19,8.22,8.28,7.83,7.85,29394,35139502.0,5.47,-4.62,-0.38,1.99
4289,2010-04-20,7.85,8.0,7.69,7.95,19033,22047759.0,3.95,1.27,0.1,1.29
4290,2010-04-21,8.01,8.11,7.87,8.1,21870,25961511.0,3.02,1.89,0.15,1.48
4291,2010-04-22,8.08,8.37,8.04,8.2,25097,30399770.0,4.07,1.23,0.1,1.7
4292,2010-04-23,8.25,8.3,8.05,8.07,20585,24905526.0,3.05,-1.59,-0.13,1.4
4293,2010-04-27,8.09,8.1,7.39,7.54,23027,25979812.0,8.8,-6.57,-0.53,1.56
4294,2010-04-28,7.53,7.58,7.41,7.55,12565,13992219.0,2.25,0.13,0.01,0.85
4295,2010-04-29,7.6,7.7,7.3,7.31,14470,16264741.0,5.3,-3.18,-0.24,0.98
4296,2010-04-30,7.3,7.37,6.89,7.16,17912,18903432.0,6.57,-2.05,-0.15,1.22
4297,2010-05-04,6.96,7.32,6.95,7.18,10268,11012726.0,5.17,0.28,0.02,0.7
4298,2010-05-05,7.12,7.55,7.12,7.53,15620,17204343.0,5.99,4.87,0.35,1.06
4299,2010-05-06,7.53,7.58,7.22,7.23,10164,11185913.0,4.78,-3.98,-0.3,0.69
4300,2010-05-07,7.12,7.55,6.98,7.34,8678,9471038.0,7.88,1.52,0.11,0.59
4301,2010-05-10,7.33,7.5,6.84,7.38,13362,14277024.0,8.99,0.54,0.04,0.91
4302,2010-05-11,7.48,7.54,7.05,7.07,11626,12599380.0,6.64,-4.2,-0.31,0.79
4303,2010-05-12,7.05,7.13,6.6,6.8,12061,12304290.0,7.5,-3.82,-0.27,0.82
4304,2010-05-13,6.8,6.98,6.63,6.95,9133,9307618.0,5.15,2.21,0.15,0.62
4305,2010-05-14,6.95,7.08,6.85,6.93,7805,8106499.0,3.31,-0.29,-0.02,0.53
4306,2010-05-17,6.97,6.97,6.33,6.33,12335,12308780.0,9.24,-8.66,-0.6,0.84
4307,2010-05-18,6.33,6.48,5.99,6.32,10988,10293384.0,7.74,-0.16,-0.01,0.75
4308,2010-05-19,6.2,6.48,6.2,6.4,7067,6773659.0,4.43,1.27,0.08,0.48
4309,2010-05-20,6.27,6.57,6.27,6.38,8696,8400767.0,4.69,-0.31,-0.02,0.59
4310,2010-05-21,6.05,6.55,6.05,6.48,7240,6965854.0,7.84,1.57,0.1,0.49
4311,2010-05-24,6.58,6.83,6.46,6.78,13621,13696642.0,5.71,4.63,0.3,0.92
4312,2010-05-25,6.75,6.81,6.62,6.7,8318,8344738.0,2.8,-1.18,-0.08,0.56
4313,2010-05-26,6.69,6.79,6.66,6.76,5427,5467735.0,1.94,0.9,0.06,0.37
4314,2010-05-27,6.76,6.89,6.73,6.87,9897,10091493.0,2.37,1.63,0.11,0.67
4315,2010-05-28,6.89,6.99,6.73,6.8,7209,7363744.0,3.78,-1.02,-0.07,0.49
4316,2010-05-31,6.8,6.82,6.55,6.55,6754,6747722.0,3.97,-3.68,-0.25,0.46
4317,2010-06-01,6.48,6.55,6.2,6.36,9948,9499232.0,5.34,-2.9,-0.19,0.68
4318,2010-06-02,6.4,6.51,6.28,6.48,4996,4776520.0,3.62,1.89,0.12,0.34
4319,2010-06-03,6.49,6.57,6.4,6.4,7069,6862793.0,2.62,-1.23,-0.08,0.48
4320,2010-06-04,6.28,6.49,6.28,6.48,3638,3486561.0,3.28,1.25,0.08,0.25
4321,2010-06-07,6.34,6.77,6.28,6.6,9444,9295056.0,7.56,1.85,0.12,0.64
4322,2010-06-08,6.6,6.79,6.55,6.69,9751,9720195.0,3.64,1.36,0.09,0.66
4323,2010-06-09,6.88,6.88,6.63,6.83,10007,10087737.0,3.74,2.09,0.14,0.68
4324,2010-06-10,6.83,6.93,6.73,6.87,8389,8555690.0,2.93,0.59,0.04,0.57
4325,2010-06-11,6.87,6.93,6.68,6.68,6823,6892426.0,3.64,-2.77,-0.19,0.46
4326,2010-06-17,6.82,6.82,6.68,6.7,5002,5029360.0,2.1,0.3,0.02,0.34
4327,2010-06-18,6.4,6.82,6.4,6.6,5424,5382750.0,6.27,-1.49,-0.1,0.37
4328,2010-06-21,6.49,6.8,6.49,6.77,5686,5687890.0,4.7,2.58,0.17,0.39
4329,2010-06-22,6.82,6.85,6.72,6.82,4975,5052900.0,1.92,0.74,0.05,0.34
4330,2010-06-23,6.76,6.8,6.58,6.65,4119,4118603.0,3.23,-2.49,-0.17,0.28
4331,2010-06-24,6.65,6.74,6.63,6.68,2859,2859378.0,1.65,0.45,0.03,0.19
4332,2010-06-25,6.72,6.72,6.48,6.52,4435,4345913.0,3.59,-2.4,-0.16,0.3
4333,2010-06-28,6.55,6.64,6.31,6.35,4468,4321555.0,5.06,-2.61,-0.17,0.3
4334,2010-06-29,6.47,6.48,5.84,5.88,5937,5457375.0,10.08,-7.4,-0.47,0.4
4335,2010-06-30,5.88,5.88,5.46,5.7,9266,7846815.0,7.14,-3.06,-0.18,0.63
4336,2010-07-01,5.65,5.71,5.56,5.6,4309,3677502.0,2.63,-1.75,-0.1,0.29
4337,2010-07-02,5.69,5.69,5.35,5.54,4276,3588122.0,6.07,-1.07,-0.06,0.29
4338,2010-07-05,5.53,5.57,5.42,5.51,2280,1903612.0,2.71,-0.54,-0.03,0.15
4339,2010-07-06,5.53,5.8,5.53,5.74,4356,3746971.0,4.9,4.17,0.23,0.3
4340,2010-07-07,5.74,5.8,5.65,5.72,5914,5087687.0,2.61,-0.35,-0.02,0.4
4341,2010-07-08,5.63,5.78,5.62,5.73,4278,3684510.0,2.8,0.17,0.01,0.29
4342,2010-07-09,5.8,5.93,5.67,5.91,6618,5841571.0,4.54,3.14,0.18,0.45
4343,2010-07-12,5.93,6.01,5.85,5.97,5350,4792177.0,2.71,1.02,0.06,0.36
4344,2010-07-13,6.23,6.51,6.18,6.2,74363,70437971.0,5.53,3.85,0.23,5.05
4345,2010-07-14,6.03,6.37,6.01,6.2,35369,33031774.0,5.81,0.0,0.0,2.4
4346,2010-07-15,6.08,6.11,5.87,5.88,24628,22242313.0,3.87,-5.16,-0.32,1.67
4347,2010-07-16,5.88,5.9,5.69,5.88,15361,13385159.0,3.57,0.0,0.0,1.04
4348,2010-07-19,5.76,6.03,5.71,6.0,13457,12008803.0,5.44,2.04,0.12,0.91
4349,2010-07-20,6.03,6.17,6.01,6.15,19351,17770875.0,2.67,2.5,0.15,1.31
4350,2010-07-21,6.18,6.4,6.15,6.19,26380,24845890.0,4.07,0.65,0.04,1.79
4351,2010-07-22,6.19,6.28,6.1,6.26,20899,19456359.0,2.91,1.13,0.07,1.42
4352,2010-07-23,6.28,6.28,6.12,6.19,13540,12578729.0,2.56,-1.12,-0.07,0.92
4353,2010-07-26,6.24,6.45,6.24,6.35,26601,25425607.0,3.39,2.58,0.16,1.81
4354,2010-07-27,6.29,6.33,6.24,6.28,13175,12428298.0,1.42,-1.1,-0.07,0.89
4355,2010-07-28,6.37,6.45,6.27,6.39,22061,21045286.0,2.87,1.75,0.11,1.5
4356,2010-07-29,6.43,6.55,6.33,6.54,27918,26920187.0,3.44,2.35,0.15,1.89
4357,2010-07-30,6.49,6.51,6.35,6.42,16331,15732085.0,2.45,-1.83,-0.12,1.11
4358,2010-08-02,6.45,6.52,6.4,6.5,18193,17656447.0,1.87,1.25,0.08,1.23
4359,2010-08-03,6.5,6.53,6.3,6.31,23830,22947208.0,3.54,-2.92,-0.19,1.62
4360,2010-08-04,6.31,6.38,6.18,6.38,14716,13865296.0,3.17,1.11,0.07,1.0
4361,2010-08-05,6.33,6.5,6.33,6.44,19154,18412778.0,2.66,0.94,0.06,1.3
4362,2010-08-06,6.43,6.58,6.33,6.56,25281,24465395.0,3.88,1.86,0.12,1.72
4363,2010-08-09,6.55,6.64,6.53,6.62,24369,24040367.0,1.68,0.91,0.06,1.65
4364,2010-08-10,6.55,6.63,6.35,6.37,15716,15277047.0,4.23,-3.78,-0.25,1.07
4365,2010-08-11,6.37,6.46,6.34,6.46,10638,10211482.0,1.88,1.41,0.09,0.72
4366,2010-08-12,6.38,6.76,6.33,6.6,41491,41237517.0,6.66,2.17,0.14,2.82
4367,2010-08-13,6.6,6.73,6.51,6.71,21469,21259056.0,3.33,1.67,0.11,1.46
4368,2010-08-16,6.76,6.83,6.68,6.8,26986,27197280.0,2.24,1.34,0.09,1.83
4369,2010-08-17,6.8,7.53,6.74,7.53,99339,108301087.0,11.62,10.74,0.73,6.74
4370,2010-08-18,7.39,7.43,7.25,7.36,78570,85635204.0,2.39,-2.26,-0.17,5.33
4371,2010-08-19,7.33,7.38,7.19,7.27,35240,38084789.0,2.58,-1.22,-0.09,2.39
4372,2010-08-20,7.28,7.4,7.08,7.15,31655,34072253.0,4.4,-1.65,-0.12,2.15
4373,2010-08-23,7.15,7.32,7.15,7.23,24762,26701793.0,2.38,1.12,0.08,1.68
4374,2010-08-24,7.19,7.33,7.08,7.21,21508,23099566.0,3.46,-0.28,-0.02,1.46
4375,2010-08-25,7.26,7.5,7.13,7.33,35764,39067919.0,5.13,1.66,0.12,2.43
4376,2010-08-26,7.33,7.42,7.19,7.25,18394,19871613.0,3.14,-1.09,-0.08,1.25
4377,2010-08-27,7.21,7.3,7.03,7.16,15055,16039052.0,3.72,-1.24,-0.09,1.02
4378,2010-08-30,7.18,7.38,7.12,7.35,20733,22300470.0,3.63,2.65,0.19,1.41
4379,2010-08-31,7.33,7.33,7.19,7.29,16215,17485950.0,1.9,-0.82,-0.06,1.1
4380,2010-09-01,7.33,7.48,7.16,7.37,27831,30350753.0,4.39,1.1,0.08,1.89
4381,2010-09-02,7.44,7.76,7.29,7.72,50525,57114191.0,6.38,4.75,0.35,3.43
4382,2010-09-03,7.63,7.83,7.51,7.6,31528,35738549.0,4.15,-1.55,-0.12,2.14
4383,2010-09-06,7.62,7.68,7.52,7.58,17759,19953120.0,2.11,-0.26,-0.02,1.21
4384,2010-09-07,7.59,7.65,7.26,7.46,23106,25427899.0,5.15,-1.58,-0.12,1.57
4385,2010-09-08,7.41,7.52,7.26,7.5,16034,17743966.0,3.49,0.54,0.04,1.09
4386,2010-09-09,7.5,7.69,7.28,7.3,26870,29852670.0,5.47,-2.67,-0.2,1.82
4387,2010-09-10,7.25,7.37,7.08,7.29,21673,23256564.0,3.97,-0.14,-0.01,1.47
4388,2010-09-13,7.33,7.48,7.21,7.45,17041,18789096.0,3.7,2.19,0.16,1.16
4389,2010-09-14,7.49,7.81,7.45,7.66,43490,49362077.0,4.83,2.82,0.21,2.95
4390,2010-09-15,7.68,7.97,7.57,7.62,41049,47164395.0,5.22,-0.52,-0.04,2.79
4391,2010-09-16,7.6,7.72,7.34,7.4,21078,23436502.0,4.99,-2.89,-0.22,1.43
4392,2010-09-17,7.43,7.53,7.24,7.26,16922,18559615.0,3.92,-1.89,-0.14,1.15
4393,2010-09-20,7.28,7.33,7.12,7.31,13746,14795888.0,2.89,0.69,0.05,0.93
4394,2010-09-21,7.31,7.37,7.01,7.03,12570,13405808.0,4.92,-3.83,-0.28,0.85
4395,2010-09-27,7.15,7.18,6.99,7.16,10512,11106902.0,2.7,1.85,0.13,0.71
4396,2010-09-28,7.23,7.32,7.13,7.19,10486,11281748.0,2.65,0.42,0.03,0.71
4397,2010-09-29,7.2,7.3,7.08,7.26,11940,12740276.0,3.06,0.97,0.07,0.81
4398,2010-09-30,7.13,8.03,7.12,7.95,38009,42310846.0,12.53,9.5,0.69,2.58
4399,2010-10-08,7.87,8.1,7.8,7.99,65352,77200867.0,3.77,0.5,0.04,4.44
4400,2010-10-11,7.98,8.11,7.77,7.86,38997,45552947.0,4.26,-1.63,-0.13,2.65
4401,2010-10-12,7.79,8.1,7.69,7.95,35054,41101236.0,5.22,1.15,0.09,2.38
4402,2010-10-13,7.77,7.95,7.6,7.89,50225,57501392.0,4.4,-0.75,-0.06,3.41
4403,2010-10-14,7.8,7.83,7.58,7.7,27068,30693410.0,3.17,-2.41,-0.19,1.84
4404,2010-10-15,7.7,7.83,7.58,7.75,58531,66934988.0,3.25,0.65,0.05,3.97
4405,2010-10-18,7.78,7.81,7.05,7.11,45612,49039035.0,9.81,-8.26,-0.64,3.1
4406,2010-10-19,7.12,7.32,7.09,7.28,18687,20144750.0,3.23,2.39,0.17,1.27
4407,2010-10-20,7.12,7.53,7.0,7.45,28426,30921905.0,7.28,2.34,0.17,1.93
4408,2010-10-21,7.38,7.4,7.12,7.21,72464,77642695.0,3.76,-3.22,-0.24,4.92
4409,2010-10-22,7.21,7.28,7.16,7.27,33556,36119154.0,1.66,0.83,0.06,2.28
4410,2010-10-25,7.27,7.45,7.19,7.43,42840,46985722.0,3.58,2.2,0.16,2.91
4411,2010-10-26,7.43,7.69,7.37,7.61,53990,60535535.0,4.31,2.42,0.18,3.66
4412,2010-10-27,7.58,7.65,7.41,7.44,44235,49360910.0,3.15,-2.23,-0.17,3.0
4413,2010-10-28,7.45,7.58,7.38,7.55,38378,42620271.0,2.69,1.48,0.11,2.6
4414,2010-10-29,7.53,7.75,7.48,7.7,56110,63448458.0,3.58,1.99,0.15,3.81
4415,2010-11-01,7.69,7.76,7.58,7.72,58442,66493683.0,2.34,0.26,0.02,3.97
4416,2010-11-02,7.7,7.7,7.46,7.49,50032,56231153.0,3.11,-2.98,-0.23,3.4
4417,2010-11-03,7.47,7.49,7.32,7.35,27937,30699250.0,2.27,-1.87,-0.14,1.9
4418,2010-11-04,7.35,7.98,7.35,7.84,75303,85967254.0,8.57,6.67,0.49,5.11
4419,2010-11-05,7.84,7.97,7.71,7.8,61520,70931576.0,3.32,-0.51,-0.04,4.18
4420,2010-11-08,7.81,8.18,7.62,8.15,86478,102696808.0,7.18,4.49,0.35,5.87
4421,2010-11-09,8.05,8.37,7.95,8.31,78175,94556563.0,5.15,1.96,0.16,5.31
4422,2010-11-10,8.31,9.19,8.19,9.19,152704,198709740.0,12.03,10.59,0.88,10.36
4423,2010-11-11,9.4,10.15,9.27,9.62,276475,399383571.0,9.58,4.68,0.43,18.76
4424,2010-11-12,9.33,9.7,8.96,9.38,174344,239071438.0,7.69,-2.49,-0.24,11.83
4425,2010-11-15,9.4,10.25,9.35,9.93,117923,169216726.0,9.59,5.86,0.55,8.0
4426,2010-11-16,9.93,9.98,9.11,9.43,87101,122147266.0,8.76,-5.04,-0.5,5.91
4427,2010-11-17,9.2,9.96,9.19,9.48,68421,95975907.0,8.17,0.53,0.05,4.64
4428,2010-11-18,9.36,9.9,9.36,9.75,65032,92230600.0,5.7,2.85,0.27,4.41
4429,2010-11-19,9.8,10.78,9.8,10.78,142136,217552289.0,10.05,10.56,1.03,9.65
4430,2010-11-22,10.98,11.12,10.46,10.68,90097,141540326.0,6.12,-0.93,-0.1,6.11
4431,2010-11-23,10.54,10.62,10.12,10.45,59253,89148702.0,4.68,-2.15,-0.23,4.02
4432,2010-11-24,10.33,10.94,10.15,10.91,67774,103972299.0,7.56,4.4,0.46,4.6
4433,2010-11-25,10.98,11.05,10.26,10.38,63078,97857994.0,7.24,-4.86,-0.53,4.28
4434,2010-11-26,10.37,10.44,9.9,10.12,54961,80998621.0,5.2,-2.5,-0.26,3.73
4435,2010-11-29,10.01,10.3,9.76,10.26,29079,42849377.0,5.34,1.38,0.14,1.97
4436,2010-11-30,10.28,10.28,9.19,9.23,78953,110671263.0,10.62,-10.04,-1.03,5.36
4437,2010-12-01,9.32,9.48,9.1,9.33,34398,46806416.0,4.12,1.08,0.1,2.33
4438,2010-12-02,9.43,9.61,9.26,9.45,32785,45442158.0,3.75,1.29,0.12,2.23
4439,2010-12-03,9.48,9.5,9.18,9.36,19188,26316614.0,3.39,-0.95,-0.09,1.3
4440,2010-12-06,9.26,9.9,9.26,9.78,39954,56903276.0,6.84,4.49,0.42,2.71
4441,2010-12-07,9.55,9.79,9.4,9.73,21207,29995534.0,3.99,-0.51,-0.05,1.44
4442,2010-12-08,9.8,9.9,9.65,9.78,23083,33015450.0,2.57,0.51,0.05,1.57
4443,2010-12-09,9.78,9.78,9.3,9.3,23259,32160013.0,4.91,-4.91,-0.48,1.58
4444,2010-12-10,9.15,9.46,9.12,9.44,13926,19072851.0,3.66,1.51,0.14,0.95
4445,2010-12-13,9.44,9.8,9.44,9.67,22411,31728356.0,3.81,2.44,0.23,1.52
4446,2010-12-14,9.7,9.9,9.65,9.85,30618,43932091.0,2.59,1.86,0.18,2.08
4447,2010-12-15,9.85,9.86,9.65,9.68,23412,33417424.0,2.13,-1.73,-0.17,1.59
4448,2010-12-16,9.68,10.25,9.65,10.05,39880,58916540.0,6.2,3.82,0.37,2.71
4449,2010-12-17,9.95,10.18,9.95,10.1,14216,20850630.0,2.29,0.5,0.05,0.96
4450,2010-12-20,10.15,10.37,9.55,10.09,27050,39343095.0,8.12,-0.1,-0.01,1.84
4451,2010-12-21,10.05,10.05,9.81,9.88,23802,34469259.0,2.38,-2.08,-0.21,1.62
4452,2010-12-22,9.9,9.9,9.44,9.48,24009,33813662.0,4.66,-4.05,-0.4,1.63
4453,2010-12-23,9.48,9.6,9.32,9.37,11584,16066565.0,2.95,-1.16,-0.11,0.79
4454,2010-12-24,9.25,9.45,8.93,9.23,12090,16424953.0,5.55,-1.49,-0.14,0.82
4455,2010-12-27,9.23,9.43,8.84,8.96,13581,18196551.0,6.39,-2.93,-0.27,0.92
4456,2010-12-28,8.96,9.01,8.34,8.45,15782,19856583.0,7.48,-5.69,-0.51,1.07
4457,2010-12-29,8.4,8.62,8.4,8.58,7764,9763391.0,2.6,1.54,0.13,0.53
4458,2010-12-30,8.53,8.7,8.48,8.63,8376,10614665.0,2.56,0.58,0.05,0.57
4459,2010-12-31,8.73,8.79,8.48,8.73,13104,16731403.0,3.59,1.16,0.1,0.89
4460,2011-01-04,8.78,8.97,8.61,8.83,19413,25038287.0,4.12,1.15,0.1,1.32
4461,2011-01-05,8.83,9.15,8.76,8.87,17405,22972803.0,4.42,0.45,0.04,1.18
4462,2011-01-06,8.8,8.85,8.65,8.71,12720,16357648.0,2.25,-1.8,-0.16,0.86
4463,2011-01-07,8.7,8.84,8.58,8.79,9939,12814340.0,2.99,0.92,0.08,0.67
4464,2011-01-10,8.82,9.01,8.65,8.82,13481,17549597.0,4.1,0.34,0.03,0.91
4465,2011-01-11,8.58,8.76,8.13,8.39,15144,18802504.0,7.14,-4.88,-0.43,1.03
4466,2011-01-12,8.39,8.87,8.25,8.83,16161,20279650.0,7.39,5.24,0.44,1.1
4467,2011-01-13,8.81,8.83,8.6,8.76,15290,19565091.0,2.6,-0.79,-0.07,1.04
4468,2011-01-14,8.55,8.69,8.43,8.53,7320,9213199.0,2.97,-2.63,-0.23,0.5
4469,2011-01-17,8.3,8.59,8.13,8.2,9440,11485064.0,5.39,-3.87,-0.33,0.64
4470,2011-01-18,8.12,8.32,8.12,8.25,3596,4380830.0,2.44,0.61,0.05,0.24
4471,2011-01-19,8.33,8.46,8.25,8.44,4823,5949031.0,2.55,2.3,0.19,0.33
4472,2011-01-20,8.4,8.4,7.95,7.98,7898,9531185.0,5.33,-5.45,-0.46,0.54
4473,2011-01-21,7.86,8.08,7.76,7.91,8258,9677240.0,4.01,-0.88,-0.07,0.56
4474,2011-01-24,7.9,7.9,7.59,7.65,10047,11454954.0,3.92,-3.29,-0.26,0.68
4475,2011-01-25,7.66,7.7,7.33,7.41,7953,8850334.0,4.84,-3.14,-0.24,0.54
4476,2011-01-26,7.38,7.76,7.38,7.66,18807,21092213.0,5.13,3.37,0.25,1.28
4477,2011-01-27,7.63,7.76,7.41,7.66,8498,9612455.0,4.57,0.0,0.0,0.58
4478,2011-01-28,7.65,8.08,7.6,7.95,10906,12582022.0,6.27,3.79,0.29,0.74
4479,2011-01-31,7.9,8.07,7.88,7.99,7784,9180670.0,2.39,0.5,0.04,0.53
4480,2011-02-01,7.99,8.08,7.92,8.03,5272,6245642.0,2.0,0.5,0.04,0.36
4481,2011-02-09,8.07,8.08,7.83,7.89,5642,6637113.0,3.11,-1.74,-0.14,0.38
4482,2011-02-10,7.89,8.1,7.7,8.08,10229,12030617.0,5.07,2.41,0.19,0.69
4483,2011-02-11,8.94,8.94,8.92,8.94,12239,16094750.0,0.25,10.64,0.86,0.83
4484,2011-02-14,9.88,9.88,9.23,9.45,168685,236205473.0,7.27,5.7,0.51,11.45
4485,2011-02-15,9.33,10.44,9.01,10.08,128215,180168797.0,15.13,6.67,0.63,8.7
4486,2011-02-16,9.74,9.98,9.56,9.81,67496,96759046.0,4.17,-2.68,-0.27,4.58
4487,2011-02-17,9.75,9.97,9.55,9.8,50054,71401060.0,4.28,-0.1,-0.01,3.4
4488,2011-02-18,9.73,9.73,9.36,9.43,33717,47095504.0,3.78,-3.78,-0.37,2.29
4489,2011-02-21,9.26,9.67,9.2,9.53,26258,36734949.0,4.98,1.06,0.1,1.78
4490,2011-02-22,9.53,10.08,9.43,9.65,55300,79027540.0,6.82,1.26,0.12,3.75
4491,2011-02-23,9.59,10.01,9.5,9.95,46375,66547946.0,5.28,3.11,0.3,3.15
4492,2011-02-24,9.81,9.98,9.61,9.7,38014,54321473.0,3.72,-2.51,-0.25,2.58
4493,2011-02-25,9.67,9.67,9.38,9.48,21051,29388323.0,2.99,-2.27,-0.22,1.43
4494,2011-02-28,9.4,9.7,9.4,9.6,23614,33072592.0,3.16,1.27,0.12,1.6
4495,2011-03-01,9.6,9.8,9.54,9.71,23456,33243734.0,2.71,1.15,0.11,1.59
4496,2011-03-02,9.65,10.02,9.62,9.93,45410,65645615.0,4.12,2.27,0.22,3.08
4497,2011-03-03,9.93,10.25,9.7,9.71,41474,60603443.0,5.54,-2.22,-0.22,2.81
4498,2011-03-04,9.69,9.87,9.55,9.85,23222,33099095.0,3.3,1.44,0.14,1.58
4499,2011-03-07,9.76,10.33,9.76,10.13,48409,71954139.0,5.79,2.84,0.28,3.29
4500,2011-03-08,10.14,10.24,9.95,10.23,26939,39692181.0,2.86,0.99,0.1,1.83
4501,2011-03-09,10.24,10.61,10.18,10.2,35799,54175946.0,4.2,-0.29,-0.03,2.43
4502,2011-03-10,10.15,10.75,10.15,10.62,72742,111730839.0,5.88,4.12,0.42,4.94
4503,2011-03-11,10.49,11.13,10.49,10.98,84597,135183984.0,6.03,3.39,0.36,5.74
4504,2011-03-21,12.05,12.05,10.37,10.53,93249,151637020.0,15.3,-4.1,-0.45,6.33
4505,2011-03-22,10.39,10.42,9.78,10.03,60472,88404783.0,6.08,-4.75,-0.5,4.1
4506,2011-03-23,9.9,10.11,9.83,9.96,35393,51604236.0,2.79,-0.7,-0.07,2.4
4507,2011-03-24,9.95,10.07,9.85,9.99,23678,34525927.0,2.21,0.3,0.03,1.61
4508,2011-03-25,9.92,10.03,9.7,9.86,32441,46727156.0,3.3,-1.3,-0.13,2.2
4509,2011-03-28,9.85,9.95,9.52,9.53,42682,60609790.0,4.36,-3.35,-0.33,2.9
4510,2011-03-29,9.45,9.73,9.42,9.55,27022,37975295.0,3.25,0.21,0.02,1.83
4511,2011-03-30,9.6,9.68,9.48,9.65,18352,25768199.0,2.09,1.05,0.1,1.25
4512,2011-03-31,9.65,9.72,9.3,9.34,21340,29754226.0,4.35,-3.21,-0.31,1.45
4513,2011-04-01,9.27,9.78,9.27,9.64,17949,25144992.0,5.46,3.21,0.3,1.22
4514,2011-04-06,9.62,9.75,9.55,9.65,14879,21037433.0,2.07,0.1,0.01,1.01
4515,2011-04-07,9.6,9.74,9.57,9.73,13184,18660603.0,1.76,0.83,0.08,0.89
4516,2011-04-08,9.73,9.83,9.63,9.74,16796,24002208.0,2.06,0.1,0.01,1.14
4517,2011-04-11,9.74,9.84,9.62,9.73,17262,24613121.0,2.26,-0.1,-0.01,1.17
4518,2011-04-12,9.64,9.78,9.52,9.58,18523,26212126.0,2.67,-1.54,-0.15,1.26
4519,2011-04-13,9.58,9.58,9.35,9.54,14899,20638460.0,2.4,-0.42,-0.04,1.01
4520,2011-04-14,9.63,10.35,9.63,10.07,59154,87230890.0,7.55,5.56,0.53,4.01
4521,2011-04-15,9.84,10.08,9.75,10.0,35201,51210095.0,3.28,-0.7,-0.07,2.39
4522,2011-04-18,10.06,10.25,9.84,10.23,28700,42082162.0,4.1,2.3,0.23,1.95
4523,2011-04-19,10.12,10.56,10.12,10.3,50784,76730056.0,4.3,0.68,0.07,3.45
4524,2011-04-20,10.29,10.48,10.08,10.45,31966,47951045.0,3.88,1.46,0.15,2.17
4525,2011-04-21,10.39,10.6,10.28,10.3,28199,42864660.0,3.06,-1.44,-0.15,1.91
4526,2011-04-22,10.26,10.3,9.9,9.95,19702,29116146.0,3.88,-3.4,-0.35,1.34
4527,2011-04-25,9.87,9.87,9.41,9.53,25035,35143161.0,4.62,-4.22,-0.42,1.7
4528,2011-04-26,9.53,9.75,9.44,9.6,11420,16005855.0,3.25,0.73,0.07,0.78
4529,2011-04-27,9.65,9.66,9.07,9.18,17942,24696181.0,6.15,-4.38,-0.42,1.22
4530,2011-04-28,9.23,9.33,8.48,8.52,22775,29936110.0,9.26,-7.19,-0.66,1.55
4531,2011-04-29,8.52,8.83,8.44,8.83,13874,17784359.0,4.58,3.64,0.31,0.94
4532,2011-05-03,8.83,8.93,8.71,8.9,7156,9315034.0,2.49,0.79,0.07,0.49
4533,2011-05-04,8.9,9.01,8.72,8.82,9105,11873548.0,3.26,-0.9,-0.08,0.62
4534,2011-05-05,8.74,8.96,8.74,8.85,6747,8788082.0,2.49,0.34,0.03,0.46
4535,2011-05-09,9.04,9.05,8.85,9.0,6607,8699659.0,2.26,1.69,0.15,0.45
4536,2011-05-10,9.05,9.11,8.9,9.1,8320,11063015.0,2.33,1.11,0.1,0.56
4537,2011-05-11,9.11,9.25,9.05,9.12,9314,12522144.0,2.2,0.22,0.02,0.63
4538,2011-05-12,9.08,9.08,8.88,8.92,9828,12983784.0,2.19,-2.19,-0.2,0.67
4539,2011-05-13,8.93,9.02,8.83,8.99,10476,13709261.0,2.13,0.78,0.07,0.71
4540,2011-05-16,8.95,9.01,8.81,8.82,9339,12218807.0,2.22,-1.89,-0.17,0.63
4541,2011-05-17,8.76,8.94,8.73,8.85,8284,10769251.0,2.38,0.34,0.03,0.56
4542,2011-05-18,8.89,9.06,8.77,8.98,7525,9891537.0,3.28,1.47,0.13,0.51
4543,2011-05-19,8.99,9.15,8.96,9.01,11434,15238015.0,2.12,0.33,0.03,0.78
4544,2011-05-20,8.97,9.12,8.93,9.08,8160,10800370.0,2.11,0.78,0.07,0.55
4545,2011-05-23,9.08,9.13,8.67,8.8,10205,13283362.0,5.07,-3.08,-0.28,0.69
4546,2011-05-24,8.8,8.9,8.41,8.89,9754,12451077.0,5.57,1.02,0.09,0.66
4547,2011-05-25,8.71,9.08,8.69,9.04,10075,13194646.0,4.39,1.69,0.15,0.68
4548,2011-05-26,9.03,9.51,9.02,9.38,30064,41039323.0,5.42,3.76,0.34,2.04
4549,2011-05-27,9.3,10.37,9.26,9.66,79343,116010458.0,11.83,2.99,0.28,5.38
4550,2011-05-30,9.45,9.45,8.65,8.65,45850,58932670.0,8.28,-10.46,-1.01,3.11
4551,2011-05-31,8.23,8.69,8.22,8.56,22674,28043875.0,5.43,-1.04,-0.09,1.54
4552,2011-06-01,8.44,8.63,8.31,8.61,15264,19095420.0,3.74,0.58,0.05,1.04
4553,2011-06-02,8.47,8.47,8.19,8.37,15804,19399430.0,3.25,-2.79,-0.24,1.07
4554,2011-06-03,8.47,8.76,8.39,8.61,14685,18580715.0,4.42,2.87,0.24,1.0
4555,2011-06-07,8.78,9.05,8.69,8.86,15110,19597969.0,4.18,2.9,0.25,1.03
4556,2011-06-08,9.04,9.04,8.65,8.88,15500,20138457.0,4.4,0.23,0.02,1.05
4557,2011-06-09,8.88,9.16,8.82,8.88,16941,22328441.0,3.83,0.0,0.0,1.15
4558,2011-06-10,8.83,8.97,8.51,8.88,14313,18468042.0,5.18,0.0,0.0,0.97
4559,2011-06-13,8.87,8.9,8.55,8.81,13014,16694590.0,3.94,-0.79,-0.07,0.88
4560,2011-06-14,8.88,8.96,8.62,8.95,15136,19686626.0,3.86,1.59,0.14,1.03
4561,2011-06-15,8.88,8.93,8.65,8.68,10260,13276106.0,3.13,-3.02,-0.27,0.7
4562,2011-06-16,8.52,8.54,8.3,8.49,13608,16870145.0,2.76,-2.19,-0.19,0.92
4563,2011-06-17,8.51,8.52,8.23,8.31,9608,11880225.0,3.42,-2.12,-0.18,0.65
4564,2011-06-20,8.36,8.36,7.91,8.08,11803,14082785.0,5.42,-2.77,-0.23,0.8
4565,2011-06-21,8.08,8.23,7.93,8.13,7285,8708225.0,3.71,0.62,0.05,0.49
4566,2011-06-22,8.21,8.21,8.03,8.04,4260,5099606.0,2.21,-1.11,-0.09,0.29
4567,2011-06-23,7.98,8.22,7.96,8.19,7140,8541502.0,3.23,1.87,0.15,0.48
4568,2011-06-24,8.19,8.44,8.14,8.33,11081,13583045.0,3.66,1.71,0.14,0.75
4569,2011-06-27,8.39,8.6,8.3,8.5,9301,11611546.0,3.6,2.04,0.17,0.63
4570,2011-06-28,8.55,8.62,8.45,8.54,6890,8661276.0,2.0,0.47,0.04,0.47
4571,2011-06-29,8.51,8.52,8.25,8.3,8287,10281204.0,3.16,-2.81,-0.24,0.56
4572,2011-06-30,8.32,8.55,8.23,8.45,7307,9109183.0,3.86,1.81,0.15,0.5
4573,2011-07-01,8.45,8.68,8.44,8.53,9263,11702934.0,2.84,0.95,0.08,0.63
4574,2011-07-04,8.53,8.73,8.48,8.68,15858,20172864.0,2.93,1.76,0.15,1.08
4575,2011-07-05,8.7,8.81,8.59,8.73,22282,28507089.0,2.53,0.58,0.05,1.51
4576,2011-07-06,8.75,8.88,8.51,8.79,25166,32185273.0,4.24,0.69,0.06,1.71
4577,2011-07-07,8.74,8.82,8.63,8.67,21312,27363999.0,2.16,-1.37,-0.12,1.45
4578,2011-07-08,8.67,8.73,8.56,8.68,13357,17032643.0,1.96,0.12,0.01,0.91
4579,2011-07-11,8.66,8.73,8.53,8.68,14148,17987230.0,2.3,0.0,0.0,0.96
4580,2011-07-12,8.62,8.62,8.33,8.33,15556,19445225.0,3.34,-4.03,-0.35,1.06
4581,2011-07-13,8.33,8.5,8.33,8.47,9118,11354428.0,2.04,1.68,0.14,0.62
4582,2011-07-14,8.54,8.63,8.45,8.62,13420,16915571.0,2.13,1.77,0.15,0.91
4583,2011-07-15,8.6,8.79,8.55,8.77,21904,28111982.0,2.78,1.74,0.15,1.49
4584,2011-07-18,8.75,8.79,8.68,8.79,15631,20102083.0,1.25,0.23,0.02,1.06
4585,2011-07-19,8.73,8.92,8.64,8.85,25165,32621515.0,3.19,0.68,0.06,1.71
4586,2011-07-20,8.85,9.03,8.7,8.77,16821,21884837.0,3.73,-0.9,-0.08,1.14
4587,2011-07-21,8.8,8.8,8.56,8.56,10856,13821124.0,2.74,-2.39,-0.21,0.74
4588,2011-07-22,8.58,8.68,8.58,8.6,10006,12723081.0,1.17,0.47,0.04,0.68
4589,2011-07-25,8.56,8.58,8.02,8.06,16447,20135022.0,6.51,-6.28,-0.54,1.12
4590,2011-07-26,8.07,8.14,8.01,8.11,6345,7571532.0,1.61,0.62,0.05,0.43
4591,2011-07-27,8.1,8.1,7.81,8.06,27101,31870461.0,3.58,-0.62,-0.05,1.84
4592,2011-07-28,7.84,7.97,7.82,7.9,10729,12505692.0,1.86,-1.99,-0.16,0.73
4593,2011-07-29,7.92,7.97,7.66,7.72,10833,12488448.0,3.92,-2.28,-0.18,0.74
4594,2011-08-01,7.75,7.86,7.71,7.8,5073,5856645.0,1.94,1.04,0.08,0.34
4595,2011-08-02,7.76,8.08,7.42,8.02,23669,27400510.0,8.46,2.82,0.22,1.61
4596,2011-08-03,7.89,8.06,7.84,7.93,13617,16089487.0,2.74,-1.12,-0.09,0.92
4597,2011-08-04,7.95,8.0,7.88,7.97,7111,8346363.0,1.51,0.5,0.04,0.48
4598,2011-08-05,7.63,7.79,7.56,7.63,9345,10642417.0,2.89,-4.27,-0.34,0.63
4599,2011-08-08,7.51,7.62,6.83,7.26,22199,23978422.0,10.35,-4.85,-0.37,1.51
4600,2011-08-09,7.03,7.23,6.69,7.14,8635,9074529.0,7.44,-1.65,-0.12,0.59
4601,2011-08-10,7.24,7.51,7.2,7.27,11028,12092902.0,4.34,1.82,0.13,0.75
4602,2011-08-11,7.05,7.38,7.05,7.31,14049,15090468.0,4.54,0.55,0.04,0.95
4603,2011-08-12,7.31,7.62,7.27,7.45,10711,11847343.0,4.79,1.92,0.14,0.73
4604,2011-08-15,7.45,7.56,7.4,7.54,10422,11584617.0,2.15,1.21,0.09,0.71
4605,2011-08-16,7.57,7.63,7.44,7.47,7581,8448939.0,2.52,-0.93,-0.07,0.51
4606,2011-08-17,7.41,7.5,7.38,7.44,8363,9270218.0,1.61,-0.4,-0.03,0.57
4607,2011-08-18,7.47,7.5,7.19,7.2,5836,6373331.0,4.17,-3.23,-0.24,0.4
4608,2011-08-19,7.04,7.19,6.99,7.1,7189,7576739.0,2.78,-1.39,-0.1,0.49
4609,2011-08-22,7.1,7.26,7.09,7.12,6256,6654801.0,2.39,0.28,0.02,0.42
4610,2011-08-23,7.12,7.28,7.09,7.26,6974,7470181.0,2.67,1.97,0.14,0.47
4611,2011-08-24,7.3,7.43,7.26,7.4,10812,11845292.0,2.34,1.93,0.14,0.73
4612,2011-08-25,7.4,7.67,7.1,7.65,22081,24741440.0,7.7,3.38,0.25,1.5
4613,2011-08-26,7.6,8.33,7.59,8.01,48945,57321759.0,9.67,4.71,0.36,3.32
4614,2011-08-29,7.81,8.26,7.65,7.93,36613,42661568.0,7.62,-1.0,-0.08,2.48
4615,2011-08-30,7.84,7.96,7.68,7.69,21649,24832268.0,3.53,-3.03,-0.24,1.47
4616,2011-08-31,7.65,7.65,7.44,7.48,10914,12190893.0,2.73,-2.73,-0.21,0.74
4617,2011-09-01,7.54,7.63,7.38,7.51,9090,10123427.0,3.34,0.4,0.03,0.62
4618,2011-09-02,7.45,7.53,7.34,7.43,6001,6615118.0,2.53,-1.07,-0.08,0.41
4619,2011-09-05,7.36,7.36,7.05,7.07,8471,9027599.0,4.17,-4.85,-0.36,0.57
4620,2011-09-06,7.09,7.2,7.03,7.08,6773,7178064.0,2.4,0.14,0.01,0.46
4621,2011-09-07,7.15,7.33,7.12,7.3,6695,7177670.0,2.97,3.11,0.22,0.45
4622,2011-09-08,7.3,7.36,7.12,7.13,5996,6479030.0,3.29,-2.33,-0.17,0.41
4623,2011-09-09,7.14,7.26,7.13,7.21,4164,4449138.0,1.82,1.12,0.08,0.28
4624,2011-09-13,7.14,7.14,6.86,7.0,5515,5731645.0,3.88,-2.91,-0.21,0.37
4625,2011-09-14,7.05,7.16,6.94,7.14,3594,3782020.0,3.14,2.0,0.14,0.24
4626,2011-09-15,7.12,7.28,7.12,7.25,7762,8351551.0,2.24,1.54,0.11,0.53
4627,2011-09-16,7.28,7.3,7.25,7.28,7752,8387156.0,0.69,0.41,0.03,0.53
4628,2011-09-19,7.28,7.3,7.15,7.2,8132,8752981.0,2.06,-1.1,-0.08,0.55
4629,2011-09-20,7.12,7.3,7.12,7.27,7614,8179264.0,2.5,0.97,0.07,0.52
4630,2011-09-21,7.27,7.82,7.23,7.72,17750,19881635.0,8.12,6.19,0.45,1.2
4631,2011-09-22,7.62,7.62,7.4,7.44,13512,15050881.0,2.85,-3.63,-0.28,0.92
4632,2011-09-23,7.33,7.4,7.16,7.34,9062,9864346.0,3.23,-1.34,-0.1,0.62
4633,2011-09-26,7.38,7.55,7.27,7.49,14983,16541156.0,3.81,2.04,0.15,1.02
4634,2011-09-27,7.53,7.64,7.45,7.53,8980,10051027.0,2.54,0.53,0.04,0.61
4635,2011-09-28,7.62,7.62,7.27,7.4,9097,10090616.0,4.65,-1.73,-0.13,0.62
4636,2011-09-29,7.29,7.65,7.25,7.61,41744,46536566.0,5.41,2.84,0.21,2.83
4637,2011-09-30,7.8,7.8,7.53,7.62,47928,54412757.0,3.55,0.13,0.01,3.25
4638,2011-10-10,7.62,7.99,7.38,7.94,73366,83444563.0,8.01,4.2,0.32,4.98
4639,2011-10-11,8.08,8.12,7.7,7.82,55661,64575168.0,5.29,-1.51,-0.12,3.78
4640,2011-10-12,7.76,8.03,7.43,7.98,46154,53313440.0,7.67,2.05,0.16,3.13
4641,2011-10-13,7.92,8.15,7.77,8.02,44468,52823531.0,4.76,0.5,0.04,3.02
4642,2011-10-14,8.02,8.15,7.78,7.9,23458,27551383.0,4.61,-1.5,-0.12,1.59
4643,2011-10-17,7.82,7.93,7.69,7.76,21522,24865703.0,3.04,-1.77,-0.14,1.46
4644,2011-10-18,7.75,7.75,7.45,7.48,16790,18946352.0,3.87,-3.61,-0.28,1.14
4645,2011-10-19,7.49,7.58,7.2,7.26,17352,19028929.0,5.08,-2.94,-0.22,1.18
4646,2011-10-20,7.16,7.19,6.6,6.65,22976,23392968.0,8.13,-8.4,-0.61,1.56
4647,2011-10-21,6.75,6.75,6.12,6.19,24090,23041242.0,9.47,-6.92,-0.46,1.63
4648,2011-10-24,6.25,6.83,6.14,6.68,43321,42488091.0,11.15,7.92,0.49,2.94
4649,2011-10-25,6.59,6.75,6.43,6.68,21232,20965893.0,4.79,0.0,0.0,1.44
4650,2011-10-26,6.65,6.8,6.55,6.66,16967,16941290.0,3.74,-0.3,-0.02,1.15
4651,2011-10-27,6.68,6.78,6.66,6.73,14975,15028159.0,1.8,1.05,0.07,1.02
4652,2011-10-28,6.86,6.86,6.69,6.78,20486,20647957.0,2.53,0.74,0.05,1.39
4653,2011-10-31,6.76,6.9,6.74,6.79,11808,11979884.0,2.36,0.15,0.01,0.8
4654,2011-11-01,6.7,6.83,6.65,6.76,14441,14524285.0,2.65,-0.44,-0.03,0.98
4655,2011-11-02,6.65,6.87,6.45,6.85,18290,18213971.0,6.21,1.33,0.09,1.24
4656,2011-11-03,6.83,7.03,6.82,6.88,23332,23986610.0,3.07,0.44,0.03,1.58
4657,2011-11-04,6.88,7.0,6.87,6.98,20963,21694503.0,1.89,1.45,0.1,1.42
4658,2011-11-07,6.96,7.01,6.86,6.93,13538,13996812.0,2.15,-0.72,-0.05,0.92
4659,2011-11-08,6.87,7.08,6.87,6.91,17753,18474051.0,3.03,-0.29,-0.02,1.2
4660,2011-11-09,6.84,6.97,6.76,6.95,13722,14119517.0,3.04,0.58,0.04,0.93
4661,2011-11-10,6.9,6.93,6.8,6.8,10040,10285846.0,1.87,-2.16,-0.15,0.68
4662,2011-11-11,6.77,6.87,6.71,6.73,8855,8985777.0,2.35,-1.03,-0.07,0.6
4663,2011-11-14,6.8,7.01,6.77,6.94,16965,17567012.0,3.57,3.12,0.21,1.15
4664,2011-11-15,6.93,7.11,6.92,7.05,24145,25307755.0,2.74,1.59,0.11,1.64
4665,2011-11-16,7.04,7.05,6.75,6.8,14164,14602005.0,4.26,-3.55,-0.25,0.96
4666,2011-11-17,6.82,6.96,6.82,6.84,10040,10329164.0,2.06,0.59,0.04,0.68
4667,2011-11-18,6.83,7.19,6.73,7.13,43758,45802632.0,6.73,4.24,0.29,2.97
4668,2011-11-21,7.05,7.55,6.99,7.53,62704,67926794.0,7.85,5.61,0.4,4.26
4669,2011-11-22,7.55,7.56,7.12,7.28,55071,59853181.0,5.84,-3.32,-0.25,3.74
4670,2011-11-23,7.3,7.33,6.88,6.9,33591,35317955.0,6.18,-5.22,-0.38,2.28
4671,2011-11-24,6.9,6.9,6.61,6.65,22515,22558030.0,4.2,-3.62,-0.25,1.53
4672,2011-11-25,6.63,6.7,6.52,6.57,16084,15840739.0,2.71,-1.2,-0.08,1.09
4673,2011-11-28,6.57,6.63,6.44,6.5,12739,12458478.0,2.89,-1.07,-0.07,0.86
4674,2011-11-29,6.58,6.68,6.5,6.65,13498,13355304.0,2.77,2.31,0.15,0.92
4675,2011-11-30,6.66,6.66,6.18,6.26,11859,11361781.0,7.22,-5.86,-0.39,0.8
4676,2011-12-01,6.45,6.58,6.4,6.44,10891,10584002.0,2.88,2.88,0.18,0.74
4677,2011-12-02,6.48,6.48,6.21,6.3,4994,4740564.0,4.19,-2.17,-0.14,0.34
4678,2011-12-05,6.3,6.36,6.19,6.2,5877,5523458.0,2.7,-1.59,-0.1,0.4
4679,2011-12-06,6.2,6.32,6.03,6.12,7533,6915658.0,4.68,-1.29,-0.08,0.51
4680,2011-12-07,6.12,6.18,6.05,6.13,4693,4318305.0,2.12,0.16,0.01,0.32
4681,2011-12-08,6.08,6.18,6.0,6.11,5313,4872605.0,2.94,-0.33,-0.02,0.36
4682,2011-12-09,6.08,6.09,5.99,6.03,3784,3441158.0,1.64,-1.31,-0.08,0.26
4683,2011-12-12,6.03,6.1,5.98,5.98,2836,2566351.0,1.99,-0.83,-0.05,0.19
4684,2011-12-13,5.98,5.98,5.55,5.58,10379,8932253.0,7.19,-6.69,-0.4,0.7
4685,2011-12-14,5.63,5.67,5.35,5.39,7798,6495301.0,5.73,-3.41,-0.19,0.53
4686,2011-12-15,5.33,5.4,5.26,5.28,6345,5131453.0,2.6,-2.04,-0.11,0.43
4687,2011-12-16,5.26,5.44,5.2,5.43,6173,4981434.0,4.55,2.84,0.15,0.42
4688,2011-12-19,5.39,5.45,5.26,5.44,5072,4127347.0,3.5,0.18,0.01,0.34
4689,2011-12-20,5.44,5.55,5.35,5.37,5528,4554627.0,3.68,-1.29,-0.07,0.38
4690,2011-12-21,5.45,5.47,5.05,5.13,4201,3397758.0,7.82,-4.47,-0.24,0.29
4691,2011-12-22,5.07,5.07,4.63,4.98,10992,8188676.0,8.58,-2.92,-0.15,0.75
4692,2011-12-23,4.9,5.12,4.9,4.99,4406,3388475.0,4.42,0.2,0.01,0.3
4693,2011-12-26,4.96,5.09,4.93,4.98,3203,2452459.0,3.21,-0.2,-0.01,0.22
4694,2011-12-27,4.92,5.0,4.71,4.8,2225,1653880.0,5.82,-3.61,-0.18,0.15
4695,2011-12-28,4.7,4.76,4.55,4.69,6003,4272570.0,4.38,-2.29,-0.11,0.41
4696,2011-12-29,4.68,4.73,4.64,4.65,4463,3212473.0,1.92,-0.85,-0.04,0.3
4697,2011-12-30,4.71,4.76,4.67,4.72,3467,2513715.0,1.94,1.51,0.07,0.24
4698,2012-01-04,4.76,4.83,4.6,4.61,3399,2469693.0,4.87,-2.33,-0.11,0.23
4699,2012-01-05,4.61,4.79,4.51,4.62,8539,6092877.0,6.07,0.22,0.01,0.58
4700,2012-01-06,4.55,4.63,4.3,4.52,6631,4598225.0,7.14,-2.16,-0.1,0.45
4701,2012-01-09,4.48,4.79,4.46,4.73,7207,5169892.0,7.3,4.65,0.21,0.49
4702,2012-01-10,4.8,4.97,4.74,4.93,9309,6982958.0,4.86,4.23,0.2,0.63
4703,2012-01-11,4.92,5.08,4.88,4.99,8707,6609330.0,4.06,1.22,0.06,0.59
4704,2012-01-12,4.91,5.07,4.9,4.98,7130,5443331.0,3.41,-0.2,-0.01,0.48
4705,2012-01-13,4.98,4.98,4.68,4.68,7901,5801884.0,6.02,-6.02,-0.3,0.54
4706,2012-01-16,4.55,4.71,4.48,4.53,3898,2753703.0,4.91,-3.21,-0.15,0.26
4707,2012-01-17,4.49,4.93,4.49,4.84,6789,4967084.0,9.71,6.84,0.31,0.46
4708,2012-01-18,4.91,4.99,4.75,4.85,9155,6837413.0,4.96,0.21,0.01,0.62
4709,2012-01-19,4.8,4.98,4.79,4.88,5423,4047000.0,3.92,0.62,0.03,0.37
4710,2012-01-20,4.88,5.03,4.88,4.96,5107,3861854.0,3.07,1.64,0.08,0.35
4711,2012-01-30,4.99,5.5,4.95,5.5,48617,40118992.0,11.09,10.89,0.54,3.3
4712,2012-01-31,5.5,5.6,5.44,5.58,41369,34726191.0,2.91,1.45,0.08,2.81
4713,2012-02-01,5.58,5.58,5.4,5.53,30980,25739797.0,3.23,-0.9,-0.05,2.1
4714,2012-02-02,5.51,5.6,5.43,5.57,26283,21978144.0,3.07,0.72,0.04,1.78
4715,2012-02-03,5.5,5.64,5.45,5.6,24736,20794081.0,3.41,0.54,0.03,1.68
4716,2012-02-06,5.6,5.68,5.48,5.56,18201,15352891.0,3.57,-0.71,-0.04,1.24
4717,2012-02-07,5.5,5.54,5.32,5.4,17240,14120205.0,3.96,-2.88,-0.16,1.17
4718,2012-02-08,5.38,5.78,5.34,5.65,27873,23423402.0,8.15,4.63,0.25,1.89
4719,2012-02-09,5.63,5.73,5.55,5.65,26385,22483801.0,3.19,0.0,0.0,1.79
4720,2012-02-10,5.6,5.69,5.53,5.55,16853,14287043.0,2.83,-1.77,-0.1,1.14
4721,2012-02-13,5.5,5.68,5.49,5.66,15548,13156124.0,3.42,1.98,0.11,1.06
4722,2012-02-14,5.67,5.79,5.63,5.68,17315,14892049.0,2.83,0.35,0.02,1.18
4723,2012-02-15,5.63,5.84,5.63,5.76,24933,21702604.0,3.7,1.41,0.08,1.69
4724,2012-02-16,5.77,5.93,5.65,5.69,21483,18761345.0,4.86,-1.22,-0.07,1.46
4725,2012-02-17,5.75,5.79,5.6,5.65,15505,13296767.0,3.34,-0.7,-0.04,1.05
4726,2012-02-20,5.75,5.75,5.68,5.72,16659,14387209.0,1.24,1.24,0.07,1.13
4727,2012-02-21,5.76,6.32,5.72,5.97,49879,45289897.0,10.49,4.37,0.25,3.39
4728,2012-02-22,5.91,6.08,5.81,6.04,34513,31002229.0,4.52,1.17,0.07,2.34
4729,2012-02-23,6.05,6.06,5.88,5.94,21634,19431898.0,2.98,-1.66,-0.1,1.47
4730,2012-02-24,5.95,6.02,5.89,5.99,20103,18056372.0,2.19,0.84,0.05,1.36
4731,2012-02-27,5.99,6.03,5.89,5.91,27162,24410850.0,2.34,-1.34,-0.08,1.84
4732,2012-02-28,5.84,5.9,5.7,5.78,19529,17094000.0,3.38,-2.2,-0.13,1.33
4733,2012-02-29,5.77,5.97,5.7,5.8,12735,11235613.0,4.67,0.35,0.02,0.86
4734,2012-03-01,5.81,5.88,5.74,5.82,10180,8944301.0,2.41,0.34,0.02,0.69
4735,2012-03-02,5.87,6.0,5.84,5.93,17098,15289123.0,2.75,1.89,0.11,1.16
4736,2012-03-05,5.96,5.97,5.73,5.74,57934,50772218.0,4.05,-3.2,-0.19,3.93
4737,2012-03-06,5.73,5.73,5.6,5.67,21300,18193928.0,2.26,-1.22,-0.07,1.45
4738,2012-03-07,5.62,5.74,5.6,5.65,15572,13395202.0,2.47,-0.35,-0.02,1.06
4739,2012-03-08,5.68,5.78,5.68,5.75,17729,15370161.0,1.77,1.77,0.1,1.2
4740,2012-03-09,5.75,5.85,5.7,5.83,25875,22592575.0,2.61,1.39,0.08,1.76
4741,2012-03-12,5.85,5.96,5.83,5.88,25129,22302553.0,2.23,0.86,0.05,1.71
4742,2012-03-13,5.88,5.96,5.83,5.95,23251,20710907.0,2.21,1.19,0.07,1.58
4743,2012-03-14,5.94,6.08,5.39,5.47,36055,31564321.0,11.6,-8.07,-0.48,2.45
4744,2012-03-15,5.46,5.58,5.26,5.33,21509,17551471.0,5.85,-2.56,-0.14,1.46
4745,2012-03-16,5.33,5.53,5.33,5.53,18954,15597723.0,3.75,3.75,0.2,1.29
4746,2012-03-19,5.52,5.58,5.45,5.57,15047,12583805.0,2.35,0.72,0.04,1.02
4747,2012-03-20,5.6,5.7,5.43,5.44,19076,16015758.0,4.85,-2.33,-0.13,1.29
4748,2012-03-21,5.53,5.73,5.42,5.72,36420,31006378.0,5.7,5.15,0.28,2.47
4749,2012-03-22,5.68,5.85,5.58,5.75,29994,26055284.0,4.72,0.52,0.03,2.04
4750,2012-03-23,5.75,5.8,5.59,5.69,16873,14507878.0,3.65,-1.04,-0.06,1.15
4751,2012-03-26,5.65,5.74,5.53,5.61,8865,7540494.0,3.69,-1.41,-0.08,0.6
4752,2012-03-27,5.68,5.78,5.59,5.75,24499,21133638.0,3.39,2.5,0.14,1.66
4753,2012-03-28,5.75,5.75,5.32,5.37,21810,18170849.0,7.48,-6.61,-0.38,1.48
4754,2012-03-29,5.37,5.47,4.88,4.99,18659,14718297.0,10.99,-7.08,-0.38,1.27
4755,2012-03-30,5.01,5.05,4.78,4.8,17242,12900980.0,5.41,-3.81,-0.19,1.17
4756,2012-04-05,4.84,5.0,4.81,4.93,13317,10003354.0,3.96,2.71,0.13,0.9
4757,2012-04-06,4.93,5.05,4.92,5.05,10503,8005695.0,2.64,2.43,0.12,0.71
4758,2012-04-09,5.05,5.08,4.96,5.02,15117,11589427.0,2.38,-0.59,-0.03,1.03
4759,2012-04-10,5.02,5.25,4.85,5.23,23184,17817968.0,7.97,4.18,0.21,1.57
4760,2012-04-11,5.1,5.24,5.05,5.17,17453,13725055.0,3.63,-1.15,-0.06,1.18
4761,2012-04-12,5.19,5.3,5.17,5.29,15963,12751183.0,2.51,2.32,0.12,1.08
4762,2012-04-13,5.32,5.5,5.29,5.43,18243,14942274.0,3.97,2.65,0.14,1.24
4763,2012-04-16,5.4,5.48,5.33,5.42,17666,14503862.0,2.76,-0.18,-0.01,1.2
4764,2012-04-17,5.41,5.53,5.3,5.34,15017,12310114.0,4.24,-1.48,-0.08,1.02
4765,2012-04-18,5.35,5.55,5.33,5.52,16561,13673634.0,4.12,3.37,0.18,1.12
4766,2012-04-19,5.48,5.59,5.43,5.49,22198,18552873.0,2.9,-0.54,-0.03,1.51
4767,2012-04-20,5.45,5.58,5.32,5.54,29023,24011273.0,4.74,0.91,0.05,1.97
4768,2012-04-23,5.51,5.62,5.32,5.46,22195,18490764.0,5.42,-1.44,-0.08,1.51
4769,2012-04-24,5.4,5.73,5.33,5.68,42514,35812203.0,7.33,4.03,0.22,2.89
4770,2012-04-25,5.63,5.87,5.57,5.73,51766,44899588.0,5.28,0.88,0.05,3.51
4771,2012-04-27,5.63,5.63,5.44,5.45,22945,19205753.0,3.32,-4.89,-0.28,1.56
4772,2012-05-02,5.53,5.58,5.43,5.5,14559,12136777.0,2.75,0.92,0.05,0.99
4773,2012-05-03,5.51,5.58,5.38,5.57,16168,13431691.0,3.64,1.27,0.07,1.1
4774,2012-05-04,5.53,5.6,5.53,5.56,13939,11733619.0,1.26,-0.18,-0.01,0.95
4775,2012-05-07,5.54,5.56,5.44,5.54,10034,8348896.0,2.16,-0.36,-0.02,0.68
4776,2012-05-08,5.56,5.65,5.48,5.63,16226,13745508.0,3.07,1.62,0.09,1.1
4777,2012-05-09,5.58,5.6,5.45,5.47,13219,11037987.0,2.66,-2.84,-0.16,0.9
4778,2012-05-10,5.47,5.51,5.42,5.47,9765,8087203.0,1.65,0.0,0.0,0.66
4779,2012-05-11,5.5,5.51,5.25,5.29,16851,13736527.0,4.75,-3.29,-0.18,1.14
4780,2012-05-14,5.29,5.47,5.29,5.4,18668,15268206.0,3.4,2.08,0.11,1.27
4781,2012-05-15,5.38,5.4,5.21,5.3,14889,11979535.0,3.52,-1.85,-0.1,1.01
4782,2012-05-16,5.33,5.35,5.23,5.24,6707,5384908.0,2.26,-1.13,-0.06,0.46
4783,2012-05-17,5.26,5.4,5.23,5.36,8676,7023440.0,3.24,2.29,0.12,0.59
4784,2012-05-18,5.34,5.41,5.23,5.3,9029,7304122.0,3.36,-1.12,-0.06,0.61
4785,2012-05-21,5.25,5.35,5.23,5.3,5788,4645952.0,2.26,0.0,0.0,0.39
4786,2012-05-22,5.32,5.46,5.3,5.41,10021,8185955.0,3.02,2.08,0.11,0.68
4787,2012-05-23,5.39,5.44,5.23,5.3,11439,9286621.0,3.88,-2.03,-0.11,0.78
4788,2012-05-24,5.3,5.39,5.25,5.28,9071,7312875.0,2.64,-0.38,-0.02,0.62
4789,2012-05-25,5.28,5.31,5.08,5.1,12717,10033081.0,4.36,-3.41,-0.18,0.86
4790,2012-05-28,5.13,5.24,4.91,5.2,13766,10669290.0,6.47,1.96,0.1,0.93
4791,2012-05-29,5.26,5.43,5.24,5.39,21246,17299881.0,3.65,3.65,0.19,1.44
4792,2012-05-30,5.38,5.65,5.33,5.54,31058,25957494.0,5.94,2.78,0.15,2.11
4793,2012-05-31,5.51,5.58,5.43,5.55,16617,13879612.0,2.71,0.18,0.01,1.13
4794,2012-06-01,5.62,5.65,5.45,5.46,13880,11643718.0,3.6,-1.62,-0.09,0.94
4795,2012-06-04,5.38,5.41,5.25,5.35,17102,13882010.0,2.93,-2.01,-0.11,1.16
4796,2012-06-05,5.37,5.5,5.33,5.42,10177,8351700.0,3.18,1.31,0.07,0.69
4797,2012-06-06,5.27,5.68,5.27,5.63,36530,30832696.0,7.56,3.87,0.21,2.48
4798,2012-06-07,5.62,5.7,5.53,5.57,17712,15013951.0,3.02,-1.07,-0.06,1.2
4799,2012-06-08,5.59,5.83,5.59,5.71,51710,44807652.0,4.31,2.51,0.14,3.51
4800,2012-06-11,5.71,5.84,5.63,5.83,26124,22696469.0,3.68,2.1,0.12,1.77
4801,2012-06-12,5.83,5.9,5.66,5.7,23601,20557981.0,4.12,-2.23,-0.13,1.6
4802,2012-06-13,5.68,5.92,5.6,5.88,33212,29029152.0,5.61,3.16,0.18,2.25
4803,2012-06-14,5.93,6.48,5.83,6.41,129525,119473103.0,11.05,9.01,0.53,8.79
4804,2012-06-15,6.26,6.65,6.23,6.6,194682,186522411.0,6.55,2.96,0.19,13.21
4805,2012-06-19,6.44,7.05,6.33,6.89,189639,187249296.0,10.91,4.39,0.29,12.87
4806,2012-06-20,6.6,6.87,6.6,6.85,85113,86104172.0,3.92,-0.58,-0.04,5.78
4807,2012-06-21,6.77,7.03,6.66,6.97,183176,186553786.0,5.4,1.75,0.12,12.43
4808,2012-06-25,6.76,7.1,6.68,6.95,160071,163843313.0,6.03,-0.29,-0.02,10.86
4809,2012-06-26,6.83,7.0,6.73,6.9,143960,147078935.0,3.88,-0.72,-0.05,9.77
4810,2012-06-27,6.76,6.94,6.7,6.85,145297,147877703.0,3.48,-0.72,-0.05,9.86
4811,2012-06-28,6.82,7.44,6.74,6.98,182168,189278568.0,10.22,1.9,0.13,12.36
4812,2012-06-29,6.77,6.88,6.48,6.79,135288,134740455.0,5.73,-2.72,-0.19,9.18
4813,2012-07-02,6.63,6.98,6.57,6.66,112501,112282756.0,6.04,-1.91,-0.13,7.64
4814,2012-07-03,6.58,6.76,6.13,6.2,112387,107334051.0,9.46,-6.91,-0.46,7.63
4815,2012-07-04,6.08,6.28,5.8,5.83,75436,67595973.0,7.74,-5.97,-0.37,5.12
4816,2012-07-05,5.76,5.95,5.72,5.88,52446,46417855.0,3.95,0.86,0.05,3.56
4817,2012-07-06,5.88,5.9,5.54,5.79,54527,47010921.0,6.12,-1.53,-0.09,3.7
4818,2012-07-09,5.78,5.78,5.42,5.44,33377,28345323.0,6.22,-6.04,-0.35,2.27
4819,2012-07-10,5.44,5.53,5.38,5.4,26847,22109028.0,2.76,-0.74,-0.04,1.82
4820,2012-07-11,5.47,5.55,5.4,5.53,26712,22212927.0,2.78,2.41,0.13,1.81
4821,2012-07-12,5.53,5.53,5.21,5.37,45820,37249161.0,5.79,-2.89,-0.16,3.11
4822,2012-07-13,5.32,5.44,5.28,5.3,20486,16649467.0,2.98,-1.3,-0.07,1.39
4823,2012-07-16,5.3,5.35,4.73,4.73,42519,32308234.0,11.7,-10.75,-0.57,2.89
4824,2012-07-17,4.72,5.05,4.69,4.96,40357,30270533.0,7.61,4.86,0.23,2.74
4825,2012-07-18,4.9,5.1,4.9,5.01,23340,17787798.0,4.03,1.01,0.05,1.58
4826,2012-07-19,5.01,5.17,4.93,5.08,33914,26332237.0,4.79,1.4,0.07,2.3
4827,2012-07-20,5.04,5.28,5.01,5.06,28714,22493403.0,5.31,-0.39,-0.02,1.95
4828,2012-07-23,5.03,5.03,4.82,4.89,15146,11327580.0,4.15,-3.36,-0.17,1.03
4829,2012-07-24,4.83,4.99,4.83,4.95,14757,11133197.0,3.27,1.23,0.06,1.0
4830,2012-07-25,4.95,4.97,4.85,4.85,14840,11143634.0,2.42,-2.02,-0.1,1.01
4831,2012-07-26,4.85,4.9,4.8,4.81,10954,8126847.0,2.06,-0.82,-0.04,0.74
4832,2012-07-27,4.85,4.87,4.78,4.86,11333,8374205.0,1.87,1.04,0.05,0.77
4833,2012-07-30,4.83,5.33,4.69,5.25,60701,46929287.0,13.17,8.02,0.39,4.12
4834,2012-07-31,5.1,5.36,5.08,5.18,48117,38360381.0,5.33,-1.33,-0.07,3.27
4835,2012-08-01,5.25,5.25,5.03,5.18,28577,22327564.0,4.25,0.0,0.0,1.94
4836,2012-08-02,5.18,5.18,5.0,5.02,18321,14163405.0,3.47,-3.09,-0.16,1.24
4837,2012-08-03,5.0,5.14,4.83,5.11,21507,16524860.0,6.18,1.79,0.09,1.46
4838,2012-08-06,5.06,5.23,5.04,5.21,21727,17088022.0,3.72,1.96,0.1,1.47
4839,2012-08-07,5.18,5.28,5.14,5.25,25921,20555928.0,2.69,0.77,0.04,1.76
4840,2012-08-08,5.26,5.26,5.13,5.15,18127,14288120.0,2.48,-1.9,-0.1,1.23
4841,2012-08-09,5.14,5.24,5.1,5.23,18663,14699445.0,2.72,1.55,0.08,1.27
4842,2012-08-10,5.23,5.24,5.11,5.18,16009,12594279.0,2.49,-0.96,-0.05,1.09
4843,2012-08-13,5.17,5.17,4.93,4.94,15362,11890108.0,4.63,-4.63,-0.24,1.04
4844,2012-08-14,4.94,5.02,4.84,5.02,17062,12866382.0,3.64,1.62,0.08,1.16
4845,2012-08-15,5.01,5.07,4.93,5.01,14665,11202015.0,2.79,-0.2,-0.01,1.0
4846,2012-08-16,5.02,5.05,4.9,4.91,8016,6076662.0,2.99,-2.0,-0.1,0.54
4847,2012-08-17,4.91,4.98,4.87,4.95,8179,6148863.0,2.24,0.81,0.04,0.56
4848,2012-08-20,4.9,4.95,4.84,4.93,7301,5462141.0,2.22,-0.4,-0.02,0.5
4849,2012-08-21,4.91,5.08,4.91,5.03,13328,10203041.0,3.45,2.03,0.1,0.9
4850,2012-08-22,5.01,5.18,5.01,5.08,16534,12828176.0,3.38,0.99,0.05,1.12
4851,2012-08-23,5.08,5.15,5.02,5.14,15516,12019589.0,2.56,1.18,0.06,1.05
4852,2012-08-24,5.13,5.13,4.89,4.9,15593,11876881.0,4.67,-4.67,-0.24,1.06
4853,2012-08-27,4.88,4.92,4.76,4.78,10236,7563542.0,3.27,-2.45,-0.12,0.69
4854,2012-08-28,4.78,5.12,4.75,5.05,25657,19577954.0,7.74,5.65,0.27,1.74
4855,2012-08-29,5.06,5.1,4.97,4.99,14465,11120739.0,2.57,-1.19,-0.06,0.98
4856,2012-08-30,4.94,5.03,4.82,4.84,11370,8561397.0,4.21,-3.01,-0.15,0.77
4857,2012-08-31,4.85,4.98,4.84,4.93,6485,4887015.0,2.89,1.86,0.09,0.44
4858,2012-09-03,4.93,5.07,4.89,5.05,11825,9018770.0,3.65,2.43,0.12,0.8
4859,2012-09-04,5.03,5.08,4.9,4.9,10489,7979135.0,3.56,-2.97,-0.15,0.71
4860,2012-09-05,4.86,5.0,4.85,4.92,7211,5438556.0,3.06,0.41,0.02,0.49
4861,2012-09-06,4.98,5.05,4.93,5.03,9906,7570165.0,2.44,2.24,0.11,0.67
4862,2012-09-07,5.08,5.25,5.03,5.2,25237,19824410.0,4.37,3.38,0.17,1.71
4863,2012-09-10,5.2,5.37,5.14,5.35,25338,20374579.0,4.42,2.88,0.15,1.72
4864,2012-09-11,5.33,5.35,5.16,5.27,14628,11654275.0,3.55,-1.5,-0.08,0.99
4865,2012-09-12,5.28,5.33,5.18,5.25,16390,13048004.0,2.85,-0.38,-0.02,1.11
4866,2012-09-13,5.28,5.28,5.12,5.13,13708,10902510.0,3.05,-2.29,-0.12,0.93
4867,2012-09-14,5.16,5.24,5.14,5.15,13227,10449946.0,1.95,0.39,0.02,0.9
4868,2012-09-17,5.15,5.21,4.95,4.98,10879,8464336.0,5.05,-3.3,-0.17,0.74
4869,2012-09-18,4.97,5.18,4.93,5.12,23465,18265607.0,5.02,2.81,0.14,1.59
4870,2012-09-19,5.13,5.17,5.05,5.13,9816,7626448.0,2.34,0.2,0.01,0.67
4871,2012-09-20,5.1,5.11,4.85,4.89,11830,8964535.0,5.07,-4.68,-0.24,0.8
4872,2012-09-21,4.88,5.0,4.84,4.98,13331,10091880.0,3.27,1.84,0.09,0.9
4873,2012-09-24,5.0,5.15,4.84,5.15,12582,9727833.0,6.22,3.41,0.17,0.85
4874,2012-09-25,5.08,5.2,5.06,5.11,8994,7027280.0,2.72,-0.78,-0.04,0.61
4875,2012-09-26,5.1,5.14,4.88,4.9,7194,5472562.0,5.09,-4.11,-0.21,0.49
4876,2012-09-27,4.87,5.04,4.85,4.97,9006,6832308.0,3.88,1.43,0.07,0.61
4877,2012-09-28,4.98,5.08,4.93,5.07,7426,5703790.0,3.02,2.01,0.1,0.5
4878,2012-10-08,5.05,5.08,4.98,5.07,5296,4068691.0,1.97,0.0,0.0,0.36
4879,2012-10-09,5.08,5.2,5.08,5.19,12870,10124604.0,2.37,2.37,0.12,0.87
4880,2012-10-10,5.18,5.28,5.13,5.25,16138,12859979.0,2.89,1.16,0.06,1.1
4881,2012-10-11,5.25,5.29,5.12,5.13,13193,10469491.0,3.24,-2.29,-0.12,0.9
4882,2012-10-12,5.18,5.35,5.09,5.31,21159,16878737.0,5.07,3.51,0.18,1.44
4883,2012-10-15,5.38,5.38,5.16,5.2,12839,10214399.0,4.14,-2.07,-0.11,0.87
4884,2012-10-16,5.2,5.23,5.13,5.19,11802,9314557.0,1.92,-0.19,-0.01,0.8
4885,2012-10-17,5.21,5.21,5.1,5.18,6614,5193554.0,2.12,-0.19,-0.01,0.45
4886,2012-10-18,5.18,5.3,5.18,5.27,13023,10426290.0,2.32,1.74,0.09,0.88
4887,2012-10-19,5.27,5.28,5.2,5.25,7266,5792297.0,1.52,-0.38,-0.02,0.49
4888,2012-10-22,5.21,5.3,5.15,5.28,9228,7347183.0,2.86,0.57,0.03,0.63
4889,2012-10-23,5.26,5.3,5.15,5.18,7967,6328834.0,2.84,-1.89,-0.1,0.54
4890,2012-10-24,5.15,5.21,5.13,5.16,5814,4574527.0,1.54,-0.39,-0.02,0.39
4891,2012-10-25,5.14,5.25,5.08,5.12,6339,4981786.0,3.29,-0.78,-0.04,0.43
4892,2012-10-26,5.16,5.16,4.89,4.94,12109,9197664.0,5.27,-3.52,-0.18,0.82
4893,2012-10-29,4.94,4.95,4.87,4.89,5297,3974964.0,1.62,-1.01,-0.05,0.36
4894,2012-10-30,4.89,4.97,4.87,4.94,5391,4057460.0,2.04,1.02,0.05,0.37
4895,2012-10-31,4.93,4.98,4.87,4.95,4637,3493734.0,2.23,0.2,0.01,0.31
4896,2012-11-01,4.92,5.04,4.92,5.02,7220,5515539.0,2.42,1.41,0.07,0.49
4897,2012-11-02,5.05,5.05,4.96,5.03,4951,3791340.0,1.79,0.2,0.01,0.34
4898,2012-11-05,5.03,5.1,5.0,5.08,6326,4861079.0,1.99,0.99,0.05,0.43
4899,2012-11-06,5.1,5.1,4.93,5.02,6263,4768626.0,3.35,-1.18,-0.06,0.43
4900,2012-11-07,5.04,5.06,4.98,5.05,5971,4566577.0,1.59,0.6,0.03,0.41
4901,2012-11-08,5.03,5.03,4.87,4.91,7552,5695539.0,3.17,-2.77,-0.14,0.51
4902,2012-11-09,4.91,4.95,4.83,4.87,6795,5062960.0,2.44,-0.81,-0.04,0.46
4903,2012-11-12,4.85,4.95,4.85,4.89,2526,1891154.0,2.05,0.41,0.02,0.17
4904,2012-11-13,4.93,4.93,4.76,4.78,4103,3053121.0,3.48,-2.25,-0.11,0.28
4905,2012-11-14,4.83,4.83,4.76,4.8,2834,2078638.0,1.46,0.42,0.02,0.19
4906,2012-11-15,4.76,4.87,4.71,4.74,4033,2955201.0,3.33,-1.25,-0.06,0.27
4907,2012-11-16,4.69,4.76,4.69,4.73,2900,2100509.0,1.48,-0.21,-0.01,0.2
4908,2012-11-19,4.69,4.74,4.65,4.73,2627,1892985.0,1.9,0.0,0.0,0.18
4909,2012-11-20,4.75,4.75,4.68,4.71,1783,1290008.0,1.48,-0.42,-0.02,0.12
4910,2012-11-21,4.73,4.76,4.63,4.75,3802,2749637.0,2.76,0.85,0.04,0.26
4911,2012-11-22,4.72,4.74,4.68,4.69,3040,2194190.0,1.26,-1.26,-0.06,0.21
4912,2012-11-23,4.69,4.74,4.67,4.7,2678,1933386.0,1.49,0.21,0.01,0.18
4913,2012-11-26,4.73,4.74,4.68,4.68,1403,1013684.0,1.28,-0.43,-0.02,0.1
4914,2012-11-27,4.7,4.7,4.28,4.32,6806,4654253.0,8.97,-7.69,-0.36,0.46
4915,2012-11-28,4.26,4.3,4.13,4.13,4018,2620468.0,3.94,-4.4,-0.19,0.27
4916,2012-11-29,4.12,4.19,4.08,4.11,2461,1579729.0,2.66,-0.48,-0.02,0.17
4917,2012-11-30,4.11,4.18,4.09,4.13,2575,1653943.0,2.19,0.49,0.02,0.17
4918,2012-12-03,4.13,4.19,3.92,3.93,4510,2848765.0,6.54,-4.84,-0.2,0.31
4919,2012-12-04,3.93,4.01,3.9,4.0,4061,2496434.0,2.8,1.78,0.07,0.28
4920,2012-12-05,3.97,4.18,3.96,4.15,6104,3905041.0,5.5,3.75,0.15,0.41
4921,2012-12-06,4.15,4.18,4.07,4.13,5196,3327978.0,2.65,-0.48,-0.02,0.35
4922,2012-12-07,4.12,4.28,4.07,4.26,7954,5204507.0,5.08,3.15,0.13,0.54
4923,2012-12-10,4.26,4.38,4.23,4.33,7205,4805829.0,3.52,1.64,0.07,0.49
4924,2012-12-11,4.33,4.37,4.28,4.33,6503,4344724.0,2.08,0.0,0.0,0.44
4925,2012-12-12,4.27,4.36,4.26,4.29,4491,2983022.0,2.31,-0.92,-0.04,0.3
4926,2012-12-13,4.28,4.33,4.22,4.25,3819,2522580.0,2.56,-0.93,-0.04,0.26
4927,2012-12-14,4.2,4.48,4.2,4.43,10456,7077968.0,6.59,4.24,0.18,0.71
4928,2012-12-17,4.43,4.49,4.38,4.45,6701,4587873.0,2.48,0.45,0.02,0.45
4929,2012-12-18,4.43,4.48,4.37,4.41,7649,5237055.0,2.47,-0.9,-0.04,0.52
4930,2012-12-19,4.4,4.47,4.39,4.46,6111,4183232.0,1.81,1.13,0.05,0.41
4931,2012-12-20,4.45,4.45,4.34,4.4,7009,4763168.0,2.47,-1.35,-0.06,0.48
4932,2012-12-21,4.4,4.45,4.38,4.41,5931,4041868.0,1.59,0.23,0.01,0.4
4933,2012-12-24,4.4,4.5,4.4,4.43,6069,4171298.0,2.27,0.45,0.02,0.41
4934,2012-12-25,4.4,4.57,4.4,4.52,10900,7536685.0,3.84,2.03,0.09,0.74
4935,2012-12-26,4.52,4.83,4.5,4.78,24075,17195295.0,7.3,5.75,0.26,1.63
4936,2012-12-27,4.76,4.78,4.68,4.7,13381,9678012.0,2.09,-1.67,-0.08,0.91
4937,2012-12-28,4.7,4.84,4.65,4.73,14663,10690428.0,4.04,0.64,0.03,1.0
4938,2012-12-31,4.75,4.75,4.68,4.69,11418,8268258.0,1.48,-0.85,-0.04,0.77
4939,2013-01-04,4.68,4.9,4.55,4.85,20836,14974248.0,7.46,3.41,0.16,1.41
4940,2013-01-07,4.87,5.03,4.81,4.89,22857,17093300.0,4.54,0.82,0.04,1.55
4941,2013-01-08,4.88,4.93,4.78,4.9,15911,11763237.0,3.07,0.2,0.01,1.08
4942,2013-01-09,4.9,4.97,4.82,4.85,22618,16948684.0,3.06,-1.02,-0.05,1.54
4943,2013-01-10,4.84,4.93,4.83,4.84,14303,10637976.0,2.06,-0.21,-0.01,0.97
4944,2013-01-11,4.83,4.9,4.65,4.7,14130,10388514.0,5.17,-2.89,-0.14,0.96
4945,2013-01-14,4.65,5.05,4.65,5.01,29366,21713751.0,8.51,6.6,0.31,1.99
4946,2013-01-15,4.96,5.03,4.91,5.0,26908,20453982.0,2.4,-0.2,-0.01,1.83
4947,2013-01-16,4.99,5.08,4.92,5.03,19540,14927290.0,3.2,0.6,0.03,1.33
4948,2013-01-17,5.05,5.05,4.95,5.01,13272,10118975.0,1.99,-0.4,-0.02,0.9
4949,2013-01-18,5.03,5.2,5.0,5.18,26852,20829643.0,3.99,3.39,0.17,1.82
4950,2013-01-21,5.18,5.22,5.1,5.14,22955,18005258.0,2.32,-0.77,-0.04,1.56
4951,2013-01-22,5.14,5.37,5.0,5.3,27297,21188727.0,7.2,3.11,0.16,1.85
4952,2013-01-23,5.15,5.23,5.11,5.23,20843,16387126.0,2.26,-1.32,-0.07,1.41
4953,2013-01-24,5.23,5.8,5.08,5.4,75555,61405643.0,13.77,3.25,0.17,5.13
4954,2013-01-25,5.28,5.35,5.18,5.29,27612,21992464.0,3.15,-2.04,-0.11,1.87
4955,2013-01-28,5.26,5.32,5.19,5.3,18860,15091724.0,2.46,0.19,0.01,1.28
4956,2013-01-29,5.27,5.29,5.19,5.23,16960,13506118.0,1.89,-1.32,-0.07,1.15
4957,2013-01-30,5.18,5.23,5.05,5.13,18693,14564278.0,3.44,-1.91,-0.1,1.27
4958,2013-01-31,5.1,5.25,5.1,5.24,18277,14423848.0,2.92,2.14,0.11,1.24
4959,2013-02-01,5.23,5.55,5.17,5.54,46767,38186193.0,7.25,5.73,0.3,3.17
4960,2013-02-04,5.54,5.76,5.45,5.75,45230,38367102.0,5.6,3.79,0.21,3.07
4961,2013-02-05,5.75,6.13,5.65,6.0,48245,42654901.0,8.35,4.35,0.25,3.27
4962,2013-02-06,5.94,6.08,5.91,6.08,32742,29639033.0,2.83,1.33,0.08,2.22
4963,2013-02-07,6.1,6.73,5.76,6.4,115158,105393250.0,15.95,5.26,0.32,7.82
4964,2013-02-08,6.4,6.44,6.01,6.08,62803,57937714.0,6.72,-5.0,-0.32,4.26
4965,2013-02-18,5.97,6.05,5.92,5.96,23828,21418652.0,2.14,-1.97,-0.12,1.62
4966,2013-02-19,5.9,5.99,5.82,5.93,30897,27484061.0,2.85,-0.5,-0.03,2.1
4967,2013-02-20,5.91,6.0,5.83,5.99,19246,17189310.0,2.87,1.01,0.06,1.31
4968,2013-02-21,5.98,6.1,5.9,6.08,31592,28354238.0,3.34,1.5,0.09,2.14
4969,2013-02-22,6.06,6.24,6.01,6.22,37346,34464572.0,3.78,2.3,0.14,2.53
4970,2013-02-25,6.17,6.33,6.15,6.32,42258,39465858.0,2.89,1.61,0.1,2.87
4971,2013-02-26,6.27,6.62,6.23,6.33,68469,64777816.0,6.17,0.16,0.01,4.65
4972,2013-02-27,6.3,6.3,5.99,6.01,50044,46074426.0,4.9,-5.06,-0.32,3.4
4973,2013-02-28,5.98,5.98,5.69,5.9,40384,35634027.0,4.83,-1.83,-0.11,2.74
4974,2013-03-01,5.88,5.9,5.74,5.88,34534,30383153.0,2.71,-0.34,-0.02,2.34
4975,2013-03-04,5.82,5.82,5.48,5.71,21395,18353700.0,5.78,-2.89,-0.17,1.45
4976,2013-03-05,5.68,5.82,5.55,5.8,11219,9746332.0,4.73,1.58,0.09,0.76
4977,2013-03-06,5.8,5.9,5.76,5.89,15855,13966376.0,2.41,1.55,0.09,1.08
4978,2013-03-07,5.87,5.97,5.73,5.74,21765,19163373.0,4.07,-2.55,-0.15,1.48
4979,2013-03-08,5.75,5.8,5.4,5.4,49052,40871860.0,6.97,-5.92,-0.34,3.33
4980,2013-03-11,5.4,5.45,4.82,5.37,36860,29688911.0,11.67,-0.56,-0.03,2.5
4981,2013-03-12,5.33,5.45,5.1,5.15,35698,28414532.0,6.52,-4.1,-0.22,2.42
4982,2013-03-13,5.2,5.4,5.1,5.28,30075,24061536.0,5.83,2.52,0.13,2.04
4983,2013-03-14,5.19,5.33,5.16,5.17,17615,14022481.0,3.22,-2.08,-0.11,1.2
4984,2013-03-15,5.16,5.35,5.15,5.2,20870,16726780.0,3.87,0.58,0.03,1.42
4985,2013-03-18,5.2,5.29,5.13,5.13,8688,6885111.0,3.08,-1.35,-0.07,0.59
4986,2013-03-19,5.1,5.2,5.03,5.09,16082,12465573.0,3.31,-0.78,-0.04,1.09
4987,2013-03-20,5.0,5.26,5.0,5.2,15602,12314641.0,5.11,2.16,0.11,1.06
4988,2013-03-21,5.2,5.76,5.2,5.58,68319,57453389.0,10.77,7.31,0.38,4.64
4989,2013-03-22,5.55,5.73,5.5,5.62,57212,48604888.0,4.12,0.72,0.04,3.88
4990,2013-03-25,5.62,5.75,5.56,5.73,15531,13333588.0,3.38,1.96,0.11,1.05
4991,2013-03-26,5.78,5.87,5.66,5.85,22642,19687039.0,3.66,2.09,0.12,1.54
4992,2013-03-27,5.85,5.94,5.68,5.8,36342,31853425.0,4.44,-0.85,-0.05,2.47
4993,2013-03-28,5.69,5.78,5.18,5.58,42011,35668370.0,10.34,-3.79,-0.22,2.85
4994,2013-03-29,5.52,5.63,5.52,5.62,11008,9314630.0,1.97,0.72,0.04,0.75
4995,2013-04-01,5.62,5.65,5.46,5.62,4333,3657999.0,3.38,0.0,0.0,0.29
4996,2013-04-02,5.62,5.64,5.52,5.6,5774,4869567.0,2.14,-0.36,-0.02,0.39
4997,2013-04-03,5.55,5.64,5.51,5.63,7313,6192274.0,2.32,0.54,0.03,0.5
4998,2013-04-08,5.55,5.69,5.36,5.59,24906,21183230.0,5.86,-0.71,-0.04,1.69
4999,2013-04-09,5.6,5.63,5.52,5.57,9074,7647053.0,1.97,-0.36,-0.02,0.62
5000,2013-04-10,5.56,5.81,5.55,5.8,24010,20727474.0,4.67,4.13,0.23,1.63
5001,2013-04-11,5.85,5.95,5.73,5.78,34498,30406925.0,3.79,-0.34,-0.02,2.34
5002,2013-04-12,5.7,5.7,5.45,5.56,18903,15875899.0,4.33,-3.81,-0.22,1.28
5003,2013-04-15,5.51,5.9,5.43,5.87,41533,35723249.0,8.45,5.58,0.31,2.82
5004,2013-04-16,5.75,5.75,5.28,5.57,67379,56142933.0,8.01,-5.11,-0.3,4.57
5005,2013-04-17,5.46,5.65,5.44,5.5,25521,21212335.0,3.77,-1.26,-0.07,1.73
5006,2013-04-18,5.46,5.49,5.36,5.37,11915,9784781.0,2.36,-2.36,-0.13,0.81
5007,2013-04-19,5.38,5.68,5.38,5.61,50958,42723153.0,5.59,4.47,0.24,3.46
5008,2013-04-22,5.48,5.67,5.44,5.6,24270,20487659.0,4.1,-0.18,-0.01,1.65
5009,2013-04-23,5.63,5.63,5.39,5.4,13566,11246612.0,4.29,-3.57,-0.2,0.92
5010,2013-04-24,5.43,5.58,5.4,5.53,18226,15184657.0,3.33,2.41,0.13,1.24
5011,2013-04-25,5.48,5.65,5.38,5.41,25179,20987450.0,4.88,-2.17,-0.12,1.71
5012,2013-04-26,5.43,5.49,5.2,5.33,26267,21211288.0,5.36,-1.48,-0.08,1.78
5013,2013-05-02,5.28,5.49,5.24,5.41,19226,15656633.0,4.69,1.5,0.08,1.3
5014,2013-05-03,5.41,5.6,5.36,5.51,45502,37862122.0,4.44,1.85,0.1,3.09
5015,2013-05-06,5.51,5.69,5.47,5.66,74113,62642165.0,3.99,2.72,0.15,5.03
5016,2013-05-07,5.65,5.68,5.53,5.6,44122,37272332.0,2.65,-1.06,-0.06,2.99
5017,2013-05-08,5.61,5.62,5.44,5.51,30061,25152963.0,3.21,-1.61,-0.09,2.04
5018,2013-05-09,5.5,5.5,5.34,5.38,18999,15576664.0,2.9,-2.36,-0.13,1.29
5019,2013-05-10,5.38,5.48,5.38,5.44,14965,12378719.0,1.86,1.12,0.06,1.02
5020,2013-05-13,5.44,5.47,5.38,5.42,13294,10944405.0,1.65,-0.37,-0.02,0.9
5021,2013-05-14,5.48,5.49,5.3,5.32,15906,12949559.0,3.51,-1.85,-0.1,1.08
5022,2013-05-15,5.37,5.38,5.32,5.34,11518,9338594.0,1.13,0.38,0.02,0.78
5023,2013-05-16,5.33,5.47,5.33,5.43,18170,14953112.0,2.62,1.69,0.09,1.23
5024,2013-05-17,5.45,5.5,5.42,5.48,21451,17753590.0,1.47,0.92,0.05,1.46
5025,2013-05-20,5.48,5.57,5.48,5.55,31103,26041506.0,1.64,1.28,0.07,2.11
5026,2013-05-21,5.53,5.58,5.5,5.57,24995,20982939.0,1.44,0.36,0.02,1.7
5027,2013-05-22,5.58,5.58,5.44,5.46,22896,19119469.0,2.51,-1.97,-0.11,1.55
5028,2013-05-23,5.48,5.64,5.45,5.62,40296,33977925.0,3.48,2.93,0.16,2.73
5029,2013-05-24,5.6,5.65,5.57,5.63,30301,25711575.0,1.42,0.18,0.01,2.06
5030,2013-05-27,5.63,5.72,5.57,5.6,29018,24721718.0,2.66,-0.53,-0.03,1.97
5031,2013-05-28,5.58,5.73,5.5,5.73,31033,26363571.0,4.11,2.32,0.13,2.11
5032,2013-05-29,5.69,5.76,5.67,5.72,27809,23980105.0,1.57,-0.17,-0.01,1.89
5033,2013-05-30,5.72,5.82,5.66,5.8,35610,31014647.0,2.8,1.4,0.08,2.42
5034,2013-05-31,5.83,5.83,5.73,5.78,27656,24064080.0,1.72,-0.34,-0.02,1.88
5035,2013-06-03,5.77,5.78,5.65,5.71,21576,18596721.0,2.25,-1.21,-0.07,1.46
5036,2013-06-04,5.71,5.97,5.62,5.96,53694,47082682.0,6.13,4.38,0.25,3.64
5037,2013-06-05,5.9,5.9,5.82,5.86,28202,24899086.0,1.34,-1.68,-0.1,1.91
5038,2013-06-06,5.86,5.86,5.59,5.63,21229,18225771.0,4.61,-3.92,-0.23,1.44
5039,2013-06-07,5.68,5.91,5.61,5.9,64650,56581702.0,5.33,4.8,0.27,4.39
5040,2013-06-13,5.83,5.83,5.61,5.7,26930,23278614.0,3.73,-3.39,-0.2,1.83
5041,2013-06-14,5.7,5.95,5.69,5.94,49632,43871442.0,4.56,4.21,0.24,3.37
5042,2013-06-17,5.86,6.24,5.86,6.19,69205,63466290.0,6.4,4.21,0.25,4.7
5043,2013-06-18,6.13,6.24,5.99,6.17,36224,33165749.0,4.04,-0.32,-0.02,2.46
5044,2013-06-19,6.13,6.14,5.92,6.13,29704,26803374.0,3.57,-0.65,-0.04,2.02
5045,2013-06-20,6.04,6.09,5.81,5.96,23398,21009841.0,4.57,-2.77,-0.17,1.59
5046,2013-06-21,5.88,5.88,5.36,5.58,27549,23209379.0,8.72,-6.38,-0.38,1.87
5047,2013-06-24,5.52,5.52,4.98,4.98,31007,24248468.0,9.68,-10.75,-0.6,2.1
5048,2013-06-25,4.77,4.77,4.44,4.6,66749,46529655.0,6.63,-7.63,-0.38,4.53
5049,2013-06-26,4.56,4.6,4.28,4.44,55242,37466850.0,6.96,-3.48,-0.16,3.75
5050,2013-06-27,4.43,4.51,4.29,4.31,32651,22177949.0,4.95,-2.93,-0.13,2.22
5051,2013-06-28,4.22,4.41,4.16,4.27,25459,16825393.0,5.8,-0.93,-0.04,1.73
5052,2013-07-01,4.29,4.35,4.23,4.34,14933,9901392.0,2.81,1.64,0.07,1.01
5053,2013-07-02,4.34,4.4,4.27,4.39,18860,12637290.0,3.0,1.15,0.05,1.28
5054,2013-07-03,4.39,4.39,4.21,4.28,22349,14746867.0,4.1,-2.51,-0.11,1.52
5055,2013-07-04,4.29,4.45,4.24,4.38,18010,12065901.0,4.91,2.34,0.1,1.22
5056,2013-07-05,4.36,4.44,4.34,4.36,19366,13112984.0,2.28,-0.46,-0.02,1.31
5057,2013-07-08,4.29,4.29,3.94,3.95,26131,16623729.0,8.03,-9.4,-0.41,1.77
5058,2013-07-09,3.9,4.03,3.9,4.02,11466,7104559.0,3.29,1.77,0.07,0.78
5059,2013-07-10,4.02,4.16,4.02,4.14,12740,8116002.0,3.48,2.99,0.12,0.86
5060,2013-07-11,4.14,4.3,4.14,4.24,23547,15465151.0,3.86,2.42,0.1,1.6
5061,2013-07-12,4.26,4.36,4.21,4.28,22628,14936531.0,3.54,0.94,0.04,1.54
5062,2013-07-15,4.29,4.38,4.24,4.35,18710,12463920.0,3.27,1.64,0.07,1.27
5063,2013-07-16,4.34,4.43,4.31,4.39,14604,9856494.0,2.76,0.92,0.04,0.99
5064,2013-07-17,4.41,4.42,4.33,4.33,16782,11319837.0,2.05,-1.37,-0.06,1.14
5065,2013-07-18,4.32,4.39,4.27,4.36,17123,11430948.0,2.77,0.69,0.03,1.16
5066,2013-07-19,4.36,4.44,4.19,4.19,19354,12991110.0,5.73,-3.9,-0.17,1.31
5067,2013-07-22,4.13,4.33,4.06,4.32,11404,7471501.0,6.44,3.1,0.13,0.77
5068,2013-07-23,4.32,4.5,4.3,4.49,19745,13476639.0,4.63,3.94,0.17,1.34
5069,2013-07-24,4.49,4.49,4.39,4.45,16198,11082321.0,2.23,-0.89,-0.04,1.1
5070,2013-07-25,4.45,4.49,4.4,4.42,14156,9698069.0,2.02,-0.67,-0.03,0.96
5071,2013-07-26,4.39,4.65,4.39,4.6,25641,17857400.0,5.88,4.07,0.18,1.74
5072,2013-07-29,4.59,4.72,4.49,4.65,54126,38397485.0,5.0,1.09,0.05,3.67
5073,2013-07-30,4.61,4.7,4.49,4.6,44098,31161944.0,4.52,-1.08,-0.05,2.99
5074,2013-07-31,4.56,4.64,4.52,4.58,26759,18865451.0,2.61,-0.43,-0.02,1.82
5075,2013-08-01,4.56,4.76,4.54,4.74,44965,32192115.0,4.8,3.49,0.16,3.05
5076,2013-08-02,4.74,4.82,4.67,4.81,51056,37100379.0,3.16,1.48,0.07,3.47
5077,2013-08-05,4.8,4.95,4.63,4.72,53815,39006868.0,6.65,-1.87,-0.09,3.65
5078,2013-08-06,4.69,4.76,4.58,4.66,28850,20523148.0,3.81,-1.27,-0.06,1.96
5079,2013-08-07,4.64,4.7,4.61,4.64,17451,12458138.0,1.93,-0.43,-0.02,1.18
5080,2013-08-08,4.66,4.66,4.56,4.58,18698,13202534.0,2.16,-1.29,-0.06,1.27
5081,2013-08-09,4.6,4.65,4.57,4.64,14435,10215576.0,1.75,1.31,0.06,0.98
5082,2013-08-12,4.65,4.74,4.6,4.73,22894,16466636.0,3.02,1.94,0.09,1.55
5083,2013-08-13,4.71,5.09,4.71,5.03,63367,47600145.0,8.03,6.34,0.3,4.3
5084,2013-08-14,4.97,5.58,4.9,5.58,161833,132977714.0,13.52,10.93,0.55,10.98
5085,2013-08-15,5.46,5.52,5.19,5.24,106027,85760228.0,5.91,-6.09,-0.34,7.2
5086,2013-08-16,5.15,5.21,5.01,5.03,54469,42275874.0,3.82,-4.01,-0.21,3.7
5087,2013-08-19,4.99,5.23,4.97,5.18,36258,28118681.0,5.17,2.98,0.15,2.46
5088,2013-08-20,5.13,5.2,4.97,5.01,29746,22980210.0,4.44,-3.28,-0.17,2.02
5089,2013-08-21,4.99,5.14,4.97,5.02,26457,20292417.0,3.39,0.2,0.01,1.8
5090,2013-08-22,5.03,5.09,4.95,4.96,24302,18524325.0,2.79,-1.2,-0.06,1.65
5091,2013-08-23,4.99,5.05,4.8,4.89,26614,19999156.0,5.04,-1.41,-0.07,1.81
5092,2013-08-26,4.88,5.24,4.84,5.2,50376,39187212.0,8.18,6.34,0.31,3.42
5093,2013-08-27,5.2,5.47,5.16,5.19,69195,55551737.0,5.96,-0.19,-0.01,4.7
5094,2013-08-28,5.2,5.69,5.11,5.57,92618,76220045.0,11.18,7.32,0.38,6.29
5095,2013-08-29,5.52,5.52,5.28,5.36,51041,41769878.0,4.31,-3.77,-0.21,3.46
5096,2013-08-30,5.35,5.68,5.29,5.41,65380,54393947.0,7.28,0.93,0.05,4.44
5097,2013-09-02,5.45,5.54,5.2,5.36,33137,26754446.0,6.28,-0.92,-0.05,2.25
5098,2013-09-03,5.41,5.5,5.28,5.44,28451,23277303.0,4.1,1.49,0.08,1.93
5099,2013-09-04,5.41,5.63,5.35,5.53,47640,39577900.0,5.15,1.65,0.09,3.23
5100,2013-09-05,5.45,5.56,5.34,5.41,22255,18227055.0,3.98,-2.17,-0.12,1.51
5101,2013-09-06,5.41,6.0,5.41,5.67,69425,60398835.0,10.91,4.81,0.26,4.71
5102,2013-09-09,5.62,5.73,5.49,5.61,44184,37292016.0,4.23,-1.06,-0.06,3.0
5103,2013-09-10,5.61,6.07,5.6,5.83,63296,55577303.0,8.38,3.92,0.22,4.3
5104,2013-09-11,5.82,5.91,5.65,5.75,37075,32216140.0,4.46,-1.37,-0.08,2.52
5105,2013-09-12,5.68,5.81,5.63,5.69,34174,29321196.0,3.13,-1.04,-0.06,2.32
5106,2013-09-13,5.63,5.7,5.42,5.52,26510,22251005.0,4.92,-2.99,-0.17,1.8
5107,2013-09-16,5.52,5.57,5.45,5.51,15704,13095233.0,2.17,-0.18,-0.01,1.07
5108,2013-09-17,5.51,5.54,5.36,5.38,17540,14426798.0,3.27,-2.36,-0.13,1.19
5109,2013-09-18,5.38,5.51,5.34,5.47,12495,10327198.0,3.16,1.67,0.09,0.85
5110,2013-09-23,5.47,5.81,5.46,5.67,28223,24176977.0,6.4,3.66,0.2,1.92
5111,2013-09-24,5.64,5.79,5.56,5.76,37585,32245825.0,4.06,1.59,0.09,2.55
5112,2013-09-25,5.95,5.95,5.76,5.87,46179,40665457.0,3.3,1.91,0.11,3.13
5113,2013-09-26,5.84,5.96,5.76,5.95,38807,34225305.0,3.41,1.36,0.08,2.63
5114,2013-09-27,5.91,6.0,5.81,5.86,22609,20037026.0,3.19,-1.51,-0.09,1.53
5115,2013-09-30,5.82,5.86,5.74,5.77,12778,11132145.0,2.05,-1.54,-0.09,0.87
5116,2013-10-08,5.8,5.82,5.7,5.79,10798,9389038.0,2.08,0.35,0.02,0.73
5117,2013-10-09,5.76,5.89,5.76,5.87,12285,10771451.0,2.25,1.38,0.08,0.83
5118,2013-10-10,5.87,5.9,5.76,5.79,11868,10410652.0,2.39,-1.36,-0.08,0.81
5119,2013-10-11,5.8,6.0,5.79,5.96,29078,25830016.0,3.63,2.94,0.17,1.97
5120,2013-10-14,5.96,6.0,5.88,5.99,24232,21672502.0,2.01,0.5,0.03,1.64
5121,2013-10-15,6.01,6.01,5.86,5.93,17577,15670861.0,2.5,-1.0,-0.06,1.19
5122,2013-10-16,5.89,5.94,5.6,5.67,27743,23766453.0,5.73,-4.38,-0.26,1.88
5123,2013-10-17,5.67,5.74,5.61,5.62,14595,12475249.0,2.29,-0.88,-0.05,0.99
5124,2013-10-18,5.67,5.67,5.49,5.55,14503,12157485.0,3.2,-1.25,-0.07,0.98
5125,2013-10-21,5.92,5.92,5.51,5.74,16042,13821903.0,7.39,3.42,0.19,1.09
5126,2013-10-22,5.74,5.76,5.59,5.62,12236,10477429.0,2.96,-2.09,-0.12,0.83
5127,2013-10-23,5.11,5.69,5.11,5.49,15086,12731232.0,10.32,-2.31,-0.13,1.02
5128,2013-10-24,5.44,5.54,5.44,5.51,8547,7102782.0,1.82,0.36,0.02,0.58
5129,2013-10-25,5.55,5.55,5.28,5.36,9512,7746689.0,4.9,-2.72,-0.15,0.65
5130,2013-10-28,5.31,5.39,5.27,5.32,5466,4409742.0,2.24,-0.75,-0.04,0.37
5131,2013-10-29,5.31,5.35,4.93,5.02,12458,9697419.0,7.89,-5.64,-0.3,0.85
5132,2013-10-30,5.07,5.11,5.0,5.09,7992,6155753.0,2.19,1.39,0.07,0.54
5133,2013-10-31,5.06,5.21,5.06,5.14,8126,6339170.0,2.95,0.98,0.05,0.55
5134,2013-11-01,5.09,5.21,5.09,5.13,5620,4410100.0,2.33,-0.19,-0.01,0.38
5135,2013-11-04,5.12,5.27,5.11,5.26,6345,5022488.0,3.12,2.53,0.13,0.43
5136,2013-11-05,5.2,5.31,5.16,5.31,6518,5175447.0,2.85,0.95,0.05,0.44
5137,2013-11-06,5.31,5.34,5.2,5.22,10031,8038626.0,2.64,-1.69,-0.09,0.68
5138,2013-11-07,5.24,5.27,5.13,5.14,5063,3995090.0,2.68,-1.53,-0.08,0.34
5139,2013-11-08,5.18,5.18,5.0,5.05,3508,2702225.0,3.5,-1.75,-0.09,0.24
5140,2013-11-11,5.09,5.12,4.99,5.11,3852,2972286.0,2.57,1.19,0.06,0.26
5141,2013-11-12,5.11,5.2,5.11,5.19,3347,2623700.0,1.76,1.57,0.08,0.23
5142,2013-11-13,5.19,5.24,5.08,5.09,4117,3221005.0,3.08,-1.93,-0.1,0.28
5143,2013-11-14,5.09,5.24,5.01,5.23,6035,4725546.0,4.52,2.75,0.14,0.41
5144,2013-11-15,5.24,5.43,5.21,5.38,10803,8775803.0,4.21,2.87,0.15,0.73
5145,2013-11-18,5.35,5.51,5.34,5.49,7838,6488543.0,3.16,2.04,0.11,0.53
5146,2013-11-19,5.49,5.51,5.4,5.41,8194,6736887.0,2.0,-1.46,-0.08,0.56
5147,2013-11-20,5.46,5.46,5.38,5.46,5472,4502708.0,1.48,0.92,0.05,0.37
5148,2013-11-21,5.41,5.48,5.38,5.41,6374,5226911.0,1.83,-0.92,-0.05,0.43
5149,2013-11-22,5.41,5.47,5.4,5.41,10275,8464259.0,1.29,0.0,0.0,0.7
5150,2013-11-25,5.42,5.51,5.41,5.49,8853,7326236.0,1.85,1.48,0.08,0.6
5151,2013-11-26,5.42,5.77,5.42,5.6,19897,16975461.0,6.38,2.0,0.11,1.35
5152,2013-11-27,5.53,5.64,5.49,5.61,8375,7060621.0,2.68,0.18,0.01,0.57
5153,2013-11-28,5.6,5.69,5.57,5.61,9956,8482276.0,2.14,0.0,0.0,0.68
5154,2013-11-29,5.61,5.65,5.56,5.61,5831,4944330.0,1.6,0.0,0.0,0.4
5155,2013-12-02,5.28,5.46,5.13,5.14,11682,9369151.0,5.88,-8.38,-0.47,0.79
5156,2013-12-03,5.09,5.34,5.09,5.32,11817,9320152.0,4.86,3.5,0.18,0.8
5157,2013-12-04,5.28,5.46,5.27,5.41,11222,9175722.0,3.57,1.69,0.09,0.76
5158,2013-12-05,5.41,5.44,5.34,5.39,6405,5222134.0,1.85,-0.37,-0.02,0.43
5159,2013-12-06,5.39,5.45,5.35,5.42,5911,4840429.0,1.86,0.56,0.03,0.4
5160,2013-12-09,5.42,5.58,5.42,5.54,8083,6734371.0,2.95,2.21,0.12,0.55
5161,2013-12-10,5.56,5.74,5.54,5.58,16934,14466079.0,3.61,0.72,0.04,1.15
5162,2013-12-11,5.59,5.62,5.45,5.48,7703,6424804.0,3.05,-1.79,-0.1,0.52
5163,2013-12-12,5.49,5.7,5.44,5.68,14519,12292950.0,4.74,3.65,0.2,0.99
5164,2013-12-13,5.69,5.69,5.58,5.59,10428,8873307.0,1.94,-1.58,-0.09,0.71
5165,2013-12-16,5.6,5.6,5.41,5.44,9358,7773718.0,3.4,-2.68,-0.15,0.64
5166,2013-12-17,5.44,5.56,5.42,5.51,8101,6736572.0,2.57,1.29,0.07,0.55
5167,2013-12-18,5.51,5.55,5.44,5.44,6919,5753715.0,2.0,-1.27,-0.07,0.47
5168,2013-12-19,5.46,5.53,5.45,5.49,7652,6344630.0,1.47,0.92,0.05,0.52
5169,2013-12-20,5.52,5.68,5.49,5.62,14089,11909966.0,3.46,2.37,0.13,0.96
5170,2013-12-23,5.63,5.66,5.47,5.63,12427,10496144.0,3.38,0.18,0.01,0.84
5171,2013-12-24,5.7,5.7,5.54,5.59,9042,7665930.0,2.84,-0.71,-0.04,0.61
5172,2013-12-25,5.6,5.61,5.49,5.6,11998,10062400.0,2.15,0.18,0.01,0.81
5173,2013-12-26,5.59,5.81,5.54,5.77,36713,31603211.0,4.82,3.04,0.17,2.49
5174,2013-12-27,5.74,5.84,5.66,5.84,31787,27491454.0,3.12,1.21,0.07,2.16
5175,2013-12-30,5.84,5.87,5.63,5.64,21024,18095096.0,4.11,-3.42,-0.2,1.43
5176,2013-12-31,5.64,5.67,5.53,5.61,13886,11713166.0,2.48,-0.53,-0.03,0.94
5177,2014-01-02,5.58,5.61,5.52,5.57,9607,8076324.0,1.6,-0.71,-0.04,0.65
5178,2014-01-03,5.5,5.57,5.28,5.38,15812,13009070.0,5.21,-3.41,-0.19,1.07
5179,2014-01-06,5.38,5.39,5.24,5.26,11150,8942978.0,2.79,-2.23,-0.12,0.76
5180,2014-01-07,5.27,5.36,5.17,5.3,5627,4534900.0,3.61,0.76,0.04,0.38
5181,2014-01-08,5.31,5.38,5.2,5.21,6744,5401479.0,3.4,-1.7,-0.09,0.46
5182,2014-01-09,5.21,5.27,4.67,4.96,10881,8505620.0,11.52,-4.8,-0.25,0.74
5183,2014-01-10,4.96,5.02,4.84,4.86,6388,4778438.0,3.63,-2.02,-0.1,0.43
5184,2014-01-13,4.86,4.93,4.76,4.85,4673,3461981.0,3.5,-0.21,-0.01,0.32
5185,2014-01-14,4.84,4.96,4.81,4.96,3523,2640795.0,3.09,2.27,0.11,0.24
5186,2014-01-15,4.94,5.01,4.92,4.98,3612,2736007.0,1.81,0.4,0.02,0.25
5187,2014-01-16,5.02,5.02,4.94,4.96,3299,2507607.0,1.61,-0.4,-0.02,0.22
5188,2014-01-17,4.96,4.98,4.84,4.89,3641,2715369.0,2.82,-1.41,-0.07,0.25
5189,2014-01-20,4.84,4.88,4.78,4.81,5290,3902463.0,2.04,-1.64,-0.08,0.36
5190,2014-01-21,4.81,4.89,4.79,4.86,3496,2594696.0,2.08,1.04,0.05,0.24
5191,2014-01-22,4.87,5.03,4.84,4.99,5236,3960195.0,3.91,2.67,0.13,0.36
5192,2014-01-23,5.02,5.12,4.98,5.04,6702,5155068.0,2.81,1.0,0.05,0.45
5193,2014-01-24,5.02,5.21,5.02,5.2,7513,5879378.0,3.77,3.17,0.16,0.51
5194,2014-01-27,5.21,5.76,5.2,5.33,9890,8020342.0,10.77,2.5,0.13,0.67
5195,2014-01-28,5.29,5.4,5.23,5.25,6436,5177585.0,3.19,-1.5,-0.08,0.44
5196,2014-01-29,5.27,5.38,5.24,5.3,4786,3860145.0,2.67,0.95,0.05,0.32
5197,2014-01-30,5.34,5.4,5.29,5.37,5077,4127881.0,2.08,1.32,0.07,0.34
5198,2014-02-07,5.38,5.45,5.34,5.44,6379,5213479.0,2.05,1.3,0.07,0.43
5199,2014-02-10,5.44,5.61,5.44,5.57,11869,9895332.0,3.13,2.39,0.13,0.81
5200,2014-02-11,5.57,5.61,5.49,5.55,8416,7055443.0,2.15,-0.36,-0.02,0.57
5201,2014-02-12,5.59,5.64,5.53,5.63,11554,9752924.0,1.98,1.44,0.08,0.78
5202,2014-02-13,5.59,5.65,5.56,5.56,7724,6534452.0,1.6,-1.24,-0.07,0.52
5203,2014-02-14,5.56,6.03,5.5,6.01,44689,39249145.0,9.53,8.09,0.45,3.03
5204,2014-02-17,5.99,6.04,5.89,6.02,18444,16534865.0,2.5,0.17,0.01,1.25
5205,2014-02-18,6.08,6.17,5.94,6.02,41030,37329867.0,3.82,0.0,0.0,2.78
5206,2014-02-19,6.06,6.67,5.85,6.18,89292,84141648.0,13.62,2.66,0.16,6.06
5207,2014-02-20,6.12,6.12,5.74,5.84,43453,38282430.0,6.15,-5.5,-0.34,2.95
5208,2014-02-21,5.78,5.84,5.67,5.71,18921,16339949.0,2.91,-2.23,-0.13,1.28
5209,2014-02-24,5.69,5.81,5.61,5.78,13679,11846694.0,3.5,1.23,0.07,0.93
5210,2014-02-25,5.79,5.81,5.5,5.56,21853,18811749.0,5.36,-3.81,-0.22,1.48
5211,2014-02-26,5.5,5.71,5.46,5.67,11016,9306639.0,4.5,1.98,0.11,0.75
5212,2014-02-27,5.67,5.84,5.64,5.84,19789,17225312.0,3.53,3.0,0.17,1.34
5213,2014-02-28,5.84,5.86,5.63,5.76,12670,10975512.0,3.94,-1.37,-0.08,0.86
5214,2014-03-03,5.77,6.06,5.76,6.04,26876,24089113.0,5.21,4.86,0.28,1.82
5215,2014-03-04,5.99,6.01,5.88,5.98,13961,12496203.0,2.15,-0.99,-0.06,0.95
5216,2014-03-05,5.99,6.09,5.91,5.95,17216,15561894.0,3.01,-0.5,-0.03,1.17
5217,2014-03-06,6.01,6.06,5.88,6.03,12977,11687813.0,3.03,1.34,0.08,0.88
5218,2014-03-07,6.06,6.09,5.88,5.91,9902,8864847.0,3.48,-1.99,-0.12,0.67
5219,2014-03-10,5.89,5.89,5.64,5.68,12892,11177151.0,4.23,-3.89,-0.23,0.87
5220,2014-03-11,5.63,5.73,5.57,5.66,10362,8812813.0,2.82,-0.35,-0.02,0.7
5221,2014-03-12,5.66,5.76,5.57,5.69,6963,5967575.0,3.36,0.53,0.03,0.47
5222,2014-03-13,5.7,5.79,5.69,5.71,10879,9404733.0,1.76,0.35,0.02,0.74
5223,2014-03-14,5.7,5.86,5.67,5.8,10585,9212400.0,3.33,1.58,0.09,0.72
5224,2014-03-17,5.87,5.99,5.81,5.97,18266,16228754.0,3.1,2.93,0.17,1.24
5225,2014-03-18,5.97,6.02,5.9,5.95,12956,11587366.0,2.01,-0.34,-0.02,0.88
5226,2014-03-19,5.91,6.19,5.91,6.14,25290,23149031.0,4.71,3.19,0.19,1.72
5227,2014-03-20,6.14,6.14,5.86,5.91,15098,13674296.0,4.56,-3.75,-0.23,1.02
5228,2014-03-21,5.86,6.26,5.84,6.19,26597,24329463.0,7.11,4.74,0.28,1.81
5229,2014-03-24,6.24,6.38,6.11,6.14,25194,23548553.0,4.36,-0.81,-0.05,1.71
5230,2014-03-25,6.09,6.29,6.09,6.13,16857,15626738.0,3.26,-0.16,-0.01,1.14
5231,2014-03-26,6.16,6.22,6.05,6.17,15547,14301799.0,2.77,0.65,0.04,1.06
5232,2014-03-27,6.13,6.19,6.01,6.03,16307,14925184.0,2.92,-2.27,-0.14,1.11
5233,2014-03-28,6.06,6.21,5.84,5.94,14882,13560781.0,6.14,-1.49,-0.09,1.01
5234,2014-03-31,5.92,6.01,5.7,5.71,13752,12109214.0,5.22,-3.87,-0.23,0.93
5235,2014-04-01,5.71,5.86,5.7,5.86,8076,7041923.0,2.8,2.63,0.15,0.55
5236,2014-04-02,5.86,6.05,5.84,5.99,8620,7665833.0,3.58,2.22,0.13,0.59
5237,2014-04-03,6.01,6.05,5.94,6.01,8393,7574906.0,1.84,0.33,0.02,0.57
5238,2014-04-04,5.99,6.22,5.99,6.16,13583,12466768.0,3.83,2.5,0.15,0.92
5239,2014-04-08,6.15,6.31,6.09,6.3,16017,14976877.0,3.57,2.27,0.14,1.09
5240,2014-04-09,6.31,6.33,6.22,6.29,11180,10481042.0,1.75,-0.16,-0.01,0.76
5241,2014-04-10,6.24,6.36,6.21,6.31,14050,13226236.0,2.38,0.32,0.02,0.95
5242,2014-04-11,6.32,6.99,6.31,6.99,63150,63545769.0,10.78,10.78,0.68,4.29
5243,2014-04-14,7.34,7.73,7.16,7.71,163933,180778388.0,8.15,10.3,0.72,11.13
5244,2014-04-15,7.49,7.49,7.17,7.22,88946,96601111.0,4.15,-6.36,-0.49,6.04
5245,2014-04-16,7.19,7.34,7.1,7.29,55342,59540235.0,3.32,0.97,0.07,3.76
5246,2014-04-17,7.19,7.2,7.01,7.05,48013,50477104.0,2.61,-3.29,-0.24,3.26
5247,2014-04-18,7.05,7.16,6.91,7.1,36971,38686647.0,3.55,0.71,0.05,2.51
5248,2014-04-21,7.09,7.26,6.81,6.84,38689,40660201.0,6.34,-3.66,-0.26,2.63
5249,2014-04-22,6.78,7.01,6.59,6.81,33386,33735098.0,6.14,-0.44,-0.03,2.27
5250,2014-04-23,6.82,6.84,6.67,6.69,19999,20152335.0,2.5,-1.76,-0.12,1.36
5251,2014-04-24,6.69,6.81,6.64,6.78,17407,17464463.0,2.54,1.35,0.09,1.18
5252,2014-04-25,6.74,6.98,6.63,6.86,32151,32735994.0,5.16,1.18,0.08,2.18
5253,2014-04-28,6.84,6.95,6.14,6.14,42105,39913807.0,11.81,-10.5,-0.72,2.86
5254,2014-04-29,6.13,6.17,5.82,6.04,26718,24009282.0,5.7,-1.63,-0.1,1.81
5255,2014-04-30,6.08,6.19,6.02,6.15,13801,12642581.0,2.81,1.82,0.11,0.94
5256,2014-05-05,6.09,6.29,6.08,6.28,14211,13204620.0,3.41,2.11,0.13,0.96
5257,2014-05-06,6.28,6.34,6.15,6.19,15054,14098208.0,3.03,-1.43,-0.09,1.02
5258,2014-05-07,6.13,6.2,5.97,5.98,17577,16054890.0,3.72,-3.39,-0.21,1.19
5259,2014-05-08,5.95,6.14,5.92,6.04,12662,11528050.0,3.68,1.0,0.06,0.86
5260,2014-05-09,6.01,6.28,6.01,6.12,16202,15000108.0,4.47,1.32,0.08,1.1
5261,2014-05-12,6.16,6.42,6.16,6.39,20912,19779949.0,4.25,4.41,0.27,1.42
5262,2014-05-13,6.38,6.41,6.24,6.26,14231,13431222.0,2.66,-2.03,-0.13,0.97
5263,2014-05-14,6.26,6.39,6.26,6.34,11025,10470396.0,2.08,1.28,0.08,0.75
5264,2014-05-15,6.34,6.4,6.28,6.33,14119,13408258.0,1.89,-0.16,-0.01,0.96
5265,2014-05-16,6.32,6.59,6.22,6.54,16611,15953891.0,5.85,3.32,0.21,1.13
5266,2014-05-19,6.48,6.78,6.41,6.74,23217,23081046.0,5.66,3.06,0.2,1.58
5267,2014-05-20,6.77,6.81,6.64,6.66,16605,16650698.0,2.52,-1.19,-0.08,1.13
5268,2014-05-21,6.7,6.78,6.58,6.74,14996,14969661.0,3.0,1.2,0.08,1.02
5269,2014-05-22,6.77,6.79,6.58,6.59,12026,12024154.0,3.12,-2.23,-0.15,0.82
5270,2014-05-23,6.56,6.67,6.43,6.52,9866,9599543.0,3.64,-1.06,-0.07,0.67
5271,2014-05-26,6.49,7.04,6.49,6.88,27459,27959407.0,8.44,5.52,0.36,1.86
5272,2014-07-07,6.79,7.41,6.74,7.01,112479,116547588.0,9.74,1.89,0.13,7.63
5273,2014-07-08,6.9,6.96,6.66,6.87,65395,66567551.0,4.28,-2.0,-0.14,4.44
5274,2014-07-09,6.81,7.31,6.77,7.08,74832,79132749.0,7.86,3.06,0.21,5.08
5275,2014-07-10,7.09,7.31,7.04,7.15,37753,40413145.0,3.81,0.99,0.07,2.56
5276,2014-07-11,7.15,7.54,7.15,7.41,39803,43701632.0,5.45,3.64,0.26,2.7
5277,2014-07-14,7.43,7.9,7.41,7.59,42978,48689836.0,6.61,2.43,0.18,2.92
5278,2014-07-15,7.64,7.64,7.07,7.36,34575,37934156.0,7.51,-3.03,-0.23,2.35
5279,2014-07-16,7.29,7.46,6.71,7.09,31102,32844824.0,10.19,-3.67,-0.27,2.11
5280,2014-07-17,7.03,7.49,6.99,7.45,26272,28230312.0,7.05,5.08,0.36,1.78
5281,2014-07-18,7.4,7.67,7.33,7.35,30163,33455083.0,4.56,-1.34,-0.1,2.05
5282,2014-07-21,7.34,7.41,7.12,7.22,26381,28405091.0,3.95,-1.77,-0.13,1.79
5283,2014-07-22,7.15,7.31,7.15,7.25,16262,17460016.0,2.22,0.42,0.03,1.1
5284,2014-07-23,7.19,7.3,7.0,7.0,23509,24919254.0,4.14,-3.45,-0.25,1.6
5285,2014-07-24,7.12,7.13,6.87,7.1,16686,17385601.0,3.71,1.43,0.1,1.13
5286,2014-07-25,7.1,7.18,7.09,7.15,9184,9725509.0,1.27,0.7,0.05,0.62
5287,2014-07-28,7.18,7.31,7.14,7.29,16987,18231578.0,2.38,1.96,0.14,1.15
5288,2014-07-29,7.27,7.65,7.27,7.53,35046,38860738.0,5.21,3.29,0.24,2.38
5289,2014-07-30,7.5,7.57,7.42,7.52,22992,25495868.0,1.99,-0.13,-0.01,1.56
5290,2014-07-31,7.52,7.68,7.49,7.61,15233,17095117.0,2.53,1.2,0.09,1.03
5291,2014-08-01,7.63,7.66,7.35,7.42,18920,21084302.0,4.07,-2.5,-0.19,1.28
5292,2014-08-04,7.35,7.5,7.35,7.45,17626,19418778.0,2.02,0.4,0.03,1.2
5293,2014-08-05,7.45,7.55,7.39,7.53,12043,13339874.0,2.15,1.07,0.08,0.82
5294,2014-08-06,7.52,7.65,7.46,7.64,19035,21377417.0,2.52,1.46,0.11,1.29
5295,2014-08-07,7.63,7.7,7.47,7.5,13272,14878730.0,3.01,-1.83,-0.14,0.9
5296,2014-08-08,7.48,7.6,7.48,7.55,10606,11835384.0,1.6,0.67,0.05,0.72
5297,2014-08-11,7.62,8.35,7.51,8.35,58426,69904127.0,11.13,10.6,0.8,3.97
5298,2014-08-12,8.35,8.73,8.18,8.53,64501,79772572.0,6.59,2.16,0.18,4.38
5299,2014-08-13,8.52,8.52,8.18,8.4,34172,42010350.0,3.99,-1.52,-0.13,2.32
5300,2014-08-14,8.35,8.85,8.31,8.47,39295,49975520.0,6.43,0.83,0.07,2.67
5301,2014-08-15,8.51,8.98,8.51,8.85,40600,52648838.0,5.55,4.49,0.38,2.76
5302,2014-08-18,8.85,8.89,8.71,8.87,20584,26663041.0,2.03,0.23,0.02,1.4
5303,2014-08-19,8.86,8.9,8.68,8.9,22789,29342995.0,2.48,0.34,0.03,1.55
5304,2014-08-20,8.84,8.9,8.78,8.83,13841,17959436.0,1.35,-0.79,-0.07,0.94
5305,2014-08-21,8.79,8.89,8.65,8.75,19268,24761686.0,2.72,-0.91,-0.08,1.31
5306,2014-08-22,8.72,8.85,8.57,8.74,15135,19381560.0,3.2,-0.11,-0.01,1.03
5307,2014-08-25,8.7,9.65,8.7,9.65,66954,92560785.0,10.87,10.41,0.91,4.54
5308,2014-08-26,9.63,9.64,8.77,9.08,56405,76300321.0,9.02,-5.91,-0.57,3.83
5309,2014-08-27,9.05,9.42,8.93,9.15,31614,42724858.0,5.4,0.77,0.07,2.15
5310,2014-08-28,9.1,9.27,8.82,8.88,21578,28392654.0,4.92,-2.95,-0.27,1.46
5311,2014-08-29,8.89,8.98,8.7,8.96,11748,15297026.0,3.15,0.9,0.08,0.8
5312,2014-09-01,8.96,9.32,8.85,9.28,16103,21721672.0,5.25,3.57,0.32,1.09
5313,2014-09-02,9.28,9.68,9.28,9.55,23227,32360635.0,4.31,2.91,0.27,1.58
5314,2014-09-03,9.57,9.7,9.3,9.43,20714,28744901.0,4.19,-1.26,-0.12,1.41
5315,2014-09-04,9.5,9.68,9.4,9.57,18334,25684330.0,2.97,1.48,0.14,1.24
5316,2014-09-05,9.57,9.7,9.5,9.63,13528,18984744.0,2.09,0.63,0.06,0.92
5317,2014-09-09,9.7,9.88,9.5,9.77,23035,32683045.0,3.95,1.45,0.14,1.56
5318,2014-09-10,9.75,9.86,9.66,9.74,25123,35803430.0,2.05,-0.31,-0.03,1.71
5319,2014-09-11,9.78,9.85,9.5,9.58,24199,34281575.0,3.59,-1.64,-0.16,1.64
5320,2014-09-12,9.5,9.64,9.48,9.51,21403,29935362.0,1.67,-0.73,-0.07,1.45
5321,2014-09-15,9.57,9.77,9.51,9.74,28651,40443781.0,2.73,2.42,0.23,1.94
5322,2014-09-16,9.8,9.84,9.35,9.38,31944,44978788.0,5.03,-3.7,-0.36,2.17
5323,2014-09-17,9.36,9.56,9.35,9.55,14378,19939997.0,2.24,1.81,0.17,0.98
5324,2014-09-18,9.55,10.0,9.5,9.89,25621,36636024.0,5.24,3.56,0.34,1.74
5325,2014-09-19,10.05,10.93,9.96,10.93,43708,68386708.0,9.81,10.52,1.04,2.97
5326,2014-09-22,11.53,11.53,10.68,10.8,72619,115752317.0,7.78,-1.19,-0.13,4.93
5327,2014-09-23,10.89,11.13,10.58,10.98,38205,60281283.0,5.09,1.67,0.18,2.59
5328,2014-09-24,10.94,11.25,10.85,10.93,29125,46806935.0,3.64,-0.46,-0.05,1.98
5329,2014-09-25,11.0,11.62,11.0,11.2,39946,65810089.0,5.67,2.47,0.27,2.71
5330,2014-09-26,11.2,11.99,11.05,11.9,41588,69923848.0,8.39,6.25,0.7,2.82
5331,2014-09-29,11.94,12.07,11.71,11.95,40557,69925961.0,3.03,0.42,0.05,2.75
5332,2014-09-30,11.82,12.76,11.82,12.73,32131,56666925.0,7.87,6.53,0.78,2.18
5333,2014-10-08,12.43,12.7,12.32,12.68,30150,54537319.0,2.99,-0.39,-0.05,2.05
5334,2014-10-09,12.56,12.71,12.14,12.37,29243,52378245.0,4.5,-2.44,-0.31,1.98
5335,2014-10-10,12.39,12.39,11.79,11.95,34330,59523679.0,4.85,-3.4,-0.42,2.33
5336,2014-10-13,11.71,11.85,11.28,11.64,27125,45514475.0,4.77,-2.59,-0.31,1.84
5337,2014-10-14,11.62,12.56,11.57,12.4,32882,57719295.0,8.51,6.53,0.76,2.23
5338,2014-10-15,12.42,12.53,11.89,12.14,21270,37660023.0,5.16,-2.1,-0.26,1.44
5339,2014-10-16,12.2,12.2,11.8,11.85,18097,31349608.0,3.29,-2.39,-0.29,1.23
5340,2014-10-17,11.83,11.9,10.85,11.31,41692,67964543.0,8.86,-4.56,-0.54,2.83
5341,2014-10-20,11.28,11.68,11.0,11.57,18047,29755382.0,6.01,2.3,0.26,1.22
5342,2014-10-21,11.54,11.59,11.35,11.42,12422,20673321.0,2.07,-1.3,-0.15,0.84
5343,2014-10-22,11.35,11.55,11.09,11.1,14247,23527625.0,4.03,-2.8,-0.32,0.97
5344,2014-10-23,11.09,11.21,10.52,10.63,21903,34526229.0,6.22,-4.23,-0.47,1.49
5345,2014-10-24,10.58,10.83,10.58,10.68,7159,11147359.0,2.35,0.47,0.05,0.49
5346,2014-10-27,10.57,10.99,10.35,10.94,11311,17636124.0,5.99,2.43,0.26,0.77
5347,2014-10-28,11.03,11.7,11.03,11.53,18423,30699626.0,6.12,5.39,0.59,1.25
5348,2014-10-29,11.53,11.83,11.43,11.66,21308,35991604.0,3.47,1.13,0.13,1.45
5349,2014-10-30,11.71,11.71,11.5,11.53,14218,23898297.0,1.8,-1.11,-0.13,0.96
5350,2014-10-31,11.53,11.74,11.37,11.7,13999,23546247.0,3.21,1.47,0.17,0.95
5351,2014-11-03,11.65,11.81,11.38,11.43,12933,21666113.0,3.68,-2.31,-0.27,0.88
5352,2014-11-04,11.32,11.32,10.88,10.88,22169,35429134.0,3.85,-4.81,-0.55,1.5
5353,2014-11-05,10.78,11.0,10.75,10.99,9946,15803290.0,2.3,1.01,0.11,0.68
5354,2014-11-06,10.96,11.12,10.78,11.11,9619,15363118.0,3.09,1.09,0.12,0.65
5355,2014-11-07,11.09,11.1,10.85,11.0,14021,22387399.0,2.25,-0.99,-0.11,0.95
5356,2014-11-10,10.94,11.1,10.77,10.81,9086,14329841.0,3.0,-1.73,-0.19,0.62
5357,2014-11-11,10.81,10.86,9.7,10.03,23067,34479662.0,10.73,-7.22,-0.78,1.57
5358,2014-11-12,10.02,10.34,9.86,10.33,12439,18464534.0,4.79,2.99,0.3,0.84
5359,2014-11-13,10.34,10.34,9.6,9.7,22129,31857920.0,7.16,-6.1,-0.63,1.5
5360,2014-11-14,9.63,9.93,9.58,9.74,12596,18060309.0,3.61,0.41,0.04,0.85
5361,2014-11-17,9.98,10.18,9.7,10.14,15354,22366526.0,4.93,4.11,0.4,1.04
5362,2014-11-18,10.18,10.42,10.03,10.28,17905,26961017.0,3.85,1.38,0.14,1.22
5363,2014-11-19,10.13,10.35,10.03,10.21,15294,22665659.0,3.11,-0.68,-0.07,1.04
5364,2014-11-20,10.18,10.3,10.05,10.25,14031,20852920.0,2.45,0.39,0.04,0.95
5365,2014-11-21,10.2,10.54,10.18,10.53,14418,21869553.0,3.51,2.73,0.28,0.98
5366,2014-11-24,10.66,10.73,10.48,10.6,15841,24470806.0,2.37,0.66,0.07,1.08
5367,2014-11-25,10.66,11.4,10.6,10.98,19445,31291438.0,7.55,3.58,0.38,1.32
5368,2014-11-26,11.03,11.03,10.55,10.7,22116,34684499.0,4.37,-2.55,-0.28,1.5
5369,2014-11-27,10.7,10.82,10.55,10.78,23395,36308980.0,2.52,0.75,0.08,1.59
5370,2014-11-28,10.73,10.73,10.57,10.68,15852,24566570.0,1.48,-0.93,-0.1,1.08
5371,2014-12-01,10.64,10.65,9.67,10.36,21937,32823946.0,9.18,-3.0,-0.32,1.49
5372,2014-12-02,10.3,10.36,10.15,10.27,16470,24638218.0,2.03,-0.87,-0.09,1.12
5373,2014-12-03,10.27,10.28,9.96,10.2,21330,31351280.0,3.12,-0.68,-0.07,1.45
5374,2014-12-04,10.15,10.27,10.15,10.18,18849,28054526.0,1.18,-0.2,-0.02,1.28
5375,2014-12-05,10.19,10.26,9.67,9.79,24827,35970344.0,5.8,-3.83,-0.39,1.68
5376,2014-12-08,9.82,9.9,9.53,9.7,29183,41150179.0,3.78,-0.92,-0.09,1.98
5377,2014-12-09,9.63,9.63,8.98,9.03,39213,53123460.0,6.7,-6.91,-0.67,2.66
5378,2014-12-10,9.04,9.55,8.88,9.53,21936,29688022.0,7.42,5.54,0.5,1.49
5379,2014-12-11,9.49,9.89,9.32,9.73,23281,32834503.0,5.98,2.1,0.2,1.58
5380,2014-12-12,9.75,10.07,9.73,9.92,20145,29253140.0,3.49,1.95,0.19,1.37
5381,2014-12-15,9.91,9.91,9.64,9.9,19052,27164071.0,2.72,-0.2,-0.02,1.29
5382,2014-12-16,9.88,9.88,9.66,9.8,16903,24071221.0,2.22,-1.01,-0.1,1.15
5383,2014-12-17,9.82,9.82,9.35,9.41,19197,26787009.0,4.8,-3.98,-0.39,1.3
5384,2014-12-18,9.5,9.66,9.36,9.43,14193,19729430.0,3.19,0.21,0.02,0.96
5385,2014-12-19,9.41,9.49,9.02,9.04,14781,19829870.0,4.98,-4.14,-0.39,1.0
5386,2014-12-22,8.98,8.99,8.09,8.14,27191,33074042.0,9.96,-9.96,-0.9,1.85
5387,2014-12-23,8.15,8.46,8.0,8.24,12803,15618842.0,5.65,1.23,0.1,0.87
5388,2014-12-24,8.34,8.49,8.34,8.46,12328,15289028.0,1.82,2.67,0.22,0.84
5389,2014-12-25,8.55,8.7,8.47,8.7,16407,20803598.0,2.72,2.84,0.24,1.11
5390,2014-12-26,8.71,8.74,8.5,8.58,10209,12893380.0,2.76,-1.38,-0.12,0.69
5391,2014-12-29,8.53,8.55,8.18,8.23,13394,16349756.0,4.31,-4.08,-0.35,0.91
5392,2014-12-30,8.27,8.3,8.07,8.1,7015,8457882.0,2.79,-1.58,-0.13,0.48
5393,2014-12-31,8.1,8.25,8.1,8.25,6040,7299946.0,1.85,1.85,0.15,0.41
5394,2015-01-05,8.25,8.38,8.15,8.37,13004,15818775.0,2.79,1.45,0.12,0.88
5395,2015-01-06,8.39,8.57,8.31,8.51,21480,26603551.0,3.11,1.67,0.14,1.46
5396,2015-01-07,8.45,8.55,8.37,8.5,16238,20174796.0,2.12,-0.12,-0.01,1.1
5397,2015-01-08,8.5,8.64,8.43,8.63,15364,19314669.0,2.47,1.53,0.13,1.04
5398,2015-01-09,8.8,8.8,8.45,8.46,18263,23153717.0,4.06,-1.97,-0.17,1.24
5399,2015-01-12,8.39,8.39,8.04,8.09,11625,13988365.0,4.14,-4.37,-0.37,0.79
5400,2015-01-13,8.09,8.78,8.04,8.67,31316,38943931.0,9.15,7.17,0.58,2.13
5401,2015-01-14,8.63,8.75,8.39,8.7,14280,17860753.0,4.15,0.35,0.03,0.97
5402,2015-01-15,8.85,9.23,7.79,9.13,47695,62549407.0,16.55,4.94,0.43,3.24
5403,2015-01-16,8.96,9.0,8.73,8.94,25099,32791663.0,2.96,-2.08,-0.19,1.7
5404,2015-01-19,8.75,9.07,8.43,8.58,25182,32496949.0,7.16,-4.03,-0.36,1.71
5405,2015-01-20,8.6,8.87,8.6,8.84,20427,26348564.0,3.15,3.03,0.26,1.39
5406,2015-01-21,8.85,9.18,8.85,9.1,25866,34375170.0,3.73,2.94,0.26,1.76
5407,2015-01-22,9.12,9.32,9.03,9.28,21435,28833642.0,3.19,1.98,0.18,1.45
5408,2015-01-23,9.29,9.39,9.05,9.36,22106,29873286.0,3.66,0.86,0.08,1.5
5409,2015-01-26,9.35,9.55,9.24,9.51,21062,28963369.0,3.31,1.6,0.15,1.43
5410,2015-01-27,9.48,9.82,9.36,9.7,32222,45351092.0,4.84,2.0,0.19,2.19
5411,2015-01-28,9.7,9.7,9.5,9.55,16124,22579204.0,2.06,-1.55,-0.15,1.09
5412,2015-01-29,9.44,9.44,9.27,9.31,13048,17873861.0,1.78,-2.51,-0.24,0.89
5413,2015-01-30,9.25,9.38,8.98,9.13,15195,20432125.0,4.3,-1.93,-0.18,1.03
5414,2015-02-02,8.98,9.28,8.95,9.2,10379,13928134.0,3.61,0.77,0.07,0.7
5415,2015-02-03,9.2,9.28,9.14,9.23,13019,17607558.0,1.52,0.33,0.03,0.88
5416,2015-02-04,9.23,9.25,9.05,9.06,13253,17816346.0,2.17,-1.84,-0.17,0.9
5417,2015-02-05,9.14,9.26,9.07,9.08,15614,20957331.0,2.1,0.22,0.02,1.06
5418,2015-02-06,9.13,9.18,8.97,9.02,10698,14241077.0,2.31,-0.66,-0.06,0.73
5419,2015-02-09,9.0,9.03,8.59,8.74,10685,13851582.0,4.88,-3.1,-0.28,0.73
5420,2015-02-10,8.73,8.83,8.65,8.78,6735,8625220.0,2.06,0.46,0.04,0.46
5421,2015-02-11,8.78,9.14,8.76,9.1,21768,28477731.0,4.33,3.64,0.32,1.48
5422,2015-02-12,9.08,9.23,9.03,9.14,15848,21247408.0,2.2,0.44,0.04,1.08
5423,2015-02-13,9.14,9.4,9.14,9.36,16819,22994198.0,2.84,2.41,0.22,1.14
5424,2015-02-16,9.39,9.51,9.28,9.48,15157,20891276.0,2.46,1.28,0.12,1.03
5425,2015-02-17,9.44,9.55,9.28,9.32,25714,35228949.0,2.85,-1.69,-0.16,1.75
5426,2015-02-25,9.35,9.63,9.35,9.45,27366,37961388.0,3.0,1.39,0.13,1.86
5427,2015-02-26,9.45,9.5,9.38,9.46,16395,22666221.0,1.27,0.11,0.01,1.11
5428,2015-02-27,9.48,9.7,9.44,9.6,26931,37743280.0,2.75,1.48,0.14,1.83
5429,2015-03-02,9.6,9.82,9.55,9.81,43364,61268071.0,2.81,2.19,0.21,2.94
5430,2015-03-03,9.74,10.02,9.68,9.83,31886,45893133.0,3.47,0.2,0.02,2.16
5431,2015-03-04,9.83,10.32,9.78,10.16,39484,58483416.0,5.49,3.36,0.33,2.68
5432,2015-03-05,10.16,10.69,9.98,10.62,64640,97355655.0,6.99,4.53,0.46,4.39
5433,2015-03-06,10.57,10.57,10.14,10.28,44666,67300090.0,4.05,-3.2,-0.34,3.03
5434,2015-03-09,10.19,10.34,10.08,10.14,28611,42488900.0,2.53,-1.36,-0.14,1.94
5435,2015-03-10,10.1,10.39,10.1,10.26,22700,34000900.0,2.86,1.18,0.12,1.54
5436,2015-03-11,10.26,10.33,10.05,10.1,25938,38528080.0,2.73,-1.56,-0.16,1.76
5437,2015-03-12,10.1,10.2,10.06,10.15,23535,34798924.0,1.39,0.5,0.05,1.6
5438,2015-03-13,10.14,10.27,10.07,10.18,22295,33031753.0,1.97,0.3,0.03,1.51
5439,2015-03-16,10.2,10.47,10.2,10.41,41885,63168503.0,2.65,2.26,0.23,2.84
5440,2015-03-17,10.44,10.61,10.33,10.46,42918,65459910.0,2.69,0.48,0.05,2.91
5441,2015-03-18,10.49,10.82,10.46,10.8,57893,90109546.0,3.44,3.25,0.34,3.93
5442,2015-03-19,10.8,10.8,10.58,10.72,43882,68164445.0,2.04,-0.74,-0.08,2.98
5443,2015-03-20,10.71,10.98,10.64,10.97,50328,79308374.0,3.17,2.33,0.25,3.42
5444,2015-03-23,10.97,11.13,10.86,11.05,44697,71561707.0,2.46,0.73,0.08,3.03
5445,2015-03-24,11.02,11.03,10.43,10.75,57119,89329142.0,5.43,-2.71,-0.3,3.88
5446,2015-03-25,10.68,10.81,10.43,10.72,43873,67968924.0,3.53,-0.28,-0.03,2.98
5447,2015-03-26,10.64,10.85,10.5,10.78,38535,60069116.0,3.26,0.56,0.06,2.62
5448,2015-03-27,10.75,11.33,10.73,11.1,63288,102021925.0,5.57,2.97,0.32,4.3
5449,2015-03-30,11.1,11.4,10.93,10.95,76969,124597558.0,4.23,-1.35,-0.15,5.22
5450,2015-03-31,10.94,11.05,10.64,10.9,61815,97630776.0,3.74,-0.46,-0.05,4.2
5451,2015-04-01,10.85,11.27,10.72,11.21,79456,127269442.0,5.05,2.84,0.31,5.39
5452,2015-04-02,11.4,11.4,11.14,11.33,69373,113730188.0,2.32,1.07,0.12,4.71
5453,2015-04-03,11.26,12.21,11.0,11.9,83066,141492132.0,10.68,5.03,0.57,5.64
5454,2015-04-07,11.85,12.09,11.79,11.92,58468,101083566.0,2.52,0.17,0.02,3.97
5455,2015-04-08,11.92,12.58,11.7,12.34,78111,137399844.0,7.38,3.52,0.42,5.3
5456,2015-04-09,12.34,12.34,11.36,11.91,66786,114207130.0,7.94,-3.48,-0.43,4.53
5457,2015-04-10,11.85,12.68,11.72,12.56,68307,121942043.0,8.06,5.46,0.65,4.64
5458,2015-04-13,12.55,13.0,12.5,12.73,54275,100440478.0,3.98,1.35,0.17,3.68
5459,2015-04-14,12.97,14.05,12.97,14.05,80002,160203977.0,8.48,10.37,1.32,5.43
5460,2015-04-15,14.05,14.1,12.65,12.68,78052,150908641.0,10.32,-9.75,-1.37,5.3
5461,2015-04-16,12.35,13.46,11.93,13.03,86840,158227008.0,12.07,2.76,0.35,5.89
5462,2015-04-17,13.04,13.1,12.43,12.68,68711,127064374.0,5.14,-2.69,-0.35,4.66
5463,2015-04-20,12.71,13.14,11.99,12.52,106581,192539722.0,9.07,-1.26,-0.16,7.23
5464,2015-04-21,12.26,12.82,12.26,12.78,53193,97260854.0,4.47,2.08,0.26,3.61
5465,2015-04-22,13.0,13.28,12.83,12.9,52604,99529033.0,3.52,0.94,0.12,3.57
5466,2015-04-23,13.1,13.35,12.9,13.24,78892,150431300.0,3.49,2.64,0.34,5.35
5467,2015-04-24,13.1,13.98,12.78,13.3,115079,221509070.0,9.06,0.45,0.06,7.81
5468,2015-04-27,13.41,13.43,12.95,13.11,87364,165763893.0,3.61,-1.43,-0.19,5.93
5469,2015-04-28,13.43,13.43,11.9,12.03,99929,182127293.0,11.67,-8.24,-1.08,6.78
5470,2015-04-29,12.04,12.56,11.93,12.4,46028,82026572.0,5.24,3.08,0.37,3.12
5471,2015-04-30,12.36,12.68,12.36,12.44,45027,81641364.0,2.58,0.32,0.04,3.06
5472,2015-05-04,12.37,12.73,12.15,12.54,39689,71787333.0,4.66,0.8,0.1,2.69
5473,2015-05-05,12.5,12.82,12.35,12.37,48249,88275541.0,3.75,-1.36,-0.17,3.27
5474,2015-05-06,12.43,13.0,12.18,12.52,55352,101164365.0,6.63,1.21,0.15,3.76
5475,2015-05-07,12.48,12.59,11.48,11.72,43805,76278859.0,8.87,-6.39,-0.8,2.97
5476,2015-05-08,11.85,12.7,11.85,12.62,49066,86964486.0,7.25,7.68,0.9,3.33
5477,2015-05-11,12.85,13.85,12.67,13.17,65128,123880466.0,9.35,4.36,0.55,4.42
5478,2015-05-12,13.28,14.05,13.18,13.82,76888,151932985.0,6.61,4.94,0.65,5.22
5479,2015-05-13,13.5,14.14,13.35,13.85,54046,107315889.0,5.72,0.22,0.03,3.67
5480,2015-05-14,13.85,14.38,13.73,14.08,53547,108374154.0,4.69,1.66,0.23,3.63
5481,2015-05-15,14.12,14.58,13.55,14.1,53796,108050389.0,7.32,0.14,0.02,3.65
5482,2015-05-18,14.05,15.03,13.86,14.67,53924,112853788.0,8.3,4.04,0.57,3.66
5483,2015-05-19,14.68,15.25,14.43,15.23,45446,97362952.0,5.59,3.82,0.56,3.08
5484,2015-05-20,15.21,16.45,15.06,15.63,46809,106840192.0,9.13,2.63,0.4,3.18
5485,2015-05-21,15.53,16.31,15.43,16.2,46815,107317005.0,5.63,3.65,0.57,3.18
5486,2015-05-22,16.2,17.07,15.73,16.88,51769,121186194.0,8.27,4.2,0.68,3.51
5487,2015-05-25,16.68,18.38,16.54,17.18,92659,231029543.0,10.9,1.78,0.3,6.29
5488,2015-05-26,17.21,18.94,16.98,18.94,86327,224265681.0,11.41,10.24,1.76,5.86
5489,2015-05-27,19.0,19.85,18.23,19.4,68227,184931271.0,8.55,2.43,0.46,4.63
5490,2015-05-28,19.36,19.4,17.42,17.42,57871,154263658.0,10.21,-10.21,-1.98,3.93
5491,2015-05-29,17.32,17.96,15.75,17.26,50614,124244632.0,12.69,-0.92,-0.16,3.44
5492,2015-06-01,17.03,18.46,17.03,18.07,46209,118296732.0,8.29,4.69,0.81,3.14
5493,2015-06-02,18.07,19.92,17.93,19.92,82665,228090355.0,11.01,10.24,1.85,5.61
5494,2015-06-03,20.2,20.53,19.19,20.03,66861,190897737.0,6.73,0.55,0.11,4.54
5495,2015-06-04,19.82,20.53,17.98,19.08,55331,151801918.0,12.73,-4.74,-0.95,3.76
5496,2015-06-05,19.61,20.41,18.97,19.66,64752,182949116.0,7.55,3.04,0.58,4.39
5497,2015-06-08,19.43,20.18,18.68,19.64,55382,155144129.0,7.63,-0.1,-0.02,3.76
5498,2015-06-09,19.58,19.69,18.69,18.87,45671,125023440.0,5.09,-3.92,-0.77,3.1
5499,2015-06-10,18.72,19.35,18.01,18.89,48855,130572883.0,7.1,0.11,0.02,3.32
5500,2015-06-11,18.85,20.01,18.65,19.94,65281,180610987.0,7.2,5.56,1.05,4.43
5501,2015-06-12,19.99,21.26,19.99,21.04,86132,255850501.0,6.37,5.52,1.1,5.85
5502,2015-06-15,21.12,21.93,20.6,21.37,69068,210690904.0,6.32,1.57,0.33,4.69
5503,2015-06-16,21.22,21.22,19.57,19.66,59655,172456112.0,7.72,-8.0,-1.71,4.05
5504,2015-06-17,19.4,19.94,18.15,19.82,42525,116959473.0,9.1,0.81,0.16,2.89
5505,2015-06-18,19.47,20.5,19.29,19.33,42487,122171494.0,6.1,-2.47,-0.49,2.88
5506,2015-06-19,19.04,19.04,17.37,17.39,37965,98180881.0,8.64,-10.04,-1.94,2.58
5507,2015-06-23,17.08,17.74,15.61,16.96,41793,99403767.0,12.25,-2.47,-0.43,2.84
5508,2015-06-24,17.22,17.49,16.87,17.32,37736,93388275.0,3.66,2.12,0.36,2.56
5509,2015-06-25,17.32,17.79,16.22,16.79,47403,117363942.0,9.06,-3.06,-0.53,3.22
5510,2015-06-26,15.99,17.44,15.07,15.25,115478,266560271.0,14.12,-9.17,-1.54,7.84
5511,2015-06-29,15.65,15.98,13.69,13.69,63574,132780819.0,15.02,-10.23,-1.56,4.31
5512,2015-06-30,13.66,14.97,12.28,14.94,64054,122923515.0,19.65,9.13,1.25,4.35
5513,2015-07-01,14.58,15.14,13.4,13.4,51526,107676305.0,11.65,-10.31,-1.54,3.5
5514,2015-07-02,12.79,13.39,12.02,12.02,48148,86466280.0,10.22,-10.3,-1.38,3.27
5515,2015-07-03,11.09,11.72,10.78,10.78,45634,72517266.0,7.82,-10.32,-1.24,3.1
5516,2015-07-06,11.87,11.87,9.66,9.66,58367,87494997.0,20.5,-10.39,-1.12,3.96
5517,2015-07-08,8.65,8.65,8.65,8.65,743,943610.0,0.0,-10.46,-1.01,0.05
5518,2015-07-13,9.56,9.56,9.56,9.56,1920,2682505.0,0.0,10.52,0.91,0.13
5519,2015-07-14,10.56,10.56,10.56,10.56,4513,6936512.0,0.0,10.46,1.0,0.31
5520,2015-07-15,11.63,11.63,9.52,9.61,125756,193010083.0,19.98,-9.0,-0.95,8.53
5521,2015-07-16,8.9,10.37,8.9,10.06,83150,119482637.0,15.3,4.68,0.45,5.64
5522,2015-07-17,10.22,11.11,10.09,11.11,63801,100346771.0,10.14,10.44,1.05,4.33
5523,2015-07-20,11.22,11.84,11.02,11.58,81888,136369736.0,7.38,4.23,0.47,5.56
5524,2015-07-21,11.11,11.92,11.03,11.81,70674,119281743.0,7.69,1.99,0.23,4.8
5525,2015-07-22,11.81,12.35,11.49,12.04,89713,154522009.0,7.28,1.95,0.23,6.09
5526,2015-07-23,12.19,12.84,11.96,12.61,92337,164803975.0,7.31,4.73,0.57,6.27
5527,2015-07-24,12.58,13.37,12.44,12.54,97734,181002103.0,7.38,-0.56,-0.07,6.63
5528,2015-07-27,12.22,12.69,11.24,11.24,65068,112950546.0,11.56,-10.37,-1.3,4.42
5529,2015-07-28,10.29,11.29,10.08,10.51,106198,161682307.0,10.77,-6.49,-0.73,7.21
5530,2015-07-29,10.79,11.22,10.12,11.18,58588,91871514.0,10.47,6.37,0.67,3.98
5531,2015-07-30,11.15,11.69,10.22,10.83,52766,86347680.0,13.15,-3.13,-0.35,3.58
5532,2015-07-31,10.51,10.86,10.31,10.53,40837,62978029.0,5.08,-2.77,-0.3,2.77
5533,2015-08-03,10.29,10.44,9.49,9.6,44222,64150165.0,9.02,-8.83,-0.93,3.0
5534,2015-08-04,9.67,10.6,9.66,10.6,37300,55544692.0,9.79,10.42,1.0,2.53
5535,2015-08-05,10.51,11.17,10.44,10.67,47529,74858522.0,6.89,0.66,0.07,3.23
5536,2015-08-06,10.41,11.16,10.33,11.01,44695,70667897.0,7.78,3.19,0.34,3.03
5537,2015-08-07,11.09,11.72,11.04,11.69,64933,107861581.0,6.18,6.18,0.68,4.41
5538,2015-08-10,11.85,12.39,11.73,12.27,67289,117558612.0,5.65,4.96,0.58,4.57
5539,2015-08-11,12.23,12.55,12.2,12.27,72227,128866495.0,2.85,0.0,0.0,4.9
5540,2015-08-12,12.04,12.58,11.9,12.17,62148,110630858.0,5.54,-0.81,-0.1,4.22
5541,2015-08-13,12.12,13.43,12.09,12.79,79852,146238050.0,11.01,5.09,0.62,5.42
5542,2015-08-14,13.01,13.86,12.89,13.39,81191,156582888.0,7.58,4.69,0.6,5.51
5543,2015-08-17,13.51,13.51,12.59,13.39,70998,134287788.0,6.87,0.0,0.0,4.82
5544,2015-08-18,13.28,13.49,12.02,12.02,76769,141886435.0,10.98,-10.23,-1.37,5.21
5545,2015-08-19,11.63,12.35,10.87,12.23,62534,106073916.0,12.31,1.75,0.21,4.24
5546,2015-08-20,12.03,12.36,11.5,11.52,44289,76532394.0,7.03,-5.81,-0.71,3.01
5547,2015-08-21,11.23,11.71,10.86,11.0,48724,79220012.0,7.38,-4.51,-0.52,3.31
5548,2015-08-24,10.37,10.44,9.86,9.86,51889,75228188.0,5.27,-10.36,-1.14,3.52
5549,2015-08-25,8.83,9.34,8.83,8.83,41097,53698327.0,5.17,-10.45,-1.03,2.79
5550,2015-08-26,8.69,9.49,7.95,8.14,75123,94948707.0,17.44,-7.81,-0.69,5.1
5551,2015-08-27,8.49,8.64,8.02,8.63,53158,65865137.0,7.62,6.02,0.49,3.61
5552,2015-08-28,8.79,9.44,8.7,9.42,97764,128988558.0,8.57,9.15,0.79,6.64
5553,2015-08-31,9.35,9.42,9.01,9.06,55395,74654507.0,4.35,-3.82,-0.36,3.76
5554,2015-09-01,9.07,9.4,8.72,8.95,87091,116325484.0,7.51,-1.21,-0.11,5.91
5555,2015-09-02,8.57,9.35,8.07,8.35,65942,84012127.0,14.3,-6.7,-0.6,4.48
5556,2015-09-07,8.42,9.12,8.42,8.82,65960,85326607.0,8.38,5.63,0.47,4.48
5557,2015-09-08,8.72,9.58,8.51,9.44,54988,71978175.0,12.13,7.03,0.62,3.73
5558,2015-09-09,9.37,9.97,9.31,9.74,66304,93175878.0,6.99,3.18,0.3,4.5
5559,2015-09-10,9.52,9.71,9.37,9.38,37681,52609831.0,3.49,-3.7,-0.36,2.56
5560,2015-09-11,9.31,9.83,9.31,9.79,51073,71539994.0,5.54,4.37,0.41,3.47
5561,2015-09-25,9.59,9.94,9.15,9.34,73558,102039635.0,8.07,-4.6,-0.45,4.99
5562,2015-09-28,9.24,9.44,8.88,9.32,41365,55355158.0,6.0,-0.21,-0.02,2.81
5563,2015-09-29,9.14,9.31,8.94,9.01,23160,30882564.0,3.97,-3.33,-0.31,1.57
5564,2015-09-30,9.09,9.22,9.0,9.08,20578,27405613.0,2.44,0.78,0.07,1.4
5565,2015-10-08,9.38,9.72,9.29,9.47,35098,48550464.0,4.74,4.3,0.39,2.38
5566,2015-10-09,9.51,10.02,9.47,10.01,56966,81316343.0,5.81,5.7,0.54,3.87
5567,2015-10-12,10.01,10.92,9.94,10.66,77328,118219082.0,9.79,6.49,0.65,5.25
5568,2015-10-13,10.54,10.86,10.46,10.72,35566,55508451.0,3.75,0.56,0.06,2.41
5569,2015-10-14,10.38,10.93,10.38,10.78,41890,65472580.0,5.13,0.56,0.06,2.84
5570,2015-10-15,10.77,11.9,10.77,11.88,89538,150042974.0,10.48,10.2,1.1,6.08
5571,2015-10-16,11.87,13.11,11.87,13.11,154071,281735216.0,10.44,10.35,1.23,10.46
5572,2015-10-19,12.92,13.69,12.79,13.41,93955,181791907.0,6.86,2.29,0.3,6.38
5573,2015-10-20,13.13,13.49,13.08,13.19,45833,87571530.0,3.06,-1.64,-0.22,3.11
5574,2015-10-21,13.2,13.71,11.83,11.83,64973,120111662.0,14.25,-10.31,-1.36,4.41
5575,2015-10-22,12.08,12.78,11.72,12.75,54095,96798696.0,8.96,7.78,0.92,3.67
5576,2015-10-23,12.72,13.42,12.61,13.37,54975,103710628.0,6.35,4.86,0.62,3.73
5577,2015-10-26,13.37,13.43,12.83,13.23,44677,85247348.0,4.49,-1.05,-0.14,3.03
5578,2015-10-27,13.26,13.83,12.97,13.72,60872,118909912.0,6.5,3.7,0.49,4.13
5579,2015-10-28,13.47,14.2,12.92,13.02,48360,94207416.0,9.33,-5.1,-0.7,3.28
5580,2015-10-29,13.04,13.29,12.58,12.83,31087,58016463.0,5.45,-1.46,-0.19,2.11
5581,2015-10-30,12.78,13.2,12.34,12.83,33087,61536413.0,6.7,0.0,0.0,2.25
5582,2015-11-02,12.47,13.72,12.22,13.21,51014,97799104.0,11.69,2.96,0.38,3.46
5583,2015-11-03,13.07,13.62,13.02,13.39,33760,64980330.0,4.54,1.36,0.18,2.29
5584,2015-11-04,13.62,14.32,13.37,14.29,66157,134056847.0,7.09,6.72,0.9,4.49
5585,2015-11-05,14.21,14.57,13.84,14.0,64612,131943266.0,5.11,-2.03,-0.29,4.39
5586,2015-11-06,14.39,14.39,13.89,14.17,38399,78349328.0,3.57,1.21,0.17,2.61
5587,2015-11-09,13.8,14.15,13.57,13.84,43845,87865259.0,4.09,-2.33,-0.33,2.98
5588,2015-11-10,13.84,14.57,13.69,14.07,61840,126566471.0,6.36,1.66,0.23,4.2
5589,2015-11-11,14.1,15.19,13.89,15.03,88132,184266525.0,9.24,6.82,0.96,5.98
5590,2015-11-12,15.04,15.19,14.64,14.93,39861,85340868.0,3.66,-0.67,-0.1,2.71
5591,2015-11-13,14.72,16.17,14.58,15.68,60015,132357474.0,10.65,5.02,0.75,4.07
5592,2015-11-16,15.3,16.14,14.98,15.91,45712,103023872.0,7.4,1.47,0.23,3.1
5593,2015-11-17,15.97,16.48,15.72,15.84,51563,119073093.0,4.78,-0.44,-0.07,3.5
5594,2015-11-18,15.9,16.01,14.94,15.01,53048,119054520.0,6.76,-5.24,-0.83,3.6
5595,2015-11-19,15.12,15.72,14.87,15.64,29989,65918759.0,5.66,4.2,0.63,2.04
5596,2015-11-20,15.62,16.14,15.42,15.94,41717,95157882.0,4.6,1.92,0.3,2.83
5597,2015-11-23,15.94,15.94,15.08,15.41,33475,74947656.0,5.4,-3.32,-0.53,2.27
5598,2015-11-24,15.79,15.87,15.21,15.48,36582,81939233.0,4.28,0.45,0.07,2.48
5599,2015-11-25,15.37,16.22,15.29,16.19,39761,90625593.0,6.01,4.59,0.71,2.7
5600,2015-11-26,16.12,16.69,16.12,16.47,58935,139244504.0,3.52,1.73,0.28,4.0
5601,2015-11-27,16.19,16.41,14.79,14.81,55295,124225751.0,9.84,-10.08,-1.66,3.75
5602,2015-11-30,14.89,15.12,13.4,14.48,51166,105614478.0,11.61,-2.23,-0.33,3.47
5603,2015-12-01,14.23,15.12,14.22,14.77,38669,82591101.0,6.22,2.0,0.29,2.62
5604,2015-12-02,14.57,15.09,13.87,14.81,40150,85375768.0,8.26,0.27,0.04,2.72
5605,2015-12-03,14.84,15.5,14.78,15.49,30189,65620460.0,4.86,4.59,0.68,2.05
5606,2015-12-04,15.49,16.08,15.35,15.98,42478,95666315.0,4.71,3.16,0.49,2.88
5607,2015-12-07,15.98,16.38,15.85,16.04,39142,90402360.0,3.32,0.38,0.06,2.66
5608,2015-12-08,16.02,16.2,15.72,15.88,33605,77188869.0,2.99,-1.0,-0.16,2.28
5609,2015-12-09,15.74,16.7,15.58,16.68,60450,140066277.0,7.05,5.04,0.8,4.1
5610,2015-12-10,16.34,16.63,16.01,16.21,42769,100478339.0,3.72,-2.82,-0.47,2.9
5611,2015-12-11,16.07,16.32,15.73,15.84,23626,54273700.0,3.64,-2.28,-0.37,1.6
5612,2015-12-14,15.78,16.07,15.67,16.02,20470,46677280.0,2.53,1.14,0.18,1.39
5613,2015-12-15,16.02,16.69,16.02,16.28,35128,82320093.0,4.18,1.62,0.26,2.38
5614,2015-12-16,16.29,16.58,15.96,16.05,38451,89621178.0,3.81,-1.41,-0.23,2.61
5615,2015-12-17,16.15,17.08,16.15,16.92,53955,127718812.0,5.79,5.42,0.87,3.66
5616,2015-12-18,17.22,18.66,16.74,18.64,96874,247927067.0,11.35,10.17,1.72,6.57
5617,2015-12-21,18.23,18.46,17.44,18.32,49963,129458073.0,5.47,-1.72,-0.32,3.39
5618,2015-12-22,18.24,18.47,18.04,18.36,35857,93856645.0,2.35,0.22,0.04,2.43
5619,2015-12-23,18.44,18.87,18.01,18.29,32550,85690352.0,4.68,-0.38,-0.07,2.21
5620,2015-12-24,18.22,19.19,17.89,18.82,41956,110925596.0,7.11,2.9,0.53,2.85
5621,2015-12-25,18.65,19.57,18.65,19.02,35811,98239237.0,4.89,1.06,0.2,2.43
5622,2015-12-28,18.91,19.15,17.19,17.27,54203,140676191.0,10.3,-9.2,-1.75,3.68
5623,2015-12-29,17.42,18.13,16.73,18.01,49681,123429433.0,8.11,4.28,0.74,3.37
5624,2015-12-30,17.8,18.42,17.73,18.0,34768,89859714.0,3.83,-0.06,-0.01,2.36
5625,2015-12-31,18.03,18.26,17.65,17.88,27249,70285392.0,3.39,-0.67,-0.12,1.85
5626,2016-01-04,17.88,18.08,16.05,16.05,27520,65719160.0,11.35,-10.23,-1.83,1.87
5627,2016-01-05,14.67,15.92,14.4,15.29,54302,118617492.0,9.47,-4.74,-0.76,3.69
5628,2016-01-06,15.07,15.82,14.94,15.63,28653,63547079.0,5.76,2.22,0.34,1.94
5629,2016-01-07,15.33,15.65,14.02,14.02,11269,24051814.0,10.43,-10.3,-1.61,0.76
5630,2016-01-08,14.58,14.68,12.71,13.67,57365,112027469.0,14.05,-2.5,-0.35,3.89
5631,2016-01-11,13.34,13.34,12.27,12.27,47489,86217056.0,7.83,-10.24,-1.4,3.22
5632,2016-01-12,11.79,12.35,11.27,12.01,30234,52196343.0,8.8,-2.12,-0.26,2.05
5633,2016-01-13,12.07,12.57,11.3,11.6,30519,53276156.0,10.57,-3.41,-0.41,2.07
5634,2016-01-14,11.07,12.02,10.66,11.86,58053,96376052.0,11.72,2.24,0.26,3.94
5635,2016-01-15,11.77,11.95,11.19,11.42,44862,75499194.0,6.41,-3.71,-0.44,3.04
5636,2016-01-18,11.17,11.87,10.87,11.59,59753,99609542.0,8.76,1.49,0.17,4.06
5637,2016-01-19,11.44,12.47,11.41,12.27,62211,107588643.0,9.15,5.87,0.68,4.22
5638,2016-01-20,12.14,12.48,11.87,12.22,48884,86349466.0,4.97,-0.41,-0.05,3.32
5639,2016-01-21,11.94,12.49,11.23,11.44,46523,80928625.0,10.31,-6.38,-0.78,3.16
5640,2016-01-22,11.67,11.94,11.01,11.67,44095,73781275.0,8.13,2.01,0.23,2.99
5641,2016-01-25,11.69,12.67,11.69,12.47,59720,106031231.0,8.4,6.86,0.8,4.05
5642,2016-01-26,12.29,12.33,11.29,11.56,47513,82606946.0,8.34,-7.3,-0.91,3.22
5643,2016-01-27,11.69,11.97,10.44,10.94,41002,65841337.0,13.24,-5.36,-0.62,2.78
5644,2016-01-28,10.77,11.17,10.05,10.22,38261,59407382.0,10.24,-6.58,-0.72,2.6
5645,2016-01-29,10.13,10.81,9.94,10.64,38709,58989568.0,8.51,4.11,0.42,2.63
5646,2016-02-01,10.65,10.89,10.37,10.62,29572,45876144.0,4.89,-0.19,-0.02,2.01
5647,2016-02-02,10.52,11.17,10.46,11.09,36223,57781324.0,6.69,4.43,0.47,2.46
5648,2016-02-03,10.94,11.33,10.83,11.21,28112,45072912.0,4.51,1.08,0.12,1.91
5649,2016-02-04,11.29,12.08,11.21,11.71,32033,53983724.0,7.76,4.46,0.5,2.17
5650,2016-02-05,11.71,12.09,11.55,11.64,31333,53674151.0,4.61,-0.6,-0.07,2.13
5651,2016-02-15,11.29,11.98,11.09,11.88,26633,44784288.0,7.65,2.06,0.24,1.81
5652,2016-02-16,11.95,12.72,11.89,12.42,35332,63215678.0,6.99,4.55,0.54,2.4
5653,2016-02-17,12.34,12.65,12.23,12.56,27549,49599637.0,3.38,1.13,0.14,1.87
5654,2016-02-18,12.61,12.92,12.35,12.37,32771,59629452.0,4.54,-1.51,-0.19,2.22
5655,2016-02-19,12.24,12.64,12.19,12.49,28375,50992484.0,3.64,0.97,0.12,1.93
5656,2016-02-22,12.66,13.14,12.54,12.95,46462,86533345.0,4.8,3.68,0.46,3.15
5657,2016-02-23,13.05,13.07,12.67,12.97,23265,43185093.0,3.09,0.15,0.02,1.58
5658,2016-02-24,12.96,13.87,12.79,13.53,34632,65890285.0,8.33,4.32,0.56,2.35
5659,2016-02-25,13.51,13.58,12.14,12.14,50714,93890887.0,10.64,-10.27,-1.39,3.44
5660,2016-02-26,12.08,12.33,11.52,12.01,37691,65920409.0,6.67,-1.07,-0.13,2.56
5661,2016-02-29,11.94,11.94,10.77,10.77,49103,77697835.0,9.74,-10.32,-1.24,3.33
5662,2016-03-01,10.77,11.12,10.3,10.9,38665,60209805.0,7.61,1.21,0.13,2.62
5663,2016-03-02,10.79,11.65,10.79,11.62,31697,51798114.0,7.89,6.61,0.72,2.15
5664,2016-03-03,11.62,12.15,11.43,11.87,35331,60618084.0,6.2,2.15,0.25,2.4
5665,2016-03-04,11.86,12.01,11.07,11.42,36677,61665735.0,7.92,-3.79,-0.45,2.49
5666,2016-03-07,11.46,11.9,11.46,11.86,28458,48399833.0,3.85,3.85,0.44,1.93
5667,2016-03-08,12.01,12.15,11.26,12.1,34055,58181217.0,7.5,2.02,0.24,2.31
5668,2016-03-09,11.89,11.98,11.51,11.89,29682,50806094.0,3.88,-1.74,-0.21,2.01
5669,2016-03-10,11.79,11.92,11.55,11.76,16285,27783678.0,3.11,-1.09,-0.13,1.11
5670,2016-03-11,11.59,11.88,11.38,11.78,14605,24671988.0,4.25,0.17,0.02,0.99
5671,2016-03-14,11.94,12.39,11.8,12.3,33195,58530813.0,5.01,4.41,0.52,2.25
5672,2016-03-15,12.26,12.35,12.02,12.31,22587,40035018.0,2.68,0.08,0.01,1.53
5673,2016-03-16,12.91,13.55,12.58,12.75,86417,162581971.0,7.88,3.57,0.44,5.86
5674,2016-03-17,12.65,13.17,12.62,13.07,44393,83099934.0,4.31,2.51,0.32,3.01
5675,2016-03-18,13.12,13.82,12.97,13.7,46916,91517211.0,6.5,4.82,0.63,3.18
5676,2016-03-21,13.74,14.22,13.62,13.94,41293,82630926.0,4.38,1.75,0.24,2.8
5677,2016-03-22,13.87,14.4,13.67,14.09,32974,67056153.0,5.24,1.08,0.15,2.24
5678,2016-03-23,13.95,14.21,13.79,14.13,34317,69091243.0,2.98,0.28,0.04,2.33
5679,2016-03-24,13.87,13.97,13.69,13.79,38616,77004555.0,1.98,-2.41,-0.34,2.62
5680,2016-03-25,13.78,14.17,13.54,14.07,22510,45114275.0,4.57,2.03,0.28,1.53
5681,2016-03-28,14.08,14.72,13.66,13.94,42029,86551378.0,7.53,-0.92,-0.13,2.85
5682,2016-03-29,13.83,14.17,13.58,14.01,29223,58523386.0,4.23,0.5,0.07,1.98
5683,2016-03-30,14.04,14.72,14.01,14.71,30769,63831380.0,5.07,5.0,0.7,2.09
5684,2016-03-31,14.92,15.15,14.6,14.79,31788,68212173.0,3.74,0.54,0.08,2.16
5685,2016-04-01,14.77,15.16,14.44,15.14,26066,55845473.0,4.87,2.37,0.35,1.77
5686,2016-04-05,15.16,15.87,15.02,15.77,40341,90341484.0,5.61,4.16,0.63,2.74
5687,2016-04-06,15.51,15.85,15.44,15.61,27507,61688458.0,2.6,-1.01,-0.16,1.87
5688,2016-04-07,15.61,15.82,15.38,15.45,26049,58399936.0,2.82,-1.02,-0.16,1.77
5689,2016-04-08,15.31,15.5,15.01,15.34,24078,52763252.0,3.17,-0.71,-0.11,1.63
5690,2016-04-11,15.68,15.89,15.37,15.63,29577,66453383.0,3.39,1.89,0.29,2.01
5691,2016-04-12,15.62,15.75,14.99,15.47,29217,64911449.0,4.86,-1.02,-0.16,1.98
5692,2016-04-13,15.45,15.84,15.45,15.62,21465,48420131.0,2.52,0.97,0.15,1.46
5693,2016-04-14,15.65,16.84,15.62,16.58,58717,138032225.0,7.81,6.15,0.96,3.99
5694,2016-04-15,16.44,16.77,16.12,16.4,36674,86318914.0,3.92,-1.09,-0.18,2.49
5695,2016-04-18,16.37,17.03,15.94,16.67,34637,82451680.0,6.65,1.65,0.27,2.35
5696,2016-04-19,16.68,16.83,16.37,16.61,21265,50610345.0,2.76,-0.36,-0.06,1.44
5697,2016-04-20,16.64,16.99,14.94,15.48,43576,99224199.0,12.34,-6.8,-1.13,2.96
5698,2016-04-21,15.48,16.32,15.24,15.64,33213,76156424.0,6.98,1.03,0.16,2.25
5699,2016-04-22,15.43,16.08,15.01,15.84,19657,44148975.0,6.84,1.28,0.2,1.33
5700,2016-04-25,15.72,16.0,15.55,15.77,17574,39869954.0,2.84,-0.44,-0.07,1.19
5701,2016-04-26,15.84,16.57,15.72,16.54,41738,96600489.0,5.39,4.88,0.77,2.83
5702,2016-04-27,16.52,16.82,16.41,16.52,28712,68435530.0,2.48,-0.12,-0.02,1.95
5703,2016-04-28,16.51,16.52,15.72,16.13,34124,78871902.0,4.84,-2.36,-0.39,2.32
5704,2016-04-29,16.01,16.34,15.8,16.24,24164,56170053.0,3.35,0.68,0.11,1.64
5705,2016-05-03,16.1,16.49,16.08,16.47,26567,62391640.0,2.52,1.42,0.23,1.8
5706,2016-05-04,16.29,16.7,16.27,16.49,23603,55803684.0,2.61,0.12,0.02,1.6
5707,2016-05-05,16.37,16.6,16.15,16.32,17640,41374848.0,2.73,-1.03,-0.17,1.2
5708,2016-05-06,15.97,16.28,14.64,14.64,87969,191857976.0,10.05,-10.29,-1.68,5.97
5709,2016-05-09,13.52,13.87,13.14,13.14,68582,131703676.0,4.99,-10.25,-1.5,4.65
5710,2016-05-10,12.87,13.08,12.47,12.62,51373,94246432.0,4.64,-3.96,-0.52,3.49
5711,2016-05-11,12.77,12.99,12.22,12.54,37304,67937704.0,6.1,-0.63,-0.08,2.53
5712,2016-05-12,12.31,12.51,11.77,12.37,33241,58052371.0,5.9,-1.36,-0.17,2.26
5713,2016-05-13,12.4,12.61,12.08,12.5,29770,53423106.0,4.28,1.05,0.13,2.02
5714,2016-05-16,12.62,13.22,12.44,13.18,39199,72747321.0,6.24,5.44,0.68,2.66
5715,2016-05-17,13.09,13.26,12.8,12.92,29319,55223802.0,3.49,-1.97,-0.26,1.99
5716,2016-05-18,12.4,12.43,12.0,12.12,28829,51090154.0,3.33,-6.19,-0.8,1.96
5717,2016-05-19,12.19,12.49,12.0,12.1,17761,31594901.0,4.04,-0.17,-0.02,1.21
5718,2016-05-20,12.01,12.4,11.72,12.31,17456,30698698.0,5.62,1.74,0.21,1.18
5719,2016-05-23,12.44,12.67,12.33,12.66,29594,53529514.0,2.76,2.84,0.35,2.01
5720,2016-05-24,12.67,12.95,12.53,12.85,20257,37375632.0,3.32,1.5,0.19,1.37
5721,2016-05-25,12.87,13.07,12.72,12.82,22645,42045096.0,2.72,-0.23,-0.03,1.54
5722,2016-05-26,12.67,12.84,12.17,12.66,18812,34008728.0,5.23,-1.25,-0.16,1.28
5723,2016-05-27,12.44,12.93,12.38,12.72,19278,35526250.0,4.34,0.47,0.06,1.31
5724,2016-05-30,12.62,12.9,12.48,12.6,13328,24414765.0,3.3,-0.94,-0.12,0.9
5725,2016-05-31,12.62,13.29,12.62,13.22,25225,47641305.0,5.32,4.92,0.62,1.71
5726,2016-06-01,13.32,13.62,13.01,13.47,28204,54558545.0,4.61,1.89,0.25,1.91
5727,2016-06-02,13.49,13.55,13.32,13.49,19721,38189852.0,1.71,0.15,0.02,1.34
5728,2016-06-03,13.49,13.68,13.28,13.59,18578,36257907.0,2.97,0.74,0.1,1.26
5729,2016-06-06,13.52,13.79,13.51,13.68,16042,31621540.0,2.06,0.66,0.09,1.09
5730,2016-06-07,13.87,13.87,13.44,13.62,16700,32807844.0,3.14,-0.44,-0.06,1.13
5731,2016-06-08,13.62,13.72,13.3,13.59,22727,44477687.0,3.08,-0.22,-0.03,1.54
5732,2016-06-13,13.29,13.43,12.19,12.39,16248,30573319.0,9.12,-8.83,-1.2,1.1
5733,2016-06-14,12.44,12.63,12.39,12.61,17743,32170270.0,1.94,1.78,0.22,1.2
5734,2016-06-15,12.6,13.22,12.47,13.06,29314,55299267.0,5.95,3.57,0.45,1.99
5735,2016-06-16,13.19,13.39,13.03,13.16,17514,33442975.0,2.76,0.77,0.1,1.19
5736,2016-06-17,13.17,13.62,13.17,13.37,25759,49807715.0,3.42,1.6,0.21,1.75
5737,2016-06-20,12.94,13.12,12.44,12.81,29629,54895158.0,5.09,-4.19,-0.56,2.01
5738,2016-06-21,12.89,13.05,12.82,12.87,18796,35070163.0,1.8,0.47,0.06,1.28
5739,2016-06-22,12.88,13.06,12.8,13.02,22839,42546680.0,2.02,1.17,0.15,1.55
5740,2016-06-23,13.06,13.24,12.94,13.02,28642,53977143.0,2.3,0.0,0.0,1.94
5741,2016-06-24,12.95,13.07,12.36,12.85,18786,34818749.0,5.45,-1.31,-0.17,1.27
5742,2016-06-27,12.75,13.23,12.73,13.12,24418,45849573.0,3.89,2.1,0.27,1.66
5743,2016-06-28,13.08,13.31,12.9,13.24,27292,51819335.0,3.13,0.91,0.12,1.85
5744,2016-06-29,13.25,13.38,13.12,13.2,20587,39338355.0,1.96,-0.3,-0.04,1.4
5745,2016-06-30,13.2,13.38,13.11,13.37,16036,30712862.0,2.05,1.29,0.17,1.09
5746,2016-07-01,13.34,13.59,13.17,13.34,17749,34264882.0,3.14,-0.22,-0.03,1.2
5747,2016-07-04,13.32,13.67,13.17,13.62,18660,36253381.0,3.75,2.1,0.28,1.27
5748,2016-07-05,13.65,13.83,13.55,13.8,21761,43035949.0,2.06,1.32,0.18,1.48
5749,2016-07-06,13.75,13.94,13.62,13.84,16401,32604785.0,2.32,0.29,0.04,1.11
5750,2016-07-07,13.87,14.19,13.75,14.16,23981,48113029.0,3.18,2.31,0.32,1.63
5751,2016-07-08,14.15,14.2,13.9,14.07,18373,37128016.0,2.12,-0.64,-0.09,1.25
5752,2016-07-11,14.06,14.08,13.65,13.7,29519,59310230.0,3.06,-2.63,-0.37,2.0
5753,2016-07-12,13.72,13.87,13.18,13.78,29058,57087804.0,5.04,0.58,0.08,1.97
5754,2016-07-13,13.81,14.17,13.78,14.0,29031,58483097.0,2.83,1.6,0.22,1.97
5755,2016-07-14,13.95,14.13,13.85,14.05,14386,28995458.0,2.0,0.36,0.05,0.98
5756,2016-07-15,14.06,14.06,13.81,13.9,18537,37158840.0,1.78,-1.07,-0.15,1.26
5757,2016-07-18,13.81,14.3,13.76,14.22,25989,52607416.0,3.88,2.3,0.32,1.76
5758,2016-07-19,14.19,14.35,13.92,14.14,22292,45427199.0,3.02,-0.56,-0.08,1.51
5759,2016-07-20,14.09,14.37,14.01,14.29,24779,50773929.0,2.55,1.06,0.15,1.68
5760,2016-07-21,14.3,14.51,14.18,14.47,34033,70321821.0,2.31,1.26,0.18,2.31
5761,2016-07-22,14.48,14.48,14.1,14.17,27247,55987570.0,2.63,-2.07,-0.3,1.85
5762,2016-07-25,14.05,14.24,13.87,13.97,17921,36422447.0,2.61,-1.41,-0.2,1.22
5763,2016-07-26,13.95,14.27,13.95,14.27,11557,23511518.0,2.29,2.15,0.3,0.78
5764,2016-07-27,14.24,14.42,13.17,13.48,31045,61717563.0,8.76,-5.54,-0.79,2.11
5765,2016-07-28,13.48,13.62,13.1,13.35,18292,35270907.0,3.86,-0.96,-0.13,1.24
5766,2016-07-29,13.33,13.51,13.2,13.4,12288,23747854.0,2.32,0.37,0.05,0.83
5767,2016-08-01,13.4,13.4,12.85,12.98,17768,33329795.0,4.1,-3.13,-0.42,1.21
5768,2016-08-02,12.98,13.28,12.98,13.26,8334,15793965.0,2.31,2.16,0.28,0.57
5769,2016-08-03,13.26,13.48,12.77,13.42,10556,20292901.0,5.35,1.21,0.16,0.72
5770,2016-08-04,13.3,13.45,13.3,13.42,7956,15364948.0,1.12,0.0,0.0,0.54
5771,2016-08-05,13.42,13.55,13.32,13.35,9210,17850822.0,1.71,-0.52,-0.07,0.63
5772,2016-08-08,13.2,13.53,13.11,13.52,17149,33097281.0,3.15,1.27,0.17,1.16
5773,2016-08-09,13.47,13.63,13.37,13.58,16719,32619375.0,1.92,0.44,0.06,1.13
5774,2016-08-10,13.61,13.67,13.5,13.57,16857,33032364.0,1.25,-0.07,-0.01,1.14
5775,2016-08-11,13.55,13.62,13.36,13.38,15166,29518833.0,1.92,-1.4,-0.19,1.03
5776,2016-08-12,13.38,13.58,13.25,13.5,11778,22849222.0,2.47,0.9,0.12,0.8
5777,2016-08-15,13.54,13.87,13.5,13.85,21892,43271483.0,2.74,2.59,0.35,1.49
5778,2016-08-16,13.84,14.17,13.73,13.92,18916,38065072.0,3.18,0.51,0.07,1.28
5779,2016-08-17,13.92,14.14,13.82,14.0,21815,43838041.0,2.3,0.57,0.08,1.48
5780,2016-08-18,13.97,14.42,13.88,14.29,33368,68409939.0,3.86,2.07,0.29,2.26
5781,2016-08-19,14.22,14.38,13.97,14.13,20957,42661773.0,2.87,-1.12,-0.16,1.42
5782,2016-08-22,14.1,14.11,13.76,13.92,13192,26541086.0,2.48,-1.49,-0.21,0.9
5783,2016-08-23,13.8,14.1,13.79,13.96,10976,22137645.0,2.23,0.29,0.04,0.74
5784,2016-08-24,14.04,14.23,13.81,14.09,17453,35302639.0,3.01,0.93,0.13,1.18
5785,2016-08-25,14.07,14.09,13.8,13.95,20854,41815758.0,2.06,-0.99,-0.14,1.42
5786,2016-08-26,14.07,14.19,13.99,14.11,21722,44057600.0,1.43,1.15,0.16,1.47
5787,2016-08-29,14.06,14.35,13.92,14.3,30245,61530795.0,3.05,1.35,0.19,2.05
5788,2016-08-30,14.3,14.37,14.06,14.13,17115,34899823.0,2.17,-1.19,-0.17,1.16
5789,2016-08-31,14.13,14.29,14.03,14.22,15124,30852852.0,1.84,0.64,0.09,1.03
5790,2016-09-01,14.22,14.25,14.01,14.03,17370,35389772.0,1.69,-1.34,-0.19,1.18
5791,2016-09-02,13.97,14.38,13.96,14.3,23800,48452643.0,2.99,1.92,0.27,1.62
5792,2016-09-05,14.31,14.45,14.17,14.37,24919,51319490.0,1.96,0.49,0.07,1.69
5793,2016-09-06,14.45,14.65,14.29,14.64,31560,65656804.0,2.51,1.88,0.27,2.14
5794,2016-09-07,14.6,15.15,14.45,14.79,33001,70794430.0,4.78,1.02,0.15,2.24
5795,2016-09-08,14.78,15.4,14.64,15.34,43993,95315421.0,5.14,3.72,0.55,2.99
5796,2016-09-09,15.17,15.36,14.99,15.03,30292,65727545.0,2.41,-2.02,-0.31,2.06
5797,2016-09-12,14.5,14.66,14.03,14.15,30971,63789979.0,4.19,-5.85,-0.88,2.1
5798,2016-09-13,14.44,14.44,14.08,14.31,25831,52828911.0,2.54,1.13,0.16,1.75
5799,2016-09-14,14.12,14.38,14.06,14.12,21047,42968791.0,2.24,-1.33,-0.19,1.43
5800,2016-09-19,14.15,14.38,14.15,14.36,30767,63170132.0,1.63,1.7,0.24,2.09
5801,2016-09-20,14.37,14.77,14.24,14.62,31092,64995231.0,3.69,1.81,0.26,2.11
5802,2016-09-21,14.63,14.91,14.51,14.8,25998,55201719.0,2.74,1.23,0.18,1.76
5803,2016-09-22,14.83,14.99,14.77,14.79,19398,41501771.0,1.49,-0.07,-0.01,1.32
5804,2016-09-23,14.77,15.1,14.67,14.9,20538,44006311.0,2.91,0.74,0.11,1.39
5805,2016-09-26,14.89,14.89,14.17,14.22,23967,50332941.0,4.83,-4.56,-0.68,1.63
5806,2016-09-27,14.23,14.58,14.1,14.43,17008,35020383.0,3.38,1.48,0.21,1.15
5807,2016-09-28,14.45,14.57,14.35,14.45,11827,24647587.0,1.52,0.14,0.02,0.8
5808,2016-09-29,14.51,14.81,14.47,14.75,18358,38800954.0,2.35,2.08,0.3,1.25
5809,2016-09-30,14.77,15.15,14.67,15.04,21306,45860877.0,3.25,1.97,0.29,1.45
5810,2016-10-10,15.05,15.26,14.87,15.15,30765,66678204.0,2.59,0.73,0.11,2.09
5811,2016-10-11,15.1,15.56,14.96,15.45,29400,64694767.0,3.96,1.98,0.3,2.0
5812,2016-10-12,15.43,15.55,15.32,15.42,18895,41823311.0,1.49,-0.19,-0.03,1.28
5813,2016-10-13,15.4,15.53,15.37,15.46,18630,41289735.0,1.04,0.26,0.04,1.26
5814,2016-10-14,15.55,15.55,15.11,15.28,24278,53282558.0,2.85,-1.16,-0.18,1.65
5815,2016-10-17,15.44,15.83,15.02,15.2,27140,60394495.0,5.3,-0.52,-0.08,1.84
5816,2016-10-18,15.19,15.66,15.19,15.39,19616,43414908.0,3.09,1.25,0.19,1.33
5817,2016-10-19,15.37,15.72,15.32,15.49,19561,43657474.0,2.6,0.65,0.1,1.33
5818,2016-10-20,15.55,15.6,15.31,15.44,14818,32894155.0,1.87,-0.32,-0.05,1.01
5819,2016-10-21,15.52,16.73,15.34,15.9,32046,73032862.0,9.0,2.98,0.46,2.17
5820,2016-10-24,15.9,16.24,15.64,16.14,21517,48910320.0,3.77,1.51,0.24,1.46
5821,2016-10-25,15.99,16.16,15.82,15.88,18683,42760829.0,2.11,-1.61,-0.26,1.27
5822,2016-10-26,15.89,16.02,15.72,15.97,23318,53024207.0,1.89,0.57,0.09,1.58
5823,2016-10-27,15.97,15.97,15.7,15.82,17106,38836256.0,1.69,-0.94,-0.15,1.16
5824,2016-10-28,15.81,15.93,15.72,15.78,13719,31128621.0,1.33,-0.25,-0.04,0.93
5825,2016-10-31,15.67,15.72,15.22,15.5,19925,44213080.0,3.17,-1.77,-0.28,1.35
5826,2016-11-01,15.52,16.18,15.5,16.05,29530,67237276.0,4.39,3.55,0.55,2.0
5827,2016-11-02,16.02,16.72,15.89,16.37,42482,99531425.0,5.17,1.99,0.32,2.88
5828,2016-11-03,16.22,16.62,16.17,16.22,25258,59156506.0,2.75,-0.92,-0.15,1.71
5829,2016-11-04,16.23,16.7,16.17,16.44,31174,73425432.0,3.27,1.36,0.22,2.12
5830,2016-11-07,16.43,17.13,16.32,16.9,36917,89073208.0,4.93,2.8,0.46,2.51
5831,2016-11-08,16.92,17.21,16.7,16.92,29191,70853977.0,3.02,0.12,0.02,1.98
5832,2016-11-09,16.85,17.01,16.13,16.61,33043,78961063.0,5.2,-1.83,-0.31,2.24
5833,2016-11-10,16.81,17.29,16.74,17.17,26490,64758347.0,3.31,3.37,0.56,1.8
5834,2016-11-11,17.18,17.63,17.06,17.35,41482,103403072.0,3.32,1.05,0.18,2.82
5835,2016-11-14,17.33,17.57,16.83,17.03,36084,88863868.0,4.27,-1.84,-0.32,2.45
5836,2016-11-15,17.05,17.37,16.82,17.27,33865,82843319.0,3.23,1.41,0.24,2.3
5837,2016-11-16,17.27,18.13,17.15,17.83,41919,106196552.0,5.67,3.24,0.56,2.84
5838,2016-11-17,17.67,18.05,17.53,17.78,28336,72279991.0,2.92,-0.28,-0.05,1.92
5839,2016-11-18,17.73,17.82,17.45,17.65,22952,57868178.0,2.08,-0.73,-0.13,1.56
5840,2016-11-21,17.72,17.73,17.4,17.63,26389,66295188.0,1.87,-0.11,-0.02,1.79
5841,2016-11-22,17.63,17.66,17.35,17.51,27241,68114300.0,1.76,-0.68,-0.12,1.85
5842,2016-11-23,17.42,17.88,17.39,17.67,30565,77374511.0,2.8,0.91,0.16,2.07
5843,2016-11-24,17.69,17.72,17.03,17.19,25941,64663370.0,3.9,-2.72,-0.48,1.76
5844,2016-11-25,17.18,17.31,16.6,17.04,28857,70031542.0,4.13,-0.87,-0.15,1.96
5845,2016-11-28,17.02,17.35,16.81,16.85,38050,93198217.0,3.17,-1.12,-0.19,2.58
5846,2016-11-29,16.85,17.17,16.47,16.49,40647,98490090.0,4.15,-2.14,-0.36,2.76
5847,2016-11-30,16.38,16.71,16.2,16.52,34818,82333394.0,3.09,0.18,0.03,2.36
5848,2016-12-01,16.4,16.57,16.12,16.31,21935,51405933.0,2.72,-1.27,-0.21,1.49
5849,2016-12-02,16.26,16.47,15.95,16.14,33641,78096092.0,3.19,-1.04,-0.17,2.28
5850,2016-12-05,15.88,16.27,15.83,16.11,21089,48841752.0,2.73,-0.19,-0.03,1.43
5851,2016-12-06,16.07,16.54,16.07,16.37,22740,53468211.0,2.92,1.61,0.26,1.54
5852,2016-12-07,16.4,16.57,16.3,16.53,12359,29191712.0,1.65,0.98,0.16,0.84
5853,2016-12-08,16.53,16.59,16.37,16.38,15394,36408150.0,1.33,-0.91,-0.15,1.04
5854,2016-12-09,16.36,16.52,16.25,16.33,12105,28470844.0,1.65,-0.31,-0.05,0.82
5855,2016-12-12,16.4,16.49,15.15,15.31,22823,51733660.0,8.21,-6.25,-1.02,1.55
5856,2016-12-13,15.22,15.67,14.88,15.62,20751,45744869.0,5.16,2.02,0.31,1.41
5857,2016-12-14,15.5,15.8,15.32,15.6,13604,30465593.0,3.07,-0.13,-0.02,0.92
5858,2016-12-15,15.48,16.0,15.2,15.75,16231,36676911.0,5.13,0.96,0.15,1.1
5859,2016-12-16,15.75,16.09,15.69,16.06,16168,37003470.0,2.54,1.97,0.31,1.1
5860,2016-12-19,16.05,16.27,15.96,16.12,14130,32742035.0,1.93,0.37,0.06,0.96
5861,2016-12-20,16.04,16.35,15.85,16.24,15565,36176386.0,3.1,0.74,0.12,1.06
5862,2016-12-21,16.31,16.5,16.21,16.42,15269,35830124.0,1.79,1.11,0.18,1.04
5863,2016-12-22,16.41,16.52,16.2,16.34,17734,41677949.0,1.95,-0.49,-0.08,1.2
5864,2016-12-23,16.22,16.4,16.0,16.14,10336,23905727.0,2.45,-1.22,-0.2,0.7
5865,2016-12-26,16.0,16.12,15.59,16.07,14676,33461774.0,3.28,-0.43,-0.07,1.0
5866,2016-12-27,16.05,16.88,16.02,16.84,38254,91566754.0,5.35,4.79,0.77,2.6
5867,2016-12-28,16.73,16.88,16.43,16.5,27798,66201121.0,2.67,-2.02,-0.34,1.89
5868,2016-12-29,16.42,16.67,16.37,16.65,15995,38029892.0,1.82,0.91,0.15,1.09
5869,2016-12-30,16.65,16.72,16.39,16.47,17599,41790161.0,1.98,-1.08,-0.18,1.19
5870,2017-01-03,16.52,16.87,16.52,16.82,16631,39979996.0,2.13,2.13,0.35,1.13
5871,2017-01-04,16.82,16.82,16.53,16.75,20833,49794043.0,1.72,-0.42,-0.07,1.41
5872,2017-01-05,16.76,17.13,16.66,16.9,26485,64331354.0,2.81,0.9,0.15,1.8
5873,2017-01-06,16.82,17.05,16.82,16.98,20402,49557443.0,1.36,0.47,0.08,1.38
5874,2017-01-09,16.89,17.12,16.86,17.02,21238,51741014.0,1.53,0.24,0.04,1.44
5875,2017-01-10,16.9,17.3,16.9,17.0,19756,48241716.0,2.35,-0.12,-0.02,1.34
5876,2017-01-11,17.09,17.59,16.97,17.23,26673,66354847.0,3.65,1.35,0.23,1.81
5877,2017-01-12,17.25,17.25,16.38,16.62,29364,70412175.0,5.05,-3.54,-0.61,1.99
5878,2017-01-13,16.46,16.7,16.14,16.37,14034,33127458.0,3.37,-1.5,-0.25,0.95
5879,2017-01-16,16.08,16.25,14.7,15.06,27695,61682833.0,9.47,-8.0,-1.31,1.88
5880,2017-01-17,15.06,15.37,14.78,15.31,14425,31370834.0,3.92,1.66,0.25,0.98
5881,2017-01-18,15.22,15.55,15.11,15.5,15473,34314016.0,2.87,1.24,0.19,1.05
5882,2017-01-19,15.35,15.57,15.27,15.52,9985,22131503.0,1.94,0.13,0.02,0.68
5883,2017-01-20,15.52,16.48,15.52,16.45,39865,92315407.0,6.19,5.99,0.93,2.71
5884,2017-01-23,16.02,16.45,15.88,16.4,46892,108537966.0,3.47,-0.3,-0.05,3.18
5885,2017-01-24,16.3,16.31,15.98,16.07,11769,27205030.0,2.01,-2.01,-0.33,0.8
5886,2017-01-25,16.07,16.36,16.02,16.27,11124,25837209.0,2.12,1.24,0.2,0.75
5887,2017-01-26,16.27,16.3,16.13,16.25,7564,17611087.0,1.04,-0.12,-0.02,0.51
5888,2017-02-03,16.22,16.35,15.94,16.27,9416,21938453.0,2.52,0.12,0.02,0.64
5889,2017-02-06,16.24,16.28,16.05,16.25,12130,28112610.0,1.41,-0.12,-0.02,0.82
5890,2017-02-07,16.17,16.43,16.05,16.36,11835,27732288.0,2.34,0.68,0.11,0.8
5891,2017-02-08,16.2,16.4,16.2,16.37,8329,19545803.0,1.22,0.06,0.01,0.57
5892,2017-02-09,16.45,16.45,16.32,16.38,8724,20487600.0,0.79,0.06,0.01,0.59
5893,2017-02-10,16.42,16.85,16.3,16.32,18485,43915605.0,3.36,-0.37,-0.06,1.25
5894,2017-02-13,16.24,16.38,15.74,16.28,10925,25231254.0,3.92,-0.25,-0.04,0.74
5895,2017-02-14,16.24,16.4,16.1,16.16,9839,22978550.0,1.84,-0.74,-0.12,0.67
5896,2017-02-15,16.25,16.25,15.67,15.75,13764,31477570.0,3.59,-2.54,-0.41,0.93
5897,2017-02-16,15.75,15.92,15.51,15.82,10676,24164065.0,2.6,0.44,0.07,0.72
5898,2017-02-17,15.82,16.02,15.57,15.61,8049,18291845.0,2.84,-1.33,-0.21,0.55
5899,2017-02-20,15.6,15.85,15.57,15.76,13454,30335131.0,1.79,0.96,0.15,0.91
5900,2017-02-21,15.68,16.01,15.36,15.96,10325,23549380.0,4.12,1.27,0.2,0.7
5901,2017-02-22,15.98,16.14,15.8,15.9,6805,15567626.0,2.13,-0.38,-0.06,0.46
5902,2017-02-23,15.9,16.0,15.42,15.75,17199,38742033.0,3.65,-0.94,-0.15,1.17
5903,2017-02-24,15.75,15.9,15.71,15.88,9719,22067129.0,1.21,0.83,0.13,0.66
5904,2017-02-27,15.98,16.11,14.6,15.94,16187,37167418.0,9.51,0.38,0.06,1.1
5905,2017-02-28,16.0,16.37,15.94,16.35,19037,44317760.0,2.7,2.57,0.41,1.29
5906,2017-03-01,16.42,16.47,16.21,16.25,14912,34840021.0,1.59,-0.61,-0.1,1.01
5907,2017-03-02,16.22,16.34,15.96,15.98,9972,23089226.0,2.34,-1.66,-0.27,0.68
5908,2017-03-03,16.0,16.34,15.95,16.0,14049,32576504.0,2.44,0.13,0.02,0.95
5909,2017-03-06,15.95,16.26,15.95,16.22,13273,30831428.0,1.94,1.38,0.22,0.9
5910,2017-03-07,16.31,16.31,16.16,16.23,9473,22065825.0,0.92,0.06,0.01,0.64
5911,2017-03-08,16.25,16.3,16.17,16.25,12976,30255272.0,0.8,0.12,0.02,0.88
5912,2017-03-09,16.17,16.42,15.76,16.27,14599,34043952.0,4.06,0.12,0.02,0.99
5913,2017-03-10,16.22,16.4,16.02,16.05,10104,23487322.0,2.34,-1.35,-0.22,0.69
5914,2017-03-13,16.0,16.07,15.7,15.75,24289,55090833.0,2.31,-1.87,-0.3,1.65
5915,2017-03-14,15.77,16.12,15.77,15.86,18353,42086352.0,2.22,0.7,0.11,1.25
5916,2017-03-15,15.94,16.0,15.49,15.65,22420,50506157.0,3.22,-1.32,-0.21,1.52
5917,2017-03-16,15.61,15.98,15.55,15.92,22380,50487561.0,2.75,1.73,0.27,1.52
5918,2017-03-17,15.95,16.04,15.82,15.92,18181,41663570.0,1.38,0.0,0.0,1.23
5919,2017-03-20,15.91,16.23,15.76,16.06,22004,50511756.0,2.95,0.88,0.14,1.49
5920,2017-03-21,15.96,16.22,15.92,15.96,16247,37453201.0,1.87,-0.62,-0.1,1.1
5921,2017-03-22,15.92,16.02,15.76,15.79,19606,44689633.0,1.63,-1.07,-0.17,1.33
5922,2017-03-23,15.88,15.88,15.52,15.67,17342,39107050.0,2.28,-0.76,-0.12,1.18
5923,2017-03-24,15.65,15.77,15.52,15.57,14662,32970773.0,1.6,-0.64,-0.1,1.0
5924,2017-03-27,15.63,15.63,15.01,15.21,29373,64426416.0,3.98,-2.31,-0.36,1.99
5925,2017-03-28,15.31,15.32,15.1,15.2,12206,26684962.0,1.45,-0.07,-0.01,0.83
5926,2017-03-29,15.17,15.25,14.68,14.76,17359,37122491.0,3.75,-2.89,-0.44,1.18
5927,2017-03-30,14.7,14.83,13.66,14.3,29737,60843272.0,7.93,-3.12,-0.46,2.02
5928,2017-03-31,14.25,14.39,13.87,14.21,17194,34736476.0,3.64,-0.63,-0.09,1.17
5929,2017-04-05,14.11,14.39,14.08,14.36,19048,39050893.0,2.18,1.06,0.15,1.29
5930,2017-04-06,14.36,14.77,14.29,14.47,17163,35971702.0,3.34,0.77,0.11,1.16
5931,2017-04-07,14.54,14.63,14.34,14.52,10119,21153071.0,2.0,0.35,0.05,0.69
5932,2017-04-10,14.6,14.6,13.67,13.97,20668,42439772.0,6.4,-3.79,-0.55,1.4
5933,2017-04-11,13.97,14.09,13.66,14.05,14499,29090569.0,3.08,0.57,0.08,0.98
5934,2017-04-12,14.13,14.13,13.75,13.91,11290,22642785.0,2.7,-1.0,-0.14,0.77
5935,2017-04-13,13.91,14.17,13.65,14.07,28548,57635672.0,3.74,1.15,0.16,1.94
5936,2017-04-14,14.06,14.06,12.96,13.54,35495,69085484.0,7.82,-3.77,-0.53,2.41
5937,2017-04-17,13.49,13.49,12.57,12.87,32555,60360565.0,6.79,-4.95,-0.67,2.21
5938,2017-04-18,12.82,12.84,11.82,12.01,58984,104165717.0,7.93,-6.68,-0.86,4.0
5939,2017-04-19,11.96,11.97,11.56,11.72,24862,42149035.0,3.41,-2.41,-0.29,1.69
5940,2017-04-20,11.73,11.82,11.36,11.58,19257,32303197.0,3.92,-1.19,-0.14,1.31
5941,2017-04-21,11.68,11.72,11.54,11.65,10285,17376609.0,1.55,0.6,0.07,0.7
5942,2017-04-24,11.73,11.73,10.97,11.0,20512,33559184.0,6.52,-5.58,-0.65,1.39
5943,2017-04-25,11.0,11.4,11.0,11.35,12095,19749487.0,3.64,3.18,0.35,0.82
5944,2017-04-26,11.35,11.49,11.24,11.31,10629,17464913.0,2.2,-0.35,-0.04,0.72
5945,2017-04-27,11.32,11.56,10.79,11.5,19243,31315937.0,6.81,1.68,0.19,1.31
5946,2017-04-28,11.47,11.62,11.39,11.55,14804,24759725.0,2.0,0.43,0.05,1.0
5947,2017-05-02,11.51,11.9,11.47,11.85,29255,49732811.0,3.72,2.6,0.3,1.99
5948,2017-05-03,11.74,11.96,11.64,11.82,14100,24009220.0,2.7,-0.25,-0.03,0.96
5949,2017-05-04,11.76,11.98,11.66,11.68,16258,27915172.0,2.71,-1.18,-0.14,1.1
5950,2017-05-05,11.67,11.67,11.37,11.41,11816,19683440.0,2.57,-2.31,-0.27,0.8
5951,2017-05-08,11.21,11.67,11.1,11.45,16895,28111472.0,5.0,0.35,0.04,1.15
5952,2017-05-09,11.47,11.61,11.32,11.45,12307,20396220.0,2.53,0.0,0.0,0.84
5953,2017-05-10,11.49,11.79,11.33,11.59,15796,26625840.0,4.02,1.22,0.14,1.07
5954,2017-05-11,11.27,11.55,10.87,11.22,16699,27044230.0,5.87,-3.19,-0.37,1.13
5955,2017-05-12,11.27,11.44,11.04,11.21,11352,18514849.0,3.57,-0.09,-0.01,0.77
5956,2017-05-15,11.36,11.39,11.24,11.35,6262,10283705.0,1.34,1.25,0.14,0.43
5957,2017-05-16,11.37,11.69,11.11,11.63,10882,18128509.0,5.11,2.47,0.28,0.74
5958,2017-05-17,11.67,11.73,11.61,11.7,14681,24799733.0,1.03,0.6,0.07,1.0
5959,2017-05-18,11.63,11.68,11.51,11.6,15462,25972378.0,1.45,-0.85,-0.1,1.05
5960,2017-05-19,11.58,11.67,11.54,11.6,9774,16427748.0,1.12,0.0,0.0,0.66
5961,2017-05-22,11.55,11.63,11.13,11.28,14952,24596927.0,4.31,-2.76,-0.32,1.01
5962,2017-05-23,11.38,11.38,10.72,10.85,10845,17314148.0,5.85,-3.81,-0.43,0.74
5963,2017-05-24,10.84,11.13,10.59,11.08,8432,13334483.0,4.98,2.12,0.23,0.57
5964,2017-05-25,11.07,11.13,10.72,11.1,8055,12798219.0,3.7,0.18,0.02,0.55
5965,2017-05-26,11.1,11.15,10.95,11.02,6045,9706533.0,1.8,-0.72,-0.08,0.41
5966,2017-05-31,11.3,11.3,10.89,10.94,6578,10621899.0,3.72,-0.73,-0.08,0.45
5967,2017-06-01,10.94,11.0,10.31,10.33,12757,19700146.0,6.31,-5.58,-0.61,0.87
5968,2017-06-02,10.33,10.51,10.1,10.42,17137,25659556.0,3.97,0.87,0.09,1.16
5969,2017-06-05,10.44,10.63,10.44,10.56,9240,14146392.0,1.82,1.34,0.14,0.63
5970,2017-06-06,10.55,10.7,10.43,10.62,6865,10549072.0,2.56,0.57,0.06,0.47
5971,2017-06-07,10.7,10.97,10.62,10.96,14325,22579580.0,3.3,3.2,0.34,0.97
5972,2017-06-08,10.9,11.08,10.85,10.95,9218,14669638.0,2.1,-0.09,-0.01,0.63
5973,2017-06-09,10.87,11.03,10.83,10.99,7365,11690236.0,1.83,0.37,0.04,0.5
5974,2017-06-12,10.95,11.0,10.32,10.43,16392,25346474.0,6.19,-5.1,-0.56,1.11
5975,2017-06-13,10.42,10.77,10.4,10.73,12613,19473604.0,3.55,2.88,0.3,0.86
5976,2017-06-14,10.78,11.04,10.73,10.98,11849,18747203.0,2.89,2.33,0.25,0.8
5977,2017-06-15,10.98,11.23,10.85,11.12,18995,30470767.0,3.46,1.28,0.14,1.29
5978,2017-06-16,11.12,11.3,11.07,11.25,13711,22186168.0,2.07,1.17,0.13,0.93
5979,2017-06-19,11.21,11.27,11.12,11.26,10744,17419552.0,1.33,0.09,0.01,0.73
5980,2017-06-20,11.26,11.45,11.22,11.4,11583,18972624.0,2.04,1.24,0.14,0.79
5981,2017-06-21,11.35,11.41,11.2,11.25,7511,12267293.0,1.84,-1.32,-0.15,0.51
5982,2017-06-22,11.22,11.33,10.85,10.92,10834,17463184.0,4.27,-2.93,-0.33,0.74
5983,2017-06-23,10.89,11.11,10.8,10.98,10990,17399292.0,2.84,0.55,0.06,0.75
5984,2017-06-26,10.85,11.5,10.85,11.24,10128,16376018.0,5.92,2.37,0.26,0.69
5985,2017-06-27,11.25,11.33,11.22,11.23,8764,14263193.0,0.98,-0.09,-0.01,0.59
5986,2017-06-28,11.34,11.34,11.01,11.11,6719,10787164.0,2.94,-1.07,-0.12,0.46
5987,2017-06-29,11.17,11.55,11.09,11.48,25292,41369539.0,4.14,3.33,0.37,1.72
5988,2017-06-30,11.77,11.88,11.59,11.65,49762,84213847.0,2.53,1.48,0.17,3.38
5989,2017-07-03,11.58,11.61,11.28,11.4,24845,40827043.0,2.83,-2.15,-0.25,1.69
5990,2017-07-04,11.38,11.42,11.32,11.32,11594,19019642.0,0.88,-0.7,-0.08,0.79
5991,2017-07-05,11.35,11.4,11.2,11.35,17897,29273273.0,1.77,0.27,0.03,1.21
5992,2017-07-06,11.35,11.35,11.24,11.31,13824,22566896.0,0.97,-0.35,-0.04,0.94
5993,2017-07-07,11.27,11.42,11.24,11.4,12834,21010324.0,1.59,0.8,0.09,0.87
5994,2017-07-10,11.39,11.58,11.27,11.43,22454,37059274.0,2.72,0.26,0.03,1.52
5995,2017-07-11,11.36,11.4,11.28,11.34,15130,24781472.0,1.05,-0.79,-0.09,1.03
5996,2017-07-12,11.34,11.34,11.07,11.13,16080,26024523.0,2.38,-1.85,-0.21,1.09
5997,2017-07-13,11.12,11.2,11.05,11.11,8897,14319114.0,1.35,-0.18,-0.02,0.6
5998,2017-07-14,11.12,11.14,11.06,11.13,16993,27307726.0,0.72,0.18,0.02,1.15
5999,2017-07-17,11.11,11.11,10.13,10.34,15736,23839246.0,8.81,-7.1,-0.79,1.07
6000,2017-07-18,10.33,10.47,10.13,10.36,9301,13833472.0,3.29,0.19,0.02,0.63
6001,2017-07-19,10.37,10.56,10.16,10.48,7547,11360243.0,3.86,1.16,0.12,0.51
6002,2017-07-20,10.49,10.62,10.38,10.48,8574,13099802.0,2.29,0.0,0.0,0.58
6003,2017-07-21,10.4,10.57,10.4,10.49,7225,10979991.0,1.62,0.1,0.01,0.49
6004,2017-07-24,10.49,10.63,10.29,10.6,7990,12149560.0,3.24,1.05,0.11,0.54
6005,2017-07-25,10.5,10.66,10.47,10.56,7822,11948752.0,1.79,-0.38,-0.04,0.53
6006,2017-07-26,10.59,10.6,10.43,10.49,10842,16521483.0,1.61,-0.66,-0.07,0.74
6007,2017-07-27,10.52,10.92,10.49,10.79,17056,26299726.0,4.1,2.86,0.3,1.16
6008,2017-07-28,10.77,10.78,10.62,10.68,15026,23254949.0,1.48,-1.02,-0.11,1.02
6009,2017-07-31,10.7,10.89,10.63,10.84,17162,26824775.0,2.43,1.5,0.16,1.16
6010,2017-08-01,10.82,10.85,10.65,10.74,7897,12302028.0,1.85,-0.92,-0.1,0.54
6011,2017-08-02,10.75,10.81,10.45,10.49,9240,14127418.0,3.35,-2.33,-0.25,0.63
6012,2017-08-03,10.49,10.73,10.43,10.54,16452,25214693.0,2.86,0.48,0.05,1.12
6013,2017-08-04,10.55,10.62,10.44,10.45,9648,14663205.0,1.71,-0.85,-0.09,0.65
6014,2017-08-07,10.45,10.53,10.35,10.49,8927,13552196.0,1.72,0.38,0.04,0.61
6015,2017-08-08,10.5,10.5,10.34,10.47,16700,25159535.0,1.53,-0.19,-0.02,1.13
6016,2017-08-09,10.47,10.75,10.44,10.63,12478,19181146.0,2.96,1.53,0.16,0.85
6017,2017-08-10,10.52,10.65,10.42,10.45,8287,12633699.0,2.16,-1.69,-0.18,0.56
6018,2017-08-11,10.45,10.5,10.3,10.31,9387,14190652.0,1.91,-1.34,-0.14,0.64
6019,2017-08-14,10.38,10.49,10.32,10.46,7858,11870489.0,1.65,1.45,0.15,0.53
6020,2017-08-15,10.48,10.54,10.42,10.52,11906,18078430.0,1.15,0.57,0.06,0.81
6021,2017-08-16,10.53,10.68,10.49,10.59,10683,16389619.0,1.81,0.67,0.07,0.73
6022,2017-08-17,10.58,10.73,10.58,10.71,13293,20566682.0,1.42,1.13,0.12,0.9
6023,2017-08-18,10.59,10.71,10.59,10.68,10784,16646346.0,1.12,-0.28,-0.03,0.73
6024,2017-08-21,10.67,11.09,10.65,11.07,35301,55798533.0,4.12,3.65,0.39,2.4
6025,2017-08-22,11.07,11.07,10.77,10.85,18115,28605304.0,2.71,-1.99,-0.22,1.23
6026,2017-08-23,10.81,10.9,10.68,10.85,8257,12909687.0,2.03,0.0,0.0,0.56
6027,2017-08-24,10.9,10.91,10.7,10.73,6763,10582630.0,1.94,-1.11,-0.12,0.46
6028,2017-08-25,10.74,10.9,10.72,10.87,7659,12018887.0,1.68,1.3,0.14,0.52
6029,2017-08-28,10.85,11.02,10.82,10.98,7880,12493323.0,1.84,1.01,0.11,0.53
6030,2017-08-29,11.01,11.77,10.92,11.24,33836,55134507.0,7.74,2.37,0.26,2.3
6031,2017-08-30,11.17,11.17,10.92,11.02,26780,42732966.0,2.22,-1.96,-0.22,1.82
6032,2017-08-31,11.0,11.03,10.91,11.0,15770,24994950.0,1.09,-0.18,-0.02,1.07
6033,2017-09-01,11.01,11.09,10.98,11.02,11056,17649820.0,1.0,0.18,0.02,0.75
6034,2017-09-04,11.04,11.1,10.99,11.05,9706,15492306.0,1.0,0.27,0.03,0.66
6035,2017-09-05,11.09,11.2,11.01,11.2,12503,20130811.0,1.72,1.36,0.15,0.85
6036,2017-09-06,11.2,11.2,10.95,11.02,16122,25675056.0,2.23,-1.61,-0.18,1.09
6037,2017-09-07,10.99,11.08,10.92,10.95,12861,20484428.0,1.45,-0.64,-0.07,0.87
6038,2017-09-08,10.97,11.06,10.93,11.01,7820,12449989.0,1.19,0.55,0.06,0.53
6039,2017-09-11,10.95,11.18,10.95,11.08,10058,16135208.0,2.09,0.64,0.07,0.68
6040,2017-09-12,11.1,11.42,10.92,11.31,34805,56389236.0,4.51,2.08,0.23,2.36
6041,2017-09-13,11.17,11.56,11.15,11.45,52338,86058804.0,3.63,1.24,0.14,3.55
6042,2017-09-14,11.35,11.42,11.1,11.17,29060,47371833.0,2.79,-2.45,-0.28,1.97
6043,2017-09-15,11.21,11.21,11.04,11.09,12731,20430361.0,1.52,-0.72,-0.08,0.86
6044,2017-09-18,11.08,11.13,10.97,11.12,11052,17692296.0,1.44,0.27,0.03,0.75
6045,2017-09-19,11.13,11.14,10.92,10.96,11089,17691518.0,1.98,-1.44,-0.16,0.75
6046,2017-09-20,10.96,11.08,10.92,11.07,10140,16159400.0,1.46,1.0,0.11,0.69
6047,2017-09-21,11.06,11.1,10.95,10.97,12160,19386022.0,1.36,-0.9,-0.1,0.83
6048,2017-09-22,10.93,10.99,10.89,10.93,8376,13247837.0,0.91,-0.36,-0.04,0.57
6049,2017-09-25,10.93,10.93,10.74,10.76,8502,13352863.0,1.74,-1.56,-0.17,0.58
6050,2017-09-26,10.76,10.81,10.53,10.62,10109,15569960.0,2.6,-1.3,-0.14,0.69
6051,2017-09-27,10.62,10.74,10.57,10.72,7761,12023167.0,1.6,0.94,0.1,0.53
6052,2017-09-28,10.72,10.8,10.64,10.65,6579,10208812.0,1.49,-0.65,-0.07,0.45
6053,2017-09-29,10.65,10.77,10.65,10.74,8932,13851586.0,1.13,0.85,0.09,0.61
6054,2017-10-09,10.82,10.9,10.75,10.85,10643,16682229.0,1.4,1.02,0.11,0.72
6055,2017-10-10,10.82,11.05,10.8,11.04,15419,24371102.0,2.3,1.75,0.19,1.05
6056,2017-10-11,11.03,11.09,10.95,11.07,14577,23287116.0,1.27,0.27,0.03,0.99
6057,2017-10-12,11.08,11.08,10.94,11.06,9302,14818136.0,1.26,-0.09,-0.01,0.63
6058,2017-10-13,11.06,11.09,10.95,11.03,7261,11563721.0,1.27,-0.27,-0.03,0.49
6059,2017-10-16,11.03,11.05,10.8,10.87,17990,28355590.0,2.27,-1.45,-0.16,1.22
6060,2017-10-17,10.86,10.88,10.77,10.81,7246,11364798.0,1.01,-0.55,-0.06,0.49
6061,2017-10-18,10.86,10.87,10.62,10.62,10485,16313767.0,2.31,-1.76,-0.19,0.71
6062,2017-10-19,10.62,10.62,10.45,10.49,16655,25406594.0,1.6,-1.22,-0.13,1.13
6063,2017-10-20,10.49,10.7,10.45,10.67,10986,16876194.0,2.38,1.72,0.18,0.75
6064,2017-10-23,10.73,10.76,10.56,10.7,9782,15106616.0,1.87,0.28,0.03,0.66
6065,2017-10-24,10.7,10.76,10.5,10.62,11622,17892159.0,2.43,-0.75,-0.08,0.79
6066,2017-10-25,10.57,10.78,10.57,10.74,13168,20408276.0,1.98,1.13,0.12,0.89
6067,2017-10-26,10.72,10.9,10.67,10.9,12056,18850642.0,2.14,1.49,0.16,0.82
6068,2017-10-27,11.4,11.45,10.82,10.91,42806,68911795.0,5.78,0.09,0.01,2.91
6069,2017-10-30,10.8,10.8,10.47,10.52,24145,37002607.0,3.02,-3.57,-0.39,1.64
6070,2017-10-31,10.47,10.62,10.47,10.57,8591,13155719.0,1.43,0.48,0.05,0.58
6071,2017-11-01,10.62,10.62,10.52,10.57,11117,17009865.0,0.95,0.0,0.0,0.75
6072,2017-11-02,10.51,10.56,10.33,10.34,16658,25113456.0,2.18,-2.18,-0.23,1.13
6073,2017-11-03,10.32,10.41,10.22,10.29,10656,15925794.0,1.84,-0.48,-0.05,0.72
6074,2017-11-06,10.3,10.42,10.25,10.42,3107,4670271.0,1.65,1.26,0.13,0.21
6075,2017-11-07,10.43,10.46,10.35,10.46,4563,6890686.0,1.06,0.38,0.04,0.31
6076,2017-11-08,10.47,10.67,10.45,10.61,12953,19916955.0,2.1,1.43,0.15,0.88
6077,2017-11-09,10.62,10.65,10.57,10.62,10881,16737981.0,0.75,0.09,0.01,0.74
6078,2017-11-10,10.67,10.67,10.42,10.53,13361,20413775.0,2.35,-0.85,-0.09,0.91
6079,2017-11-13,10.52,10.52,10.32,10.45,9601,14471413.0,1.9,-0.76,-0.08,0.65
6080,2017-11-14,10.4,10.46,10.24,10.31,8722,13043187.0,2.11,-1.34,-0.14,0.59
6081,2017-11-15,10.35,10.39,10.22,10.35,5034,7522585.0,1.65,0.39,0.04,0.34
6082,2017-11-16,10.3,10.4,10.22,10.23,8625,12884443.0,1.74,-1.16,-0.12,0.59
6083,2017-11-17,10.23,10.23,9.85,9.87,29968,43365388.0,3.71,-3.52,-0.36,2.03
6084,2017-11-20,9.9,9.9,9.58,9.7,10483,14726745.0,3.24,-1.72,-0.17,0.71
6085,2017-11-21,9.67,9.73,9.58,9.65,16225,22724960.0,1.55,-0.52,-0.05,1.1
6086,2017-11-22,9.64,9.8,9.6,9.8,12592,17718189.0,2.07,1.55,0.15,0.85
6087,2017-11-23,9.7,9.82,9.67,9.72,6324,8944585.0,1.53,-0.82,-0.08,0.43
6088,2017-11-24,9.67,9.81,9.6,9.77,5820,8265637.0,2.16,0.51,0.05,0.4
6089,2017-11-27,9.8,9.82,9.7,9.76,3360,4756504.0,1.23,-0.1,-0.01,0.23
6090,2017-11-28,9.76,9.81,9.48,9.81,3809,5381426.0,3.38,0.51,0.05,0.26
6091,2017-11-29,9.77,9.77,9.59,9.67,4667,6538512.0,1.83,-1.43,-0.14,0.32
6092,2017-11-30,9.66,9.74,9.62,9.69,5589,7863584.0,1.24,0.21,0.02,0.38
6093,2017-12-01,9.67,9.79,9.65,9.76,3781,5341744.0,1.44,0.72,0.07,0.26
6094,2017-12-04,9.75,9.75,9.56,9.59,10116,14107897.0,1.95,-1.74,-0.17,0.69
6095,2017-12-05,9.62,9.62,9.09,9.14,9147,12387974.0,5.53,-4.69,-0.45,0.62
6096,2017-12-06,9.14,9.24,9.09,9.22,4988,6642235.0,1.64,0.88,0.08,0.34
6097,2017-12-07,9.2,9.22,9.12,9.22,3673,4912832.0,1.08,0.0,0.0,0.25
6098,2017-12-08,9.17,9.36,9.16,9.35,5568,7514101.0,2.17,1.41,0.13,0.38
6099,2017-12-11,9.31,9.43,9.31,9.41,3789,5168112.0,1.28,0.64,0.06,0.26
6100,2017-12-12,9.39,9.4,9.18,9.2,7028,9505961.0,2.34,-2.23,-0.21,0.48
6101,2017-12-13,9.24,9.3,9.18,9.27,3708,4983339.0,1.3,0.76,0.07,0.25
6102,2017-12-14,9.27,9.31,9.19,9.29,4683,6312469.0,1.29,0.22,0.02,0.32
6103,2017-12-15,9.3,9.44,9.26,9.4,6435,8744742.0,1.94,1.18,0.11,0.44
6104,2017-12-18,9.37,9.41,9.27,9.27,4248,5775121.0,1.49,-1.38,-0.13,0.29
6105,2017-12-19,9.22,9.38,9.22,9.38,2410,3276403.0,1.73,1.19,0.11,0.16
6106,2017-12-20,9.35,9.39,9.29,9.3,2599,3522849.0,1.07,-0.85,-0.08,0.18
6107,2017-12-21,9.27,9.35,9.15,9.35,5898,7960451.0,2.15,0.54,0.05,0.4
6108,2017-12-22,9.3,9.38,9.3,9.36,4435,6034677.0,0.86,0.11,0.01,0.3
6109,2017-12-25,9.37,9.37,9.14,9.16,3182,4268626.0,2.46,-2.14,-0.2,0.22
6110,2017-12-26,9.15,9.28,9.12,9.24,2052,2756502.0,1.75,0.87,0.08,0.14
6111,2017-12-27,9.18,9.28,9.13,9.23,2737,3674792.0,1.62,-0.11,-0.01,0.19
6112,2017-12-28,9.23,9.32,9.0,9.25,2848,3832836.0,3.47,0.22,0.02,0.19
6113,2017-12-29,9.22,9.35,9.17,9.35,2527,3412058.0,1.95,1.08,0.1,0.17
6114,2018-01-02,9.35,9.38,9.26,9.34,4451,6023985.0,1.28,-0.11,-0.01,0.3
6115,2018-01-03,9.3,9.4,9.3,9.4,3779,5146011.0,1.07,0.64,0.06,0.26
6116,2018-01-04,9.41,9.47,9.32,9.39,4681,6387282.0,1.6,-0.11,-0.01,0.32
6117,2018-01-05,9.37,9.43,9.32,9.4,3829,5230239.0,1.17,0.11,0.01,0.26
6118,2018-01-08,9.43,9.43,9.19,9.23,7864,10611488.0,2.55,-1.81,-0.17,0.53
6119,2018-01-09,9.21,9.4,9.2,9.3,6949,9396719.0,2.17,0.76,0.07,0.47
6120,2018-01-10,9.32,9.38,9.15,9.3,4715,6358174.0,2.47,0.0,0.0,0.32
6121,2018-01-11,9.22,9.97,9.22,9.65,26646,37256859.0,8.06,3.76,0.35,1.81
6122,2018-01-12,9.5,9.59,9.4,9.43,11279,15518508.0,1.97,-2.28,-0.22,0.77
6123,2018-01-15,9.43,9.43,9.13,9.13,9426,12674203.0,3.18,-3.18,-0.3,0.64
6124,2018-01-16,9.15,9.27,9.15,9.22,3900,5239035.0,1.31,0.99,0.09,0.26
6125,2018-01-17,9.24,9.27,9.14,9.2,4124,5524660.0,1.41,-0.22,-0.02,0.28
6126,2018-01-18,9.13,9.3,9.13,9.27,3401,4579042.0,1.85,0.76,0.07,0.23
6127,2018-01-19,9.27,9.31,9.17,9.24,3683,4953445.0,1.51,-0.32,-0.03,0.25
6128,2018-01-22,9.15,9.28,9.15,9.27,3380,4536298.0,1.41,0.32,0.03,0.23
6129,2018-01-23,9.27,9.3,9.18,9.23,3810,5128024.0,1.29,-0.43,-0.04,0.26
6130,2018-01-24,9.23,9.27,9.18,9.27,3702,4979435.0,0.98,0.43,0.04,0.25
6131,2018-01-25,9.28,9.43,9.27,9.35,9888,13476878.0,1.73,0.86,0.08,0.67
6132,2018-01-26,9.32,9.41,9.32,9.38,6082,8289853.0,0.96,0.32,0.03,0.41
6133,2018-01-29,9.38,9.44,9.29,9.35,3960,5404517.0,1.6,-0.32,-0.03,0.27
6134,2018-01-30,9.35,9.61,9.35,9.51,8846,12227661.0,2.78,1.71,0.16,0.6
6135,2018-01-31,9.44,9.54,9.22,9.23,5110,6934137.0,3.36,-2.94,-0.28,0.35
6136,2018-02-01,9.2,9.28,8.77,8.8,6311,8301865.0,5.53,-4.66,-0.43,0.43
6137,2018-02-02,8.56,8.96,8.42,8.7,6489,8255017.0,6.14,-1.14,-0.1,0.44
6138,2018-02-05,8.79,8.89,8.7,8.85,8078,10367341.0,2.18,1.72,0.15,0.55
6139,2018-02-06,8.43,8.77,7.99,8.22,6159,7646671.0,8.81,-7.12,-0.63,0.42
6140,2018-02-07,8.31,8.63,7.85,8.6,9949,12122180.0,9.49,4.62,0.38,0.68
6141,2018-02-08,8.55,8.76,8.42,8.68,6469,8085295.0,3.95,0.93,0.08,0.44
6142,2018-02-09,8.55,8.6,8.32,8.53,3621,4472011.0,3.23,-1.73,-0.15,0.25
6143,2018-02-12,8.53,8.76,8.53,8.72,2824,3587793.0,2.7,2.23,0.19,0.19
6144,2018-02-13,8.7,8.72,8.51,8.62,3117,3937704.0,2.41,-1.15,-0.1,0.21
6145,2018-02-14,8.66,8.7,8.39,8.62,5464,6777081.0,3.6,0.0,0.0,0.37
6146,2018-02-22,8.62,8.71,8.49,8.7,8667,10866323.0,2.55,0.93,0.08,0.59
6147,2018-02-23,8.6,8.63,8.53,8.6,2354,2949736.0,1.15,-1.15,-0.1,0.16
6148,2018-02-26,8.62,8.85,8.62,8.8,10378,13275911.0,2.67,2.33,0.2,0.7
6149,2018-02-27,8.8,9.13,8.71,9.11,27048,35301800.0,4.77,3.52,0.31,1.84
6150,2018-02-28,9.37,9.37,8.92,9.01,36619,48934752.0,4.94,-1.1,-0.1,2.49
6151,2018-03-01,8.78,8.99,8.6,8.93,27020,34518805.0,4.33,-0.89,-0.08,1.83
6152,2018-03-02,8.72,8.93,8.7,8.91,13775,17723829.0,2.58,-0.22,-0.02,0.93
6153,2018-03-05,8.83,8.91,8.77,8.9,6467,8331120.0,1.57,-0.11,-0.01,0.44
6154,2018-03-06,8.9,8.92,8.82,8.9,11093,14335909.0,1.12,0.0,0.0,0.75
6155,2018-03-07,8.9,8.91,8.8,8.81,5660,7313600.0,1.24,-1.01,-0.09,0.38
6156,2018-03-08,8.8,8.87,8.77,8.8,15853,20366251.0,1.14,-0.11,-0.01,1.08
6157,2018-03-09,8.8,8.84,8.77,8.78,44517,57051341.0,0.8,-0.23,-0.02,3.02
6158,2018-03-12,8.8,8.84,8.78,8.83,21775,27979323.0,0.68,0.57,0.05,1.48
6159,2018-03-13,8.81,8.91,8.79,8.83,20151,26046649.0,1.36,0.0,0.0,1.37
6160,2018-03-14,8.83,8.85,8.7,8.79,17923,22934821.0,1.7,-0.45,-0.04,1.22
6161,2018-03-15,8.71,8.76,8.49,8.55,12559,15769602.0,3.07,-2.73,-0.24,0.85
6162,2018-03-16,8.54,8.67,8.29,8.65,11327,14110771.0,4.44,1.17,0.1,0.77
6163,2018-03-19,8.59,8.59,8.2,8.28,22645,27818722.0,4.51,-4.28,-0.37,1.54
6164,2018-03-20,8.26,8.28,8.15,8.25,29549,35476724.0,1.57,-0.36,-0.03,2.01
6165,2018-03-21,8.27,8.45,8.2,8.35,21460,26171199.0,3.03,1.21,0.1,1.46
6166,2018-03-22,8.35,8.44,8.28,8.41,33502,40982445.0,1.92,0.72,0.06,2.27
6167,2018-03-23,8.32,8.32,7.54,7.65,29110,33740127.0,9.27,-9.04,-0.76,1.98
6168,2018-03-26,7.56,8.1,7.48,8.02,29038,32812029.0,8.1,4.84,0.37,1.97
6169,2018-03-27,8.02,8.32,7.99,8.31,23052,27559205.0,4.11,3.62,0.29,1.56
6170,2018-03-28,8.2,8.4,8.15,8.32,16236,19703187.0,3.01,0.12,0.01,1.1
6171,2018-03-29,8.32,8.46,8.31,8.37,9337,11423801.0,1.8,0.6,0.05,0.63
6172,2018-03-30,8.37,8.43,8.32,8.4,8331,10218377.0,1.31,0.36,0.03,0.57
6173,2018-04-02,8.42,8.56,8.31,8.4,14251,17583218.0,2.98,0.0,0.0,0.97
6174,2018-04-03,8.24,8.43,8.24,8.42,6994,8516115.0,2.26,0.24,0.02,0.47
6175,2018-04-04,8.47,8.47,8.31,8.4,5247,6425763.0,1.9,-0.24,-0.02,0.36
6176,2018-04-09,8.38,8.4,8.27,8.35,7639,9289388.0,1.55,-0.6,-0.05,0.52
6177,2018-04-10,8.35,8.38,8.18,8.32,7952,9634339.0,2.4,-0.36,-0.03,0.54
6178,2018-04-11,8.32,8.49,8.27,8.45,7997,9839296.0,2.64,1.56,0.13,0.54
6179,2018-04-12,8.4,8.47,8.35,8.37,6633,8147172.0,1.42,-0.95,-0.08,0.45
6180,2018-04-13,8.37,8.45,8.3,8.4,8542,10444301.0,1.79,0.36,0.03,0.58
6181,2018-04-16,8.42,8.42,8.2,8.3,11119,13482052.0,2.62,-1.19,-0.1,0.75
6182,2018-04-17,8.32,8.39,8.13,8.22,22825,27643444.0,3.13,-0.96,-0.08,1.55
6183,2018-04-18,8.22,8.32,8.0,8.3,7540,9026533.0,3.89,0.97,0.08,0.51
6184,2018-04-19,8.26,8.34,8.22,8.3,4837,5860191.0,1.45,0.0,0.0,0.33
6185,2018-04-20,8.3,8.35,8.03,8.2,5993,7161496.0,3.86,-1.2,-0.1,0.41
6186,2018-04-23,8.02,8.16,7.92,8.15,14243,16785639.0,2.93,-0.61,-0.05,0.97
6187,2018-04-24,8.15,8.25,8.11,8.18,8694,10404569.0,1.72,0.37,0.03,0.59
6188,2018-04-25,8.18,8.25,8.06,8.2,6886,8233039.0,2.32,0.24,0.02,0.47
6189,2018-04-26,8.16,8.23,8.0,8.02,6985,8280606.0,2.8,-2.2,-0.18,0.47
6190,2018-04-27,8.02,8.12,7.92,8.08,10098,11849975.0,2.49,0.75,0.06,0.69
6191,2018-05-02,8.06,8.14,7.95,8.1,13719,16224392.0,2.35,0.25,0.02,0.93
6192,2018-05-03,8.09,8.12,8.0,8.09,4539,5366693.0,1.48,-0.12,-0.01,0.31
6193,2018-05-04,8.06,8.27,8.04,8.25,13930,16649981.0,2.84,1.98,0.16,0.95
6194,2018-05-07,8.31,8.32,8.17,8.3,13091,15836187.0,1.82,0.61,0.05,0.89
6195,2018-05-08,8.29,8.35,8.25,8.34,11559,14021650.0,1.2,0.48,0.04,0.78
6196,2018-05-09,8.34,8.4,8.28,8.35,8734,10659173.0,1.44,0.12,0.01,0.59
6197,2018-05-10,8.36,8.4,8.28,8.36,10917,13310550.0,1.44,0.12,0.01,0.74
6198,2018-05-11,8.38,8.38,8.27,8.28,11958,14521178.0,1.32,-0.96,-0.08,0.81
6199,2018-05-14,8.27,8.32,8.09,8.15,6835,8188162.0,2.78,-1.57,-0.13,0.46
6200,2018-05-15,8.12,8.32,8.06,8.31,11990,14398111.0,3.19,1.96,0.16,0.81
6201,2018-05-16,8.22,8.28,8.15,8.17,9624,11562479.0,1.56,-1.68,-0.14,0.65
6202,2018-05-17,8.12,8.15,8.03,8.12,6668,7895695.0,1.47,-0.61,-0.05,0.45
6203,2018-05-18,8.12,8.15,8.06,8.15,7484,8868619.0,1.11,0.37,0.03,0.51
6204,2018-05-21,8.16,8.3,8.15,8.22,18041,21693317.0,1.84,0.86,0.07,1.22
6205,2018-05-22,8.24,8.26,8.18,8.26,9031,10860708.0,0.97,0.49,0.04,0.61
6206,2018-05-23,8.25,8.25,8.15,8.15,8111,9728883.0,1.21,-1.33,-0.11,0.55
6207,2018-05-24,8.15,8.23,8.15,8.2,5648,6774868.0,0.98,0.61,0.05,0.38
6208,2018-05-25,8.12,8.23,8.09,8.14,7788,9318631.0,1.71,-0.73,-0.06,0.53
6209,2018-05-28,8.12,8.17,8.03,8.09,6691,7935161.0,1.72,-0.61,-0.05,0.45
6210,2018-05-29,7.94,8.11,7.64,7.73,13318,15385113.0,5.81,-4.45,-0.36,0.9
6211,2018-05-30,7.66,7.76,6.93,7.07,19003,20478676.0,10.74,-8.54,-0.66,1.29
6212,2018-05-31,7.17,7.52,7.15,7.47,16337,17707714.0,5.23,5.66,0.4,1.11
6213,2018-06-01,7.47,7.7,7.35,7.67,16480,18158875.0,4.69,2.68,0.2,1.12
6214,2018-06-04,7.59,7.67,7.38,7.6,15521,17135059.0,3.78,-0.91,-0.07,1.05
6215,2018-06-05,7.52,7.6,7.41,7.53,5157,5690539.0,2.5,-0.92,-0.07,0.35
6216,2018-06-06,7.53,7.57,7.42,7.45,7096,7771980.0,1.99,-1.06,-0.08,0.48
6217,2018-06-07,7.47,7.48,7.25,7.33,12887,13939880.0,3.09,-1.61,-0.12,0.87
6218,2018-06-08,7.37,7.38,7.15,7.35,13125,13999252.0,3.14,0.27,0.02,0.89
6219,2018-06-11,7.3,7.36,7.19,7.32,9958,10656818.0,2.31,-0.41,-0.03,0.68
6220,2018-06-12,7.3,7.33,7.15,7.32,7779,8292530.0,2.46,0.0,0.0,0.53
6221,2018-06-13,7.29,7.29,7.12,7.22,5820,6169215.0,2.32,-1.37,-0.1,0.39
6222,2018-06-14,7.13,7.27,7.06,7.12,8430,8852389.0,2.91,-1.39,-0.1,0.57
6223,2018-06-15,7.15,7.15,6.38,6.86,42692,43544139.0,10.81,-3.65,-0.26,2.9
6224,2018-06-19,6.72,6.72,6.14,6.14,34909,32331282.0,8.45,-10.5,-0.72,2.37
6225,2018-06-20,5.56,6.09,5.56,6.03,28818,24921531.0,8.63,-1.79,-0.11,1.96
6226,2018-06-21,5.81,5.96,5.59,5.63,29838,25672018.0,6.14,-6.63,-0.4,2.03
6227,2018-06-22,5.59,5.87,5.5,5.75,10429,8795755.0,6.57,2.13,0.12,0.71
6228,2018-06-25,5.81,5.85,5.64,5.71,8088,6917509.0,3.65,-0.7,-0.04,0.55
6229,2018-06-26,5.67,5.83,5.62,5.81,8144,6952231.0,3.68,1.75,0.1,0.55
6230,2018-06-27,5.82,5.94,5.75,5.81,8858,7630827.0,3.27,0.0,0.0,0.6
6231,2018-06-28,5.81,5.92,5.78,5.78,12081,10463751.0,2.41,-0.52,-0.03,0.82
6232,2018-06-29,5.8,6.0,5.77,5.95,11548,10073462.0,3.98,2.94,0.17,0.78
6233,2018-07-02,5.96,5.97,5.75,5.82,14236,12356078.0,3.7,-2.18,-0.13,0.97
6234,2018-07-03,5.77,5.96,5.77,5.95,12156,10557594.0,3.26,2.23,0.13,0.82
6235,2018-07-04,5.94,5.98,5.8,5.83,9706,8440758.0,3.03,-2.02,-0.12,0.66
6236,2018-07-05,5.79,5.87,5.62,5.66,7053,5996584.0,4.29,-2.92,-0.17,0.48
6237,2018-07-06,5.67,5.73,5.53,5.69,19552,16387248.0,3.53,0.53,0.03,1.33
6238,2018-07-09,5.66,5.97,5.66,5.96,23710,20599121.0,5.45,4.75,0.27,1.61
6239,2018-07-10,5.95,6.0,5.92,5.97,8721,7671718.0,1.34,0.17,0.01,0.59
6240,2018-07-11,5.92,5.92,5.76,5.8,18535,15951987.0,2.68,-2.85,-0.17,1.26
6241,2018-07-12,5.8,6.09,5.8,6.0,18026,15913764.0,5.0,3.45,0.2,1.22
6242,2018-07-13,6.01,6.22,5.96,6.22,14575,13127092.0,4.33,3.67,0.22,0.99
6243,2018-07-16,6.22,6.22,6.05,6.19,9868,8936552.0,2.73,-0.48,-0.03,0.67
6244,2018-07-17,6.19,6.26,6.12,6.25,9262,8467701.0,2.26,0.97,0.06,0.63
6245,2018-07-18,6.25,6.32,6.2,6.2,9139,8404596.0,1.92,-0.8,-0.05,0.62
6246,2018-07-19,6.16,6.24,6.05,6.12,6983,6324738.0,3.06,-1.29,-0.08,0.47
6247,2018-07-20,6.12,6.27,6.05,6.25,6987,6345046.0,3.59,2.12,0.13,0.47
6248,2018-07-23,6.23,6.28,6.14,6.26,6364,5833915.0,2.24,0.16,0.01,0.43
6249,2018-07-24,6.25,6.42,6.22,6.38,10860,10132391.0,3.19,1.92,0.12,0.74
6250,2018-07-25,6.38,6.71,6.32,6.62,33513,32350337.0,6.11,3.76,0.24,2.27
6251,2018-07-26,6.6,6.62,6.51,6.58,14029,13529883.0,1.66,-0.6,-0.04,0.95
6252,2018-07-27,6.58,6.6,6.46,6.47,11235,10761816.0,2.13,-1.67,-0.11,0.76
6253,2018-07-30,6.47,6.47,6.25,6.34,11066,10318392.0,3.4,-2.01,-0.13,0.75
6254,2018-07-31,6.25,6.46,6.25,6.43,6162,5794927.0,3.31,1.42,0.09,0.42
6255,2018-08-01,6.43,6.49,6.32,6.32,5972,5628218.0,2.64,-1.71,-0.11,0.41
6256,2018-08-02,6.35,6.37,5.82,6.1,13739,12340484.0,8.7,-3.48,-0.22,0.93
6257,2018-08-03,6.1,6.49,5.97,6.37,30476,28462923.0,8.52,4.43,0.27,2.07
6258,2018-08-06,6.37,7.05,6.32,7.02,127507,127843036.0,11.46,10.2,0.65,8.65
6259,2018-08-07,6.8,6.87,6.5,6.82,75046,73687651.0,5.27,-2.85,-0.2,5.09
6260,2018-08-08,6.75,6.75,6.41,6.46,47977,46231275.0,4.99,-5.28,-0.36,3.26
6261,2018-08-09,6.47,6.55,6.39,6.47,43104,41062979.0,2.48,0.15,0.01,2.93
6262,2018-08-10,6.44,6.48,6.24,6.29,34950,32711384.0,3.71,-2.78,-0.18,2.37
6263,2018-08-13,6.2,6.22,6.01,6.2,19689,17781848.0,3.34,-1.43,-0.09,1.34
6264,2018-08-14,6.2,6.23,6.15,6.22,14165,12924460.0,1.29,0.32,0.02,0.96
6265,2018-08-15,6.22,6.22,6.03,6.04,13375,12035849.0,3.05,-2.89,-0.18,0.91
6266,2018-08-16,5.96,6.08,5.9,5.98,10024,8898486.0,2.98,-0.99,-0.06,0.68
6267,2018-08-17,6.02,6.07,5.8,5.83,11402,10057037.0,4.52,-2.51,-0.15,0.77
6268,2018-08-20,5.82,5.92,5.77,5.88,7530,6516423.0,2.57,0.86,0.05,0.51
6269,2018-08-21,5.86,6.06,5.86,6.0,9853,8695089.0,3.4,2.04,0.12,0.67
6270,2018-08-22,5.95,6.0,5.92,5.93,5060,4448445.0,1.33,-1.17,-0.07,0.34
6271,2018-08-23,5.95,6.13,5.93,6.1,11325,10102655.0,3.37,2.87,0.17,0.77
6272,2018-08-24,6.07,6.28,6.06,6.21,22721,20721164.0,3.61,1.8,0.11,1.54
6273,2018-08-27,6.19,6.25,6.16,6.22,8987,8224571.0,1.45,0.16,0.01,0.61
6274,2018-08-28,6.21,6.3,6.16,6.26,15141,13860278.0,2.25,0.64,0.04,1.03
6275,2018-08-29,6.23,6.25,6.16,6.16,5035,4590336.0,1.44,-1.6,-0.1,0.34
6276,2018-08-30,6.21,6.31,6.1,6.2,17256,15835022.0,3.41,0.65,0.04,1.17
6277,2018-08-31,6.17,6.32,6.05,6.2,19956,18325445.0,4.35,0.0,0.0,1.35
6278,2018-09-03,6.15,6.22,6.0,6.1,7625,6861190.0,3.55,-1.61,-0.1,0.52
6279,2018-09-04,6.11,6.19,6.07,6.16,6267,5668556.0,1.97,0.98,0.06,0.43
6280,2018-09-05,6.17,6.21,6.04,6.05,7840,7096170.0,2.76,-1.79,-0.11,0.53
6281,2018-09-06,6.08,6.15,6.03,6.05,6891,6190326.0,1.98,0.0,0.0,0.47
6282,2018-09-07,6.09,6.2,6.05,6.07,7179,6471275.0,2.48,0.33,0.02,0.49
6283,2018-09-10,6.13,6.13,5.87,5.87,10127,8948804.0,4.28,-3.29,-0.2,0.69
6284,2018-09-11,5.95,6.0,5.88,5.96,4985,4371543.0,2.04,1.53,0.09,0.34
6285,2018-09-12,5.96,6.07,5.9,6.05,6223,5530416.0,2.85,1.51,0.09,0.42
6286,2018-09-13,6.06,6.25,6.05,6.1,12748,11502530.0,3.31,0.83,0.05,0.87
6287,2018-09-14,6.12,6.15,6.08,6.1,9459,8529365.0,1.15,0.0,0.0,0.64
6288,2018-09-17,6.1,6.12,6.0,6.0,5924,5279390.0,1.97,-1.64,-0.1,0.4
6289,2018-09-18,6.0,6.12,5.99,6.11,7366,6601227.0,2.17,1.83,0.11,0.5
6290,2018-09-19,6.1,6.24,6.07,6.18,12001,10927549.0,2.78,1.15,0.07,0.81
6291,2018-09-20,6.12,6.22,6.12,6.19,7387,6722064.0,1.62,0.16,0.01,0.5
6292,2018-09-21,6.2,6.24,6.15,6.2,8561,7822797.0,1.45,0.16,0.01,0.58
6293,2018-09-25,6.2,6.35,6.17,6.28,12886,11904162.0,2.9,1.29,0.08,0.87
6294,2018-09-26,6.28,6.33,6.25,6.27,6406,5928720.0,1.27,-0.16,-0.01,0.43
6295,2018-09-27,6.27,6.28,6.13,6.17,9241,8454703.0,2.39,-1.59,-0.1,0.63
6296,2018-09-28,6.17,6.28,6.12,6.26,9033,8289271.0,2.59,1.46,0.09,0.61
6297,2018-10-08,6.25,6.25,5.93,6.07,7962,7200000.0,5.11,-3.04,-0.19,0.54
6298,2018-10-09,6.12,6.17,6.07,6.15,4961,4483738.0,1.65,1.32,0.08,0.34
6299,2018-10-10,6.15,6.22,6.14,6.17,6960,6343055.0,1.3,0.33,0.02,0.47
6300,2018-10-11,6.11,6.13,5.52,5.54,20942,17714985.0,9.89,-10.21,-0.63,1.42
6301,2018-10-12,5.55,5.6,5.19,5.51,16524,13388723.0,7.4,-0.54,-0.03,1.12
6302,2018-10-15,5.51,5.57,5.42,5.47,8245,6715544.0,2.72,-0.73,-0.04,0.56
6303,2018-10-16,5.47,5.52,5.27,5.28,7483,5982764.0,4.57,-3.47,-0.19,0.51
6304,2018-10-17,5.36,5.6,5.2,5.52,17079,13762889.0,7.58,4.55,0.24,1.16
6305,2018-10-18,5.52,5.52,5.25,5.37,13449,10701005.0,4.89,-2.72,-0.15,0.91
6306,2018-10-19,5.28,5.45,5.21,5.42,8100,6445471.0,4.47,0.93,0.05,0.55
6307,2018-10-22,5.75,5.9,5.6,5.8,16599,14107637.0,5.54,7.01,0.38,1.13
6308,2018-10-23,5.8,6.02,5.77,5.92,20671,18026892.0,4.31,2.07,0.12,1.4
6309,2018-10-24,5.92,6.12,5.83,6.03,24284,21563064.0,4.9,1.86,0.11,1.65
6310,2018-10-25,5.89,5.93,5.77,5.85,18072,15602366.0,2.65,-2.99,-0.18,1.23
6311,2018-10-26,5.87,6.0,5.85,5.88,11073,9678037.0,2.56,0.51,0.03,0.75
6312,2018-10-29,5.92,5.94,5.82,5.84,6590,5708255.0,2.04,-0.68,-0.04,0.45
6313,2018-10-30,5.82,5.95,5.72,5.87,8526,7358060.0,3.94,0.51,0.03,0.58
6314,2018-10-31,5.84,6.01,5.83,5.97,15089,13226557.0,3.07,1.7,0.1,1.02
6315,2018-11-01,6.0,6.02,5.94,5.97,13817,12190963.0,1.34,0.0,0.0,0.94
6316,2018-11-02,6.0,6.23,5.97,6.13,18470,16675368.0,4.36,2.68,0.16,1.25
6317,2018-11-05,6.13,6.22,6.04,6.15,19430,17579644.0,2.94,0.33,0.02,1.32
6318,2018-11-06,6.15,6.15,5.97,6.07,13122,11726187.0,2.93,-1.3,-0.08,0.89
6319,2018-11-07,6.07,6.19,6.03,6.07,12820,11563231.0,2.64,0.0,0.0,0.87
6320,2018-11-08,6.1,6.26,6.09,6.2,15898,14508646.0,2.8,2.14,0.13,1.08
6321,2018-11-09,6.23,6.24,6.12,6.17,11666,10642580.0,1.94,-0.48,-0.03,0.79
6322,2018-11-12,6.16,6.42,6.14,6.4,18056,16796784.0,4.54,3.73,0.23,1.23
6323,2018-11-13,6.32,6.66,6.32,6.6,38101,36643267.0,5.31,3.13,0.2,2.59
6324,2018-11-14,6.6,6.6,6.43,6.46,24128,23023851.0,2.58,-2.12,-0.14,1.64
6325,2018-11-15,6.45,6.51,6.4,6.47,22504,21420843.0,1.7,0.15,0.01,1.53
6326,2018-11-16,6.5,6.76,6.43,6.71,44156,43026433.0,5.1,3.71,0.24,3.0
6327,2018-11-19,6.72,6.88,6.68,6.87,29761,29636144.0,2.98,2.38,0.16,2.02
6328,2018-11-20,6.81,7.22,6.63,6.64,31305,31220012.0,8.59,-3.35,-0.23,2.12
6329,2018-11-21,6.6,6.77,6.56,6.75,14402,14098288.0,3.16,1.66,0.11,0.98
6330,2018-11-22,6.75,6.8,6.65,6.69,16039,15771739.0,2.22,-0.89,-0.06,1.09
6331,2018-11-23,6.73,6.74,6.32,6.35,21152,20095833.0,6.28,-5.08,-0.34,1.44
6332,2018-11-26,6.32,6.46,6.26,6.35,12230,11484691.0,3.15,0.0,0.0,0.83
6333,2018-11-27,6.37,6.56,6.36,6.54,14970,14231459.0,3.15,2.99,0.19,1.02
6334,2018-11-28,6.5,6.54,6.37,6.49,14887,14116113.0,2.6,-0.76,-0.05,1.01
6335,2018-11-29,6.53,6.53,6.31,6.33,12412,11727022.0,3.39,-2.47,-0.16,0.84
6336,2018-11-30,6.33,6.38,6.26,6.3,8621,8024549.0,1.9,-0.47,-0.03,0.59
6337,2018-12-03,6.45,6.5,6.39,6.48,9369,8900047.0,1.75,2.86,0.18,0.64
6338,2018-12-04,6.47,6.53,6.44,6.52,9757,9304191.0,1.39,0.62,0.04,0.66
6339,2018-12-05,6.42,6.49,6.32,6.42,11267,10607682.0,2.61,-1.53,-0.1,0.76
6340,2018-12-06,6.46,6.46,6.27,6.37,6724,6276406.0,2.96,-0.78,-0.05,0.46
6341,2018-12-07,6.37,6.42,6.32,6.37,5265,4931296.0,1.57,0.0,0.0,0.36
6342,2018-12-10,6.25,6.35,6.2,6.3,6336,5831560.0,2.35,-1.1,-0.07,0.43
6343,2018-12-11,6.28,6.34,6.25,6.32,6433,5971252.0,1.43,0.32,0.02,0.44
6344,2018-12-12,6.3,6.37,6.26,6.35,7528,6999092.0,1.74,0.47,0.03,0.51
6345,2018-12-13,6.52,6.75,6.46,6.5,27103,26159503.0,4.57,2.36,0.15,1.84
6346,2018-12-14,6.38,6.43,6.2,6.22,21462,19962058.0,3.54,-4.31,-0.28,1.46
6347,2018-12-17,6.25,6.25,5.97,6.02,13948,12512055.0,4.5,-3.22,-0.2,0.95
6348,2018-12-18,6.03,6.1,5.96,6.07,10793,9614437.0,2.33,0.83,0.05,0.73
6349,2018-12-19,6.07,6.07,5.89,5.95,10760,9471786.0,2.97,-1.98,-0.12,0.73
6350,2018-12-20,5.89,6.02,5.86,5.95,10345,9076537.0,2.69,0.0,0.0,0.7
6351,2018-12-21,5.89,5.95,5.84,5.92,3720,3241404.0,1.85,-0.5,-0.03,0.25
6352,2018-12-24,5.95,6.12,5.95,6.07,10374,9286135.0,2.87,2.53,0.15,0.7
6353,2018-12-25,6.03,6.15,5.95,6.12,13297,11853995.0,3.29,0.82,0.05,0.9
6354,2018-12-26,6.1,6.45,6.1,6.37,27706,25853055.0,5.72,4.08,0.25,1.88
6355,2018-12-27,6.45,6.66,6.45,6.55,45179,43699764.0,3.3,2.83,0.18,3.07
6356,2018-12-28,6.57,6.63,6.48,6.62,27374,26449129.0,2.29,1.07,0.07,1.86
6357,2019-01-02,7.32,7.32,7.32,7.32,12613,13495964.0,0.0,10.57,0.7,0.86
6358,2019-01-03,7.64,7.87,6.96,7.09,132388,145307528.0,12.43,-3.14,-0.23,8.98
6359,2019-01-04,6.53,6.86,6.49,6.73,96042,93674402.0,5.22,-5.08,-0.36,6.52
6360,2019-01-07,6.76,6.79,6.65,6.77,63589,62840637.0,2.08,0.59,0.04,4.32
6361,2019-01-08,6.78,6.95,6.66,6.68,36608,36335426.0,4.28,-1.33,-0.09,2.48
6362,2019-01-09,6.67,6.75,6.55,6.63,35459,34777990.0,2.99,-0.75,-0.05,2.41
6363,2019-01-10,6.65,6.72,6.55,6.57,20655,20152146.0,2.56,-0.9,-0.06,1.4
6364,2019-01-11,6.59,6.68,6.55,6.64,20137,19536311.0,1.98,1.07,0.07,1.37
6365,2019-01-14,6.8,7.0,6.65,6.89,74213,74666027.0,5.27,3.77,0.25,5.04
6366,2019-01-15,6.72,6.82,6.7,6.76,38341,37949199.0,1.74,-1.89,-0.13,2.6
6367,2019-01-16,6.81,6.81,6.69,6.69,23208,22905344.0,1.78,-1.04,-0.07,1.58
6368,2019-01-17,6.69,6.69,6.52,6.56,21591,20877891.0,2.54,-1.94,-0.13,1.47
6369,2019-01-18,6.57,6.65,6.52,6.63,15433,14976091.0,1.98,1.07,0.07,1.05
6370,2019-01-21,6.66,6.66,6.57,6.58,10546,10233505.0,1.36,-0.75,-0.05,0.72
6371,2019-01-22,6.7,6.7,6.57,6.6,10389,10126172.0,1.98,0.3,0.02,0.71
6372,2019-01-23,6.55,6.6,6.52,6.54,12039,11580796.0,1.21,-0.91,-0.06,0.82
6373,2019-01-24,6.53,6.61,6.52,6.56,11169,10772639.0,1.38,0.31,0.02,0.76
6374,2019-01-25,6.55,6.59,6.54,6.54,8324,8021709.0,0.76,-0.3,-0.02,0.56
6375,2019-01-28,6.55,6.75,6.55,6.67,16389,15989849.0,3.06,1.99,0.13,1.11
6376,2019-01-29,6.65,6.78,6.47,6.53,18693,18051518.0,4.65,-2.1,-0.14,1.27
6377,2019-01-30,6.51,6.55,6.26,6.29,10944,10362124.0,4.44,-3.68,-0.24,0.74
6378,2019-01-31,6.29,6.35,6.14,6.17,11267,10378982.0,3.34,-1.91,-0.12,0.76
6379,2019-02-01,6.18,6.45,6.18,6.43,12673,11869811.0,4.38,4.21,0.26,0.86
6380,2019-02-11,6.43,6.6,6.39,6.59,13726,13217272.0,3.27,2.49,0.16,0.93
6381,2019-02-12,6.62,6.69,6.6,6.66,15890,15533232.0,1.37,1.06,0.07,1.08
6382,2019-02-13,6.68,6.75,6.62,6.67,22888,22426335.0,1.95,0.15,0.01,1.55
6383,2019-02-14,6.71,6.75,6.66,6.72,19823,19489036.0,1.35,0.75,0.05,1.35
6384,2019-02-15,6.73,6.73,6.66,6.67,12645,12422570.0,1.04,-0.74,-0.05,0.86
6385,2019-02-18,6.69,6.87,6.67,6.87,24249,24176474.0,3.0,3.0,0.2,1.65
6386,2019-02-19,6.86,6.91,6.8,6.87,26726,26866918.0,1.6,0.0,0.0,1.81
6387,2019-02-20,6.91,7.15,6.84,7.07,37176,38232076.0,4.51,2.91,0.2,2.52
6388,2019-02-21,7.02,7.08,6.9,6.97,22051,22563686.0,2.55,-1.41,-0.1,1.5
6389,2019-02-22,6.95,7.14,6.9,7.1,19356,19947653.0,3.44,1.87,0.13,1.31
6390,2019-02-25,7.53,7.53,7.15,7.35,29511,31551383.0,5.35,3.52,0.25,2.0
6391,2019-02-26,7.42,7.52,7.23,7.4,39765,42764365.0,3.95,0.68,0.05,2.7
6392,2019-02-27,7.32,7.5,7.29,7.35,24856,26862525.0,2.84,-0.68,-0.05,1.69
6393,2019-02-28,7.35,7.41,7.3,7.35,15890,17082322.0,1.5,0.0,0.0,1.08
6394,2019-03-01,7.35,7.44,7.32,7.39,12892,13899760.0,1.63,0.54,0.04,0.87
6395,2019-03-04,7.4,7.64,7.38,7.54,29501,32466163.0,3.52,2.03,0.15,2.0
6396,2019-03-05,7.54,7.68,7.46,7.67,21465,23763572.0,2.92,1.72,0.13,1.46
6397,2019-03-06,7.67,7.87,7.64,7.82,15709,17755138.0,3.0,1.96,0.15,1.07
6398,2019-03-07,7.82,8.35,7.65,8.22,55486,64003272.0,8.95,5.12,0.4,3.77
6399,2019-03-08,8.03,8.31,7.6,7.64,44141,51391981.0,8.64,-7.06,-0.58,3.0
6400,2019-03-11,7.6,8.02,7.47,7.95,34195,38724751.0,7.2,4.06,0.31,2.32
6401,2019-03-12,7.96,8.1,7.88,7.97,32340,37789825.0,2.77,0.25,0.02,2.19
6402,2019-03-13,8.04,8.06,7.7,7.75,18684,21441484.0,4.52,-2.76,-0.22,1.27
6403,2019-03-14,7.75,7.81,7.41,7.58,17232,19052829.0,5.16,-2.19,-0.17,1.17
6404,2019-03-15,7.58,7.85,7.58,7.76,16824,19001156.0,3.56,2.37,0.18,1.14
6405,2019-03-18,7.61,7.88,7.61,7.85,19070,21626590.0,3.48,1.16,0.09,1.29
6406,2019-03-19,7.82,7.97,7.79,7.87,17235,19867078.0,2.29,0.25,0.02,1.17
6407,2019-03-20,7.92,7.98,7.62,7.92,19166,22127458.0,4.57,0.64,0.05,1.3
6408,2019-03-21,7.95,8.17,7.9,8.15,20071,23464239.0,3.41,2.9,0.23,1.36
6409,2019-03-22,8.07,8.2,7.97,8.2,15668,18472610.0,2.82,0.61,0.05,1.06
6410,2019-03-25,8.08,8.39,7.97,8.18,21802,26182120.0,5.12,-0.24,-0.02,1.48
6411,2019-03-26,8.25,8.25,7.84,7.89,16397,19133652.0,5.01,-3.55,-0.29,1.11
6412,2019-03-27,7.92,7.96,7.61,7.7,21403,24062890.0,4.44,-2.41,-0.19,1.45
6413,2019-03-28,7.67,7.82,7.6,7.64,12428,13991307.0,2.86,-0.78,-0.06,0.84
6414,2019-03-29,7.64,7.88,7.53,7.86,12924,14606680.0,4.58,2.88,0.22,0.88
6415,2019-04-01,8.15,8.37,8.01,8.3,32493,39116237.0,4.58,5.6,0.44,2.21
6416,2019-04-02,8.25,8.37,8.12,8.2,24257,29126637.0,3.01,-1.2,-0.1,1.65
6417,2019-04-03,8.2,8.51,8.1,8.47,29187,35574598.0,5.0,3.29,0.27,1.98
6418,2019-04-04,8.48,8.55,8.26,8.38,18792,22859489.0,3.42,-1.06,-0.09,1.28
6419,2019-04-08,8.38,8.43,8.1,8.19,20177,24215155.0,3.94,-2.27,-0.19,1.37
6420,2019-04-09,8.22,8.31,8.13,8.22,15263,18246172.0,2.2,0.37,0.03,1.04
6421,2019-04-10,8.25,8.33,8.22,8.3,18307,22040939.0,1.34,0.97,0.08,1.24
6422,2019-04-11,8.29,8.35,8.11,8.15,13908,16694015.0,2.89,-1.81,-0.15,0.94
6423,2019-04-12,8.14,8.37,8.14,8.3,14012,16891726.0,2.82,1.84,0.15,0.95
6424,2019-04-15,8.31,8.4,8.25,8.27,18673,22653883.0,1.81,-0.36,-0.03,1.27
6425,2019-04-16,8.26,8.3,7.94,8.27,23504,27698977.0,4.35,0.0,0.0,1.6
6426,2019-04-17,8.25,8.4,8.15,8.36,24282,29374586.0,3.02,1.09,0.09,1.65
6427,2019-04-18,8.38,8.4,8.2,8.27,15543,18805272.0,2.39,-1.08,-0.09,1.05
6428,2019-04-19,8.26,8.31,8.1,8.27,13796,16497010.0,2.54,0.0,0.0,0.94
6429,2019-04-22,8.32,8.33,8.11,8.17,12040,14376511.0,2.66,-1.21,-0.1,0.82
6430,2019-04-23,8.16,8.16,7.77,7.77,15312,17798531.0,4.77,-4.9,-0.4,1.04
6431,2019-04-24,7.78,8.15,7.75,8.13,17191,19940048.0,5.15,4.63,0.36,1.17
6432,2019-04-25,8.12,8.14,7.65,7.69,18750,21684272.0,6.03,-5.41,-0.44,1.27
6433,2019-04-26,7.69,7.8,7.61,7.63,13696,15389741.0,2.47,-0.78,-0.06,0.93
6434,2019-04-29,7.63,7.71,7.17,7.19,17519,18804810.0,7.08,-5.77,-0.44,1.19
6435,2019-04-30,7.27,7.27,7.11,7.19,12201,12851029.0,2.23,0.0,0.0,0.83
6436,2019-05-06,7.02,7.1,6.53,6.75,19354,19407508.0,7.93,-6.12,-0.44,1.31
6437,2019-05-07,6.76,6.97,6.62,6.97,13122,13202541.0,5.19,3.26,0.22,0.89
6438,2019-05-08,6.94,7.01,6.75,6.95,8203,8318526.0,3.73,-0.29,-0.02,0.56
6439,2019-05-09,6.82,6.92,6.75,6.78,10639,10643653.0,2.45,-2.45,-0.17,0.72
6440,2019-05-10,6.82,7.45,6.79,7.15,15422,16001195.0,9.73,5.46,0.37,1.05
6441,2019-05-13,7.17,7.17,6.82,6.89,28540,28991306.0,4.9,-3.64,-0.26,1.94
6442,2019-05-14,6.85,7.02,6.8,6.92,12425,12566369.0,3.19,0.44,0.03,0.84
6443,2019-05-15,6.94,7.1,6.84,7.0,15321,15801881.0,3.76,1.16,0.08,1.04
6444,2019-05-16,7.05,7.2,7.0,7.15,9885,10301069.0,2.86,2.14,0.15,0.67
6445,2019-05-17,7.21,7.21,6.85,6.9,15820,16291621.0,5.03,-3.5,-0.25,1.07
6446,2019-05-20,6.95,6.95,6.7,6.92,8116,8104253.0,3.62,0.29,0.02,0.55
6447,2019-05-21,6.9,7.02,6.86,6.99,6653,6785017.0,2.31,1.01,0.07,0.45
6448,2019-05-22,6.98,7.03,6.9,6.98,5759,5884897.0,1.86,-0.14,-0.01,0.39
6449,2019-05-23,7.05,7.05,6.72,6.85,5945,5974361.0,4.73,-1.86,-0.13,0.4
6450,2019-05-24,6.85,6.91,6.76,6.89,5093,5136198.0,2.19,0.58,0.04,0.35
6451,2019-05-27,6.75,7.05,6.75,7.04,6902,7058468.0,4.35,2.18,0.15,0.47
6452,2019-05-28,7.02,7.1,6.95,7.05,6139,6332842.0,2.13,0.14,0.01,0.42
6453,2019-05-29,7.05,7.08,6.97,7.07,3430,3533948.0,1.56,0.28,0.02,0.23
6454,2019-05-30,7.07,7.07,6.89,7.04,5026,5134787.0,2.55,-0.42,-0.03,0.34
6455,2019-05-31,7.04,7.12,7.0,7.02,5401,5586339.0,1.7,-0.28,-0.02,0.37
6456,2019-06-03,7.02,7.1,7.01,7.03,9603,9916845.0,1.28,0.14,0.01,0.65
6457,2019-06-04,7.02,7.22,6.94,7.2,14110,14652481.0,3.98,2.42,0.17,0.96
6458,2019-06-05,7.2,7.38,7.11,7.33,11951,12725074.0,3.75,1.81,0.13,0.81
6459,2019-06-06,7.26,7.32,7.04,7.09,6836,7181831.0,3.82,-3.27,-0.24,0.46
6460,2019-06-10,7.09,7.35,6.89,7.34,9740,10246266.0,6.49,3.53,0.25,0.66
6461,2019-06-11,7.35,7.6,7.29,7.6,20451,22359068.0,4.22,3.54,0.26,1.39
6462,2019-06-12,7.6,7.6,7.43,7.44,11416,12484293.0,2.24,-2.11,-0.16,0.77
6463,2019-06-13,7.5,7.5,7.38,7.45,6263,6806403.0,1.61,0.13,0.01,0.43
6464,2019-06-14,7.48,7.49,7.23,7.26,6434,6921910.0,3.49,-2.55,-0.19,0.44
6465,2019-06-17,7.2,7.47,7.2,7.4,5400,5813569.0,3.72,1.93,0.14,0.37
6466,2019-06-18,7.48,7.48,7.26,7.28,3530,3782980.0,2.97,-1.62,-0.12,0.24
6467,2019-06-19,7.47,7.53,7.39,7.41,5665,6162091.0,1.92,1.79,0.13,0.38
6468,2019-06-20,7.47,7.51,7.34,7.47,7580,8239385.0,2.29,0.81,0.06,0.51
6469,2019-06-21,7.53,7.75,7.53,7.75,20607,23142242.0,2.95,3.75,0.28,1.4
6470,2019-06-24,7.69,7.81,7.64,7.75,17232,19485040.0,2.19,0.0,0.0,1.17
6471,2019-06-25,7.74,7.74,7.45,7.57,10698,11851601.0,3.74,-2.32,-0.18,0.73
6472,2019-06-26,7.54,7.68,7.48,7.65,6759,7519743.0,2.64,1.06,0.08,0.46
6473,2019-06-27,7.71,7.71,7.52,7.54,8015,8853907.0,2.48,-1.44,-0.11,0.54
6474,2019-06-28,7.55,7.57,7.33,7.42,6356,6876948.0,3.18,-1.59,-0.12,0.43
6475,2019-07-01,7.43,8.02,7.43,7.92,29758,33525413.0,7.95,6.74,0.5,2.02
6476,2019-07-02,7.92,8.4,7.73,8.0,36951,43021075.0,8.46,1.01,0.08,2.51
6477,2019-07-03,7.82,8.83,7.69,7.9,29303,33807691.0,14.25,-1.25,-0.1,1.99
6478,2019-07-04,7.9,8.19,7.78,7.82,18267,21118525.0,5.19,-1.01,-0.08,1.24
6479,2019-07-05,7.83,7.86,7.62,7.85,10620,11948641.0,3.07,0.38,0.03,0.72
6480,2019-07-08,7.81,7.81,7.22,7.62,9061,10051279.0,7.52,-2.93,-0.23,0.61
6481,2019-07-09,7.57,7.72,7.5,7.63,4185,4646578.0,2.89,0.13,0.01,0.28
6482,2019-07-10,7.7,7.7,7.51,7.59,3302,3649026.0,2.49,-0.52,-0.04,0.22
6483,2019-07-11,7.63,7.68,7.5,7.62,2749,3051689.0,2.37,0.4,0.03,0.19
6484,2019-07-12,7.57,7.67,7.57,7.64,3858,4280387.0,1.31,0.26,0.02,0.26
6485,2019-07-15,7.58,7.72,7.51,7.7,4273,4766154.0,2.75,0.79,0.06,0.29
6486,2019-07-16,7.7,7.74,7.65,7.7,3823,4273391.0,1.17,0.0,0.0,0.26
6487,2019-07-17,7.7,7.82,7.7,7.73,5020,5657444.0,1.56,0.39,0.03,0.34
6488,2019-07-18,7.77,7.77,7.55,7.63,6458,7147593.0,2.85,-1.29,-0.1,0.44
6489,2019-07-19,7.57,7.74,7.57,7.65,2469,2743872.0,2.23,0.26,0.02,0.17
6490,2019-07-22,7.69,7.7,7.4,7.45,4303,4685493.0,3.92,-2.61,-0.2,0.29
6491,2019-07-23,8.23,8.23,8.23,8.23,38744,46260384.0,0.0,10.47,0.78,2.63
6492,2019-07-24,8.28,8.57,8.25,8.4,88711,108059423.0,3.89,2.07,0.17,6.02
6493,2019-07-25,8.33,8.42,8.3,8.36,41663,50440145.0,1.43,-0.48,-0.04,2.83
6494,2019-07-26,8.4,8.53,8.35,8.47,40373,49373849.0,2.15,1.32,0.11,2.74
6495,2019-07-29,8.45,8.5,8.4,8.5,28341,34661866.0,1.18,0.35,0.03,1.92
6496,2019-07-30,8.5,8.52,8.45,8.46,32443,39877651.0,0.82,-0.47,-0.04,2.2
6497,2019-07-31,8.48,8.48,8.41,8.46,18729,22896951.0,0.83,0.0,0.0,1.27
6498,2019-08-01,8.45,8.47,8.41,8.46,15253,18650397.0,0.71,0.0,0.0,1.04
6499,2019-08-02,8.42,8.46,8.41,8.45,23641,28886959.0,0.59,-0.12,-0.01,1.6
6500,2019-08-05,8.44,8.45,8.42,8.45,10668,13048210.0,0.36,0.0,0.0,0.72
6501,2019-08-06,8.42,8.45,8.36,8.41,22429,27301368.0,1.07,-0.47,-0.04,1.52
6502,2019-08-07,8.45,8.45,8.4,8.42,11204,13665794.0,0.59,0.12,0.01,0.76
6503,2019-08-08,8.42,8.45,8.41,8.43,11815,14439916.0,0.48,0.12,0.01,0.8
6504,2019-08-09,8.43,8.45,8.4,8.42,18605,22689428.0,0.59,-0.12,-0.01,1.26
6505,2019-08-12,8.42,8.42,8.4,8.41,12475,15207476.0,0.24,-0.12,-0.01,0.85
6506,2019-08-13,8.42,8.42,8.4,8.41,10873,13253068.0,0.24,0.0,0.0,0.74
6507,2019-08-14,8.42,8.42,8.4,8.4,10223,12465274.0,0.24,-0.12,-0.01,0.69
6508,2019-08-15,8.4,8.42,8.4,8.42,10922,13314271.0,0.24,0.24,0.02,0.74
6509,2019-08-16,8.42,8.44,8.4,8.44,17729,21628342.0,0.48,0.24,0.02,1.2
6510,2019-08-19,8.43,8.45,8.41,8.45,18423,22510038.0,0.47,0.12,0.01,1.25
6511,2019-08-20,8.44,8.54,8.43,8.49,20691,25403181.0,1.3,0.47,0.04,1.4
6512,2019-08-21,8.47,8.47,8.42,8.45,27281,33372450.0,0.59,-0.47,-0.04,1.85
6513,2019-08-22,8.45,8.45,8.41,8.42,22071,26941824.0,0.47,-0.36,-0.03,1.5
6514,2019-08-23,8.37,8.37,8.11,8.2,75901,90205893.0,3.09,-2.61,-0.22,5.15
6515,2019-08-26,7.96,8.1,7.92,7.98,40828,47373898.0,2.2,-2.68,-0.22,2.77
6516,2019-08-28,7.47,7.73,7.47,7.63,52246,58006143.0,3.26,-4.39,-0.35,3.55
6517,2019-08-29,7.63,7.67,7.45,7.55,20296,22351665.0,2.88,-1.05,-0.08,1.38
6518,2019-08-30,7.65,7.84,7.57,7.61,24187,27042668.0,3.58,0.79,0.06,1.64
6519,2019-09-02,7.55,7.67,7.52,7.64,11583,12836568.0,1.97,0.39,0.03,0.79
6520,2019-09-03,7.63,7.72,7.61,7.66,28895,32181855.0,1.44,0.26,0.02,1.96
6521,2019-09-04,7.66,7.66,7.55,7.66,37522,41520640.0,1.44,0.0,0.0,2.55
6522,2019-09-05,7.69,7.76,7.63,7.74,16119,18069284.0,1.7,1.04,0.08,1.09
6523,2019-09-06,7.75,7.75,7.65,7.73,11192,12531788.0,1.29,-0.13,-0.01,0.76
6524,2019-09-09,7.74,7.77,7.72,7.75,11010,12391566.0,0.65,0.26,0.02,0.75
6525,2019-09-10,7.83,7.83,7.7,7.75,7980,8979914.0,1.68,0.0,0.0,0.54
6526,2019-09-11,7.77,7.79,7.72,7.74,6488,7309084.0,0.9,-0.13,-0.01,0.44
6527,2019-09-12,7.77,7.8,7.7,7.76,12292,13846863.0,1.29,0.26,0.02,0.83
6528,2019-09-16,7.83,7.83,7.73,7.77,11980,13544661.0,1.29,0.13,0.01,0.81
6529,2019-09-17,7.77,7.81,7.58,7.61,12083,13470272.0,2.96,-2.06,-0.16,0.82
6530,2019-09-18,7.67,7.67,7.55,7.55,11289,12456968.0,1.58,-0.79,-0.06,0.77
6531,2019-09-19,7.6,7.62,7.47,7.57,7928,8720365.0,1.99,0.26,0.02,0.54
6532,2019-09-20,7.6,7.67,7.5,7.61,7513,8324802.0,2.25,0.53,0.04,0.51
6533,2019-09-23,7.62,7.62,7.45,7.52,8582,9357894.0,2.23,-1.18,-0.09,0.58
6534,2019-09-24,7.46,7.56,7.43,7.47,6653,7274955.0,1.73,-0.66,-0.05,0.45
6535,2019-09-25,7.46,7.52,7.3,7.33,9884,10619116.0,2.95,-1.87,-0.14,0.67
6536,2019-09-26,7.42,7.42,7.15,7.17,8054,8499678.0,3.68,-2.18,-0.16,0.55
6537,2019-09-27,7.17,7.25,7.07,7.22,5337,5600965.0,2.51,0.7,0.05,0.36
6538,2019-09-30,7.15,7.29,7.15,7.26,4797,5057844.0,1.94,0.55,0.04,0.33
6539,2019-10-08,7.27,7.34,7.2,7.2,4499,4766449.0,1.93,-0.83,-0.06,0.31
6540,2019-10-09,7.18,7.29,7.17,7.27,6497,6869906.0,1.67,0.97,0.07,0.44
6541,2019-10-10,7.3,7.47,7.26,7.45,7612,8159028.0,2.89,2.48,0.18,0.52
6542,2019-10-11,7.47,7.47,7.38,7.38,5518,5951046.0,1.21,-0.94,-0.07,0.37
6543,2019-10-14,7.41,7.57,7.4,7.45,7231,7862437.0,2.3,0.95,0.07,0.49
6544,2019-10-15,7.51,7.51,7.38,7.4,4705,5082442.0,1.74,-0.67,-0.05,0.32
6545,2019-10-16,7.44,7.49,7.38,7.42,4534,4913979.0,1.49,0.27,0.02,0.31
6546,2019-10-17,7.4,7.47,7.32,7.43,4563,4922496.0,2.02,0.13,0.01,0.31
6547,2019-10-18,7.43,7.45,7.22,7.32,6482,6922713.0,3.1,-1.48,-0.11,0.44
6548,2019-10-21,7.41,7.57,7.21,7.48,14359,15626841.0,4.92,2.19,0.16,0.97
6549,2019-10-22,7.44,7.52,7.4,7.5,7346,7971825.0,1.6,0.27,0.02,0.5
6550,2019-10-23,7.52,7.72,7.43,7.65,19537,21686514.0,3.87,2.0,0.15,1.33
6551,2019-10-24,7.67,7.8,7.66,7.74,13842,15582591.0,1.83,1.18,0.09,0.94
6552,2019-10-25,7.75,7.77,7.71,7.76,9282,10460833.0,0.78,0.26,0.02,0.63
6553,2019-10-28,7.72,7.78,7.56,7.62,13767,15318459.0,2.84,-1.8,-0.14,0.93
6554,2019-10-29,7.63,7.68,7.52,7.53,8732,9626556.0,2.1,-1.18,-0.09,0.59
6555,2019-10-30,7.59,7.59,7.47,7.51,5894,6459063.0,1.59,-0.27,-0.02,0.4
6556,2019-10-31,7.55,7.57,7.48,7.5,5249,5747636.0,1.2,-0.13,-0.01,0.36
6557,2019-11-01,7.5,7.7,7.27,7.64,8147,8996536.0,5.73,1.87,0.14,0.55
6558,2019-11-04,7.64,7.72,7.57,7.57,8580,9511720.0,1.96,-0.92,-0.07,0.58
6559,2019-11-05,7.52,7.6,7.46,7.59,7216,7915688.0,1.85,0.26,0.02,0.49
6560,2019-11-06,7.49,7.57,7.41,7.42,7257,7874801.0,2.11,-2.24,-0.17,0.49
6561,2019-11-07,7.5,7.69,7.5,7.67,17378,19269176.0,2.56,3.37,0.25,1.18
6562,2019-11-08,7.67,7.73,7.58,7.65,9885,11000084.0,1.96,-0.26,-0.02,0.67
6563,2019-11-11,7.59,7.65,7.43,7.51,9921,10878318.0,2.88,-1.83,-0.14,0.67
6564,2019-11-12,7.59,7.59,7.43,7.5,5116,5556143.0,2.13,-0.13,-0.01,0.35
6565,2019-11-13,7.46,7.6,7.42,7.47,4781,5219312.0,2.4,-0.4,-0.03,0.32
6566,2019-11-14,7.49,7.56,7.42,7.52,5881,6414179.0,1.87,0.67,0.05,0.4
6567,2019-11-15,7.52,7.55,7.38,7.41,5099,5513528.0,2.26,-1.46,-0.11,0.35
6568,2019-11-18,7.44,7.44,7.33,7.42,5596,6017027.0,1.48,0.13,0.01,0.38
6569,2019-11-19,7.35,7.48,7.35,7.47,5712,6173748.0,1.75,0.67,0.05,0.39
6570,2019-11-20,7.47,7.47,7.41,7.42,3235,3500088.0,0.8,-0.67,-0.05,0.22
6571,2019-11-21,7.37,7.6,7.37,7.52,6840,7445231.0,3.1,1.35,0.1,0.46
6572,2019-11-22,7.52,7.62,7.4,7.45,9486,10342749.0,2.93,-0.93,-0.07,0.64
6573,2019-11-25,7.42,7.55,7.42,7.55,6188,6758157.0,1.74,1.34,0.1,0.42
6574,2019-11-26,7.56,7.66,7.5,7.63,11619,12890235.0,2.12,1.06,0.08,0.79
6575,2019-11-27,7.61,7.68,7.55,7.59,6948,7692687.0,1.7,-0.52,-0.04,0.47
6576,2019-11-28,7.59,7.61,7.43,7.51,5935,6495372.0,2.37,-1.05,-0.08,0.4
6577,2019-11-29,7.49,7.5,7.41,7.49,5314,5763648.0,1.2,-0.27,-0.02,0.36
6578,2019-12-02,7.48,7.52,7.41,7.47,5332,5780956.0,1.47,-0.27,-0.02,0.36
6579,2019-12-03,7.5,7.5,7.41,7.45,3981,4314227.0,1.2,-0.27,-0.02,0.27
6580,2019-12-04,7.42,7.52,7.42,7.52,7857,8554780.0,1.34,0.94,0.07,0.53
6581,2019-12-05,7.5,7.58,7.46,7.55,7662,8398695.0,1.6,0.4,0.03,0.52
6582,2019-12-06,7.55,7.68,7.51,7.68,7767,8606486.0,2.25,1.72,0.13,0.53
6583,2019-12-09,7.68,7.72,7.62,7.62,4806,5336928.0,1.3,-0.78,-0.06,0.33
6584,2019-12-10,7.6,7.65,7.57,7.64,4132,4576452.0,1.05,0.26,0.02,0.28
6585,2019-12-11,7.6,7.62,7.49,7.5,5925,6502604.0,1.7,-1.83,-0.14,0.4
6586,2019-12-12,7.55,7.55,7.45,7.47,3489,3806570.0,1.33,-0.4,-0.03,0.24
6587,2019-12-13,7.52,7.63,7.48,7.56,10501,11542446.0,2.01,1.2,0.09,0.71
6588,2019-12-16,7.62,7.62,7.49,7.58,11319,12431547.0,1.72,0.26,0.02,0.77
6589,2019-12-17,7.6,7.74,7.56,7.65,14688,16281790.0,2.37,0.92,0.07,1.0
6590,2019-12-18,7.65,7.72,7.6,7.69,11181,12451001.0,1.57,0.52,0.04,0.76
6591,2019-12-19,7.68,7.71,7.64,7.7,5473,6115407.0,0.91,0.13,0.01,0.37
6592,2019-12-20,7.7,7.76,7.6,7.65,8856,9867002.0,2.08,-0.65,-0.05,0.6
6593,2019-12-23,7.65,7.65,7.46,7.6,9022,9934921.0,2.48,-0.65,-0.05,0.61
6594,2019-12-24,7.55,7.67,7.55,7.62,5210,5767546.0,1.58,0.26,0.02,0.35
6595,2019-12-25,7.62,7.71,7.58,7.66,6727,7494111.0,1.71,0.52,0.04,0.46
6596,2019-12-26,7.69,7.76,7.57,7.66,8829,9852874.0,2.48,0.0,0.0,0.6
6597,2019-12-27,7.67,7.67,7.61,7.62,6512,7240199.0,0.78,-0.52,-0.04,0.44
6598,2019-12-30,7.61,7.69,7.5,7.69,12209,13526291.0,2.49,0.92,0.07,0.83
6599,2019-12-31,7.69,7.73,7.63,7.65,8824,9847142.0,1.3,-0.52,-0.04,0.6
6600,2020-01-02,7.67,7.77,7.67,7.75,9611,10800539.0,1.31,1.31,0.1,0.65
6601,2020-01-03,7.78,8.03,7.72,7.87,15782,18075839.0,4.0,1.55,0.12,1.07
6602,2020-01-06,7.85,8.1,7.83,8.09,21277,24727319.0,3.43,2.8,0.22,1.44
6603,2020-01-07,8.09,8.16,8.04,8.11,12290,14428468.0,1.48,0.25,0.02,0.83
6604,2020-01-08,8.1,8.14,7.92,7.99,17109,19907842.0,2.71,-1.48,-0.12,1.16
6605,2020-01-09,8.1,8.13,7.99,8.02,10506,12272458.0,1.75,0.38,0.03,0.71
6606,2020-01-10,8.1,8.1,7.96,8.09,11760,13710805.0,1.75,0.87,0.07,0.8
6607,2020-01-13,8.09,8.1,7.94,8.01,8779,10203847.0,1.98,-0.99,-0.08,0.6
6608,2020-01-14,8.05,8.1,7.99,8.06,9004,10512583.0,1.37,0.62,0.05,0.61
6609,2020-01-15,8.05,8.3,8.0,8.15,21102,25056160.0,3.72,1.12,0.09,1.43
6610,2020-01-16,8.15,8.23,8.06,8.11,11960,14090466.0,2.09,-0.49,-0.04,0.81
6611,2020-01-17,8.18,8.18,8.07,8.1,8162,9612818.0,1.36,-0.12,-0.01,0.55
6612,2020-01-20,8.04,8.08,7.9,8.05,10232,11820534.0,2.22,-0.62,-0.05,0.69
6613,2020-01-21,7.89,8.05,7.72,7.85,9173,10546749.0,4.1,-2.48,-0.2,0.62
6614,2020-01-22,7.92,7.92,7.73,7.76,13245,14992320.0,2.42,-1.15,-0.09,0.9
6615,2020-01-23,7.69,7.81,7.56,7.63,11083,12396020.0,3.22,-1.68,-0.13,0.75
6616,2020-02-03,6.84,7.17,6.84,6.84,23249,23275786.0,4.33,-10.35,-0.79,1.58
6617,2020-02-04,6.52,6.92,6.52,6.82,14048,13934598.0,5.85,-0.29,-0.02,0.95
6618,2020-02-05,6.8,7.01,6.74,6.93,11001,11086659.0,3.96,1.61,0.11,0.75
6619,2020-02-06,6.9,7.01,6.84,6.94,12890,13024723.0,2.45,0.14,0.01,0.87
6620,2020-02-07,6.94,7.0,6.87,6.95,13048,13190095.0,1.87,0.14,0.01,0.89
6621,2020-02-10,6.9,7.09,6.9,7.05,10641,10865236.0,2.73,1.44,0.1,0.72
6622,2020-02-11,7.06,7.11,7.0,7.05,7884,8121222.0,1.56,0.0,0.0,0.54
6623,2020-02-12,7.05,7.13,7.01,7.1,8031,8283306.0,1.7,0.71,0.05,0.55
6624,2020-02-13,7.07,7.12,6.99,7.0,10473,10757799.0,1.83,-1.41,-0.1,0.71
6625,2020-02-14,6.96,7.04,6.94,6.99,5750,5855762.0,1.43,-0.14,-0.01,0.39
6626,2020-02-17,6.97,7.15,6.97,7.14,13078,13517613.0,2.58,2.15,0.15,0.89
6627,2020-02-18,7.11,7.33,7.06,7.22,15566,16342380.0,3.78,1.12,0.08,1.06
6628,2020-02-19,7.24,7.31,7.15,7.24,13289,14003127.0,2.22,0.28,0.02,0.9
6629,2020-02-20,7.23,7.42,7.2,7.38,13078,13935643.0,3.04,1.93,0.14,0.89
6630,2020-02-21,7.35,7.47,7.35,7.4,10912,11796621.0,1.63,0.27,0.02,0.74
6631,2020-02-24,7.4,7.45,7.3,7.39,13145,14087090.0,2.03,-0.14,-0.01,0.89
6632,2020-02-25,7.27,7.28,7.01,7.2,12649,13298471.0,3.65,-2.57,-0.19,0.86
6633,2020-02-26,7.1,7.29,7.1,7.23,11452,12019029.0,2.64,0.42,0.03,0.78
6634,2020-02-27,7.22,7.32,7.17,7.27,8092,8566442.0,2.07,0.55,0.04,0.55
6635,2020-02-28,7.22,7.22,7.02,7.05,14905,15408339.0,2.75,-3.03,-0.22,1.01
6636,2020-03-02,7.15,7.22,7.05,7.2,17426,18157657.0,2.41,2.13,0.15,1.18
6637,2020-03-03,7.27,7.32,7.12,7.16,15717,16561986.0,2.78,-0.56,-0.04,1.07
6638,2020-03-04,7.15,7.22,7.08,7.2,10355,10772854.0,1.96,0.56,0.04,0.7
6639,2020-03-05,7.2,7.45,7.2,7.37,19308,20712787.0,3.47,2.36,0.17,1.31
6640,2020-03-06,7.3,7.42,7.25,7.37,11387,12202796.0,2.31,0.0,0.0,0.77
6641,2020-03-09,7.3,7.33,7.07,7.09,13604,14284595.0,3.53,-3.8,-0.28,0.92
6642,2020-03-10,6.92,7.16,6.92,7.16,13199,13593810.0,3.39,0.99,0.07,0.9
6643,2020-03-11,7.22,7.31,6.99,6.99,11457,12059683.0,4.47,-2.37,-0.17,0.78
6644,2020-03-12,7.11,7.22,6.92,7.07,16224,16712192.0,4.29,1.14,0.08,1.1
6645,2020-03-13,6.77,7.06,6.7,6.96,13646,13715965.0,5.09,-1.56,-0.11,0.93
6646,2020-03-16,7.02,7.17,6.87,6.87,11580,11809087.0,4.31,-1.29,-0.09,0.79
6647,2020-03-17,6.85,6.92,6.74,6.89,8819,8814121.0,2.62,0.29,0.02,0.6
6648,2020-03-18,6.92,6.97,6.75,6.77,10230,10248775.0,3.19,-1.74,-0.12,0.69
6649,2020-03-19,6.77,6.83,6.58,6.79,6527,6442396.0,3.69,0.3,0.02,0.44
6650,2020-03-20,6.85,6.88,6.75,6.86,6148,6108930.0,1.91,1.03,0.07,0.42
6651,2020-03-23,6.8,6.81,6.6,6.63,7125,6978599.0,3.06,-3.35,-0.23,0.48
6652,2020-03-24,6.69,6.74,6.56,6.67,8688,8467073.0,2.71,0.6,0.04,0.59
6653,2020-03-25,6.8,6.82,6.74,6.79,7979,7910799.0,1.2,1.8,0.12,0.54
6654,2020-03-26,6.78,6.82,6.74,6.79,6673,6617707.0,1.18,0.0,0.0,0.45
6655,2020-03-27,6.84,6.88,6.77,6.82,4909,4901803.0,1.62,0.44,0.03,0.33
6656,2020-03-30,6.72,6.81,6.67,6.75,4997,4906670.0,2.05,-1.03,-0.07,0.34
6657,2020-03-31,6.83,7.06,6.83,6.97,15777,16014353.0,3.41,3.26,0.22,1.07
6658,2020-04-01,6.92,7.06,6.89,6.98,9799,9978508.0,2.44,0.14,0.01,0.67
6659,2020-04-02,6.97,7.03,6.81,7.0,8101,8236120.0,3.15,0.29,0.02,0.55
6660,2020-04-03,6.98,7.04,6.87,6.9,6256,6347011.0,2.43,-1.43,-0.1,0.42
6661,2020-04-07,6.94,7.18,6.9,6.99,9348,9576077.0,4.06,1.3,0.09,0.63
6662,2020-04-08,6.99,7.06,6.97,7.02,8718,8916170.0,1.29,0.43,0.03,0.59
6663,2020-04-09,7.05,7.28,7.0,7.12,13414,14008886.0,3.99,1.42,0.1,0.91
6664,2020-04-10,7.12,7.21,7.02,7.1,11240,11639142.0,2.67,-0.28,-0.02,0.76
6665,2020-04-13,7.03,7.12,6.92,7.03,8481,8690747.0,2.82,-0.99,-0.07,0.58
6666,2020-04-14,7.07,7.11,7.0,7.07,10237,10532557.0,1.56,0.57,0.04,0.69
6667,2020-04-15,7.07,7.17,6.95,7.09,13010,13470716.0,3.11,0.28,0.02,0.88
6668,2020-04-16,7.05,7.55,7.0,7.4,28183,30166489.0,7.76,4.37,0.31,1.91
6669,2020-04-17,7.3,7.33,7.15,7.17,15743,16608698.0,2.43,-3.11,-0.23,1.07
6670,2020-04-20,7.17,7.23,7.05,7.09,11683,12074885.0,2.51,-1.12,-0.08,0.79
6671,2020-04-21,7.09,7.09,7.01,7.04,6388,6558824.0,1.13,-0.71,-0.05,0.43
6672,2020-04-22,7.0,7.12,6.98,7.11,6391,6583504.0,1.99,0.99,0.07,0.43
6673,2020-04-23,7.12,7.15,7.05,7.15,9572,9907092.0,1.41,0.56,0.04,0.65
6674,2020-04-24,7.13,7.15,7.02,7.02,6156,6355613.0,1.82,-1.82,-0.13,0.42
6675,2020-04-27,7.03,7.06,6.97,7.04,5658,5795970.0,1.28,0.28,0.02,0.38
6676,2020-04-28,7.1,7.1,6.78,6.91,11626,11657956.0,4.55,-1.85,-0.13,0.79
6677,2020-04-29,6.95,7.01,6.86,6.93,7908,8000916.0,2.17,0.29,0.02,0.54
6678,2020-04-30,6.97,7.1,6.9,7.05,10705,10963291.0,2.89,1.73,0.12,0.73
6679,2020-05-06,7.06,7.47,7.02,7.3,25511,27122018.0,6.38,3.55,0.25,1.73
6680,2020-05-07,7.38,7.38,7.22,7.22,10028,10622411.0,2.19,-1.1,-0.08,0.68
6681,2020-05-08,7.27,7.33,7.15,7.25,8407,8858488.0,2.49,0.42,0.03,0.57
6682,2020-05-11,7.3,7.3,7.15,7.23,8776,9235115.0,2.07,-0.28,-0.02,0.6
6683,2020-05-12,7.26,7.37,7.13,7.2,7158,7528326.0,3.32,-0.41,-0.03,0.49
6684,2020-05-13,7.2,7.32,7.17,7.27,8509,9017942.0,2.08,0.97,0.07,0.58
6685,2020-05-14,7.25,7.3,7.16,7.17,5982,6273706.0,1.93,-1.38,-0.1,0.41
6686,2020-05-15,7.17,7.26,7.17,7.2,5447,5697508.0,1.26,0.42,0.03,0.37
6687,2020-05-18,7.21,7.23,7.12,7.2,6298,6558622.0,1.53,0.0,0.0,0.43
6688,2020-05-19,7.3,7.3,7.14,7.19,4410,4598840.0,2.22,-0.14,-0.01,0.3
6689,2020-05-20,7.22,7.22,7.12,7.12,7723,8024453.0,1.39,-0.97,-0.07,0.52
6690,2020-05-21,7.16,7.3,7.12,7.2,9533,9995564.0,2.53,1.12,0.08,0.65
6691,2020-05-22,7.25,7.32,7.1,7.27,11434,11993761.0,3.06,0.97,0.07,0.78
6692,2020-05-25,7.28,7.48,7.2,7.37,11465,12236028.0,3.85,1.38,0.1,0.78
6693,2020-05-26,7.37,7.45,7.28,7.37,9271,9928799.0,2.31,0.0,0.0,0.63
6694,2020-05-27,7.35,7.48,7.29,7.48,11682,12520532.0,2.58,1.49,0.11,0.79
6695,2020-05-28,7.49,7.7,7.4,7.6,19054,20880655.0,4.01,1.6,0.12,1.29
6696,2020-05-29,7.59,7.95,7.53,7.82,20198,22629423.0,5.53,2.89,0.22,1.37
6697,2020-06-01,7.87,7.9,7.67,7.84,20735,23341075.0,2.94,0.26,0.02,1.41
6698,2020-06-02,7.77,7.9,7.75,7.85,13138,14840228.0,1.91,0.13,0.01,0.89
6699,2020-06-03,7.82,8.01,7.82,7.86,14172,16205916.0,2.42,0.13,0.01,0.96
6700,2020-06-04,7.88,8.05,7.83,7.89,12658,14495284.0,2.8,0.38,0.03,0.86
6701,2020-06-05,7.97,7.97,7.74,7.85,11048,12497669.0,2.92,-0.51,-0.04,0.75
6702,2020-06-08,7.85,7.93,7.75,7.85,15425,17515959.0,2.29,0.0,0.0,1.05
6703,2020-06-09,7.89,7.92,7.7,7.72,12786,14402441.0,2.8,-1.66,-0.13,0.87
6704,2020-06-10,7.75,7.78,7.57,7.65,9452,10456027.0,2.72,-0.91,-0.07,0.64
6705,2020-06-11,7.62,7.77,7.6,7.66,8126,9022879.0,2.22,0.13,0.01,0.55
6706,2020-06-12,7.65,7.76,7.55,7.73,8721,9682638.0,2.74,0.91,0.07,0.59
6707,2020-06-15,7.69,7.81,7.6,7.74,11018,12332792.0,2.72,0.13,0.01,0.75
6708,2020-06-16,7.78,7.85,7.72,7.81,7411,8349874.0,1.68,0.9,0.07,0.5
6709,2020-06-17,7.81,7.82,7.72,7.79,6660,7484239.0,1.28,-0.26,-0.02,0.45
6710,2020-06-18,7.8,7.8,7.62,7.67,6523,7255743.0,2.31,-1.54,-0.12,0.44
6711,2020-06-19,7.72,7.75,7.63,7.73,6075,6773941.0,1.56,0.78,0.06,0.41
6712,2020-06-22,7.72,7.72,7.62,7.66,5845,6480929.0,1.29,-0.91,-0.07,0.4
6713,2020-06-23,7.67,7.67,7.54,7.57,5768,6338865.0,1.7,-1.17,-0.09,0.39
6714,2020-06-24,7.64,7.64,7.4,7.52,8555,9277836.0,3.17,-0.66,-0.05,0.58
6715,2020-06-29,7.57,7.57,7.37,7.48,10150,10931499.0,2.66,-0.53,-0.04,0.69
6716,2020-06-30,7.38,7.62,7.38,7.46,11834,12897537.0,3.21,-0.27,-0.02,0.8
6717,2020-07-01,7.52,7.55,7.42,7.5,10459,11355965.0,1.74,0.54,0.04,0.71
6718,2020-07-02,7.52,7.74,7.46,7.72,16226,17978517.0,3.73,2.93,0.22,1.1
6719,2020-07-03,7.71,7.81,7.62,7.76,12387,13904760.0,2.46,0.52,0.04,0.84
6720,2020-07-06,7.82,8.01,7.77,7.92,23985,27414533.0,3.09,2.06,0.16,1.63
6721,2020-07-07,7.97,8.02,7.85,7.88,19436,22269575.0,2.15,-0.51,-0.04,1.32
6722,2020-07-08,7.95,8.05,7.81,8.01,23937,27334571.0,3.05,1.65,0.13,1.62
6723,2020-07-09,7.95,8.14,7.94,8.1,17207,20050661.0,2.5,1.12,0.09,1.17
6724,2020-07-10,8.16,8.22,8.02,8.13,20043,23536331.0,2.47,0.37,0.03,1.36
6725,2020-07-13,8.07,8.65,8.07,8.5,25244,30389313.0,7.13,4.55,0.37,1.71
6726,2020-07-14,8.61,8.86,8.43,8.73,29078,36227836.0,5.06,2.71,0.23,1.97
6727,2020-07-15,9.63,9.63,9.61,9.63,71165,98563312.0,0.23,10.31,0.9,4.83
6728,2020-07-16,9.35,9.35,8.65,8.65,94381,121785246.0,7.27,-10.18,-0.98,6.41
6729,2020-07-17,8.31,9.36,8.31,9.12,58988,75529154.0,12.14,5.43,0.47,4.0
6730,2020-07-20,9.5,10.04,9.45,9.67,61821,85794768.0,6.47,6.03,0.55,4.2
6731,2020-07-21,9.72,9.72,9.24,9.33,39615,53385684.0,4.96,-3.52,-0.34,2.69
6732,2020-07-22,9.34,9.57,9.16,9.3,35902,48457331.0,4.39,-0.32,-0.03,2.44
6733,2020-07-23,9.22,9.6,9.13,9.52,37466,50628992.0,5.05,2.37,0.22,2.54
6734,2020-07-24,9.4,9.51,9.15,9.22,31867,42771217.0,3.78,-3.15,-0.3,2.16
6735,2020-07-27,9.3,9.38,9.1,9.25,23094,30636440.0,3.04,0.33,0.03,1.57
6736,2020-07-28,9.25,9.35,9.15,9.27,19004,25292636.0,2.16,0.22,0.02,1.29
6737,2020-07-29,9.22,9.36,9.16,9.31,17661,23602386.0,2.16,0.43,0.04,1.2
6738,2020-07-30,9.42,9.72,9.25,9.57,29809,40793427.0,5.05,2.79,0.26,2.02
6739,2020-07-31,9.5,9.69,9.28,9.4,26352,35842484.0,4.28,-1.78,-0.17,1.79
6740,2020-08-03,9.38,9.53,9.33,9.44,24644,33338330.0,2.13,0.43,0.04,1.67
6741,2020-08-04,9.44,9.46,9.2,9.2,24800,33241352.0,2.75,-2.54,-0.24,1.68
6742,2020-08-05,9.3,9.37,9.15,9.32,20154,26914161.0,2.39,1.3,0.12,1.37
6743,2020-08-06,9.35,9.4,9.17,9.31,17637,23529262.0,2.47,-0.11,-0.01,1.2
6744,2020-08-07,9.2,9.3,9.11,9.15,16937,22407709.0,2.04,-1.72,-0.16,1.15
6745,2020-08-10,9.22,9.29,9.07,9.21,14355,18969626.0,2.4,0.66,0.06,0.97
6746,2020-08-11,9.27,9.35,9.1,9.16,14581,19408942.0,2.71,-0.54,-0.05,0.99
6747,2020-08-12,9.09,9.15,8.87,9.07,19089,24708431.0,3.06,-0.98,-0.09,1.3
6748,2020-08-13,9.07,9.35,9.02,9.34,16456,21910206.0,3.64,2.98,0.27,1.12
6749,2020-08-14,9.33,9.49,9.27,9.43,12842,17339369.0,2.36,0.96,0.09,0.87
6750,2020-08-17,9.42,9.52,9.33,9.46,14520,19731882.0,2.01,0.32,0.03,0.99
6751,2020-08-18,9.49,9.51,9.41,9.48,10090,13736265.0,1.06,0.21,0.02,0.68
6752,2020-08-19,9.45,9.55,9.25,9.32,10586,14319178.0,3.16,-1.69,-0.16,0.72
6753,2020-08-20,9.25,9.32,9.21,9.28,6508,8670790.0,1.18,-0.43,-0.04,0.44
6754,2020-08-21,9.4,9.4,9.17,9.27,5539,7379061.0,2.48,-0.11,-0.01,0.38
6755,2020-08-24,9.25,9.35,9.04,9.3,9480,12602531.0,3.34,0.32,0.03,0.64
6756,2020-08-25,9.31,9.4,9.22,9.31,5849,7818580.0,1.94,0.11,0.01,0.4
6757,2020-08-26,9.27,9.31,9.07,9.11,6339,8393403.0,2.58,-2.15,-0.2,0.43
6758,2020-08-27,9.11,9.58,9.04,9.49,18093,24409358.0,5.93,4.17,0.38,1.23
6759,2020-08-28,9.55,9.69,9.39,9.55,20148,27726764.0,3.16,0.63,0.06,1.37
6760,2020-08-31,9.74,9.74,9.3,9.35,16732,22855200.0,4.61,-2.09,-0.2,1.14
6761,2020-09-01,9.33,9.35,9.17,9.25,11930,15883379.0,1.93,-1.07,-0.1,0.81
6762,2020-09-02,9.25,9.35,9.15,9.25,11154,14843020.0,2.16,0.0,0.0,0.76
6763,2020-09-03,9.17,9.25,9.02,9.07,13693,17968120.0,2.49,-1.95,-0.18,0.93
6764,2020-09-04,9.02,9.27,8.92,9.21,12347,16191615.0,3.86,1.54,0.14,0.84
6765,2020-09-07,9.21,9.35,9.13,9.15,13441,17921690.0,2.39,-0.65,-0.06,0.91
6766,2020-09-08,9.16,9.24,9.03,9.07,13204,17312831.0,2.3,-0.87,-0.08,0.9
6767,2020-09-09,9.05,9.06,8.83,8.85,14079,18141045.0,2.54,-2.43,-0.22,0.96
6768,2020-09-10,8.92,8.99,8.41,8.45,18491,22973288.0,6.55,-4.52,-0.4,1.25
6769,2020-09-11,8.4,8.64,8.2,8.55,17014,20883042.0,5.21,1.18,0.1,1.15
6770,2020-09-14,8.62,8.79,8.51,8.76,12710,15880122.0,3.27,2.46,0.21,0.86
6771,2020-09-15,8.88,8.88,8.58,8.65,10187,12708955.0,3.42,-1.26,-0.11,0.69
6772,2020-09-16,8.65,8.77,8.55,8.64,8519,10642914.0,2.54,-0.12,-0.01,0.58
6773,2020-09-17,8.57,8.87,8.49,8.74,7123,8914324.0,4.4,1.16,0.1,0.48
6774,2020-09-18,8.69,9.16,8.69,9.1,18921,24471613.0,5.38,4.12,0.36,1.28
6775,2020-09-21,9.11,9.27,9.04,9.22,9974,13199087.0,2.53,1.32,0.12,0.68
6776,2020-09-22,9.12,9.21,8.92,9.02,8987,11750287.0,3.15,-2.17,-0.2,0.61
6777,2020-09-23,9.05,9.15,8.99,9.13,6589,8606761.0,1.77,1.22,0.11,0.45
6778,2020-09-24,9.03,9.08,8.77,8.82,7844,10037454.0,3.4,-3.4,-0.31,0.53
6779,2020-09-25,8.85,8.95,8.74,8.77,6004,7629577.0,2.38,-0.57,-0.05,0.41
6780,2020-09-28,8.69,8.75,8.47,8.49,9001,11136250.0,3.19,-3.19,-0.28,0.61
6781,2020-09-29,8.56,8.72,8.46,8.49,9388,11606513.0,3.06,0.0,0.0,0.64
6782,2020-09-30,8.56,8.59,8.27,8.35,11825,14360666.0,3.77,-1.65,-0.14,0.8
6783,2020-10-09,8.4,8.65,8.38,8.45,10689,13078317.0,3.23,1.2,0.1,0.73
6784,2020-10-12,8.47,8.75,8.45,8.66,11145,13824051.0,3.55,2.49,0.21,0.76
6785,2020-10-13,8.78,8.82,8.55,8.73,9699,12231493.0,3.12,0.81,0.07,0.66
6786,2020-10-14,8.73,8.73,8.6,8.64,6996,8732338.0,1.49,-1.03,-0.09,0.47
6787,2020-10-15,8.71,8.71,8.47,8.49,7359,9087936.0,2.78,-1.74,-0.15,0.5
6788,2020-10-16,8.47,8.55,8.38,8.42,12349,15047679.0,2.0,-0.82,-0.07,0.84
6789,2020-10-19,8.42,8.55,8.37,8.47,11422,13976379.0,2.14,0.59,0.05,0.78
6790,2020-10-20,8.4,8.46,8.31,8.44,9716,11762541.0,1.77,-0.35,-0.03,0.66
6791,2020-10-21,8.51,8.51,8.13,8.17,12793,15226755.0,4.5,-3.2,-0.27,0.87
6792,2020-10-22,8.22,8.35,8.07,8.25,13178,15662725.0,3.43,0.98,0.08,0.89
6793,2020-10-23,8.27,8.37,8.17,8.2,5635,6706101.0,2.42,-0.61,-0.05,0.38
6794,2020-10-26,8.17,8.21,8.08,8.18,4040,4767800.0,1.59,-0.24,-0.02,0.27
6795,2020-10-27,8.12,8.32,8.1,8.22,5520,6565481.0,2.69,0.49,0.04,0.37
6796,2020-10-28,8.22,8.27,8.12,8.2,7513,8897964.0,1.82,-0.24,-0.02,0.51
6797,2020-10-29,8.18,8.36,8.1,8.21,9361,11145683.0,3.17,0.12,0.01,0.64
6798,2020-10-30,8.25,8.25,7.36,7.95,10228,11905203.0,10.84,-3.17,-0.26,0.69
6799,2020-11-02,8.0,8.0,7.77,7.83,9108,10367203.0,2.89,-1.51,-0.12,0.62
6800,2020-11-03,7.83,8.24,7.83,8.19,13150,15322892.0,5.24,4.6,0.36,0.89
6801,2020-11-04,8.19,8.52,8.15,8.48,16058,19362416.0,4.52,3.54,0.29,1.09
6802,2020-11-05,8.5,8.52,8.34,8.42,10088,12249756.0,2.12,-0.71,-0.06,0.68
6803,2020-11-06,8.37,8.47,8.24,8.33,8037,9679056.0,2.73,-1.07,-0.09,0.55
6804,2020-11-09,8.35,8.47,8.3,8.35,16825,20316169.0,2.04,0.24,0.02,1.14
6805,2020-11-10,8.35,8.41,8.25,8.31,7845,9434663.0,1.92,-0.48,-0.04,0.53
6806,2020-11-11,8.31,8.35,8.27,8.29,5605,6730953.0,0.96,-0.24,-0.02,0.38
6807,2020-11-12,8.37,8.4,8.29,8.35,7280,8792819.0,1.33,0.72,0.06,0.49
6808,2020-11-13,8.38,8.68,8.31,8.61,17122,21048452.0,4.43,3.11,0.26,1.16
6809,2020-11-16,8.6,8.69,8.46,8.62,9455,11748361.0,2.67,0.12,0.01,0.64
6810,2020-11-17,8.62,8.67,8.55,8.67,8104,10084417.0,1.39,0.58,0.05,0.55
6811,2020-11-18,8.65,8.88,8.6,8.8,9861,12478113.0,3.23,1.5,0.13,0.67
6812,2020-11-19,8.65,8.9,8.65,8.78,7905,10004381.0,2.84,-0.23,-0.02,0.54
6813,2020-11-20,8.8,8.86,8.72,8.83,8032,10175448.0,1.59,0.57,0.05,0.55
6814,2020-11-23,9.01,9.08,8.82,8.9,17606,22612769.0,2.94,0.79,0.07,1.19
6815,2020-11-24,8.87,8.9,8.65,8.67,11784,14840645.0,2.81,-2.58,-0.23,0.8
6816,2020-11-25,8.71,8.72,8.52,8.55,7464,9231477.0,2.31,-1.38,-0.12,0.51
6817,2020-11-26,8.6,8.61,8.45,8.57,6217,7657560.0,1.87,0.23,0.02,0.42
6818,2020-11-27,8.58,8.75,8.49,8.71,7788,9677538.0,3.03,1.63,0.14,0.53
6819,2020-11-30,8.68,8.82,8.6,8.7,7251,9114326.0,2.53,-0.11,-0.01,0.49
6820,2020-12-01,8.7,8.83,8.6,8.78,8607,10854376.0,2.64,0.92,0.08,0.58
6821,2020-12-02,8.8,8.85,8.72,8.78,8946,11331277.0,1.48,0.0,0.0,0.61
6822,2020-12-03,8.78,8.82,8.72,8.76,9707,12257177.0,1.14,-0.23,-0.02,0.66
6823,2020-12-04,8.8,8.8,8.59,8.67,4205,5251027.0,2.4,-1.03,-0.09,0.29
6824,2020-12-07,8.63,8.72,8.52,8.67,6683,8295928.0,2.31,0.0,0.0,0.45
6825,2020-12-08,8.64,8.67,8.55,8.6,2172,2697628.0,1.38,-0.81,-0.07,0.15
6826,2020-12-09,8.65,8.65,8.32,8.32,7048,8567411.0,3.84,-3.26,-0.28,0.48
6827,2020-12-10,8.28,8.71,8.22,8.6,11004,13577626.0,5.89,3.37,0.28,0.75
6828,2020-12-11,8.61,8.62,8.32,8.38,8921,10809121.0,3.49,-2.56,-0.22,0.61
6829,2020-12-14,8.38,8.5,8.2,8.48,6523,7922083.0,3.58,1.19,0.1,0.44
6830,2020-12-15,8.43,8.52,8.41,8.43,3012,3671722.0,1.3,-0.59,-0.05,0.2
6831,2020-12-16,8.36,8.45,8.22,8.26,7561,9077122.0,2.73,-2.02,-0.17,0.51
6832,2020-12-17,8.27,8.27,8.11,8.21,6613,7822153.0,1.94,-0.61,-0.05,0.45
6833,2020-12-18,8.21,8.3,8.02,8.25,5134,6091931.0,3.41,0.49,0.04,0.35
6834,2020-12-21,8.24,8.37,8.18,8.28,5714,6822795.0,2.3,0.36,0.03,0.39
6835,2020-12-22,8.24,8.33,8.12,8.18,7518,8906491.0,2.54,-1.21,-0.1,0.51
6836,2020-12-23,8.3,8.31,8.13,8.17,5436,6455906.0,2.2,-0.12,-0.01,0.37
6837,2020-12-24,8.27,8.27,8.07,8.22,7778,9163968.0,2.45,0.61,0.05,0.53
6838,2020-12-25,8.22,8.41,8.1,8.35,9670,11620286.0,3.77,1.58,0.13,0.66
6839,2020-12-28,8.37,8.62,8.27,8.27,11478,13964430.0,4.19,-0.96,-0.08,0.78
6840,2020-12-29,8.3,8.4,8.21,8.33,5370,6444780.0,2.3,0.73,0.06,0.36
6841,2020-12-30,8.33,8.41,8.28,8.38,5040,6071134.0,1.56,0.6,0.05,0.34
6842,2020-12-31,8.39,8.41,8.29,8.32,5134,6178594.0,1.43,-0.72,-0.06,0.35
6843,2021-01-04,8.32,8.51,8.3,8.45,7694,9343985.0,2.52,1.56,0.13,0.52
6844,2021-01-05,8.43,8.44,8.25,8.27,6444,7736628.0,2.25,-2.13,-0.18,0.44
6845,2021-01-06,8.27,8.39,8.02,8.03,11345,13292629.0,4.47,-2.9,-0.24,0.77
6846,2021-01-07,8.06,8.31,7.9,7.97,5537,6439821.0,5.11,-0.75,-0.06,0.38
6847,2021-01-08,7.99,8.02,7.75,7.88,3858,4405239.0,3.39,-1.13,-0.09,0.26
6848,2021-01-11,7.91,7.97,7.67,7.81,5577,6290043.0,3.81,-0.89,-0.07,0.38
6849,2021-01-12,7.74,7.9,7.71,7.85,3708,4212958.0,2.43,0.51,0.04,0.25
6850,2021-01-13,7.87,7.95,7.67,7.74,4535,5090134.0,3.57,-1.4,-0.11,0.31
6851,2021-01-14,7.74,7.87,7.67,7.82,3685,4158916.0,2.58,1.03,0.08,0.25
6852,2021-01-15,7.92,8.1,7.77,8.1,3700,4234246.0,4.22,3.58,0.28,0.25
6853,2021-01-18,8.1,8.15,8.0,8.07,4627,5412694.0,1.85,-0.37,-0.03,0.31
6854,2021-01-19,8.02,8.2,8.02,8.12,2444,2873014.0,2.23,0.62,0.05,0.17
6855,2021-01-20,8.05,8.18,8.02,8.12,2437,2862331.0,1.97,0.0,0.0,0.17
6856,2021-01-21,8.24,8.24,8.1,8.12,9938,11708093.0,1.72,0.0,0.0,0.67
6857,2021-01-22,8.12,8.2,8.02,8.19,3510,4138977.0,2.22,0.86,0.07,0.24
6858,2021-01-25,8.17,8.19,8.07,8.17,4342,5104276.0,1.47,-0.24,-0.02,0.29
6859,2021-01-26,8.04,8.18,7.99,8.06,2984,3479268.0,2.33,-1.35,-0.11,0.2
6860,2021-01-27,8.02,8.1,7.98,8.04,2868,3335199.0,1.49,-0.25,-0.02,0.19
6861,2021-01-28,7.92,8.24,7.81,7.83,3959,4537274.0,5.35,-2.61,-0.21,0.27
6862,2021-01-29,7.83,7.88,7.61,7.67,4166,4645217.0,3.45,-2.04,-0.16,0.28
6863,2021-02-01,7.77,7.77,7.57,7.67,2394,2654081.0,2.61,0.0,0.0,0.16
6864,2021-02-02,7.6,7.77,7.6,7.73,2103,2348082.0,2.22,0.78,0.06,0.14
6865,2021-02-03,7.73,7.77,7.6,7.7,3049,3388353.0,2.2,-0.39,-0.03,0.21
6866,2021-02-04,7.42,7.85,7.42,7.77,4288,4782525.0,5.58,0.91,0.07,0.29
6867,2021-02-05,7.77,7.87,7.72,7.75,2665,3009213.0,1.93,-0.26,-0.02,0.18
6868,2021-02-08,7.75,7.93,7.6,7.84,3790,4252458.0,4.26,1.16,0.09,0.26
6869,2021-02-09,7.87,7.89,7.76,7.85,4023,4558825.0,1.66,0.13,0.01,0.27
6870,2021-02-10,7.82,7.9,7.77,7.9,4362,4961562.0,1.66,0.64,0.05,0.3
6871,2021-02-18,8.04,8.12,7.9,8.1,6680,7726891.0,2.78,2.53,0.2,0.45
6872,2021-02-19,8.05,8.45,8.02,8.45,12915,15466070.0,5.31,4.32,0.35,0.88
6873,2021-02-22,8.45,8.52,8.3,8.32,6739,8191477.0,2.6,-1.54,-0.13,0.46
6874,2021-02-23,8.26,8.37,8.22,8.31,4998,5990816.0,1.8,-0.12,-0.01,0.34
6875,2021-02-24,8.62,8.62,8.35,8.47,7623,9264247.0,3.25,1.93,0.16,0.52
6876,2021-02-25,8.44,8.52,8.28,8.45,5565,6761101.0,2.83,-0.24,-0.02,0.38
6877,2021-02-26,8.12,8.52,8.12,8.5,6958,8357712.0,4.73,0.59,0.05,0.47
6878,2021-03-01,9.12,9.17,8.7,8.75,24739,31724092.0,5.53,2.94,0.25,1.68
6879,2021-03-02,8.68,9.16,8.67,8.95,20580,26550837.0,5.6,2.29,0.2,1.4
6880,2021-03-03,8.82,9.06,8.82,8.93,11165,14362741.0,2.68,-0.22,-0.02,0.76
6881,2021-03-04,8.9,9.04,8.89,8.92,8833,11391575.0,1.68,-0.11,-0.01,0.6
6882,2021-03-05,8.92,9.05,8.89,9.02,9853,12743475.0,1.79,1.12,0.1,0.67
6883,2021-03-08,9.08,9.08,8.85,8.87,10410,13374521.0,2.55,-1.66,-0.15,0.71
6884,2021-03-09,8.87,9.11,8.6,8.89,11017,14166173.0,5.75,0.23,0.02,0.75
6885,2021-03-10,8.95,8.96,8.63,8.66,8236,10441660.0,3.71,-2.59,-0.23,0.56
6886,2021-03-11,8.71,8.8,8.57,8.77,5352,6726891.0,2.66,1.27,0.11,0.36
6887,2021-03-12,8.73,8.77,8.56,8.67,6525,8156051.0,2.39,-1.14,-0.1,0.44
6888,2021-03-15,8.67,8.87,8.63,8.77,4682,5913734.0,2.77,1.15,0.1,0.32
6889,2021-03-16,8.77,8.87,8.75,8.85,4951,6287078.0,1.37,0.91,0.08,0.34
6890,2021-03-17,8.82,9.65,8.79,9.42,30535,40558808.0,9.72,6.44,0.57,2.07
6891,2021-03-18,9.32,9.41,9.11,9.21,21788,29001061.0,3.18,-2.23,-0.21,1.48
6892,2021-03-19,9.12,9.27,9.08,9.23,10666,14115474.0,2.06,0.22,0.02,0.72
6893,2021-03-22,9.25,9.3,9.18,9.24,8759,11612313.0,1.3,0.11,0.01,0.59
6894,2021-03-23,9.18,9.23,8.97,9.04,10274,13441926.0,2.81,-2.16,-0.2,0.7
6895,2021-03-24,8.95,9.24,8.95,9.08,7354,9619781.0,3.21,0.44,0.04,0.5
6896,2021-03-25,9.01,9.08,8.83,8.88,10446,13420861.0,2.75,-2.2,-0.2,0.71
6897,2021-03-26,8.88,9.01,8.86,8.95,6378,8218189.0,1.69,0.79,0.07,0.43
6898,2021-03-29,8.95,9.07,8.85,9.02,7537,9743432.0,2.46,0.78,0.07,0.51
6899,2021-03-30,9.02,9.03,8.89,8.96,4535,5845464.0,1.55,-0.67,-0.06,0.31
6900,2021-03-31,9.01,9.01,8.87,8.99,6223,8022494.0,1.56,0.33,0.03,0.42
6901,2021-04-01,9.0,9.0,8.87,8.89,6057,7783947.0,1.45,-1.11,-0.1,0.41
6902,2021-04-02,8.92,8.94,8.7,8.76,6353,8039303.0,2.7,-1.46,-0.13,0.43
6903,2021-04-06,8.76,8.81,8.67,8.79,4864,6147380.0,1.6,0.34,0.03,0.33
6904,2021-04-07,8.78,8.83,8.73,8.82,6732,8517017.0,1.14,0.34,0.03,0.46
6905,2021-04-08,8.79,8.86,8.74,8.77,4843,6141468.0,1.36,-0.57,-0.05,0.33
6906,2021-04-09,8.78,8.82,8.7,8.73,5298,6679114.0,1.37,-0.46,-0.04,0.36
6907,2021-04-12,8.73,8.75,8.57,8.59,7175,8950793.0,2.06,-1.6,-0.14,0.49
6908,2021-04-13,8.58,9.01,8.52,8.72,16094,20207005.0,5.7,1.51,0.13,1.09
6909,2021-04-14,8.72,8.91,8.57,8.81,6605,8363227.0,3.9,1.03,0.09,0.45
6910,2021-04-15,8.72,8.86,8.65,8.8,4207,5327753.0,2.38,-0.11,-0.01,0.29
6911,2021-04-16,8.77,8.88,8.75,8.86,6231,7941795.0,1.48,0.68,0.06,0.42
6912,2021-04-19,8.86,8.95,8.8,8.93,8165,10455757.0,1.69,0.79,0.07,0.55
6913,2021-04-20,8.88,8.94,8.86,8.86,3713,4758384.0,0.9,-0.78,-0.07,0.25
6914,2021-04-21,8.79,8.82,8.72,8.79,4507,5707834.0,1.13,-0.79,-0.07,0.31
6915,2021-04-22,8.9,9.1,8.85,8.97,14122,18274188.0,2.84,2.05,0.18,0.96
6916,2021-04-23,8.88,8.93,8.77,8.87,8002,10187423.0,1.78,-1.11,-0.1,0.54
6917,2021-04-26,8.87,8.87,8.74,8.74,5082,6433218.0,1.47,-1.47,-0.13,0.34
6918,2021-04-27,8.74,8.8,8.69,8.7,3734,4700490.0,1.26,-0.46,-0.04,0.25
6919,2021-04-28,8.69,8.7,8.34,8.38,9594,11753360.0,4.14,-3.68,-0.32,0.65
6920,2021-04-29,8.37,8.49,8.17,8.45,5471,6599606.0,3.82,0.84,0.07,0.37
6921,2021-04-30,8.31,8.45,8.2,8.28,6798,8139256.0,2.96,-2.01,-0.17,0.46
6922,2021-05-06,8.28,8.37,8.17,8.32,3755,4493543.0,2.42,0.48,0.04,0.25
6923,2021-05-07,8.37,8.37,8.25,8.32,2581,3094238.0,1.44,0.0,0.0,0.18
6924,2021-05-10,8.32,8.41,8.24,8.26,3794,4540313.0,2.04,-0.72,-0.06,0.26
6925,2021-05-11,8.26,8.4,8.23,8.34,2847,3418961.0,2.06,0.97,0.08,0.19
6926,2021-05-12,8.36,8.4,8.3,8.37,4330,5215116.0,1.2,0.36,0.03,0.29
6927,2021-05-13,8.37,8.47,8.34,8.47,4667,5660496.0,1.55,1.19,0.1,0.32
6928,2021-05-14,8.47,8.7,8.42,8.55,9575,11799146.0,3.31,0.94,0.08,0.65
6929,2021-05-17,8.61,8.61,8.28,8.28,8718,7481109.0,3.86,-3.16,-0.27,0.42
6930,2021-05-18,8.27,8.41,7.96,8.37,14681,12316223.0,5.43,1.09,0.09,0.71
6931,2021-05-19,8.4,8.4,8.19,8.22,7130,6017180.0,2.51,-1.79,-0.15,0.35
6932,2021-05-20,8.23,8.36,8.09,8.15,7538,6289714.0,3.28,-0.85,-0.07,0.37
6933,2021-05-21,8.11,8.22,8.11,8.21,9888,8267745.0,1.35,0.74,0.06,0.48
6934,2021-05-24,8.18,8.26,8.15,8.18,5355,4494958.0,1.34,-0.37,-0.03,0.26
6935,2021-05-25,8.19,8.23,8.17,8.2,5513,4621007.0,0.73,0.24,0.02,0.27
6936,2021-05-26,8.2,8.25,8.16,8.2,7180,6027442.0,1.1,0.0,0.0,0.35
6937,2021-05-27,8.21,8.27,8.2,8.24,5469,4609009.0,0.85,0.49,0.04,0.27
6938,2021-05-28,8.31,8.31,8.13,8.18,5398,4523243.0,2.18,-0.73,-0.06,0.26
6939,2021-05-31,8.2,8.21,8.12,8.14,6595,5508588.0,1.1,-0.49,-0.04,0.32
6940,2021-06-01,8.12,8.26,8.07,8.22,7843,6544689.0,2.33,0.98,0.08,0.38
6941,2021-06-02,8.21,8.24,8.16,8.19,4880,4097601.0,0.97,-0.36,-0.03,0.24
6942,2021-06-03,8.28,8.63,8.18,8.36,13038,11180546.0,5.49,2.08,0.17,0.63
6943,2021-06-04,8.37,8.76,8.24,8.68,27849,24408937.0,6.22,3.83,0.32,1.35
6944,2021-06-07,8.68,8.7,8.43,8.52,11030,9583464.0,3.11,-1.84,-0.16,0.53
6945,2021-06-08,8.43,8.59,8.43,8.55,10423,9072101.0,1.88,0.35,0.03,0.51
6946,2021-06-09,8.53,8.55,8.43,8.48,5850,5067439.0,1.4,-0.82,-0.07,0.28
6947,2021-06-10,8.4,8.5,8.4,8.44,5793,5004318.0,1.18,-0.47,-0.04,0.28
6948,2021-06-11,8.47,8.53,8.29,8.32,6100,5247104.0,2.84,-1.42,-0.12,0.3
6949,2021-06-15,8.33,8.48,8.13,8.26,5084,4282393.0,4.21,-0.72,-0.06,0.25
6950,2021-06-16,8.02,8.3,8.02,8.26,4027,3368001.0,3.39,0.0,0.0,0.2
6951,2021-06-17,8.17,8.27,8.15,8.19,6886,5788650.0,1.45,-0.85,-0.07,0.33
6952,2021-06-18,8.27,8.27,8.09,8.19,7513,6258035.0,2.2,0.0,0.0,0.36
6953,2021-06-21,8.12,8.3,8.12,8.3,3401,2860661.0,2.2,1.34,0.11,0.16
6954,2021-06-22,8.3,8.39,8.01,8.33,8072,6855749.0,4.58,0.36,0.03,0.39
6955,2021-06-23,8.33,8.37,8.2,8.24,6323,5340573.0,2.04,-1.08,-0.09,0.31
6956,2021-06-24,8.29,8.31,8.2,8.25,4630,3909779.0,1.33,0.12,0.01,0.22
6957,2021-06-25,8.22,8.26,8.15,8.21,4685,3928661.0,1.33,-0.48,-0.04,0.23
6958,2021-06-28,8.21,8.27,8.12,8.2,5765,4836807.0,1.83,-0.12,-0.01,0.28
6959,2021-06-29,8.21,8.21,7.96,8.1,10013,8279590.0,3.05,-1.22,-0.1,0.49
6960,2021-06-30,8.1,8.1,7.96,8.01,6308,5168865.0,1.73,-1.11,-0.09,0.31
6961,2021-07-01,8.01,8.07,7.96,7.99,4226,3461510.0,1.37,-0.25,-0.02,0.2
6962,2021-07-02,7.93,8.06,7.93,7.99,2185,1782619.0,1.63,0.0,0.0,0.11
6963,2021-07-05,8.0,8.18,7.99,8.16,4723,3922629.0,2.38,2.13,0.17,0.23
6964,2021-07-06,8.16,8.17,8.02,8.11,2959,2450675.0,1.84,-0.61,-0.05,0.14
6965,2021-07-07,8.1,8.11,7.97,8.01,5327,4387469.0,1.73,-1.23,-0.1,0.26
6966,2021-07-08,7.99,8.08,7.96,8.01,6324,5176665.0,1.5,0.0,0.0,0.31
6967,2021-07-09,8.06,8.07,7.95,8.07,3374,2771000.0,1.5,0.75,0.06,0.16
6968,2021-07-12,8.07,8.19,8.06,8.12,5629,4676623.0,1.61,0.62,0.05,0.27
6969,2021-07-13,8.12,8.14,8.06,8.12,3772,3124019.0,0.99,0.0,0.0,0.18
6970,2021-07-14,8.12,8.16,8.04,8.08,3171,2623457.0,1.48,-0.49,-0.04,0.15
6971,2021-07-15,8.08,8.08,7.8,7.94,10381,8431516.0,3.47,-1.73,-0.14,0.5
6972,2021-07-16,7.94,7.98,7.89,7.93,4617,3752873.0,1.13,-0.13,-0.01,0.22
6973,2021-07-19,7.94,7.97,7.88,7.93,3118,2528334.0,1.13,0.0,0.0,0.15
6974,2021-07-20,7.93,7.99,7.83,7.94,2450,1980712.0,2.02,0.13,0.01,0.12
6975,2021-07-21,7.91,7.97,7.89,7.96,3441,2795646.0,1.01,0.25,0.02,0.17
6976,2021-07-22,7.96,7.96,7.84,7.93,4328,3497839.0,1.51,-0.38,-0.03,0.21
6977,2021-07-23,7.87,7.9,7.76,7.8,6223,4988539.0,1.77,-1.64,-0.13,0.3
6978,2021-07-26,7.8,7.88,7.57,7.63,5086,3995589.0,3.97,-2.18,-0.17,0.25
6979,2021-07-27,7.63,7.65,7.49,7.56,6848,5313828.0,2.1,-0.92,-0.07,0.33
6980,2021-07-28,7.54,7.55,7.14,7.26,4599,3449386.0,5.42,-3.97,-0.3,0.22
6981,2021-07-29,7.27,7.47,7.27,7.42,6674,5042880.0,2.75,2.2,0.16,0.32
6982,2021-07-30,7.43,7.46,7.31,7.36,4833,3647936.0,2.02,-0.81,-0.06,0.23
6983,2021-08-02,7.36,7.49,7.27,7.47,5752,4360585.0,2.99,1.49,0.11,0.28
6984,2021-08-03,7.42,7.56,7.41,7.53,3456,2656324.0,2.01,0.8,0.06,0.17
6985,2021-08-04,7.54,7.59,7.41,7.51,3924,3010615.0,2.39,-0.27,-0.02,0.19
6986,2021-08-05,7.51,7.66,7.39,7.43,4450,3418115.0,3.6,-1.07,-0.08,0.22
6987,2021-08-06,7.46,7.46,7.32,7.41,3710,2812359.0,1.88,-0.27,-0.02,0.18
6988,2021-08-09,7.42,7.6,7.37,7.53,3914,3003504.0,3.1,1.62,0.12,0.19
6989,2021-08-10,7.47,7.76,7.47,7.68,5326,4169523.0,3.85,1.99,0.15,0.26
6990,2021-08-11,7.75,7.75,7.6,7.66,4481,3517461.0,1.95,-0.26,-0.02,0.22
6991,2021-08-12,7.69,7.86,7.65,7.7,3937,3110602.0,2.74,0.52,0.04,0.19
6992,2021-08-13,7.62,7.78,7.62,7.71,3519,2764851.0,2.08,0.13,0.01,0.17
6993,2021-08-16,7.72,7.86,7.63,7.83,5605,4434476.0,2.98,1.56,0.12,0.27
6994,2021-08-17,7.84,7.86,7.66,7.73,3465,2763478.0,2.55,-1.28,-0.1,0.17
6995,2021-08-18,7.7,7.85,7.6,7.83,5854,4620256.0,3.23,1.29,0.1,0.28
6996,2021-08-19,7.79,7.83,7.65,7.78,2602,2059623.0,2.3,-0.64,-0.05,0.13
6997,2021-08-20,7.69,7.71,7.52,7.67,5176,4043724.0,2.44,-1.41,-0.11,0.25
6998,2021-08-23,7.59,7.79,7.59,7.78,8439,6676148.0,2.61,1.43,0.11,0.41
6999,2021-08-24,7.73,7.81,7.7,7.78,5485,4351953.0,1.41,0.0,0.0,0.27
7000,2021-08-25,7.8,7.84,7.73,7.84,4239,3387787.0,1.41,0.77,0.06,0.21
7001,2021-08-26,7.74,7.85,7.73,7.8,4331,3452098.0,1.53,-0.51,-0.04,0.21
7002,2021-08-27,7.76,8.0,7.65,7.95,11374,9172252.0,4.49,1.92,0.15,0.55
7003,2021-08-30,7.92,7.98,7.82,7.87,6253,5046802.0,2.01,-1.01,-0.08,0.3
7004,2021-08-31,7.87,8.01,7.76,7.93,5629,4553902.0,3.18,0.76,0.06,0.27
7005,2021-09-01,7.93,7.93,7.76,7.79,7261,5816333.0,2.14,-1.77,-0.14,0.35
7006,2021-09-02,7.79,8.21,7.73,7.98,15148,12298690.0,6.16,2.44,0.19,0.73
7007,2021-09-03,7.92,8.04,7.86,7.94,7078,5757369.0,2.26,-0.5,-0.04,0.34
7008,2021-09-06,7.94,8.09,7.81,8.07,11636,9525686.0,3.53,1.64,0.13,0.56
7009,2021-09-07,8.03,8.38,8.03,8.26,17765,14990892.0,4.34,2.35,0.19,0.86
7010,2021-09-08,8.22,8.35,8.21,8.33,13191,11165177.0,1.69,0.85,0.07,0.64
7011,2021-09-09,8.39,8.39,8.21,8.31,7736,6553630.0,2.16,-0.24,-0.02,0.38
7012,2021-09-10,8.32,8.36,8.11,8.19,7848,6605879.0,3.01,-1.44,-0.12,0.38
7013,2021-09-13,8.2,8.37,8.19,8.29,7102,5996697.0,2.2,1.22,0.1,0.34
7014,2021-09-14,8.36,8.36,8.13,8.18,6871,5787619.0,2.77,-1.33,-0.11,0.33
7015,2021-09-15,8.12,8.25,8.02,8.17,11478,9556730.0,2.81,-0.12,-0.01,0.56
7016,2021-09-16,8.17,8.29,8.12,8.14,8991,7550922.0,2.08,-0.37,-0.03,0.44
7017,2021-09-17,8.09,8.24,7.98,8.03,7020,5805232.0,3.19,-1.35,-0.11,0.34
7018,2021-09-22,8.0,8.01,7.87,7.96,10369,8409244.0,1.74,-0.87,-0.07,0.5
7019,2021-09-23,8.0,8.12,7.95,8.08,7930,6538710.0,2.14,1.51,0.12,0.38
7020,2021-09-24,8.06,8.16,7.82,7.93,7393,6026038.0,4.21,-1.86,-0.15,0.36
7021,2021-09-27,8.0,8.0,7.43,7.51,11469,8924529.0,7.19,-5.3,-0.42,0.56
7022,2021-09-28,7.54,7.69,7.43,7.69,6704,5221768.0,3.46,2.4,0.18,0.33
7023,2021-09-29,7.62,7.76,7.51,7.52,5070,3960508.0,3.25,-2.21,-0.17,0.25
7024,2021-09-30,7.58,7.71,7.32,7.71,6985,5419673.0,5.19,2.53,0.19,0.34
7025,2021-10-08,7.77,7.97,7.7,7.89,7585,6073474.0,3.5,2.33,0.18,0.37
7026,2021-10-11,7.9,8.06,7.86,7.94,6747,5505826.0,2.53,0.63,0.05,0.33
7027,2021-10-12,7.95,8.1,7.86,7.99,8601,7019886.0,3.02,0.63,0.05,0.42
7028,2021-10-13,7.93,8.03,7.88,7.99,5937,4831900.0,1.88,0.0,0.0,0.29
7029,2021-10-14,7.98,7.98,7.85,7.89,6214,5027542.0,1.63,-1.25,-0.1,0.3
7030,2021-10-15,7.89,7.89,7.65,7.74,7345,5823783.0,3.04,-1.9,-0.15,0.36
7031,2021-10-18,7.79,7.79,7.62,7.71,4507,3541591.0,2.2,-0.39,-0.03,0.22
7032,2021-10-19,7.66,7.8,7.61,7.79,14724,11626967.0,2.46,1.04,0.08,0.71
7033,2021-10-20,7.74,7.76,7.5,7.51,14234,11027086.0,3.34,-3.59,-0.28,0.69
7034,2021-10-21,7.47,7.54,7.45,7.53,5059,3890098.0,1.2,0.27,0.02,0.25
7035,2021-10-22,7.56,7.56,7.46,7.49,3606,2774267.0,1.33,-0.53,-0.04,0.17
7036,2021-10-25,7.44,7.5,7.37,7.48,4152,3163571.0,1.74,-0.13,-0.01,0.2
7037,2021-10-26,7.47,7.47,7.38,7.45,3130,2379615.0,1.2,-0.4,-0.03,0.15
7038,2021-10-27,7.44,7.44,7.36,7.38,2992,2268852.0,1.07,-0.94,-0.07,0.15
7039,2021-10-28,7.38,7.38,7.11,7.17,6012,4453616.0,3.66,-2.85,-0.21,0.29
7040,2021-10-29,7.15,7.43,7.13,7.43,4647,3487912.0,4.18,3.63,0.26,0.23
7041,2021-11-01,7.49,7.74,7.42,7.65,11566,9041621.0,4.31,2.96,0.22,0.56
7042,2021-11-02,7.65,7.77,7.51,7.57,6488,5084891.0,3.4,-1.05,-0.08,0.31
7043,2021-11-03,7.57,7.86,7.57,7.75,7030,5577273.0,3.83,2.38,0.18,0.34
7044,2021-11-04,7.79,7.88,7.71,7.84,5383,4308412.0,2.19,1.16,0.09,0.26
7045,2021-11-05,7.78,7.84,7.69,7.77,5846,4649477.0,1.91,-0.89,-0.07,0.28
7046,2021-11-08,7.81,7.86,7.66,7.81,5120,4081364.0,2.57,0.51,0.04,0.25
7047,2021-11-09,7.71,8.39,7.71,8.14,18226,15131246.0,8.71,4.23,0.33,0.88
7048,2021-11-10,8.06,8.26,8.02,8.24,8835,7361009.0,2.95,1.23,0.1,0.43
7049,2021-11-11,8.24,8.24,8.03,8.09,4955,4116907.0,2.55,-1.82,-0.15,0.24
7050,2021-11-12,8.08,8.15,8.04,8.13,5180,4299824.0,1.36,0.49,0.04,0.25
7051,2021-11-15,8.09,8.18,8.07,8.18,6429,5353470.0,1.35,0.62,0.05,0.31
7052,2021-11-16,8.21,8.21,7.97,7.99,4326,3570419.0,2.93,-2.32,-0.19,0.21
7053,2021-11-17,7.98,8.24,7.98,8.22,8386,7008172.0,3.25,2.88,0.23,0.41
7054,2021-11-18,8.21,8.29,8.01,8.12,7030,5902717.0,3.41,-1.22,-0.1,0.34
7055,2021-11-19,8.04,8.23,8.04,8.22,7742,6481655.0,2.34,1.23,0.1,0.38
7056,2021-11-22,8.29,8.29,8.18,8.24,7139,6001638.0,1.34,0.24,0.02,0.35
7057,2021-11-23,8.24,8.24,8.12,8.21,7266,6071167.0,1.46,-0.36,-0.03,0.35
7058,2021-11-24,8.2,8.42,8.11,8.32,11070,9381093.0,3.78,1.34,0.11,0.54
7059,2021-11-25,8.31,8.36,8.28,8.33,4254,3621313.0,0.96,0.12,0.01,0.21
7060,2021-11-26,8.33,8.36,8.23,8.3,5578,4732874.0,1.56,-0.36,-0.03,0.27
7061,2021-11-29,8.22,8.28,8.1,8.16,8206,6871840.0,2.17,-1.69,-0.14,0.4
7062,2021-11-30,8.16,8.29,8.11,8.24,8480,7137104.0,2.21,0.98,0.08,0.41
7063,2021-12-01,8.21,8.47,8.19,8.44,12320,10530904.0,3.4,2.43,0.2,0.6
7064,2021-12-02,8.43,8.48,8.35,8.41,8586,7397374.0,1.54,-0.36,-0.03,0.42
7065,2021-12-03,8.43,8.53,8.38,8.51,7847,6785769.0,1.78,1.19,0.1,0.38
7066,2021-12-06,8.51,8.51,8.14,8.19,9826,8351865.0,4.35,-3.76,-0.32,0.48
7067,2021-12-07,8.19,8.26,8.01,8.13,11493,9525957.0,3.05,-0.73,-0.06,0.56
7068,2021-12-08,8.14,8.24,8.09,8.18,4608,3851193.0,1.85,0.62,0.05,0.22
7069,2021-12-09,8.18,8.4,8.12,8.36,9821,8324847.0,3.42,2.2,0.18,0.48
7070,2021-12-10,8.35,8.48,8.26,8.48,8031,6911303.0,2.63,1.44,0.12,0.39
7071,2021-12-13,8.54,8.71,8.4,8.45,7702,6661650.0,3.66,-0.35,-0.03,0.37
7072,2021-12-14,8.44,8.68,8.35,8.5,10787,9398845.0,3.91,0.59,0.05,0.52
7073,2021-12-15,8.47,8.57,8.38,8.51,5717,4977620.0,2.24,0.12,0.01,0.28
7074,2021-12-16,8.51,8.74,8.46,8.74,15643,13818534.0,3.29,2.7,0.23,0.76
7075,2021-12-17,8.77,9.63,8.77,9.63,69196,67068349.0,9.84,10.18,0.89,3.35
7076,2021-12-20,9.73,10.61,9.51,10.61,122479,129736116.0,11.42,10.18,0.98,5.94
7077,2021-12-21,10.93,11.69,10.67,11.69,117295,135925023.0,9.61,10.18,1.08,5.69
7078,2021-12-22,12.23,12.88,10.81,10.87,280282,336633136.0,17.71,-7.01,-0.82,13.59
7079,2021-12-23,10.21,10.27,9.76,9.78,173595,175341021.0,4.69,-10.03,-1.09,8.42
7080,2021-12-24,9.77,9.96,9.41,9.53,104274,102965925.0,5.62,-2.56,-0.25,5.05
7081,2021-12-27,9.29,9.56,9.19,9.47,73110,69993657.0,3.88,-0.63,-0.06,3.54
7082,2021-12-28,9.42,9.47,9.22,9.33,52942,50199427.0,2.64,-1.48,-0.14,2.57
7083,2021-12-29,9.25,9.6,9.08,9.41,69176,66149479.0,5.57,0.86,0.08,3.35
7084,2021-12-30,9.41,9.43,9.23,9.3,45518,43163617.0,2.13,-1.17,-0.11,2.21
7085,2021-12-31,9.26,9.35,9.18,9.25,37826,35734590.0,1.83,-0.54,-0.05,1.83
7086,2022-01-04,9.27,9.4,9.15,9.38,43248,41049950.0,2.7,1.41,0.13,2.1
7087,2022-01-05,9.39,9.53,9.16,9.48,53018,50569044.0,3.94,1.07,0.1,2.57
7088,2022-01-06,9.51,9.93,9.4,9.93,97841,96521648.0,5.59,4.75,0.45,4.74
7089,2022-01-07,9.89,9.92,9.51,9.53,59245,58469701.0,4.13,-4.03,-0.4,2.87
7090,2022-01-10,9.42,9.5,9.05,9.17,54053,50737192.0,4.72,-3.78,-0.36,2.62
7091,2022-01-11,9.21,9.62,9.13,9.61,69686,67150341.0,5.34,4.8,0.44,3.38
7092,2022-01-12,9.71,9.87,9.46,9.61,47480,46488576.0,4.27,0.0,0.0,2.3
7093,2022-01-13,9.48,9.74,9.46,9.62,38946,38270248.0,2.91,0.1,0.01,1.89
7094,2022-01-14,9.62,9.64,9.3,9.36,39615,38145493.0,3.53,-2.7,-0.26,1.92
7095,2022-01-17,9.36,9.49,9.06,9.49,28978,27526434.0,4.59,1.39,0.13,1.4
7096,2022-01-18,9.43,9.43,8.96,9.12,45678,42456821.0,4.95,-3.9,-0.37,2.21
7097,2022-01-19,9.1,9.22,8.99,9.18,27849,25980166.0,2.52,0.66,0.06,1.35
7098,2022-01-20,9.18,9.2,8.77,8.86,34886,31773822.0,4.68,-3.49,-0.32,1.69
7099,2022-01-21,8.81,8.94,8.56,8.64,25597,22754022.0,4.29,-2.48,-0.22,1.24
7100,2022-01-24,8.64,8.77,8.43,8.65,25252,22264006.0,3.94,0.12,0.01,1.22
7101,2022-01-25,8.7,8.7,8.19,8.2,22985,19786357.0,5.9,-5.2,-0.45,1.11
7102,2022-01-26,8.23,8.55,8.23,8.42,23650,20340461.0,3.9,2.68,0.22,1.15
7103,2022-01-27,8.51,8.51,8.0,8.06,21115,17802674.0,6.06,-4.28,-0.36,1.02
7104,2022-01-28,8.1,8.54,8.1,8.42,20452,17383826.0,5.46,4.47,0.36,0.99
7105,2022-02-07,8.42,8.62,8.22,8.35,25101,21631327.0,4.75,-0.83,-0.07,1.22
7106,2022-02-08,8.35,8.65,8.26,8.63,28227,24701437.0,4.67,3.35,0.28,1.37
7107,2022-02-09,8.63,8.74,8.57,8.68,20293,17969228.0,1.97,0.58,0.05,0.98
7108,2022-02-10,8.64,8.84,8.61,8.77,25907,23096541.0,2.65,1.04,0.09,1.26
7109,2022-02-11,8.74,8.76,8.44,8.45,18748,16377180.0,3.65,-3.65,-0.32,0.91
7110,2022-02-14,8.41,8.78,8.39,8.66,18909,16687903.0,4.62,2.49,0.21,0.92
7111,2022-02-15,8.65,8.75,8.42,8.5,15818,13803889.0,3.81,-1.85,-0.16,0.77
7112,2022-02-16,8.51,8.7,8.51,8.62,16065,14175346.0,2.24,1.41,0.12,0.78
7113,2022-02-17,8.68,8.72,8.47,8.54,21425,18845319.0,2.9,-0.93,-0.08,1.04
7114,2022-02-18,8.48,8.62,8.42,8.61,14873,12980175.0,2.34,0.82,0.07,0.72
7115,2022-02-21,8.56,8.72,8.56,8.71,13223,11691769.0,1.86,1.16,0.1,0.64
7116,2022-02-22,8.74,8.76,8.55,8.58,15200,13394185.0,2.41,-1.49,-0.13,0.74
7117,2022-02-23,8.58,8.71,8.51,8.68,19228,16984452.0,2.33,1.17,0.1,0.93
7118,2022-02-24,8.66,8.79,8.28,8.44,24022,20977965.0,5.88,-2.76,-0.24,1.16
7119,2022-02-25,8.52,8.7,8.44,8.61,16214,14256011.0,3.08,2.01,0.17,0.79
7120,2022-02-28,8.61,8.61,8.32,8.5,14881,12834882.0,3.37,-1.28,-0.11,0.72
7121,2022-03-01,8.52,8.74,8.49,8.69,16714,14707301.0,2.94,2.24,0.19,0.81
7122,2022-03-02,8.62,8.99,8.61,8.98,31902,28898222.0,4.37,3.34,0.29,1.55
7123,2022-03-03,9.04,9.14,8.92,9.05,20620,18969130.0,2.45,0.78,0.07,1.0
7124,2022-03-04,9.01,9.06,8.81,8.87,15928,14490583.0,2.76,-1.99,-0.18,0.77
7125,2022-03-07,8.93,9.01,8.73,8.82,14403,13022781.0,3.16,-0.56,-0.05,0.7
7126,2022-03-08,8.74,8.85,8.49,8.5,17210,15147864.0,4.08,-3.63,-0.32,0.83
7127,2022-03-09,8.51,8.61,7.93,8.35,21885,18670672.0,8.0,-1.76,-0.15,1.06
7128,2022-03-10,8.43,8.57,8.42,8.45,14392,12487624.0,1.8,1.2,0.1,0.7
7129,2022-03-11,8.47,8.61,8.18,8.61,15896,13666155.0,5.09,1.89,0.16,0.77
7130,2022-03-14,8.61,8.61,8.28,8.28,14713,12662136.0,3.83,-3.83,-0.33,0.71
7131,2022-03-15,8.28,8.28,7.77,7.81,21783,17852356.0,6.16,-5.68,-0.47,1.06
7132,2022-03-16,7.87,8.12,7.72,8.09,19237,15629357.0,5.12,3.59,0.28,0.93
7133,2022-03-17,8.09,8.46,8.09,8.33,18278,15538705.0,4.57,2.97,0.24,0.89
7134,2022-03-18,8.32,8.58,8.17,8.49,21182,18327484.0,4.92,1.92,0.16,1.03
7135,2022-03-21,8.47,8.67,8.46,8.59,17087,14909479.0,2.47,1.18,0.1,0.83
7136,2022-03-22,8.48,8.71,8.43,8.67,16289,14348883.0,3.26,0.93,0.08,0.79
7137,2022-03-23,8.69,8.92,8.59,8.9,20814,18633716.0,3.81,2.65,0.23,1.01
7138,2022-03-24,8.93,9.0,8.72,8.76,17757,16028885.0,3.15,-1.57,-0.14,0.86
7139,2022-03-25,8.77,9.1,8.75,8.87,21775,19824999.0,4.0,1.26,0.11,1.06
7140,2022-03-28,8.86,9.21,8.71,9.09,33877,31169515.0,5.64,2.48,0.22,1.64
7141,2022-03-29,9.09,9.1,8.81,8.83,20098,18270528.0,3.19,-2.86,-0.26,0.97
7142,2022-03-30,9.0,9.73,8.85,9.73,30131,29470883.0,9.97,10.19,0.9,1.46
7143,2022-03-31,10.56,10.56,9.35,9.44,152658,154648398.0,12.44,-2.98,-0.29,7.4
7144,2022-04-01,9.45,9.78,9.08,9.31,86362,82463788.0,7.42,-1.38,-0.13,4.19
7145,2022-04-06,9.55,10.26,9.51,10.26,56008,57702324.0,8.06,10.2,0.95,2.72
7146,2022-04-07,10.35,11.01,9.69,9.74,134543,138129909.0,12.87,-5.07,-0.52,6.52
7147,2022-04-08,9.91,10.01,9.35,9.74,79355,77621044.0,6.78,0.0,0.0,3.85
7148,2022-04-11,9.73,9.73,8.79,9.0,64538,60250908.0,9.65,-7.6,-0.74,3.13
7149,2022-04-12,8.64,9.44,8.11,9.16,78788,71234637.0,14.78,1.78,0.16,3.82
7150,2022-04-13,9.1,9.19,8.53,8.57,64503,58052779.0,7.21,-6.44,-0.59,3.13
7151,2022-04-14,8.56,9.04,8.52,8.9,56799,51439463.0,6.07,3.85,0.33,2.75
7152,2022-04-15,8.91,9.05,8.62,8.67,37895,34050031.0,4.83,-2.58,-0.23,1.84
7153,2022-04-18,8.67,8.75,8.35,8.56,24366,21417661.0,4.61,-1.27,-0.11,1.18
7154,2022-04-19,8.51,8.7,8.35,8.54,31241,27181169.0,4.09,-0.23,-0.02,1.51
7155,2022-04-20,8.55,8.66,8.36,8.43,21554,18737936.0,3.51,-1.29,-0.11,1.04
7156,2022-04-21,8.36,8.47,7.95,7.98,31479,26299860.0,6.17,-5.34,-0.45,1.53
7157,2022-04-22,7.91,8.0,7.77,7.81,30098,24196924.0,2.88,-2.13,-0.17,1.46
7158,2022-04-25,7.71,7.76,7.01,7.02,43349,32654833.0,9.6,-10.12,-0.79,2.1
7159,2022-04-26,7.02,7.12,6.61,6.62,31061,21969892.0,7.26,-5.7,-0.4,1.51
7160,2022-04-27,6.49,6.77,6.34,6.72,28387,19040259.0,6.5,1.51,0.1,1.38
7161,2022-04-28,6.7,6.97,6.42,6.51,32762,22367412.0,8.18,-3.13,-0.21,1.59
7162,2022-04-29,6.59,7.18,6.54,7.18,31141,21978698.0,9.83,10.29,0.67,1.51
7163,2022-05-05,7.01,7.16,6.79,7.1,31477,22582310.0,5.15,-1.11,-0.08,1.53
7164,2022-05-06,6.96,7.01,6.82,6.94,19905,14179054.0,2.68,-2.25,-0.16,0.96
7165,2022-05-09,6.91,7.18,6.83,7.09,19518,14164620.0,5.04,2.16,0.15,0.95
7166,2022-05-10,6.99,7.17,6.91,7.12,15218,11034330.0,3.67,0.42,0.03,0.74
7167,2022-05-11,7.12,7.25,7.01,7.04,24531,18000725.0,3.37,-1.12,-0.08,1.19
7168,2022-05-12,7.04,7.24,6.96,7.17,21957,16063139.0,3.98,1.85,0.13,1.06
7169,2022-05-13,7.17,7.44,7.1,7.34,24461,18247601.0,4.74,2.37,0.17,1.19
7170,2022-05-16,7.34,7.68,7.31,7.54,28273,21868950.0,5.04,2.72,0.2,1.37
7171,2022-05-17,7.55,7.6,7.27,7.35,19678,14924812.0,4.38,-2.52,-0.19,0.95
7172,2022-05-18,7.36,7.54,7.36,7.45,17302,13257278.0,2.45,1.36,0.1,0.84
7173,2022-05-19,7.33,7.65,7.28,7.57,15072,11606093.0,4.97,1.61,0.12,0.73
7174,2022-05-20,7.53,7.66,7.51,7.56,10313,8006762.0,1.98,-0.13,-0.01,0.5
7175,2022-05-23,7.49,7.66,7.48,7.61,13959,10879677.0,2.38,0.66,0.05,0.68
7176,2022-05-24,7.67,7.69,7.26,7.26,24570,18716671.0,5.65,-4.6,-0.35,1.19
7177,2022-05-25,7.29,7.46,7.28,7.44,11902,9040891.0,2.48,2.48,0.18,0.58
7178,2022-05-26,7.51,7.51,7.28,7.47,12200,9267692.0,3.09,0.4,0.03,0.59
7179,2022-05-27,7.46,7.7,7.44,7.6,15870,12158793.0,3.48,1.74,0.13,0.77
7180,2022-05-30,7.55,7.75,7.55,7.72,14228,11074148.0,2.63,1.58,0.12,0.69
7181,2022-05-31,7.72,7.78,7.62,7.75,11484,8971011.0,2.07,0.39,0.03,0.56
7182,2022-06-01,7.71,7.8,7.63,7.76,10493,8208389.0,2.19,0.13,0.01,0.51
7183,2022-06-02,7.73,7.75,7.58,7.72,11504,8939604.0,2.19,-0.52,-0.04,0.56
7184,2022-06-06,7.73,7.92,7.65,7.87,19851,15757767.0,3.5,1.94,0.15,0.96
7185,2022-06-07,7.91,7.94,7.74,7.87,12961,10278120.0,2.54,0.0,0.0,0.63
7186,2022-06-08,7.87,7.89,7.61,7.75,14703,11552179.0,3.56,-1.52,-0.12,0.71
7187,2022-06-09,7.79,7.8,7.57,7.64,10820,8389421.0,2.97,-1.42,-0.11,0.52
7188,2022-06-10,7.59,7.78,7.53,7.69,9204,7167881.0,3.27,0.65,0.05,0.45
7189,2022-06-13,7.65,7.69,7.53,7.65,13584,10459522.0,2.08,-0.52,-0.04,0.66
7190,2022-06-14,7.56,7.62,7.35,7.6,13364,10133157.0,3.53,-0.65,-0.05,0.65
7191,2022-06-15,7.62,7.75,7.55,7.55,16804,13017840.0,2.63,-0.66,-0.05,0.81
7192,2022-06-16,7.62,7.65,7.51,7.63,11552,8876169.0,1.85,1.06,0.08,0.56
7193,2022-06-17,7.62,7.63,7.42,7.58,12653,9660961.0,2.75,-0.66,-0.05,0.61
7194,2022-06-20,7.65,7.7,7.46,7.68,12953,10014919.0,3.17,1.32,0.1,0.63
7195,2022-06-21,7.74,7.8,7.56,7.69,14925,11632941.0,3.13,0.13,0.01,0.72
7196,2022-06-22,7.69,7.96,7.63,7.81,38367,30469020.0,4.29,1.56,0.12,1.86
7197,2022-06-23,7.9,7.94,7.81,7.93,19227,15341298.0,1.66,1.54,0.12,0.93
7198,2022-06-24,7.93,7.96,7.8,7.9,16895,13461661.0,2.02,-0.38,-0.03,0.82
7199,2022-06-27,7.89,7.92,7.85,7.87,12831,10234420.0,0.89,-0.38,-0.03,0.62
7200,2022-06-28,7.87,8.1,7.79,8.07,22774,18394664.0,3.94,2.54,0.2,1.1
7201,2022-06-29,8.05,8.78,7.93,8.22,47306,39629700.0,10.53,1.86,0.15,2.29
7202,2022-06-30,8.13,8.25,8.08,8.11,25147,20674003.0,2.07,-1.34,-0.11,1.22
7203,2022-07-01,8.08,8.29,8.04,8.21,13780,11404161.0,3.08,1.23,0.1,0.67
7204,2022-07-04,8.13,8.4,8.07,8.14,16498,13686555.0,4.02,-0.85,-0.07,0.8
7205,2022-07-05,8.1,8.19,7.97,8.06,10883,8872167.0,2.7,-0.98,-0.08,0.53
7206,2022-07-06,8.06,8.09,7.9,7.97,9565,7709658.0,2.36,-1.12,-0.09,0.46
7207,2022-07-07,7.91,8.19,7.91,8.02,9477,7733207.0,3.51,0.63,0.05,0.46
7208,2022-07-08,7.96,8.19,7.96,8.17,12375,10172448.0,2.87,1.87,0.15,0.6
7209,2022-07-11,8.17,8.19,7.9,8.11,11581,9415746.0,3.55,-0.73,-0.06,0.56
7210,2022-07-12,8.17,8.28,7.92,7.95,11153,9037844.0,4.44,-1.97,-0.16,0.54
7211,2022-07-13,8.02,8.18,7.92,8.18,15036,12373554.0,3.27,2.89,0.23,0.73
7212,2022-07-14,8.14,8.17,7.97,7.97,11262,9189293.0,2.44,-2.57,-0.21,0.55
7213,2022-07-15,8.01,8.02,7.66,7.72,21537,16912557.0,4.52,-3.14,-0.25,1.04
7214,2022-07-18,7.74,8.38,7.74,8.02,24311,19900965.0,8.29,3.89,0.3,1.18
7215,2022-07-19,7.99,8.21,7.99,8.19,17580,14492374.0,2.74,2.12,0.17,0.85
7216,2022-07-20,8.2,8.37,8.14,8.31,17989,15021961.0,2.81,1.47,0.12,0.87
7217,2022-07-21,8.32,8.55,8.26,8.34,17870,15198144.0,3.49,0.36,0.03,0.87
7218,2022-07-22,8.37,8.49,8.28,8.39,14515,12320042.0,2.52,0.6,0.05,0.7
7219,2022-07-25,8.43,9.08,8.33,8.81,39222,34730299.0,8.94,5.01,0.42,1.9
7220,2022-07-26,8.81,8.82,8.5,8.56,23968,20767380.0,3.63,-2.84,-0.25,1.16
7221,2022-07-27,8.54,8.65,8.41,8.59,17848,15335110.0,2.8,0.35,0.03,0.87
7222,2022-07-28,8.59,8.59,8.45,8.5,12674,10926110.0,1.63,-1.05,-0.09,0.61
7223,2022-07-29,8.6,8.61,8.44,8.57,11470,9911217.0,2.0,0.82,0.07,0.56
7224,2022-08-01,8.6,8.6,8.31,8.47,10345,8848959.0,3.38,-1.17,-0.1,0.5
7225,2022-08-02,8.4,8.4,7.9,8.02,20726,16932712.0,5.9,-5.31,-0.45,1.0
7226,2022-08-03,7.95,8.32,7.95,8.06,12945,10700235.0,4.61,0.5,0.04,0.63
7227,2022-08-04,8.09,8.23,8.09,8.21,8858,7328344.0,1.74,1.86,0.15,0.43
7228,2022-08-05,8.23,8.34,8.12,8.26,10125,8420585.0,2.68,0.61,0.05,0.49
7229,2022-08-08,8.28,8.76,8.21,8.53,20296,17437160.0,6.66,3.27,0.27,0.98
7230,2022-08-09,8.55,8.56,8.36,8.45,12882,10990288.0,2.34,-0.94,-0.08,0.62
7231,2022-08-10,8.45,8.63,8.39,8.57,12109,10455722.0,2.84,1.42,0.12,0.59
7232,2022-08-11,8.57,8.69,8.4,8.6,11863,10302308.0,3.38,0.35,0.03,0.58
7233,2022-08-12,8.53,8.61,8.52,8.57,6596,5714523.0,1.05,-0.35,-0.03,0.32
7234,2022-08-15,8.62,8.62,8.38,8.45,11084,9476389.0,2.8,-1.4,-0.12,0.54
7235,2022-08-16,8.47,8.8,8.47,8.8,21190,18621220.0,3.91,4.14,0.35,1.03
7236,2022-08-17,8.79,9.11,8.66,9.02,37962,34347180.0,5.11,2.5,0.22,1.84
7237,2022-08-18,9.05,9.35,8.87,9.11,46647,42903405.0,5.32,1.0,0.09,2.26
7238,2022-08-19,9.11,9.25,9.02,9.1,24715,22824164.0,2.52,-0.11,-0.01,1.2
7239,2022-08-22,9.09,9.61,8.93,9.1,12110,11110825.0,7.47,0.0,0.0,0.59
7240,2022-08-23,9.05,9.45,9.05,9.28,21290,19976923.0,4.4,1.98,0.18,1.03
7241,2022-08-24,9.27,9.43,9.0,9.3,20376,18980803.0,4.63,0.22,0.02,0.99
7242,2022-08-25,9.25,9.31,8.91,9.08,20198,18473594.0,4.3,-2.37,-0.22,0.98
7243,2022-08-26,9.08,9.13,8.95,8.99,11935,10914668.0,1.98,-0.99,-0.09,0.58
7244,2022-08-29,8.99,9.1,8.84,9.07,11337,10294783.0,2.89,0.89,0.08,0.55
7245,2022-08-30,9.07,9.13,8.9,9.08,11590,10596475.0,2.54,0.11,0.01,0.56
7246,2022-08-31,9.09,9.09,8.61,8.88,18831,16830809.0,5.29,-2.2,-0.2,0.91
7247,2022-09-01,8.9,9.03,8.79,8.82,7987,7208447.0,2.7,-0.68,-0.06,0.39
7248,2022-09-02,8.86,9.71,8.82,9.71,27314,26397073.0,10.09,10.09,0.89,1.32
7249,2022-09-05,10.03,10.64,9.88,10.02,136178,139967423.0,7.83,3.19,0.31,6.6
7250,2022-09-06,10.19,10.29,9.62,10.03,82929,83679492.0,6.69,0.1,0.01,4.02
7251,2022-09-07,9.95,9.97,9.67,9.74,47224,46644628.0,2.99,-2.89,-0.29,2.29
7252,2022-09-08,9.81,9.83,9.53,9.64,30717,29946659.0,3.08,-1.03,-0.1,1.49
7253,2022-09-09,9.62,10.08,9.58,9.64,31602,31192757.0,5.19,0.0,0.0,1.53
7254,2022-09-13,9.64,9.7,9.34,9.35,28235,26961240.0,3.73,-3.01,-0.29,1.37
7255,2022-09-14,9.24,9.36,9.18,9.3,17154,16074629.0,1.93,-0.53,-0.05,0.83
7256,2022-09-15,9.38,9.44,8.97,9.11,20075,18520549.0,5.05,-2.04,-0.19,0.97
7257,2022-09-16,9.2,9.31,9.01,9.06,25490,23568511.0,3.29,-0.55,-0.05,1.24
7258,2022-09-26,9.98,9.98,9.98,9.98,3681,3710448.0,0.0,10.15,0.92,0.18
7259,2022-09-27,10.99,10.99,10.99,10.99,2900,3215612.0,0.0,10.12,1.01,0.14
7260,2022-09-28,12.1,12.1,12.1,12.1,5021,6125803.0,0.0,10.1,1.11,0.24
7261,2022-09-29,13.32,13.32,13.32,13.32,9508,12759736.0,0.0,10.08,1.22,0.46
7262,2022-09-30,14.66,14.66,14.66,14.66,34117,50356810.0,0.0,10.06,1.34,1.65
7263,2022-10-10,16.14,16.14,15.72,16.07,387312,626794946.0,2.86,9.62,1.41,18.78
7264,2022-10-11,15.9,16.46,14.45,15.72,361825,562618186.0,12.51,-2.18,-0.35,17.54
7265,2022-10-12,15.31,16.3,14.51,16.28,286928,441919496.0,11.39,3.56,0.56,13.91
7266,2022-10-13,15.79,16.8,15.75,16.68,296333,489334924.0,6.45,2.46,0.4,14.37
7267,2022-10-14,16.32,16.59,15.42,16.54,254329,411982592.0,7.01,-0.84,-0.14,12.33
7268,2022-10-17,16.17,18.2,15.79,18.2,249397,427911258.0,14.57,10.04,1.66,12.09
7269,2022-10-18,18.4,18.89,16.9,17.51,265943,472156117.0,10.93,-3.79,-0.69,12.89
7270,2022-10-19,17.78,18.88,16.71,18.0,273009,487144603.0,12.39,2.8,0.49,13.23
7271,2022-10-20,17.53,18.6,17.33,18.06,200588,362416352.0,7.06,0.33,0.06,9.72
7272,2022-10-21,17.9,18.76,17.7,18.07,171325,313180255.0,5.87,0.06,0.01,8.31
7273,2022-10-24,17.75,17.76,16.25,16.25,175785,299658544.0,8.36,-10.07,-1.82,8.52
7274,2022-10-25,15.89,17.89,15.85,17.7,244495,427744462.0,12.55,8.92,1.45,11.85
7275,2022-10-26,17.53,18.67,17.52,18.0,191154,344936790.0,6.5,1.69,0.3,9.27
7276,2022-10-27,17.88,18.1,16.21,16.23,219803,376557672.0,10.5,-9.83,-1.77,10.66
7277,2022-10-28,14.6,14.6,14.6,14.6,5690,8364300.0,0.0,-10.04,-1.63,0.28
7278,2022-10-31,13.13,13.13,13.13,13.13,2236,2958228.0,0.0,-10.07,-1.47,0.11
7279,2022-11-01,11.81,11.81,11.81,11.81,10256,12214896.0,0.0,-10.05,-1.32,0.5
7280,2022-11-02,10.62,12.85,10.62,11.9,468845,519242741.0,18.88,0.76,0.09,22.73
7281,2022-11-03,10.97,11.29,10.75,10.83,326486,363710571.0,4.54,-8.99,-1.07,15.83
7282,2022-11-04,10.87,10.99,10.72,10.9,233352,255446875.0,2.49,0.65,0.07,11.31
7283,2022-11-07,10.93,10.98,10.82,10.96,169423,186585382.0,1.47,0.55,0.06,8.21
7284,2022-11-08,11.02,11.02,10.75,10.96,114560,125980521.0,2.46,0.0,0.0,5.55
7285,2022-11-09,10.96,11.32,10.9,11.14,189687,212115269.0,3.83,1.64,0.18,9.2
7286,2022-11-10,11.09,11.09,10.85,11.04,127173,140731671.0,2.15,-0.9,-0.1,6.17
7287,2022-11-11,11.1,11.38,11.03,11.16,203139,228570969.0,3.17,1.09,0.12,9.85
7288,2022-11-14,11.33,11.35,10.94,11.0,125131,139963582.0,3.67,-1.43,-0.16,6.07
7289,2022-11-15,10.91,11.06,10.82,11.06,104763,115983610.0,2.18,0.55,0.06,5.08
7290,2022-11-16,11.12,11.18,10.86,10.91,97126,107601844.0,2.89,-1.36,-0.15,4.71
7291,2022-11-17,10.81,11.23,10.4,11.09,152684,169287159.0,7.61,1.65,0.18,7.4
7292,2022-11-18,11.04,11.08,10.73,10.77,106687,117273917.0,3.16,-2.89,-0.32,5.17
7293,2022-11-21,10.72,10.8,10.51,10.8,63558,68419270.0,2.69,0.28,0.03,3.08
7294,2022-11-22,10.76,10.92,10.6,10.66,67162,72959276.0,2.96,-1.3,-0.14,3.26
7295,2022-11-23,10.7,10.7,10.4,10.67,57718,61356089.0,2.81,0.09,0.01,2.8
7296,2022-11-24,10.67,11.03,10.67,10.94,106390,116977977.0,3.37,2.53,0.27,5.16
7297,2022-11-25,10.9,11.16,10.79,10.97,112913,125299858.0,3.38,0.27,0.03,5.47
7298,2022-11-28,10.8,11.18,10.66,10.99,89232,99121573.0,4.74,0.18,0.02,4.33
7299,2022-11-29,11.26,11.43,10.94,11.26,185912,209710407.0,4.46,2.46,0.27,9.01
7300,2022-11-30,11.16,11.58,11.11,11.26,157089,179532145.0,4.17,0.0,0.0,7.62
7301,2022-12-01,11.3,11.36,11.02,11.06,113509,127815688.0,3.02,-1.78,-0.2,5.5
7302,2022-12-02,11.06,11.15,10.96,11.11,70826,78966827.0,1.72,0.45,0.05,3.43
7303,2022-12-05,11.26,11.53,11.15,11.41,136586,156464027.0,3.42,2.7,0.3,6.62
7304,2022-12-06,11.29,11.87,11.24,11.49,129137,149453600.0,5.52,0.7,0.08,6.26
7305,2022-12-07,11.49,12.64,11.32,11.93,264939,321858655.0,11.49,3.83,0.44,12.84
7306,2022-12-08,11.92,12.14,11.57,11.58,158388,186840282.0,4.78,-2.93,-0.35,7.68
7307,2022-12-09,11.56,11.58,11.15,11.25,121452,138344351.0,3.71,-2.85,-0.33,5.89
7308,2022-12-12,11.21,11.24,10.86,10.96,93293,103484646.0,3.38,-2.58,-0.29,4.52
7309,2022-12-13,10.86,11.11,10.82,11.02,56028,62210112.0,2.65,0.55,0.06,2.72
7310,2022-12-14,10.94,10.95,10.76,10.81,56291,61618726.0,1.72,-1.91,-0.21,2.73
7311,2022-12-15,10.8,11.0,10.73,10.93,46374,51045725.0,2.5,1.11,0.12,2.25
7312,2022-12-16,10.9,11.0,10.72,10.8,48103,52744259.0,2.56,-1.19,-0.13,2.33
7313,2022-12-19,10.82,10.88,10.44,10.56,53104,56763366.0,4.07,-2.22,-0.24,2.57
7314,2022-12-20,10.45,10.56,10.29,10.54,41522,43784567.0,2.56,-0.19,-0.02,2.01
7315,2022-12-21,10.46,10.5,10.21,10.28,37291,38882428.0,2.75,-2.47,-0.26,1.81
7316,2022-12-22,10.34,10.56,10.06,10.07,50724,52659000.0,4.86,-2.04,-0.21,2.46
7317,2022-12-23,10.12,10.2,9.99,10.14,33750,34412252.0,2.09,0.7,0.07,1.64
7318,2022-12-26,10.14,10.24,10.03,10.23,30027,30792160.0,2.07,0.89,0.09,1.46
7319,2022-12-27,10.3,10.44,10.16,10.42,37223,38759164.0,2.74,1.86,0.19,1.8
7320,2022-12-28,10.4,10.4,10.15,10.22,32734,33858018.0,2.4,-1.92,-0.2,1.59
7321,2022-12-29,10.23,10.33,9.96,9.97,36996,37644368.0,3.62,-2.45,-0.25,1.79
7322,2022-12-30,9.97,10.18,9.96,10.14,31343,31932613.0,2.21,1.71,0.17,1.52
7323,2023-01-03,10.11,10.41,10.09,10.36,40309,41934552.0,3.16,2.17,0.22,1.95
7324,2023-01-04,10.38,10.47,10.25,10.39,38895,40791953.0,2.12,0.29,0.03,1.89
7325,2023-01-05,10.37,10.4,10.23,10.31,34702,36021099.0,1.64,-0.77,-0.08,1.68
7326,2023-01-06,10.4,10.76,10.11,10.13,81740,85575344.0,6.3,-1.75,-0.18,3.96
7327,2023-01-09,10.14,10.32,10.11,10.21,38935,40225062.0,2.07,0.79,0.08,1.89
7328,2023-01-10,10.27,10.27,10.0,10.08,30069,30668619.0,2.64,-1.27,-0.13,1.46
7329,2023-01-11,10.11,10.24,10.01,10.05,33737,34461434.0,2.28,-0.3,-0.03,1.64
7330,2023-01-12,10.01,10.1,9.89,9.94,30529,30735092.0,2.09,-1.09,-0.11,1.48
7331,2023-01-13,9.9,10.1,9.9,10.03,27648,27941100.0,2.01,0.91,0.09,1.34
7332,2023-01-16,10.06,10.18,10.0,10.08,37140,37777761.0,1.79,0.5,0.05,1.8
7333,2023-01-17,10.07,10.09,9.9,9.95,28077,28283145.0,1.88,-1.29,-0.13,1.36
7334,2023-01-18,10.0,10.35,9.94,10.15,45162,46247863.0,4.12,2.01,0.2,2.19
7335,2023-01-19,10.2,10.2,10.05,10.09,19344,19724216.0,1.48,-0.59,-0.06,0.94
7336,2023-01-20,10.09,10.26,10.09,10.25,29648,30569733.0,1.68,1.59,0.16,1.44
7337,2023-01-30,10.42,10.44,10.3,10.38,36248,38008420.0,1.37,1.27,0.13,1.76
7338,2023-01-31,10.38,10.64,10.29,10.62,54227,57544437.0,3.37,2.31,0.24,2.63
7339,2023-02-01,10.64,10.68,10.52,10.67,37790,40458746.0,1.51,0.47,0.05,1.83
7340,2023-02-02,10.68,10.75,10.6,10.62,31774,34138553.0,1.41,-0.47,-0.05,1.54
7341,2023-02-03,10.53,10.87,10.52,10.66,51365,55359516.0,3.3,0.38,0.04,2.49
7342,2023-02-06,10.5,10.76,10.5,10.65,29778,31994308.0,2.44,-0.09,-0.01,1.44
7343,2023-02-07,10.74,11.15,10.66,11.07,96825,107170123.0,4.6,3.94,0.42,4.69
7344,2023-02-08,11.17,11.88,10.99,11.41,181402,209525197.0,8.04,3.07,0.34,8.79
7345,2023-02-09,11.36,11.66,11.29,11.58,100843,116873473.0,3.24,1.49,0.17,4.89
7346,2023-02-10,11.75,11.78,11.31,11.6,85377,99440236.0,4.06,0.17,0.02,4.14
7347,2023-02-13,11.6,11.6,11.32,11.37,57492,66075530.0,2.41,-1.98,-0.23,2.79
7348,2023-02-14,11.35,11.35,11.16,11.19,49012,55575118.0,1.67,-1.58,-0.18,2.38
7349,2023-02-15,11.23,11.3,10.99,11.13,60957,68338080.0,2.77,-0.54,-0.06,2.96
7350,2023-02-16,11.12,11.32,10.7,10.8,65548,72726438.0,5.57,-2.96,-0.33,3.18
7351,2023-02-17,10.73,10.95,10.72,10.86,40627,44436175.0,2.13,0.56,0.06,1.97
7352,2023-02-20,10.83,10.88,10.59,10.73,38428,41415449.0,2.67,-1.2,-0.13,1.86
7353,2023-02-21,10.78,10.82,10.53,10.63,51998,55810179.0,2.7,-0.93,-0.1,2.52
7354,2023-02-22,10.58,10.68,10.49,10.65,24663,26422751.0,1.79,0.19,0.02,1.2
7355,2023-02-23,10.71,10.83,10.63,10.71,35062,37885569.0,1.88,0.56,0.06,1.7
7356,2023-02-24,10.69,10.7,10.56,10.62,23602,25308564.0,1.31,-0.84,-0.09,1.14
7357,2023-02-27,10.69,10.79,10.49,10.49,29721,31799093.0,2.82,-1.22,-0.13,1.44
7358,2023-02-28,10.55,10.78,10.5,10.68,23753,25496878.0,2.67,1.81,0.19,1.15
7359,2023-03-01,10.7,10.79,10.65,10.79,26180,28381701.0,1.31,1.03,0.11,1.27
7360,2023-03-02,10.83,10.86,10.67,10.7,24374,26409144.0,1.76,-0.83,-0.09,1.18
7361,2023-03-03,10.75,10.75,10.55,10.66,16734,17963528.0,1.87,-0.37,-0.04,0.81
7362,2023-03-06,10.67,10.71,10.5,10.58,26884,28694283.0,1.97,-0.75,-0.08,1.3
7363,2023-03-07,10.66,11.5,10.62,10.93,106712,118132104.0,8.32,3.31,0.35,5.17
7364,2023-03-08,10.9,10.9,10.27,10.73,71394,76522448.0,5.76,-1.83,-0.2,3.46
7365,2023-03-09,10.57,10.62,10.37,10.39,56280,59365378.0,2.33,-3.17,-0.34,2.73
7366,2023-03-10,10.39,10.6,10.3,10.33,33081,34779889.0,2.89,-0.58,-0.06,1.6
7367,2023-03-13,10.22,10.27,10.06,10.21,32275,33119130.0,2.03,-1.16,-0.12,1.56
7368,2023-03-14,10.21,10.32,10.05,10.1,33621,34607434.0,2.64,-1.08,-0.11,1.63
7369,2023-03-15,10.12,10.18,10.0,10.13,27640,28288059.0,1.78,0.3,0.03,1.34
7370,2023-03-16,10.11,10.15,9.94,9.96,21950,22265240.0,2.07,-1.68,-0.17,1.06
7371,2023-03-17,10.03,10.09,9.96,10.04,17925,18145573.0,1.31,0.8,0.08,0.87
7372,2023-03-20,10.09,10.19,9.89,9.98,35105,35314532.0,2.99,-0.6,-0.06,1.7
7373,2023-03-21,9.98,10.67,9.91,10.61,78966,82568526.0,7.62,6.31,0.63,3.83
7374,2023-03-22,10.65,11.68,10.62,11.68,181021,207084691.0,9.99,10.08,1.07,8.78
7375,2023-03-23,12.07,12.86,11.71,12.86,216410,270521214.0,9.85,10.1,1.18,10.49
7376,2023-03-24,13.37,14.16,13.09,13.63,311893,427071609.0,8.32,5.99,0.77,15.12
7377,2023-03-27,13.38,13.58,12.46,12.74,251386,326501608.0,8.22,-6.53,-0.89,12.19
7378,2023-03-28,12.6,13.35,12.02,12.98,180464,233004233.0,10.44,1.88,0.24,8.75
7379,2023-03-29,13.0,13.08,12.43,12.59,109601,140206955.0,5.01,-3.0,-0.39,5.31
7380,2023-03-30,12.74,12.99,12.3,12.7,85017,108503465.0,5.48,0.87,0.11,4.12
7381,2023-03-31,12.78,13.18,12.55,13.04,88069,114790151.0,4.96,2.68,0.34,4.27
7382,2023-04-03,13.04,13.63,13.04,13.33,121667,164236364.0,4.52,2.22,0.29,5.9
7383,2023-04-04,13.27,14.67,13.06,14.67,136272,194023215.0,12.08,10.05,1.34,6.61
7384,2023-04-06,14.75,15.16,13.6,14.69,154935,224431442.0,10.63,0.14,0.02,7.51
7385,2023-04-07,14.47,14.92,14.09,14.48,96828,141227285.0,5.65,-1.43,-0.21,4.69
7386,2023-04-10,14.48,14.87,13.88,14.08,84674,122048293.0,6.84,-2.76,-0.4,4.1
7387,2023-04-11,14.11,14.33,13.83,14.28,61775,87035222.0,3.55,1.42,0.2,2.99
7388,2023-04-12,14.39,14.39,14.08,14.29,49183,70131491.0,2.17,0.07,0.01,2.38
7389,2023-04-13,14.35,14.6,14.27,14.36,58097,83601069.0,2.31,0.49,0.07,2.82
7390,2023-04-14,14.37,15.7,14.37,14.99,133731,203167921.0,9.26,4.39,0.63,6.48
7391,2023-04-17,15.01,15.02,13.96,14.08,97148,138834604.0,7.07,-6.07,-0.91,4.71
7392,2023-04-18,14.16,14.71,14.07,14.28,79846,114658078.0,4.55,1.42,0.2,3.87
7393,2023-04-19,14.28,14.68,14.05,14.62,80313,115975510.0,4.41,2.38,0.34,3.89
7394,2023-04-20,14.58,14.95,14.37,14.8,49189,72168582.0,3.97,1.23,0.18,2.38
7395,2023-04-21,14.67,15.21,14.6,14.75,62632,93409486.0,4.12,-0.34,-0.05,3.04
7396,2023-04-24,14.8,15.51,14.5,14.63,63328,94215367.0,6.85,-0.81,-0.12,3.07
7397,2023-04-25,14.52,15.0,14.15,14.47,60162,87290561.0,5.81,-1.09,-0.16,2.92
7398,2023-04-26,14.15,14.49,13.6,13.9,72121,101085342.0,6.15,-3.94,-0.57,3.5
7399,2023-04-27,13.91,14.94,13.9,14.53,83055,120343025.0,7.48,4.53,0.63,4.03
7400,2023-04-28,14.52,15.32,14.37,15.18,63934,96033834.0,6.54,4.47,0.65,3.1
7401,2023-05-04,15.19,15.4,15.02,15.35,54689,83316194.0,2.5,1.12,0.17,2.65
7402,2023-05-05,15.45,15.45,14.8,15.27,46666,70832057.0,4.23,-0.52,-0.08,2.26
7403,2023-05-08,15.28,15.41,14.6,14.84,66488,99200992.0,5.3,-2.82,-0.43,3.22
7404,2023-05-09,15.04,15.07,14.71,14.86,41681,61999066.0,2.43,0.13,0.02,2.02
7405,2023-05-10,14.81,15.8,14.81,15.55,98032,149863029.0,6.66,4.64,0.69,4.75
7406,2023-05-11,15.63,15.97,15.24,15.97,77143,121116811.0,4.69,2.7,0.42,3.74
7407,2023-05-12,15.91,15.91,14.95,15.14,108323,166022137.0,6.01,-5.2,-0.83,5.25
7408,2023-05-15,15.32,15.4,14.97,15.3,42832,65136442.0,2.84,1.06,0.16,2.08
7409,2023-05-16,15.38,15.55,15.19,15.3,41642,63943021.0,2.35,0.0,0.0,2.02
7410,2023-05-17,15.38,15.4,13.77,13.77,76973,109248393.0,10.65,-10.0,-1.53,3.73
7411,2023-05-18,13.22,15.07,13.01,14.78,99282,141172472.0,14.96,7.33,1.01,4.81
7412,2023-05-19,14.9,15.03,14.5,14.84,54133,80117958.0,3.59,0.41,0.06,2.62
7413,2023-05-22,14.77,14.77,13.36,13.83,115396,157987108.0,9.5,-6.81,-1.01,5.59
7414,2023-05-23,14.16,15.21,14.0,15.21,93455,140038944.0,8.75,9.98,1.38,4.53
7415,2023-05-24,15.13,16.69,15.09,16.49,199321,318855810.0,10.52,8.42,1.28,9.66
7416,2023-05-25,15.96,16.35,15.4,15.81,129166,203992892.0,5.76,-4.12,-0.68,6.26
7417,2023-05-26,15.81,16.76,15.77,16.58,92009,149969627.0,6.26,4.87,0.77,4.46
7418,2023-05-29,16.4,16.49,15.73,16.19,68726,111191292.0,4.58,-2.35,-0.39,3.33
7419,2023-05-30,16.3,16.58,16.03,16.47,65557,107100729.0,3.4,1.73,0.28,3.18
7420,2023-05-31,16.32,18.12,16.32,17.9,154510,269741228.0,10.93,8.68,1.43,7.49
7421,2023-06-01,18.11,18.11,16.78,16.99,120211,207094415.0,7.43,-5.08,-0.91,5.83
7422,2023-06-02,17.04,18.6,17.04,18.2,145820,259899644.0,9.18,7.12,1.21,7.07
7423,2023-06-05,17.66,17.85,17.06,17.74,102671,180643114.0,4.34,-2.53,-0.46,4.98
7424,2023-06-06,17.8,18.15,17.7,17.73,78035,139116105.0,2.54,-0.06,-0.01,3.78
7425,2023-06-07,17.75,17.95,17.47,17.77,85841,152032898.0,2.71,0.23,0.04,4.16
7426,2023-06-08,17.9,17.97,17.05,17.23,85335,148228135.0,5.18,-3.04,-0.54,4.14
7427,2023-06-09,17.29,17.9,16.72,17.75,115575,198978277.0,6.85,3.02,0.52,5.6
7428,2023-06-12,17.48,17.95,17.17,17.79,65122,114687861.0,4.39,0.23,0.04,3.16
7429,2023-06-13,17.6,18.32,17.6,17.94,59564,107111330.0,4.05,0.84,0.15,2.89
7430,2023-06-14,17.9,18.08,17.71,17.9,42845,76497523.0,2.06,-0.22,-0.04,2.08
7431,2023-06-15,17.8,17.96,17.31,17.45,60004,105867108.0,3.63,-2.51,-0.45,2.91
7432,2023-06-16,17.49,17.69,17.24,17.5,53012,92575196.0,2.58,0.29,0.05,2.57
7433,2023-06-19,17.6,17.75,17.35,17.62,33358,58782754.0,2.29,0.69,0.12,1.62
7434,2023-06-20,17.63,17.77,17.25,17.41,43896,76610914.0,2.95,-1.19,-0.21,2.13
7435,2023-06-21,17.42,17.8,17.13,17.45,58961,104000798.0,3.85,0.23,0.04,2.86
7436,2023-06-26,17.48,17.69,17.34,17.57,36466,63997678.0,2.01,0.69,0.12,1.77
7437,2023-06-27,17.55,17.98,17.39,17.92,66165,117613639.0,3.36,1.99,0.35,3.21
7438,2023-06-28,17.95,18.45,17.54,18.18,74688,134485835.0,5.08,1.45,0.26,3.62
7439,2023-06-29,17.99,18.2,17.5,17.64,95603,170965559.0,3.85,-2.97,-0.54,4.63
7440,2023-06-30,17.71,18.4,17.64,18.2,79104,143390554.0,4.31,3.17,0.56,3.83
7441,2023-07-03,18.15,18.38,17.8,18.23,58191,105535381.0,3.19,0.16,0.03,2.82
7442,2023-07-04,18.24,18.41,18.0,18.4,51695,94563424.0,2.25,0.93,0.17,2.51
7443,2023-07-05,18.4,18.53,18.2,18.44,47141,86761276.0,1.79,0.22,0.04,2.29
7444,2023-07-06,18.3,18.92,18.1,18.66,102484,190421815.0,4.45,1.19,0.22,4.97
7445,2023-07-07,18.65,18.8,18.2,18.58,59521,110166952.0,3.22,-0.43,-0.08,2.89
7446,2023-07-10,18.67,18.82,18.2,18.27,48963,90399651.0,3.34,-1.67,-0.31,2.37
7447,2023-07-11,18.38,18.57,18.24,18.54,32979,60807042.0,1.81,1.48,0.27,1.6
7448,2023-07-12,18.6,18.68,18.37,18.6,16815,31233227.0,1.67,0.32,0.06,0.82
7449,2023-07-13,18.59,18.61,18.41,18.58,14195,26273787.0,1.08,-0.11,-0.02,0.69
7450,2023-07-14,18.6,18.85,18.48,18.79,27924,52277983.0,1.99,1.13,0.21,1.35
7451,2023-07-17,18.73,18.73,18.33,18.38,27320,50441014.0,2.13,-2.18,-0.41,1.32
7452,2023-07-18,18.37,20.22,18.23,20.17,142471,278420753.0,10.83,9.74,1.79,6.91
7453,2023-07-19,19.7,19.87,18.5,19.28,127471,242438210.0,6.79,-4.41,-0.89,6.18
7454,2023-07-20,19.19,19.45,18.93,19.07,41064,78455281.0,2.7,-1.09,-0.21,1.99
7455,2023-07-21,18.86,20.18,18.62,19.69,66698,130883864.0,8.18,3.25,0.62,3.23
7456,2023-07-24,19.72,19.79,19.07,19.13,33827,65307848.0,3.66,-2.84,-0.56,1.64
7457,2023-07-25,19.11,19.53,18.87,19.1,35650,68250131.0,3.45,-0.16,-0.03,1.73
7458,2023-07-26,19.01,19.29,18.8,19.2,36529,69582435.0,2.57,0.52,0.1,1.77
7459,2023-07-27,19.05,19.45,19.01,19.11,21760,41748260.0,2.29,-0.47,-0.09,1.05
7460,2023-07-28,19.2,19.44,18.82,18.93,23762,45077277.0,3.24,-0.94,-0.18,1.15
7461,2023-07-31,19.15,19.62,18.88,19.4,38216,73810603.0,3.91,2.48,0.47,1.85
7462,2023-08-01,19.51,19.88,19.13,19.85,34596,67698915.0,3.87,2.32,0.45,1.68
7463,2023-08-02,19.92,20.32,19.5,20.1,50613,101023998.0,4.13,1.26,0.25,2.45
7464,2023-08-03,20.28,21.29,19.96,20.92,52644,109608647.0,6.62,4.08,0.82,2.55
7465,2023-08-04,20.82,20.91,20.18,20.28,48059,98670046.0,3.49,-3.06,-0.64,2.33
7466,2023-08-07,20.3,20.4,19.9,20.02,31407,63135808.0,2.47,-1.28,-0.26,1.52
7467,2023-08-08,20.18,21.0,19.83,20.07,24974,50243274.0,5.84,0.25,0.05,1.21
7468,2023-08-09,20.2,20.35,19.68,19.96,15044,29968826.0,3.34,-0.55,-0.11,0.73
7469,2023-08-10,20.15,20.51,19.9,20.51,20432,41333362.0,3.06,2.76,0.55,0.99
7470,2023-08-11,20.99,20.99,19.85,20.09,33160,67686118.0,5.56,-2.05,-0.42,1.61
7471,2023-08-14,18.08,19.48,18.08,18.7,56475,105446108.0,6.97,-6.92,-1.39,2.74
7472,2023-08-15,18.71,18.71,17.21,18.44,37742,68383871.0,8.02,-1.39,-0.26,1.83
7473,2023-08-16,18.35,18.5,18.01,18.23,30437,55365217.0,2.66,-1.14,-0.21,1.48
7474,2023-08-17,18.21,18.79,18.04,18.69,22304,41217256.0,4.11,2.52,0.46,1.08
7475,2023-08-18,18.7,18.79,18.13,18.21,20086,36873213.0,3.53,-2.57,-0.48,0.97
7476,2023-08-21,18.21,19.25,18.15,19.14,48236,91336373.0,6.04,5.11,0.93,2.34
7477,2023-08-22,19.05,19.21,18.17,18.31,61672,114302753.0,5.43,-4.34,-0.83,2.99
7478,2023-08-23,18.38,18.38,17.25,17.39,51937,91889728.0,6.17,-5.02,-0.92,2.52
