,日期,开盘,最高,最低,收盘,成交量,成交额,振幅,涨跌幅,涨跌额,换手率
0,2017-09-20,15.48,15.48,15.48,15.48,216,334368.0,0.0,44.0,4.73,0.03
1,2017-09-21,17.03,17.03,17.03,17.03,131,222616.0,0.0,10.01,1.55,0.02
2,2017-09-22,18.73,18.73,18.73,18.73,168,314140.0,0.0,9.98,1.7,0.02
3,2017-09-25,20.6,20.6,20.6,20.6,224,462017.0,0.0,9.98,1.87,0.03
4,2017-09-26,22.66,22.66,22.66,22.66,399,904134.0,0.0,10.0,2.06,0.06
5,2017-09-27,24.93,24.93,24.93,24.93,697,1738169.0,0.0,10.02,2.27,0.1
6,2017-09-28,27.42,27.42,27.42,27.42,1166,3196404.0,0.0,9.99,2.49,0.17
7,2017-09-29,30.16,30.16,30.16,30.16,1965,5925596.0,0.0,9.99,2.74,0.28
8,2017-10-09,33.18,33.18,30.5,33.18,386905,1246678048.0,8.89,10.01,3.02,55.27
9,2017-10-10,36.0,36.5,36.0,36.5,76383,277637168.0,1.51,10.01,3.32,10.91
10,2017-10-11,40.15,40.15,35.11,35.39,449257,1704464128.0,13.81,-3.04,-1.11,64.18
11,2017-10-12,34.65,37.99,34.36,37.01,381134,1375073824.0,10.26,4.58,1.62,54.45
12,2017-10-13,35.8,37.1,34.31,34.84,275006,975959888.0,7.54,-5.86,-2.17,39.29
13,2017-10-16,33.4,38.32,33.3,37.02,357304,1303221808.0,14.41,6.26,2.18,51.04
14,2017-10-17,35.3,40.72,34.55,40.72,336679,1281068752.0,16.67,9.99,3.7,48.1
15,2017-10-18,40.8,42.96,37.8,38.17,376651,1520962864.0,12.67,-6.26,-2.55,53.81
16,2017-10-19,37.08,39.28,36.6,37.38,237221,894579696.0,7.02,-2.07,-0.79,33.89
17,2017-10-20,36.6,37.56,35.28,35.52,202354,731579200.0,6.1,-4.98,-1.86,28.91
18,2017-10-23,35.2,35.96,34.6,35.57,148601,526361264.0,3.83,0.14,0.05,21.23
19,2017-10-24,35.02,35.3,32.01,32.33,195368,652864464.0,9.25,-9.11,-3.24,27.91
20,2017-10-25,32.0,33.3,31.82,32.71,119511,390624352.0,4.58,1.18,0.38,17.07
21,2017-10-26,32.58,33.39,31.81,32.85,138169,449690704.0,4.83,0.43,0.14,19.74
22,2017-10-27,32.62,33.19,31.56,31.61,103189,333869648.0,4.96,-3.77,-1.24,14.74
23,2017-10-30,31.17,31.49,28.45,28.47,164405,482802192.0,9.62,-9.93,-3.14,23.49
24,2017-10-31,28.19,28.95,28.0,28.78,92308,263633145.0,3.34,1.09,0.31,13.19
25,2017-11-01,28.75,30.19,28.51,29.79,121513,359151056.0,5.84,3.51,1.01,17.36
26,2017-11-02,29.35,30.56,29.0,29.76,107614,321606144.0,5.24,-0.1,-0.03,15.37
27,2017-11-03,29.41,30.77,29.35,30.09,102675,310018944.0,4.77,1.11,0.33,14.67
28,2017-11-06,30.27,30.93,29.72,30.04,81807,247185621.0,4.02,-0.17,-0.05,11.69
29,2017-11-07,29.81,29.83,28.81,29.39,86352,252110631.0,3.4,-2.16,-0.65,12.34
30,2017-11-08,29.39,32.2,29.21,31.21,174154,537588880.0,10.17,6.19,1.82,24.88
31,2017-11-09,30.55,31.34,30.33,31.17,103944,319924544.0,3.24,-0.13,-0.04,14.85
32,2017-11-10,31.02,31.84,30.8,31.12,96543,301921312.0,3.34,-0.16,-0.05,13.79
33,2017-11-13,30.86,32.05,30.5,31.18,100973,315966000.0,4.98,0.19,0.06,14.42
34,2017-11-14,30.8,30.97,29.03,29.08,125633,375146816.0,6.22,-6.74,-2.1,17.95
35,2017-11-15,28.98,28.99,28.28,28.51,61836,176829818.0,2.44,-1.96,-0.57,8.83
36,2017-11-16,28.55,28.95,27.35,27.42,65538,184904345.0,5.61,-3.82,-1.09,9.36
37,2017-11-17,27.45,27.66,24.8,25.02,86592,225624932.0,10.43,-8.75,-2.4,12.37
38,2017-11-20,24.55,25.26,23.78,25.18,57364,141296631.0,5.92,0.64,0.16,8.19
39,2017-11-21,25.12,25.41,24.1,25.0,54679,136149523.0,5.2,-0.71,-0.18,7.81
40,2017-11-22,25.09,25.78,24.6,25.67,65579,165778131.0,4.72,2.68,0.67,9.37
41,2017-11-23,25.2,25.5,23.8,23.97,48192,119838259.0,6.62,-6.62,-1.7,6.88
42,2017-11-24,23.82,23.96,23.11,23.16,48579,114346507.0,3.55,-3.38,-0.81,6.94
43,2017-11-27,23.13,24.0,22.92,23.45,41272,96916192.0,4.66,1.25,0.29,5.9
44,2017-11-28,23.36,23.95,23.36,23.86,38940,92406975.0,2.52,1.75,0.41,5.56
45,2017-11-29,23.83,23.85,22.78,23.36,45596,105857333.0,4.48,-2.1,-0.5,6.51
46,2017-11-30,23.33,24.09,23.28,23.55,42713,101321106.0,3.47,0.81,0.19,6.1
47,2017-12-01,23.4,23.88,23.16,23.73,37089,87500387.0,3.06,0.76,0.18,5.3
48,2017-12-04,23.48,23.48,21.81,21.83,58371,131648000.0,7.04,-8.01,-1.9,8.34
49,2017-12-05,21.5,22.15,20.14,20.44,57757,121050926.0,9.21,-6.37,-1.39,8.25
50,2017-12-06,20.62,21.08,20.38,21.04,44348,91977210.0,3.42,2.94,0.6,6.34
51,2017-12-07,20.85,21.29,20.67,20.92,36484,76484088.0,2.95,-0.57,-0.12,5.21
52,2017-12-08,20.85,23.01,20.85,23.01,81339,182184962.0,10.33,9.99,2.09,11.62
53,2017-12-11,22.99,23.76,22.69,23.22,88346,204882798.0,4.65,0.91,0.21,12.62
54,2017-12-12,22.76,23.15,22.24,22.38,56961,129053668.0,3.92,-3.62,-0.84,8.14
55,2017-12-13,22.28,23.96,22.28,23.47,83456,193814629.0,7.51,4.87,1.09,11.92
56,2017-12-14,23.2,23.58,22.81,23.53,59639,138107337.0,3.28,0.26,0.06,8.52
57,2017-12-15,23.35,24.35,23.2,23.67,72380,172713439.0,4.89,0.59,0.14,10.34
58,2017-12-18,23.56,23.73,22.46,23.18,49689,114137426.0,5.37,-2.07,-0.49,7.1
59,2017-12-19,23.15,25.5,23.05,24.5,130367,323717248.0,10.57,5.69,1.32,18.62
60,2017-12-20,24.02,24.3,23.76,24.25,82118,197412826.0,2.2,-1.02,-0.25,11.73
61,2017-12-21,24.0,24.87,23.29,24.33,81852,197376811.0,6.52,0.33,0.08,11.69
62,2017-12-22,24.0,24.43,23.66,23.81,50827,121826778.0,3.16,-2.14,-0.52,7.26
63,2017-12-25,23.81,24.51,23.21,24.49,64203,153604054.0,5.46,2.86,0.68,9.17
64,2017-12-26,24.36,25.69,24.3,25.19,106532,266970292.0,5.68,2.86,0.7,15.22
65,2017-12-27,24.93,25.46,24.3,24.44,77958,194388576.0,4.61,-2.98,-0.75,11.14
66,2017-12-28,24.2,25.17,23.96,25.01,69732,172401830.0,4.95,2.33,0.57,9.96
67,2017-12-29,25.13,25.39,24.63,24.75,47483,118335118.0,3.04,-1.04,-0.26,6.78
68,2018-01-02,24.81,24.98,24.5,24.72,33508,82967843.0,1.94,-0.12,-0.03,4.79
69,2018-01-03,24.68,25.5,24.41,25.04,72132,180834050.0,4.41,1.29,0.32,10.3
70,2018-01-04,24.7,25.1,24.1,24.22,69169,169377342.0,3.99,-3.27,-0.82,9.88
71,2018-01-05,24.3,24.8,24.14,24.23,43235,105567897.0,2.73,0.04,0.01,6.18
72,2018-01-08,24.09,24.2,23.32,23.85,50903,120425167.0,3.63,-1.57,-0.38,7.27
73,2018-01-09,23.6,24.09,23.6,23.8,33911,80861982.0,2.05,-0.21,-0.05,4.84
74,2018-01-10,23.7,25.35,23.33,24.79,99088,243537351.0,8.49,4.16,0.99,14.16
75,2018-01-11,27.27,27.27,26.38,27.27,177028,479657248.0,3.59,10.0,2.48,25.29
76,2018-01-12,27.1,29.9,26.8,28.24,318410,907242240.0,11.37,3.56,0.97,45.49
77,2018-01-15,26.0,29.5,25.42,27.9,226553,610142336.0,14.45,-1.2,-0.34,32.36
78,2018-01-16,28.45,30.69,27.15,30.69,207461,610288720.0,12.69,10.0,2.79,29.64
79,2018-01-18,28.01,30.65,27.62,29.01,227583,656264896.0,9.87,-5.47,-1.68,32.51
80,2018-01-19,28.79,30.5,27.0,27.42,223429,648115040.0,12.06,-5.48,-1.59,31.92
81,2018-01-22,25.95,26.82,24.71,25.04,152872,389053184.0,7.7,-8.68,-2.38,21.84
82,2018-01-23,25.33,26.78,25.0,25.79,122972,318626080.0,7.11,3.0,0.75,17.57
83,2018-01-24,25.84,26.47,25.1,26.22,115121,298122096.0,5.31,1.67,0.43,16.45
84,2018-01-25,25.85,26.77,25.68,25.91,114429,300802416.0,4.16,-1.18,-0.31,16.35
85,2018-01-26,25.56,26.78,25.47,25.81,106004,277924176.0,5.06,-0.39,-0.1,15.14
86,2018-01-29,25.48,26.45,24.1,26.35,135153,343150608.0,9.1,2.09,0.54,19.31
87,2018-01-30,25.91,26.08,25.5,25.56,72577,186872246.0,2.2,-3.0,-0.79,10.37
88,2018-01-31,25.57,25.59,23.41,23.51,87663,213086104.0,8.53,-8.02,-2.05,12.52
89,2018-02-01,23.57,24.98,22.43,23.13,94995,225994354.0,10.85,-1.62,-0.38,13.57
90,2018-02-02,22.3,23.0,21.0,22.34,65556,146718084.0,8.65,-3.42,-0.79,9.37
91,2018-02-05,21.78,22.79,21.51,21.6,46512,103251472.0,5.73,-3.31,-0.74,6.64
92,2018-02-06,21.45,21.48,19.44,19.44,75124,152906261.0,9.44,-10.0,-2.16,10.73
93,2018-02-07,20.08,20.28,18.67,19.69,60968,120172063.0,8.28,1.29,0.25,8.71
94,2018-02-08,19.6,20.24,19.6,20.11,39677,79422877.0,3.25,2.13,0.42,5.67
95,2018-02-09,19.51,19.7,18.53,19.01,43529,83869144.0,5.82,-5.47,-1.1,6.22
96,2018-02-12,19.2,19.84,19.2,19.82,35063,68890336.0,3.37,4.26,0.81,5.01
97,2018-02-13,20.1,20.45,19.66,19.67,38401,76815026.0,3.99,-0.76,-0.15,5.49
98,2018-02-14,19.67,19.83,19.4,19.45,19989,39137142.0,2.19,-1.12,-0.22,2.86
99,2018-02-22,19.76,20.32,19.63,20.26,38955,78168574.0,3.55,4.16,0.81,5.56
100,2018-02-23,20.5,21.42,20.31,20.74,55078,115094393.0,5.48,2.37,0.48,7.87
101,2018-02-26,21.0,21.48,20.67,21.47,56096,118768682.0,3.91,3.52,0.73,8.01
102,2018-02-27,21.46,22.98,21.16,21.88,75513,167987123.0,8.48,1.91,0.41,10.79
103,2018-02-28,21.51,21.78,20.9,21.31,53755,114591119.0,4.02,-2.61,-0.57,7.68
104,2018-03-01,21.0,21.78,20.84,21.69,45200,97128198.0,4.41,1.78,0.38,6.46
105,2018-03-02,21.5,21.92,21.3,21.39,43571,94147979.0,2.86,-1.38,-0.3,6.22
106,2018-03-05,21.35,22.33,21.35,22.24,64176,141013515.0,4.58,3.97,0.85,9.17
107,2018-03-06,22.42,22.45,21.78,22.19,56909,125935417.0,3.01,-0.22,-0.05,8.13
108,2018-03-07,22.13,22.46,21.9,22.16,39747,87919737.0,2.52,-0.14,-0.03,5.68
109,2018-03-08,22.0,23.59,21.93,23.49,111140,255759974.0,7.49,6.0,1.33,15.88
110,2018-03-09,23.15,24.3,22.89,23.64,115093,271850080.0,6.0,0.64,0.15,16.44
111,2018-03-12,23.71,24.19,23.6,23.78,76579,182801379.0,2.5,0.59,0.14,10.94
112,2018-03-13,23.6,24.5,23.15,23.95,84190,201154009.0,5.68,0.71,0.17,12.03
113,2018-03-14,23.67,24.0,23.01,23.05,59539,139401193.0,4.13,-3.76,-0.9,8.51
114,2018-03-15,23.04,23.15,21.61,22.11,65473,145998329.0,6.68,-4.08,-0.94,9.35
115,2018-03-16,22.24,22.85,22.11,22.2,33929,75942329.0,3.35,0.41,0.09,4.85
116,2018-03-19,22.1,22.8,22.05,22.73,40385,91170006.0,3.38,2.39,0.53,5.77
117,2018-03-20,22.4,23.37,22.17,22.98,49203,111927852.0,5.28,1.1,0.25,7.03
118,2018-03-21,23.2,23.68,22.41,22.45,51519,119099376.0,5.53,-2.31,-0.53,7.36
119,2018-03-22,22.24,23.27,22.24,22.83,45992,104774120.0,4.59,1.69,0.38,6.57
120,2018-03-23,21.5,22.0,20.55,20.55,61129,129600438.0,6.35,-9.99,-2.28,8.73
121,2018-03-26,19.87,21.35,19.14,20.96,50426,102887650.0,10.75,2.0,0.41,7.2
122,2018-03-27,21.25,21.92,21.0,21.59,46940,101064722.0,4.39,3.01,0.63,6.71
123,2018-03-28,21.18,22.5,21.18,21.95,66513,145890595.0,6.11,1.67,0.36,9.5
124,2018-03-29,21.87,22.29,21.62,22.08,57916,126918242.0,3.05,0.59,0.13,8.27
125,2018-03-30,22.6,23.1,22.36,22.38,62034,140114342.0,3.35,1.36,0.3,8.86
126,2018-04-02,22.3,23.17,22.1,23.13,82710,188667298.0,4.78,3.35,0.75,11.82
127,2018-04-03,22.64,23.48,22.53,23.31,83520,192907299.0,4.11,0.78,0.18,11.93
128,2018-04-04,23.5,23.88,22.85,23.21,73018,169910937.0,4.42,-0.43,-0.1,10.43
129,2018-04-09,23.13,24.47,22.35,24.25,121959,288229552.0,9.13,4.48,1.04,17.42
130,2018-04-10,26.68,26.68,26.01,26.68,136226,362691648.0,2.76,10.02,2.43,19.46
131,2018-04-11,28.0,29.35,26.93,29.35,259344,746249488.0,9.07,10.01,2.67,37.05
132,2018-04-12,28.0,32.29,27.66,32.29,430546,1320808064.0,15.78,10.02,2.94,61.51
133,2018-04-13,32.8,32.8,29.06,29.06,290885,891082768.0,11.58,-10.0,-3.23,41.56
134,2018-04-16,27.41,28.18,26.32,26.71,225591,613110944.0,6.4,-8.09,-2.35,32.23
135,2018-04-17,26.98,27.12,24.89,25.3,200206,521931936.0,8.35,-5.28,-1.41,28.6
136,2018-04-18,25.6,26.46,24.56,25.94,171869,440314032.0,7.51,2.53,0.64,24.55
137,2018-04-19,25.7,26.45,25.3,25.41,160618,415337568.0,4.43,-2.04,-0.53,22.95
138,2018-04-20,24.98,25.6,23.7,23.84,123434,304618160.0,7.48,-6.18,-1.57,17.63
139,2018-04-23,24.21,24.86,23.85,24.17,92945,226041998.0,4.24,1.38,0.33,13.28
140,2018-04-24,24.18,25.58,24.0,25.55,134204,334907504.0,6.54,5.71,1.38,19.17
141,2018-04-25,25.01,26.2,25.0,26.03,156720,402559440.0,4.7,1.88,0.48,22.39
142,2018-04-26,25.57,25.97,24.58,24.66,92872,234770832.0,5.34,-5.26,-1.37,13.27
143,2018-04-27,24.69,25.2,24.2,25.11,56615,140321864.0,4.06,1.82,0.45,8.09
144,2018-05-02,25.3,25.47,24.23,24.56,53485,132541750.0,4.94,-2.19,-0.55,7.64
145,2018-05-03,24.4,24.55,23.1,24.33,81319,193427839.0,5.9,-0.94,-0.23,11.62
146,2018-05-04,24.07,24.23,23.33,23.37,64135,152549692.0,3.7,-3.95,-0.96,9.16
147,2018-05-07,23.5,24.18,23.41,24.14,53998,129078097.0,3.29,3.29,0.77,7.71
148,2018-05-08,24.0,24.88,23.92,24.59,74362,181593355.0,3.98,1.86,0.45,10.62
149,2018-05-09,24.38,25.12,24.16,24.98,77786,191871962.0,3.9,1.59,0.39,11.11
150,2018-05-10,24.98,25.18,24.74,25.14,70284,175562012.0,1.76,0.64,0.16,10.04
151,2018-05-11,25.39,25.39,24.0,24.05,59950,147746169.0,5.53,-4.34,-1.09,8.56
152,2018-05-14,23.8,24.31,23.6,23.78,40044,95803937.0,2.95,-1.12,-0.27,5.72
153,2018-05-15,23.72,24.27,23.59,24.23,39965,95547668.0,2.86,1.89,0.45,5.71
154,2018-05-16,24.07,24.14,23.84,23.93,34262,82073851.0,1.24,-1.24,-0.3,4.89
155,2018-05-17,23.94,24.69,23.91,24.54,59290,144825178.0,3.26,2.55,0.61,8.47
156,2018-05-18,24.44,24.58,23.8,24.39,51854,125534317.0,3.18,-0.61,-0.15,7.41
157,2018-05-21,24.69,25.29,24.51,25.09,84460,211260246.0,3.2,2.87,0.7,12.07
158,2018-05-22,25.09,27.0,24.92,26.43,174183,457026976.0,8.29,5.34,1.34,24.88
159,2018-05-23,25.96,27.18,25.72,26.95,149036,393301552.0,5.52,1.97,0.52,21.29
160,2018-05-24,26.0,26.85,26.0,26.16,104930,276950480.0,3.15,-2.93,-0.79,14.99
161,2018-05-25,26.02,26.78,25.72,26.34,87106,228083077.0,4.05,0.69,0.18,12.44
162,2018-05-28,26.65,26.74,25.2,25.29,76045,196080526.0,5.85,-3.99,-1.05,10.86
163,2018-05-29,25.09,26.11,25.09,25.22,65921,169052917.0,4.03,-0.28,-0.07,9.42
164,2018-05-30,24.25,24.29,22.7,22.7,89737,209348422.0,6.3,-9.99,-2.52,12.82
165,2018-05-31,22.87,23.19,22.2,22.71,60858,138351208.0,4.36,0.04,0.01,8.69
166,2018-06-01,22.59,22.97,21.52,21.98,49553,110593376.0,6.38,-3.21,-0.73,7.08
167,2018-06-04,22.15,22.37,21.59,21.97,30904,67873612.0,3.55,-0.05,-0.01,4.41
168,2018-06-05,21.97,22.75,21.95,22.74,38949,87546262.0,3.64,3.5,0.77,5.56
169,2018-06-06,22.67,23.17,22.59,23.04,43880,100547321.0,2.55,1.32,0.3,6.27
170,2018-06-07,23.22,23.6,22.68,22.86,44117,101664433.0,3.99,-0.78,-0.18,6.3
171,2018-06-08,22.96,23.27,22.52,22.94,36034,82583708.0,3.28,0.35,0.08,5.15
172,2018-06-11,22.68,23.16,22.5,23.11,30660,70007834.0,2.88,0.74,0.17,4.38
173,2018-06-12,23.1,23.25,22.02,22.86,33588,76399756.0,5.32,-1.08,-0.25,4.8
174,2018-06-13,22.77,22.77,21.71,21.8,37410,83339897.0,4.64,-4.64,-1.06,5.34
175,2018-06-14,21.58,22.15,21.26,21.5,26130,56800033.0,4.08,-1.38,-0.3,3.73
176,2018-06-15,21.61,21.86,20.5,20.77,37752,79465564.0,6.33,-3.4,-0.73,5.39
177,2018-06-19,20.2,20.46,18.69,18.69,44870,86595755.0,8.52,-10.01,-2.08,6.41
178,2018-06-20,18.58,19.46,18.58,19.17,30178,57541239.0,4.71,2.57,0.48,4.31
179,2018-06-21,19.18,19.44,18.16,18.28,34661,64967233.0,6.68,-4.64,-0.89,4.95
180,2018-06-22,18.1,18.88,18.05,18.69,22191,41236879.0,4.54,2.24,0.41,3.17
181,2018-06-25,19.01,19.58,18.7,18.85,30705,58293891.0,4.71,0.86,0.16,4.39
182,2018-06-26,18.58,19.5,18.35,19.45,35704,68178616.0,6.1,3.18,0.6,5.1
183,2018-06-27,19.53,19.6,19.07,19.24,25091,48390114.0,2.72,-1.08,-0.21,3.58
184,2018-06-28,19.46,20.14,19.26,19.32,29104,52111477.0,4.57,0.42,0.08,3.78
185,2018-06-29,19.41,20.02,19.22,20.0,38390,68800401.0,4.14,3.52,0.68,4.99
186,2018-07-02,20.14,20.45,19.14,19.48,35095,63045337.0,6.55,-2.6,-0.52,4.56
187,2018-07-03,19.53,20.33,19.3,20.3,46136,83357841.0,5.29,4.21,0.82,5.99
188,2018-07-04,20.11,20.22,19.35,19.56,32543,58377632.0,4.29,-3.65,-0.74,4.23
189,2018-07-05,19.65,20.27,19.25,19.3,26916,48207589.0,5.21,-1.33,-0.26,3.5
190,2018-07-06,19.39,19.78,18.31,18.98,35095,61354767.0,7.62,-1.66,-0.32,4.56
191,2018-07-09,19.33,19.94,19.22,19.92,37793,67499582.0,3.79,4.95,0.94,4.91
192,2018-07-10,19.94,20.6,19.61,20.29,51642,94060172.0,4.97,1.86,0.37,6.71
193,2018-07-11,19.8,19.83,19.01,19.36,43263,76588811.0,4.04,-4.58,-0.93,5.62
194,2018-07-12,19.36,20.4,19.36,20.08,46578,84832666.0,5.37,3.72,0.72,6.05
195,2018-07-13,20.05,20.36,19.94,20.09,36229,66310943.0,2.09,0.05,0.01,4.71
196,2018-07-16,20.1,20.43,20.03,20.28,28454,52263873.0,1.99,0.95,0.19,3.7
197,2018-07-17,20.27,20.27,19.72,20.11,27551,49931955.0,2.71,-0.84,-0.17,3.58
198,2018-07-18,20.11,20.55,20.1,20.17,41033,75831137.0,2.24,0.3,0.06,5.33
199,2018-07-19,20.02,20.28,19.44,19.58,31284,56153397.0,4.16,-2.93,-0.59,4.06
200,2018-07-20,19.58,21.54,19.5,21.54,51224,96786649.0,10.42,10.01,1.96,6.65
201,2018-07-23,22.25,23.13,21.72,21.97,171546,348805696.0,6.55,2.0,0.43,22.28
202,2018-07-24,21.24,22.18,21.12,21.93,110663,216766997.0,4.82,-0.18,-0.04,14.37
203,2018-07-25,21.48,21.7,21.27,21.31,64012,124826268.0,1.96,-2.83,-0.62,8.31
204,2018-07-26,21.28,21.56,20.85,21.06,45261,86839412.0,3.33,-1.17,-0.25,5.88
205,2018-07-27,21.1,21.16,20.61,20.71,27339,51752568.0,2.61,-1.66,-0.35,3.55
206,2018-07-30,20.71,20.98,20.49,20.86,28680,53961455.0,2.37,0.72,0.15,3.72
207,2018-07-31,20.83,21.35,20.44,21.01,43015,81560366.0,4.36,0.72,0.15,5.59
208,2018-08-01,20.76,21.08,19.89,19.97,35453,66412049.0,5.66,-4.95,-1.04,4.6
209,2018-08-02,19.84,19.84,18.01,18.62,53395,90864881.0,9.16,-6.76,-1.35,6.93
210,2018-08-03,18.6,18.67,17.96,17.98,26924,44680145.0,3.81,-3.44,-0.64,3.5
211,2018-08-06,17.96,18.29,17.09,17.47,23427,37974799.0,6.67,-2.84,-0.51,3.04
212,2018-08-07,17.57,18.16,17.42,18.1,25164,40784945.0,4.24,3.61,0.63,3.27
213,2018-08-08,17.98,18.0,17.31,17.41,22887,36772045.0,3.81,-3.81,-0.69,2.97
214,2018-08-09,17.41,18.13,17.31,17.91,29191,47510079.0,4.71,2.87,0.5,3.79
215,2018-08-10,17.85,19.7,17.85,18.55,44682,75208168.0,10.33,3.57,0.64,5.8
216,2018-08-13,18.13,18.85,17.92,18.81,38819,64542782.0,5.01,1.4,0.26,5.04
217,2018-08-14,18.64,18.69,18.4,18.49,22830,38397364.0,1.54,-1.7,-0.32,2.96
218,2018-08-15,18.35,18.67,17.99,18.03,22260,37098364.0,3.68,-2.49,-0.46,2.89
219,2018-08-16,17.74,18.37,17.6,17.98,17674,28938901.0,4.27,-0.28,-0.05,2.3
220,2018-08-17,18.07,18.32,17.53,17.54,17761,28892217.0,4.39,-2.45,-0.44,2.31
221,2018-08-20,17.5,17.91,17.25,17.79,17572,28036840.0,3.76,1.43,0.25,2.28
222,2018-08-21,17.8,18.69,17.47,18.22,29913,49196260.0,6.86,2.42,0.43,3.88
223,2018-08-22,17.9,18.34,17.57,17.57,20531,33386885.0,4.23,-3.57,-0.65,2.67
224,2018-08-23,17.65,17.94,17.58,17.82,18553,29996321.0,2.05,1.42,0.25,2.41
225,2018-08-24,17.87,18.67,17.64,18.34,39619,65712872.0,5.78,2.92,0.52,5.15
226,2018-08-27,18.01,18.65,17.97,18.62,44239,74207768.0,3.71,1.53,0.28,5.75
227,2018-08-28,18.18,18.37,17.82,18.02,55650,91393613.0,2.95,-3.22,-0.6,7.23
228,2018-08-29,18.03,18.03,17.58,17.71,26480,42596035.0,2.5,-1.72,-0.31,3.44
229,2018-08-30,17.61,17.75,17.14,17.24,24248,38292164.0,3.44,-2.65,-0.47,3.15
230,2018-08-31,17.24,17.3,15.76,15.82,53037,78874125.0,8.93,-8.24,-1.42,6.89
231,2018-09-03,15.87,15.87,14.8,15.23,35649,48971145.0,6.76,-3.73,-0.59,4.63
232,2018-09-04,15.21,15.52,15.02,15.38,23075,32067028.0,3.28,0.98,0.15,3.0
233,2018-09-05,15.27,15.38,14.85,14.89,22627,31122103.0,3.45,-3.19,-0.49,2.94
234,2018-09-06,14.88,15.17,14.69,14.89,21184,28784438.0,3.22,0.0,0.0,2.75
235,2018-09-07,14.84,15.29,14.84,15.04,22794,31177119.0,3.02,1.01,0.15,2.96
236,2018-09-10,14.99,15.01,14.16,14.22,31020,40717612.0,5.65,-5.45,-0.82,4.03
237,2018-09-11,14.2,14.64,14.19,14.46,22977,30125040.0,3.16,1.69,0.24,2.98
238,2018-09-12,14.46,15.21,14.46,14.79,28898,39120038.0,5.19,2.28,0.33,3.75
239,2018-09-13,14.85,15.02,14.59,14.8,20689,27734050.0,2.91,0.07,0.01,2.69
240,2018-09-14,14.77,14.84,14.27,14.33,24728,32411931.0,3.85,-3.18,-0.47,3.21
241,2018-09-17,14.16,14.17,13.49,13.51,23833,29633084.0,4.75,-5.72,-0.82,3.1
242,2018-09-18,13.62,13.92,13.37,13.86,24346,30483883.0,4.07,2.59,0.35,3.16
243,2018-09-19,13.89,14.18,13.76,14.04,26549,33820991.0,3.03,1.3,0.18,3.45
244,2018-09-20,13.92,14.0,13.34,13.49,55807,68563311.0,4.7,-3.92,-0.55,4.28
245,2018-09-21,13.53,13.94,12.87,13.72,104155,126026475.0,7.93,1.7,0.23,7.99
246,2018-09-25,13.45,13.47,13.13,13.17,57851,69677553.0,2.48,-4.01,-0.55,4.44
247,2018-09-26,13.23,13.35,13.15,13.24,46678,56162325.0,1.52,0.53,0.07,3.58
248,2018-09-27,13.24,13.29,12.38,12.55,56056,65266795.0,6.87,-5.21,-0.69,4.3
249,2018-09-28,12.55,12.92,12.55,12.85,36940,42810117.0,2.95,2.39,0.3,2.83
250,2018-10-08,12.58,12.84,12.19,12.4,36615,41631417.0,5.06,-3.5,-0.45,2.81
251,2018-10-09,12.42,12.84,12.38,12.63,29243,33384873.0,3.71,1.85,0.23,2.24
252,2018-10-10,12.61,12.9,12.51,12.84,42023,48575909.0,3.09,1.66,0.21,3.22
253,2018-10-11,12.35,12.46,11.56,11.56,56904,61474164.0,7.01,-9.97,-1.28,4.37
254,2018-10-12,11.25,11.44,10.51,10.98,65441,64802479.0,8.04,-5.02,-0.58,5.02
255,2018-10-15,10.92,11.17,10.67,10.72,38969,38740061.0,4.55,-2.37,-0.26,2.99
256,2018-10-16,10.82,10.96,10.48,10.62,31559,30773171.0,4.48,-0.93,-0.1,2.42
257,2018-10-17,10.79,11.03,10.63,10.94,38202,37635462.0,3.77,3.01,0.32,2.93
258,2018-10-18,10.86,10.88,10.35,10.55,35966,34805039.0,4.84,-3.56,-0.39,2.76
259,2018-10-19,10.42,11.61,10.31,11.61,57654,58012233.0,12.32,10.05,1.06,4.42
260,2018-10-22,11.8,12.76,11.72,12.76,101836,112866264.0,8.96,9.91,1.15,7.81
261,2018-10-23,13.56,13.56,12.13,12.29,190125,222917977.0,11.21,-3.68,-0.47,14.59
262,2018-10-24,11.76,12.98,11.63,12.35,152819,169534862.0,10.98,0.49,0.06,11.72
263,2018-10-25,11.52,12.27,11.52,12.07,104165,112102695.0,6.07,-2.27,-0.28,7.99
264,2018-10-26,12.1,12.33,11.6,11.72,82666,89286308.0,6.05,-2.9,-0.35,6.34
265,2018-10-29,11.66,11.96,11.03,11.37,62259,65340238.0,7.94,-2.99,-0.35,4.78
266,2018-10-30,11.37,12.36,11.33,11.93,115452,124663978.0,9.06,4.93,0.56,8.86
267,2018-10-31,11.85,12.2,11.71,12.08,90907,98940577.0,4.11,1.26,0.15,6.97
268,2018-11-01,12.15,12.39,11.93,12.0,103221,113443700.0,3.81,-0.66,-0.08,7.92
269,2018-11-02,12.14,12.61,11.99,12.38,114726,127841329.0,5.17,3.17,0.38,8.8
270,2018-11-05,12.18,12.93,12.15,12.81,149667,171247593.0,6.3,3.47,0.43,11.48
271,2018-11-06,12.7,12.7,12.29,12.49,81191,91845654.0,3.2,-2.5,-0.32,6.23
272,2018-11-07,12.41,12.48,12.13,12.14,79323,88335680.0,2.8,-2.8,-0.35,6.09
273,2018-11-08,12.25,12.36,11.86,12.02,60864,66912448.0,4.12,-0.99,-0.12,4.67
274,2018-11-09,12.02,12.15,11.91,11.94,34018,37089638.0,2.0,-0.67,-0.08,2.61
275,2018-11-12,11.82,12.31,11.82,12.31,50902,56036926.0,4.1,3.1,0.37,3.91
276,2018-11-13,12.14,12.76,12.08,12.58,96806,109548574.0,5.52,2.19,0.27,7.43
277,2018-11-14,12.53,12.66,12.32,12.41,74621,84376753.0,2.7,-1.35,-0.17,5.72
278,2018-11-15,12.58,12.95,12.38,12.92,117119,135276980.0,4.59,4.11,0.51,8.98
279,2018-11-16,12.82,14.2,12.66,14.2,137569,165812301.0,11.92,9.91,1.28,10.55
280,2018-11-19,14.28,15.08,13.7,14.83,225491,292667232.0,9.72,4.44,0.63,17.3
281,2018-11-20,14.22,14.41,13.56,13.62,123426,157100801.0,5.73,-8.16,-1.21,9.47
282,2018-11-21,13.38,13.9,13.12,13.78,70184,86878028.0,5.73,1.17,0.16,5.38
283,2018-11-22,13.78,13.9,13.42,13.53,53523,66314310.0,3.48,-1.81,-0.25,4.11
284,2018-11-23,13.57,13.75,12.4,12.55,78293,92179491.0,9.98,-7.24,-0.98,6.01
285,2018-11-26,12.49,12.84,12.49,12.73,39399,45387614.0,2.79,1.43,0.18,3.02
286,2018-11-27,12.73,13.02,12.69,12.85,48172,56239477.0,2.59,0.94,0.12,3.7
287,2018-11-28,12.91,12.92,12.19,12.88,47810,54862997.0,5.68,0.23,0.03,3.67
288,2018-11-29,12.92,12.96,12.21,12.28,49301,56490032.0,5.82,-4.66,-0.6,3.78
289,2018-11-30,12.22,12.31,11.76,12.21,39648,43500124.0,4.48,-0.57,-0.07,3.04
290,2018-12-03,12.57,12.81,12.5,12.66,52240,60082899.0,2.54,3.69,0.45,4.01
291,2018-12-04,12.62,13.45,12.57,13.16,71248,84208155.0,6.95,3.95,0.5,5.47
292,2018-12-05,12.82,13.12,12.7,12.9,46973,55094333.0,3.19,-1.98,-0.26,3.6
293,2018-12-06,12.92,13.53,12.72,13.34,95983,115172925.0,6.28,3.41,0.44,7.36
294,2018-12-07,13.29,14.33,13.14,13.79,147669,184039962.0,8.92,3.37,0.45,11.33
295,2018-12-10,13.39,13.52,12.96,13.07,79023,95202246.0,4.06,-5.22,-0.72,6.06
296,2018-12-11,13.07,13.67,13.07,13.64,69255,83885796.0,4.59,4.36,0.57,5.31
297,2018-12-12,13.63,13.69,13.29,13.34,50803,61965269.0,2.93,-2.2,-0.3,3.9
298,2018-12-13,13.39,13.64,13.17,13.3,52678,64036304.0,3.52,-0.3,-0.04,4.04
299,2018-12-14,13.24,13.43,12.63,12.63,58399,68900588.0,6.02,-5.04,-0.67,4.48
300,2018-12-17,12.77,13.06,12.57,13.06,43500,50663106.0,3.88,3.4,0.43,3.34
301,2018-12-18,13.03,14.03,12.95,13.37,102754,125960586.0,8.27,2.37,0.31,7.88
302,2018-12-19,13.8,14.3,12.91,13.25,127245,156372936.0,10.4,-0.9,-0.12,9.76
303,2018-12-20,12.9,13.03,12.35,12.46,115210,131752205.0,5.13,-5.96,-0.79,8.84
304,2018-12-21,12.35,12.49,11.85,12.0,70483,77081376.0,5.14,-3.69,-0.46,5.41
305,2018-12-24,11.91,12.21,11.86,12.2,39511,43330220.0,2.92,1.67,0.2,3.03
306,2018-12-25,12.0,12.0,11.15,11.78,65093,68508372.0,6.97,-3.44,-0.42,4.99
307,2018-12-26,11.75,11.87,11.6,11.66,38437,40879390.0,2.29,-1.02,-0.12,2.95
308,2018-12-27,11.88,11.95,11.19,11.25,39944,42286136.0,6.52,-3.52,-0.41,3.06
309,2018-12-28,11.33,11.56,11.26,11.36,32188,33300869.0,2.67,0.98,0.11,2.47
310,2019-01-02,11.5,11.72,11.38,11.42,26217,27306719.0,2.99,0.53,0.06,2.01
311,2019-01-03,11.42,11.76,11.31,11.41,32981,34470773.0,3.94,-0.09,-0.01,2.53
312,2019-01-04,11.21,12.37,11.04,11.96,80197,85453088.0,11.66,4.82,0.55,6.15
313,2019-01-07,12.04,12.32,11.96,12.07,72747,79849852.0,3.01,0.92,0.11,5.58
314,2019-01-08,12.11,12.11,11.92,11.93,32173,34971132.0,1.57,-1.16,-0.14,2.47
315,2019-01-09,11.93,12.15,11.89,11.95,39476,43134767.0,2.18,0.17,0.02,3.03
316,2019-01-10,11.95,12.07,11.8,11.83,34564,37388270.0,2.26,-1.0,-0.12,2.65
317,2019-01-11,11.83,12.04,11.73,12.02,41784,45057864.0,2.62,1.61,0.19,3.21
318,2019-01-14,12.06,12.06,11.74,11.78,27912,30024930.0,2.66,-2.0,-0.24,2.14
319,2019-01-15,11.61,11.85,11.5,11.8,39483,41887880.0,2.97,0.17,0.02,3.03
320,2019-01-16,11.82,12.68,11.74,12.17,88130,97401457.0,7.97,3.14,0.37,6.76
321,2019-01-17,12.04,12.08,11.8,11.83,48441,52273044.0,2.3,-2.79,-0.34,3.72
322,2019-01-18,11.77,11.91,11.58,11.78,31487,33540895.0,2.79,-0.42,-0.05,2.42
323,2019-01-21,11.72,11.88,11.66,11.71,26909,28730558.0,1.87,-0.59,-0.07,2.06
324,2019-01-22,11.71,11.74,11.59,11.66,20074,21245313.0,1.28,-0.43,-0.05,1.54
325,2019-01-23,11.69,11.72,11.58,11.58,17222,18148007.0,1.2,-0.69,-0.08,1.32
326,2019-01-24,11.58,12.05,11.52,11.67,30936,32905930.0,4.58,0.78,0.09,2.37
327,2019-01-25,12.11,12.83,11.85,11.86,90450,100266684.0,8.4,1.63,0.19,6.94
328,2019-01-28,11.73,12.11,11.71,11.81,49665,53464331.0,3.37,-0.42,-0.05,3.81
329,2019-01-29,11.69,11.69,10.87,11.08,59631,60395316.0,6.94,-6.18,-0.73,4.57
330,2019-01-30,11.03,11.14,10.67,10.68,29468,29082173.0,4.24,-3.61,-0.4,2.26
331,2019-01-31,10.67,10.89,10.06,10.11,39530,37459626.0,7.77,-5.34,-0.57,3.03
332,2019-02-01,10.28,10.45,10.2,10.45,24859,23311388.0,2.47,3.36,0.34,1.91
333,2019-02-11,10.56,10.84,10.51,10.83,28019,27242711.0,3.16,3.64,0.38,2.15
334,2019-02-12,10.85,11.77,10.85,11.14,56953,58003747.0,8.49,2.86,0.31,4.37
335,2019-02-13,11.03,11.48,10.92,11.42,70337,71980231.0,5.03,2.51,0.28,5.4
336,2019-02-14,11.37,11.96,11.28,11.52,65037,68401076.0,5.95,0.88,0.1,4.99
337,2019-02-15,11.44,11.76,11.42,11.63,54281,57050936.0,2.95,0.95,0.11,4.16
338,2019-02-18,11.58,12.11,11.58,12.04,84001,90559015.0,4.56,3.53,0.41,6.44
339,2019-02-19,11.99,12.65,11.91,12.27,126722,141175072.0,6.15,1.91,0.23,9.72
340,2019-02-20,12.3,12.47,11.89,12.08,83094,91515804.0,4.73,-1.55,-0.19,6.37
341,2019-02-21,12.02,12.46,11.82,11.98,105354,116075265.0,5.3,-0.83,-0.1,8.08
342,2019-02-22,12.04,13.12,12.02,12.8,166368,190057316.0,9.18,6.84,0.82,12.76
343,2019-02-25,13.67,14.07,13.32,14.07,144450,179770259.0,5.86,9.92,1.27,11.08
344,2019-02-26,14.92,15.48,14.08,14.09,324676,440132816.0,9.95,0.14,0.02,24.91
345,2019-02-27,13.93,14.75,13.59,13.82,181172,233127489.0,8.23,-1.92,-0.27,13.9
346,2019-02-28,13.89,14.05,13.34,13.61,104706,129453236.0,5.14,-1.52,-0.21,8.03
347,2019-03-01,13.61,14.16,13.58,13.87,113453,142322009.0,4.26,1.91,0.26,8.7
348,2019-03-04,13.86,14.66,13.63,14.03,157900,201661090.0,7.43,1.15,0.16,12.11
349,2019-03-05,13.72,14.53,13.62,14.53,155295,199107903.0,6.49,3.56,0.5,11.91
350,2019-03-06,14.55,15.04,14.14,14.82,196833,260716660.0,6.19,2.0,0.29,15.1
351,2019-03-07,14.71,15.51,14.4,15.29,200480,271717280.0,7.49,3.17,0.47,15.38
352,2019-03-08,14.51,15.21,14.42,15.07,228708,307958272.0,5.17,-1.44,-0.22,17.55
353,2019-03-11,15.65,16.58,15.0,16.58,238559,348452736.0,10.48,10.02,1.51,18.3
354,2019-03-12,16.58,17.28,15.98,16.46,327945,493823648.0,7.84,-0.72,-0.12,25.16
355,2019-03-13,16.05,16.31,15.04,15.29,183065,261443208.0,7.72,-7.11,-1.17,14.04
356,2019-03-14,15.0,15.21,14.12,14.19,112498,148366977.0,7.13,-7.19,-1.1,8.63
357,2019-03-15,14.36,14.7,14.24,14.48,83454,109602929.0,3.24,2.04,0.29,6.4
358,2019-03-18,14.41,14.7,14.25,14.67,72836,95944094.0,3.11,1.31,0.19,5.59
359,2019-03-19,14.63,14.86,14.39,14.6,73259,97394976.0,3.2,-0.48,-0.07,5.62
360,2019-03-20,14.62,14.75,14.02,14.4,79326,103719425.0,5.0,-1.37,-0.2,6.09
361,2019-03-21,14.46,14.94,14.41,14.62,104808,139786288.0,3.68,1.53,0.22,8.04
362,2019-03-22,14.74,14.74,14.24,14.5,65768,86143039.0,3.42,-0.82,-0.12,5.05
363,2019-03-25,14.14,14.33,14.01,14.05,59132,76098548.0,2.21,-3.1,-0.45,4.54
364,2019-03-26,14.13,14.66,13.94,13.97,77849,100759950.0,5.12,-0.57,-0.08,5.97
365,2019-03-27,14.0,14.09,13.5,13.81,57388,71517748.0,4.22,-1.15,-0.16,4.4
366,2019-03-28,13.68,14.5,13.46,14.17,106323,135777290.0,7.53,2.61,0.36,8.16
367,2019-03-29,14.02,15.19,13.64,15.19,191062,253046368.0,10.94,7.2,1.02,14.66
368,2019-04-01,15.76,16.59,15.46,16.07,266031,383747136.0,7.44,5.79,0.88,20.41
369,2019-04-02,15.87,16.97,15.7,16.26,287624,427219136.0,7.9,1.18,0.19,22.07
370,2019-04-03,15.98,16.69,15.92,16.45,184531,273786048.0,4.74,1.17,0.19,14.16
371,2019-04-04,16.42,16.64,15.8,15.81,164831,240407189.0,5.11,-3.89,-0.64,12.65
372,2019-04-08,16.14,16.25,15.24,15.6,121471,172352315.0,6.39,-1.33,-0.21,9.32
373,2019-04-09,15.45,15.76,15.22,15.47,94434,133004606.0,3.46,-0.83,-0.13,7.24
374,2019-04-10,15.29,15.45,15.07,15.22,95795,132404584.0,2.46,-1.62,-0.25,7.35
375,2019-04-11,15.19,15.37,14.74,14.77,74661,102355152.0,4.14,-2.96,-0.45,5.73
376,2019-04-12,14.75,14.94,14.53,14.74,62276,83404316.0,2.78,-0.2,-0.03,4.78
377,2019-04-15,15.01,15.4,14.67,14.7,101521,138786583.0,4.95,-0.27,-0.04,7.79
378,2019-04-16,14.55,15.08,14.11,15.08,85747,114000698.0,6.6,2.59,0.38,6.58
379,2019-04-17,15.11,15.18,14.88,14.96,69812,95208973.0,1.99,-0.8,-0.12,5.36
380,2019-04-18,14.93,15.12,14.78,14.89,47068,63839847.0,2.27,-0.47,-0.07,3.61
381,2019-04-19,14.78,15.21,14.72,14.96,42777,57950700.0,3.29,0.47,0.07,3.28
382,2019-04-22,14.75,15.07,14.44,14.48,53783,71676130.0,4.21,-3.21,-0.48,4.13
383,2019-04-23,14.44,14.59,14.07,14.23,56570,73432943.0,3.59,-1.73,-0.25,4.34
384,2019-04-24,14.44,14.49,14.02,14.44,40268,52342536.0,3.3,1.48,0.21,3.09
385,2019-04-25,14.35,14.42,13.56,13.67,59064,75589433.0,5.96,-5.33,-0.77,4.53
386,2019-04-26,13.68,13.97,13.56,13.68,37033,46435487.0,3.0,0.07,0.01,2.84
387,2019-04-29,13.62,14.2,12.95,13.82,88845,109121054.0,9.14,1.02,0.14,6.82
388,2019-04-30,13.73,14.3,13.52,13.76,65076,81706418.0,5.64,-0.43,-0.06,4.99
389,2019-05-06,12.87,13.03,12.39,12.39,52028,59845566.0,4.65,-9.96,-1.37,3.99
390,2019-05-07,12.51,12.57,12.05,12.36,41500,46355932.0,4.2,-0.24,-0.03,3.18
391,2019-05-08,12.13,12.46,11.93,12.17,27610,30596360.0,4.29,-1.54,-0.19,2.12
392,2019-05-09,12.13,12.3,12.07,12.16,24525,27136911.0,1.89,-0.08,-0.01,1.88
393,2019-05-10,12.28,12.73,11.99,12.66,52033,58822229.0,6.09,4.11,0.5,3.99
394,2019-05-13,12.46,12.86,12.36,12.53,34110,38893418.0,3.95,-1.03,-0.13,2.62
395,2019-05-14,12.41,13.24,12.41,12.91,75811,89100480.0,6.62,3.03,0.38,5.82
396,2019-05-15,12.94,13.15,12.81,13.01,44569,52369221.0,2.63,0.77,0.1,3.42
397,2019-05-16,12.84,13.03,12.79,13.02,34374,40250558.0,1.84,0.08,0.01,2.64
398,2019-05-17,13.01,13.03,12.22,12.24,42151,48119105.0,6.22,-5.99,-0.78,3.23
399,2019-05-20,12.32,12.75,12.22,12.62,29907,33881814.0,4.33,3.1,0.38,2.29
400,2019-05-21,12.65,13.05,12.52,12.98,50286,58673503.0,4.2,2.85,0.36,3.86
401,2019-05-22,13.17,13.67,12.96,13.5,111754,135090609.0,5.47,4.01,0.52,8.57
402,2019-05-23,13.34,13.34,12.92,13.01,67536,80197905.0,3.11,-3.63,-0.49,5.18
403,2019-05-24,12.79,12.95,12.41,12.46,50788,58301993.0,4.15,-4.23,-0.55,3.9
404,2019-05-27,12.4,12.91,12.4,12.91,44142,50847444.0,4.09,3.61,0.45,3.39
405,2019-05-28,12.84,13.05,12.76,12.8,43449,50963380.0,2.25,-0.85,-0.11,3.33
406,2019-05-29,12.77,13.67,12.68,13.15,74326,89046579.0,7.73,2.73,0.35,5.7
407,2019-05-30,13.13,14.0,12.73,13.78,147274,179660869.0,9.66,4.79,0.63,11.3
408,2019-05-31,13.36,13.83,13.35,13.62,108783,134166397.0,3.48,-1.16,-0.16,8.35
409,2019-06-03,13.67,13.78,13.12,13.21,55487,67644828.0,4.85,-3.01,-0.41,4.26
410,2019-06-04,13.16,13.47,12.9,13.45,65766,79275857.0,4.31,1.82,0.24,5.05
411,2019-06-05,13.5,13.54,13.07,13.16,55426,66821675.0,3.49,-2.16,-0.29,4.25
412,2019-06-06,13.12,13.21,12.25,12.32,65407,75090694.0,7.29,-6.38,-0.84,5.02
413,2019-06-10,12.2,12.49,12.18,12.36,33715,37753106.0,2.52,0.32,0.04,2.59
414,2019-06-11,12.36,12.95,12.18,12.85,56264,64617041.0,6.23,3.96,0.49,4.32
415,2019-06-12,12.85,13.08,12.7,12.85,47752,55713301.0,2.96,0.0,0.0,3.66
416,2019-06-13,12.85,13.29,12.72,13.21,73364,87304640.0,4.44,2.8,0.36,5.63
417,2019-06-14,13.32,13.37,12.73,12.73,45165,53165947.0,4.84,-3.63,-0.48,3.46
418,2019-06-17,12.75,12.97,12.51,12.58,33587,38445228.0,3.61,-1.18,-0.15,2.58
419,2019-06-18,12.53,12.87,12.53,12.69,35977,41410297.0,2.7,0.87,0.11,2.76
420,2019-06-19,13.23,13.64,13.03,13.25,95820,114895828.0,4.81,4.41,0.56,7.35
421,2019-06-20,13.16,14.56,12.99,14.56,77401,75461078.0,11.85,9.89,1.31,4.57
422,2019-06-21,16.01,16.01,15.69,16.01,222922,247852078.0,2.2,9.96,1.45,13.16
423,2019-06-24,17.59,17.59,17.42,17.59,256301,313650064.0,1.06,9.87,1.58,15.13
424,2019-06-25,17.97,19.34,17.27,19.34,1029912,1342907888.0,11.77,9.95,1.75,60.78
425,2019-06-26,17.41,20.34,17.41,18.9,943692,1213061600.0,15.15,-2.28,-0.44,55.69
426,2019-06-27,20.14,20.78,20.14,20.78,234357,336848464.0,3.39,9.95,1.88,13.83
427,2019-06-28,18.82,19.65,18.71,18.71,314497,416101488.0,4.52,-9.96,-2.07,18.56
428,2019-07-01,18.64,19.83,17.99,19.11,757391,995667344.0,9.83,2.14,0.4,44.7
429,2019-07-02,18.25,18.48,17.21,17.21,503987,622065792.0,6.65,-9.94,-1.9,29.74
430,2019-07-03,16.71,17.09,16.04,16.49,446770,510584896.0,6.1,-4.18,-0.72,26.37
431,2019-07-04,16.51,16.66,15.61,16.11,394232,438891520.0,6.37,-2.3,-0.38,23.26
432,2019-07-05,15.98,16.02,15.49,15.65,302123,331603552.0,3.29,-2.86,-0.46,17.83
433,2019-07-08,15.49,16.12,15.23,15.89,370446,405157056.0,5.69,1.53,0.24,21.86
434,2019-07-09,15.98,17.02,15.85,16.61,467976,533707744.0,7.36,4.53,0.72,27.62
435,2019-07-10,16.18,16.59,15.41,15.68,330216,368791392.0,7.1,-5.6,-0.93,19.49
436,2019-07-11,15.55,15.94,14.85,15.03,307865,329411568.0,6.95,-4.15,-0.65,18.17
437,2019-07-12,15.06,15.22,14.69,14.78,184141,190244858.0,3.53,-1.66,-0.25,10.87
438,2019-07-15,14.82,15.59,14.46,15.25,229490,240499333.0,7.65,3.18,0.47,13.54
439,2019-07-16,15.15,15.32,14.91,14.98,155841,163320235.0,2.69,-1.77,-0.27,9.2
440,2019-07-17,15.18,15.46,14.91,14.95,177516,187207638.0,3.67,-0.2,-0.03,10.48
441,2019-07-18,14.58,15.08,14.33,14.83,184752,187640037.0,5.02,-0.8,-0.12,10.9
442,2019-07-19,14.79,15.08,14.65,14.72,134636,138625980.0,2.9,-0.74,-0.11,7.95
443,2019-07-22,14.72,14.72,13.68,14.03,137706,135883930.0,7.07,-4.69,-0.69,8.13
444,2019-07-23,14.11,14.48,14.09,14.41,112016,111018098.0,2.78,2.71,0.38,6.61
445,2019-07-24,14.33,14.76,14.33,14.45,131874,133341936.0,2.98,0.28,0.04,7.78
446,2019-07-25,14.58,14.75,14.42,14.49,105668,106876766.0,2.28,0.28,0.04,6.24
447,2019-07-26,14.45,14.62,14.32,14.36,95780,95967911.0,2.07,-0.9,-0.13,5.65
448,2019-07-29,14.39,14.49,14.18,14.22,81165,80743932.0,2.16,-0.97,-0.14,4.79
449,2019-07-30,14.33,14.88,14.32,14.62,168779,171450515.0,3.94,2.81,0.4,9.96
450,2019-07-31,14.39,14.45,14.12,14.18,139173,137540585.0,2.26,-3.01,-0.44,8.21
451,2019-08-01,13.99,14.32,13.89,14.18,92692,90746986.0,3.03,0.0,0.0,5.47
452,2019-08-02,13.6,13.79,13.36,13.53,143387,135186829.0,3.03,-4.58,-0.65,8.46
453,2019-08-05,13.69,13.92,13.56,13.58,116358,111058260.0,2.66,0.37,0.05,6.87
454,2019-08-06,13.35,13.6,12.69,13.43,159181,145232233.0,6.7,-1.1,-0.15,9.39
455,2019-08-07,13.45,13.48,13.05,13.12,94664,86906643.0,3.2,-2.31,-0.31,5.59
456,2019-08-08,13.25,13.46,13.13,13.18,103814,95782779.0,2.52,0.46,0.06,6.13
457,2019-08-09,13.23,13.5,12.9,13.3,131279,120959554.0,4.55,0.91,0.12,7.75
458,2019-08-12,13.38,13.89,13.33,13.88,204454,194342692.0,4.21,4.36,0.58,12.07
459,2019-08-13,13.55,13.6,13.25,13.36,149151,138759216.0,2.52,-3.75,-0.52,8.8
460,2019-08-14,13.52,13.59,13.15,13.2,101761,94699217.0,3.29,-1.2,-0.16,6.01
461,2019-08-15,12.6,13.18,12.56,13.09,103803,92468141.0,4.7,-0.83,-0.11,6.13
462,2019-08-16,13.13,13.29,13.02,13.06,79292,72365695.0,2.06,-0.23,-0.03,4.68
463,2019-08-19,13.26,13.69,13.13,13.65,161205,150875279.0,4.29,4.52,0.59,9.51
464,2019-08-20,13.8,13.93,13.46,13.52,134737,128200069.0,3.44,-0.95,-0.13,7.95
465,2019-08-21,13.43,13.63,13.33,13.5,109108,102089534.0,2.22,-0.15,-0.02,6.44
466,2019-08-22,13.68,14.25,13.68,13.85,195428,189011124.0,4.22,2.59,0.35,11.53
467,2019-08-23,15.22,15.22,15.22,15.22,69859,73910473.0,0.0,9.89,1.37,4.12
468,2019-08-26,14.95,15.94,14.71,15.26,429814,460476320.0,8.08,0.26,0.04,25.36
469,2019-08-27,14.85,15.61,14.71,15.18,363945,382990832.0,5.9,-0.52,-0.08,21.48
470,2019-08-28,14.81,15.13,14.45,14.48,274295,280525264.0,4.48,-4.61,-0.7,16.19
471,2019-08-29,14.58,14.93,14.33,14.75,229315,233132000.0,4.14,1.86,0.27,13.53
472,2019-08-30,14.71,14.96,13.9,14.09,234420,234916590.0,7.19,-4.47,-0.66,13.83
473,2019-09-02,14.09,14.66,13.92,14.48,179943,178619670.0,5.25,2.77,0.39,10.62
474,2019-09-03,14.53,14.53,14.15,14.42,153060,152212988.0,2.62,-0.41,-0.06,9.03
475,2019-09-04,14.32,14.55,14.22,14.45,131100,130873900.0,2.29,0.21,0.03,7.74
476,2019-09-05,14.95,15.88,14.95,15.88,291501,313010528.0,6.44,9.9,1.43,17.2
477,2019-09-06,16.52,17.44,15.54,15.61,649610,744792720.0,11.96,-1.7,-0.27,38.34
478,2019-09-09,15.84,16.66,15.54,16.28,458935,514732704.0,7.17,4.29,0.67,27.08
479,2019-09-10,15.98,17.24,15.68,16.66,491275,558372176.0,9.58,2.33,0.38,28.99
480,2019-09-11,16.32,16.49,15.85,15.86,307883,345804784.0,3.84,-4.8,-0.8,18.17
481,2019-09-12,15.92,16.18,15.71,15.98,172231,191192431.0,2.96,0.76,0.12,10.16
482,2019-09-16,16.11,16.61,15.99,16.19,248360,281896688.0,3.88,1.31,0.21,14.66
483,2019-09-17,15.96,15.99,15.33,15.55,197137,215446990.0,4.08,-3.95,-0.64,11.63
484,2019-09-18,15.56,16.11,15.56,15.94,199882,220795734.0,3.54,2.51,0.39,11.8
485,2019-09-19,15.76,16.69,15.66,16.54,313430,354383968.0,6.46,3.76,0.6,18.5
486,2019-09-20,16.26,16.46,15.99,16.04,206449,232525594.0,2.84,-3.02,-0.5,12.18
487,2019-09-23,15.79,15.92,15.51,15.85,132631,144856915.0,2.56,-1.18,-0.19,7.83
488,2019-09-24,15.85,16.56,15.71,16.31,265805,300383472.0,5.36,2.9,0.46,15.69
489,2019-09-25,15.99,17.54,15.91,16.71,401252,465112928.0,9.99,2.45,0.4,23.68
490,2019-09-26,16.46,16.51,15.05,15.05,300342,323568592.0,8.74,-9.93,-1.66,17.72
491,2019-09-27,14.53,15.02,14.45,14.49,171339,174988628.0,3.79,-3.72,-0.56,10.11
492,2019-09-30,14.55,14.66,13.98,13.98,96907,96739222.0,4.69,-3.52,-0.51,5.72
493,2019-10-08,14.11,14.46,13.99,13.99,85321,84372563.0,3.36,0.07,0.01,5.04
494,2019-10-09,13.8,14.25,13.68,14.23,78621,76676267.0,4.07,1.72,0.24,4.64
495,2019-10-10,14.23,14.53,14.15,14.43,84974,84965016.0,2.67,1.41,0.2,5.01
496,2019-10-11,14.51,14.89,14.41,14.75,130959,133457032.0,3.33,2.22,0.32,7.73
497,2019-10-14,14.82,15.41,14.63,14.95,154236,160990998.0,5.29,1.36,0.2,9.1
498,2019-10-15,14.75,14.85,14.48,14.71,123791,126071854.0,2.47,-1.61,-0.24,7.31
499,2019-10-16,14.85,15.38,14.46,14.58,138148,141837200.0,6.25,-0.88,-0.13,8.15
500,2019-10-17,14.52,14.76,14.11,14.56,82052,82854503.0,4.46,-0.14,-0.02,4.84
501,2019-10-18,14.62,14.63,13.85,13.9,113900,112099712.0,5.36,-4.53,-0.66,6.72
502,2019-10-21,13.9,14.11,13.58,14.0,73500,70817394.0,3.81,0.72,0.1,4.34
503,2019-10-22,13.99,14.58,13.99,14.43,117197,116806396.0,4.21,3.07,0.43,6.92
504,2019-10-23,14.61,14.88,14.28,14.38,134997,136463516.0,4.16,-0.35,-0.05,7.97
505,2019-10-24,14.22,14.88,14.16,14.82,156906,158863345.0,5.01,3.06,0.44,9.26
506,2019-10-25,14.96,14.96,14.25,14.45,146844,147356734.0,4.79,-2.5,-0.37,8.67
507,2019-10-28,15.88,15.88,15.68,15.88,164298,181325995.0,1.38,9.9,1.43,9.7
508,2019-10-29,16.71,17.25,15.55,15.62,545168,626095232.0,10.71,-1.64,-0.26,32.17
509,2019-10-30,14.11,14.81,14.11,14.12,312104,311967216.0,4.48,-9.6,-1.5,18.42
510,2019-10-31,14.13,14.31,13.4,13.55,179380,172503207.0,6.44,-4.04,-0.57,10.59
511,2019-11-01,13.46,13.95,13.32,13.68,121152,114998404.0,4.65,0.96,0.13,7.15
512,2019-11-04,13.76,14.08,13.59,13.66,106511,102473588.0,3.58,-0.15,-0.02,6.29
513,2019-11-05,13.7,13.85,13.46,13.78,75868,72313221.0,2.86,0.88,0.12,4.48
514,2019-11-06,13.8,13.83,13.18,13.36,112119,104379570.0,4.72,-3.05,-0.42,6.62
515,2019-11-07,13.33,13.6,13.22,13.6,80962,75805635.0,2.84,1.8,0.24,4.78
516,2019-11-08,13.73,13.75,13.23,13.25,93057,87112466.0,3.82,-2.57,-0.35,5.49
517,2019-11-11,13.1,13.15,12.79,12.83,79448,71360968.0,2.72,-3.17,-0.42,4.69
518,2019-11-12,12.82,12.92,12.56,12.92,70664,62596580.0,2.81,0.7,0.09,4.17
519,2019-11-13,12.8,12.89,12.57,12.69,59753,52698784.0,2.48,-1.78,-0.23,3.53
520,2019-11-14,12.69,12.82,12.57,12.75,48374,42742771.0,1.97,0.47,0.06,2.85
521,2019-11-15,12.73,12.89,12.63,12.63,60645,53872784.0,2.04,-0.94,-0.12,3.58
522,2019-11-18,12.53,12.69,12.29,12.63,51317,44753150.0,3.17,0.0,0.0,3.03
523,2019-11-19,12.6,12.88,12.6,12.88,59880,53165997.0,2.22,1.98,0.25,3.53
524,2019-11-20,12.88,12.93,12.53,12.59,57614,50874808.0,3.11,-2.25,-0.29,3.4
525,2019-11-21,12.6,12.68,12.46,12.62,36050,31551922.0,1.75,0.24,0.03,2.13
526,2019-11-22,12.66,12.76,12.35,12.42,53932,46915348.0,3.25,-1.58,-0.2,3.18
527,2019-11-25,12.45,12.52,12.12,12.22,41850,35494114.0,3.22,-1.61,-0.2,2.47
528,2019-11-26,12.35,12.35,11.95,11.99,49875,41808963.0,3.27,-1.88,-0.23,2.94
529,2019-11-27,11.89,12.02,11.59,11.86,54982,45138659.0,3.59,-1.08,-0.13,3.24
530,2019-11-28,11.85,11.93,11.7,11.76,35324,28915452.0,1.94,-0.84,-0.1,2.08
531,2019-11-29,11.79,12.0,11.73,11.95,41636,34276358.0,2.3,1.62,0.19,2.46
532,2019-12-02,11.97,12.53,11.86,12.17,80586,68475687.0,5.61,1.84,0.22,4.76
533,2019-12-03,11.95,12.16,11.85,12.16,43686,36398410.0,2.55,-0.08,-0.01,2.58
534,2019-12-04,12.06,12.13,11.97,12.02,33243,27775303.0,1.32,-1.15,-0.14,1.96
535,2019-12-05,12.06,12.22,12.03,12.15,43908,36983862.0,1.58,1.08,0.13,2.59
536,2019-12-06,12.16,12.33,12.16,12.27,49820,42357261.0,1.4,0.99,0.12,2.94
537,2019-12-09,12.27,12.45,12.19,12.4,55648,47738519.0,2.12,1.06,0.13,3.28
538,2019-12-10,12.4,12.43,12.13,12.32,54248,46188668.0,2.42,-0.65,-0.08,3.2
539,2019-12-11,12.32,12.47,12.25,12.25,50908,43625412.0,1.79,-0.57,-0.07,3.0
540,2019-12-12,12.33,12.59,12.32,12.33,66716,57506079.0,2.2,0.65,0.08,3.94
541,2019-12-13,12.49,13.03,12.35,12.76,153001,134926977.0,5.52,3.49,0.43,9.03
542,2019-12-16,12.65,13.06,12.53,12.86,129368,114521543.0,4.15,0.78,0.1,7.63
543,2019-12-17,12.79,13.28,12.68,13.12,145691,131831108.0,4.67,2.02,0.26,8.6
544,2019-12-18,13.1,13.19,12.83,12.95,119345,107973101.0,2.74,-1.3,-0.17,7.04
545,2019-12-19,12.98,13.52,12.9,13.25,135985,124203854.0,4.79,2.32,0.3,8.02
546,2019-12-20,13.18,13.23,12.82,12.83,110204,99626733.0,3.09,-3.17,-0.42,6.5
547,2019-12-23,12.73,12.78,12.17,12.23,92099,79836853.0,4.75,-4.68,-0.6,5.44
548,2019-12-24,12.25,12.42,12.12,12.35,55181,47095640.0,2.45,0.98,0.12,3.26
549,2019-12-25,12.33,12.65,12.25,12.49,59537,51642670.0,3.24,1.13,0.14,3.51
550,2019-12-26,12.43,12.68,12.39,12.68,62580,54450231.0,2.32,1.52,0.19,3.69
551,2019-12-27,12.66,12.78,12.42,12.43,66817,58500323.0,2.84,-1.97,-0.25,3.94
552,2019-12-30,12.45,12.92,12.03,12.66,85184,74012139.0,7.16,1.85,0.23,5.03
553,2019-12-31,12.66,12.89,12.56,12.69,67535,59544676.0,2.61,0.24,0.03,3.99
554,2020-01-02,12.86,13.09,12.75,13.0,118742,107038944.0,2.68,2.44,0.31,7.01
555,2020-01-03,13.09,13.18,12.85,13.08,106772,96499932.0,2.54,0.62,0.08,6.3
556,2020-01-06,12.98,13.2,12.88,13.0,93289,84386567.0,2.45,-0.61,-0.08,5.51
557,2020-01-07,13.09,13.23,12.99,13.19,102481,93407196.0,1.85,1.46,0.19,6.05
558,2020-01-08,13.09,13.3,12.88,12.92,108367,98119079.0,3.18,-2.05,-0.27,6.4
559,2020-01-09,13.08,13.32,13.02,13.18,98795,90389770.0,2.32,2.01,0.26,5.83
560,2020-01-10,13.19,13.43,12.99,13.08,101012,92626710.0,3.34,-0.76,-0.1,5.96
561,2020-01-13,13.08,13.16,12.85,13.13,67998,61617002.0,2.37,0.38,0.05,4.01
562,2020-01-14,13.18,13.3,13.0,13.03,62329,56821873.0,2.28,-0.76,-0.1,3.68
563,2020-01-15,13.05,13.19,12.95,12.95,69328,62675318.0,1.84,-0.61,-0.08,4.09
564,2020-01-16,13.05,13.09,12.72,12.79,69276,61898210.0,2.86,-1.24,-0.16,4.09
565,2020-01-17,12.82,12.93,12.62,12.63,50666,44880644.0,2.42,-1.25,-0.16,2.99
566,2020-01-20,12.6,12.62,12.23,12.5,74316,64006933.0,3.09,-1.03,-0.13,4.39
567,2020-01-21,12.43,12.57,12.29,12.29,54578,46955264.0,2.24,-1.68,-0.21,3.22
568,2020-01-22,12.33,12.36,11.92,12.17,62205,52253181.0,3.58,-0.98,-0.12,3.67
569,2020-01-23,12.12,12.13,11.32,11.66,76259,62433366.0,6.66,-4.19,-0.51,4.5
570,2020-02-03,10.5,10.5,10.5,10.5,7264,5288192.0,0.0,-9.95,-1.16,0.43
571,2020-02-04,9.46,9.99,9.46,9.79,104146,70284061.0,5.05,-6.76,-0.71,6.15
572,2020-02-05,9.84,10.23,9.8,10.04,80952,56445951.0,4.39,2.55,0.25,4.78
573,2020-02-06,10.07,10.49,10.06,10.39,92252,65695289.0,4.28,3.49,0.35,5.44
574,2020-02-07,10.34,10.72,10.23,10.66,74400,54238652.0,4.72,2.6,0.27,4.39
575,2020-02-10,10.57,10.77,10.47,10.72,67747,50017276.0,2.81,0.56,0.06,4.0
576,2020-02-11,10.72,10.8,10.47,10.52,60141,44245943.0,3.08,-1.87,-0.2,3.55
577,2020-02-12,10.49,10.83,10.47,10.79,58496,43380243.0,3.42,2.57,0.27,3.45
578,2020-02-13,11.1,11.23,10.57,10.63,106467,80398281.0,6.12,-1.48,-0.16,6.28
579,2020-02-14,10.53,11.69,10.53,11.36,263393,209326358.0,10.91,6.87,0.73,15.54
580,2020-02-17,11.03,11.9,11.02,11.57,257258,202864594.0,7.75,1.85,0.21,15.18
581,2020-02-18,11.36,11.57,11.27,11.5,167069,132268232.0,2.59,-0.61,-0.07,9.86
582,2020-02-19,11.45,11.72,11.35,11.47,141388,113328917.0,3.22,-0.26,-0.03,8.34
583,2020-02-20,11.35,12.47,11.32,12.05,257359,210183002.0,10.03,5.06,0.58,15.19
584,2020-02-21,11.93,12.62,11.82,12.37,279700,236925515.0,6.64,2.66,0.32,16.51
585,2020-02-24,12.17,12.4,11.96,12.19,192776,162669962.0,3.56,-1.46,-0.18,11.38
586,2020-02-25,11.73,11.92,11.26,11.77,169211,137154374.0,5.41,-3.45,-0.42,9.99
587,2020-02-26,11.57,12.56,11.5,11.89,199544,166941017.0,9.01,1.02,0.12,11.78
588,2020-02-27,11.67,13.08,11.67,13.08,151894,135116177.0,11.86,10.01,1.19,8.96
589,2020-02-28,12.68,13.62,12.03,12.33,457460,406120160.0,12.16,-5.73,-0.75,27.0
590,2020-03-02,11.4,12.6,11.39,12.22,324015,265979199.0,9.81,-0.89,-0.11,19.12
591,2020-03-03,12.42,12.7,12.0,12.52,332050,285401312.0,5.73,2.45,0.3,19.6
592,2020-03-04,12.25,12.78,12.05,12.75,287018,247579660.0,5.83,1.84,0.23,16.94
593,2020-03-05,12.79,13.5,12.49,12.78,324996,291746592.0,7.92,0.24,0.03,19.18
594,2020-03-06,12.36,12.63,12.22,12.32,203440,174876443.0,3.21,-3.6,-0.46,12.01
595,2020-03-09,11.96,12.02,11.4,11.43,187551,152063884.0,5.03,-7.22,-0.89,11.07
596,2020-03-10,11.19,11.72,10.99,11.65,129152,102117684.0,6.39,1.92,0.22,7.62
597,2020-03-11,11.72,12.0,11.57,11.7,147262,120831174.0,3.69,0.43,0.05,8.69
598,2020-03-12,11.53,12.05,11.43,11.69,97250,79391578.0,5.3,-0.09,-0.01,5.74
599,2020-03-13,11.07,11.6,10.99,11.56,96985,76110783.0,5.22,-1.11,-0.13,5.72
600,2020-03-16,11.6,11.76,10.8,10.92,90082,71018551.0,8.3,-5.54,-0.64,5.32
601,2020-03-17,11.06,11.14,10.44,10.8,55899,41826911.0,6.41,-1.1,-0.12,3.3
602,2020-03-18,10.92,10.99,10.42,10.42,60066,44760269.0,5.28,-3.52,-0.38,3.54
603,2020-03-19,10.43,10.57,10.16,10.5,51426,37143090.0,3.93,0.77,0.08,3.03
604,2020-03-20,10.63,10.69,10.39,10.63,44105,32291898.0,2.86,1.24,0.13,2.6
605,2020-03-23,10.36,10.5,9.96,10.09,42612,30379545.0,5.08,-5.08,-0.54,2.51
606,2020-03-24,10.27,10.46,10.1,10.39,46440,33099293.0,3.57,2.97,0.3,2.74
607,2020-03-25,10.6,10.63,10.43,10.56,42926,31340287.0,1.92,1.64,0.17,2.53
608,2020-03-26,10.46,10.54,10.29,10.3,32360,23370950.0,2.37,-2.46,-0.26,1.91
609,2020-03-27,10.46,10.52,10.2,10.24,34002,24414516.0,3.11,-0.58,-0.06,2.01
610,2020-03-30,10.1,10.13,9.73,9.84,44693,30549648.0,3.91,-3.91,-0.4,2.64
611,2020-03-31,9.97,10.0,9.82,9.83,23972,16457096.0,1.83,-0.1,-0.01,1.41
612,2020-04-01,9.84,9.93,9.7,9.76,25435,17339366.0,2.34,-0.71,-0.07,1.5
613,2020-04-02,9.77,10.03,9.67,10.0,33045,22628140.0,3.69,2.46,0.24,1.95
614,2020-04-03,9.96,10.04,9.87,9.92,27963,19278916.0,1.7,-0.8,-0.08,1.65
615,2020-04-07,10.23,10.46,10.07,10.3,63028,45020761.0,3.93,3.83,0.38,3.72
616,2020-04-08,10.27,10.52,10.23,10.44,60910,43947797.0,2.82,1.36,0.14,3.59
617,2020-04-09,10.37,11.04,10.37,10.66,76798,57010963.0,6.42,2.11,0.22,4.53
618,2020-04-10,10.6,10.62,10.22,10.29,47202,33970828.0,3.75,-3.47,-0.37,2.79
619,2020-04-13,10.29,10.29,10.04,10.09,30546,21435042.0,2.43,-1.94,-0.2,1.8
620,2020-04-14,10.16,10.34,10.12,10.32,24730,17566951.0,2.18,2.28,0.23,1.46
621,2020-04-15,10.46,10.57,10.2,10.27,33680,24230777.0,3.59,-0.48,-0.05,1.99
622,2020-04-16,10.2,10.99,10.19,10.74,97976,72172806.0,7.79,4.58,0.47,5.78
623,2020-04-17,10.74,10.94,10.43,10.49,88347,65392755.0,4.75,-2.33,-0.25,5.21
624,2020-04-20,10.4,10.79,10.26,10.66,65157,47764403.0,5.05,1.62,0.17,3.85
625,2020-04-21,10.64,11.03,10.47,10.82,84487,63154710.0,5.25,1.5,0.16,4.99
626,2020-04-22,10.67,11.5,10.56,11.12,126911,97539974.0,8.69,2.77,0.3,7.49
627,2020-04-23,11.09,12.22,10.84,12.22,293594,240178450.0,12.41,9.89,1.1,17.33
628,2020-04-24,12.17,13.43,11.83,13.08,737864,661090064.0,13.09,7.04,0.86,43.54
629,2020-04-27,12.36,12.5,11.77,11.77,485172,401564512.0,5.58,-10.02,-1.31,28.63
630,2020-04-28,11.46,11.53,10.6,10.79,391931,295015440.0,7.9,-8.33,-0.98,23.13
631,2020-04-29,10.54,11.43,10.46,10.97,298319,225612856.0,8.99,1.67,0.18,17.6
632,2020-04-30,10.96,11.45,10.83,11.35,277418,215269613.0,5.65,3.46,0.38,16.37
633,2020-05-06,11.1,11.65,11.07,11.59,223254,176658129.0,5.11,2.11,0.24,13.17
634,2020-05-07,11.46,11.77,11.3,11.35,214753,171945285.0,4.06,-2.07,-0.24,12.67
635,2020-05-08,11.6,12.15,11.52,11.6,299160,244923815.0,5.55,2.2,0.25,17.65
636,2020-05-11,11.5,12.03,11.49,11.67,222787,181501417.0,4.66,0.6,0.07,13.15
637,2020-05-12,11.59,11.65,11.22,11.47,149538,118567916.0,3.68,-1.71,-0.2,8.82
638,2020-05-13,11.39,12.2,11.29,12.07,253014,207377643.0,7.93,5.23,0.6,14.93
639,2020-05-14,11.85,12.49,11.82,12.02,284503,239850069.0,5.55,-0.41,-0.05,16.79
640,2020-05-15,12.15,12.37,11.99,12.17,205438,173553951.0,3.16,1.25,0.15,12.12
641,2020-05-18,11.96,12.05,11.57,11.63,173291,141754200.0,3.94,-4.44,-0.54,10.23
642,2020-05-19,11.76,12.17,11.69,12.16,170790,141289329.0,4.13,4.56,0.53,10.08
643,2020-05-20,12.03,12.47,11.89,12.4,207439,174843134.0,4.77,1.97,0.24,12.24
644,2020-05-21,12.29,12.42,11.93,12.1,159232,134118093.0,3.95,-2.42,-0.3,9.4
645,2020-05-22,12.03,12.17,11.55,11.55,136658,112148503.0,5.12,-4.55,-0.55,8.06
646,2020-05-25,11.53,11.69,11.25,11.39,93733,74643932.0,3.81,-1.39,-0.16,5.53
647,2020-05-26,11.47,11.63,11.39,11.6,88172,70574783.0,2.11,1.84,0.21,5.2
648,2020-05-27,11.62,11.62,11.22,11.22,114150,89836975.0,3.45,-3.28,-0.38,6.74
649,2020-05-28,11.19,11.5,11.17,11.29,91005,71541744.0,2.94,0.62,0.07,5.37
650,2020-05-29,11.17,11.36,10.99,11.0,100410,77924952.0,3.28,-2.57,-0.29,5.93
651,2020-06-01,11.1,11.67,11.07,11.62,145355,115189453.0,5.45,5.64,0.62,8.58
652,2020-06-02,11.82,12.22,11.66,11.9,175090,144271517.0,4.82,2.41,0.28,10.33
653,2020-06-03,11.87,12.43,11.82,12.06,222269,186882145.0,5.13,1.34,0.16,13.12
654,2020-06-04,12.05,12.37,11.93,12.07,164102,138078656.0,3.65,0.08,0.01,9.68
655,2020-06-05,12.09,12.3,11.87,12.15,137399,115362296.0,3.56,0.66,0.08,8.11
656,2020-06-08,12.15,12.32,11.89,12.09,107431,90355616.0,3.54,-0.49,-0.06,6.34
657,2020-06-09,12.17,12.4,11.96,12.16,147298,124287304.0,3.64,0.58,0.07,8.69
658,2020-06-10,12.05,12.12,11.75,11.99,115794,96001027.0,3.04,-1.4,-0.17,6.83
659,2020-06-11,12.19,12.5,11.99,12.05,178110,151303189.0,4.25,0.5,0.06,10.51
660,2020-06-12,11.66,12.25,11.65,12.07,138254,114919035.0,4.98,0.17,0.02,8.16
661,2020-06-15,12.09,12.36,11.97,12.07,128797,109089486.0,3.23,0.0,0.0,7.6
662,2020-06-16,12.23,12.46,12.1,12.39,142412,121482231.0,2.98,2.65,0.32,8.4
663,2020-06-17,12.33,12.52,11.97,12.52,175158,148129311.0,4.44,1.05,0.13,10.34
664,2020-06-18,12.32,12.43,12.1,12.1,154325,131128118.0,2.64,-3.35,-0.42,9.11
665,2020-06-19,12.12,12.68,11.95,12.43,210993,180293655.0,6.03,2.73,0.33,12.45
666,2020-06-22,12.39,13.12,12.35,12.8,268921,239242861.0,6.19,2.98,0.37,15.87
667,2020-06-23,12.69,13.05,12.52,13.05,200944,178892547.0,4.14,1.95,0.25,11.86
668,2020-06-24,12.96,13.12,12.56,12.68,167187,148187497.0,4.29,-2.84,-0.37,9.87
669,2020-06-29,12.63,13.02,12.05,12.22,177742,154008873.0,7.65,-3.63,-0.46,10.49
670,2020-06-30,12.26,13.43,12.22,13.43,171169,153495162.0,9.9,9.9,1.21,10.1
671,2020-07-01,14.25,14.25,13.06,13.13,435375,409236944.0,8.86,-2.23,-0.3,25.69
672,2020-07-02,13.0,13.68,12.8,13.5,388049,354749856.0,6.7,2.82,0.37,22.9
673,2020-07-03,13.45,13.76,13.13,13.65,358045,335038528.0,4.67,1.11,0.15,21.13
674,2020-07-06,13.79,15.01,13.53,14.71,469696,464729392.0,10.84,7.77,1.06,27.72
675,2020-07-07,14.72,14.91,14.03,14.29,410784,412149232.0,5.98,-2.86,-0.42,24.24
676,2020-07-08,14.22,15.51,14.12,15.15,368598,380397120.0,9.73,6.02,0.86,21.75
677,2020-07-09,15.16,15.81,14.82,15.46,367492,391151920.0,6.53,2.05,0.31,21.69
678,2020-07-10,15.11,15.33,14.71,15.01,253997,265714831.0,4.01,-2.91,-0.45,14.99
679,2020-07-13,15.03,15.26,14.79,15.25,241055,253052319.0,3.13,1.6,0.24,14.23
680,2020-07-14,15.03,15.76,14.82,15.19,246278,261457663.0,6.16,-0.39,-0.06,14.53
681,2020-07-15,15.29,15.32,14.13,14.33,187852,191963754.0,7.83,-5.66,-0.86,11.09
682,2020-07-16,14.41,15.23,13.8,13.96,205511,209660052.0,9.98,-2.58,-0.37,12.13
683,2020-07-17,13.86,14.23,13.5,13.68,138735,132967691.0,5.23,-2.01,-0.28,8.19
684,2020-07-20,13.89,14.22,13.53,14.21,120135,116552246.0,5.04,3.87,0.53,7.09
685,2020-07-21,14.45,14.72,14.16,14.21,112515,112415973.0,3.94,0.0,0.0,6.64
686,2020-07-22,14.53,15.62,14.38,15.62,211576,221217093.0,8.73,9.92,1.41,12.49
687,2020-07-23,15.65,16.54,15.29,15.86,515128,569057936.0,8.0,1.54,0.24,30.4
688,2020-07-24,15.41,15.75,14.42,14.46,297563,313743872.0,8.39,-8.83,-1.4,17.56
689,2020-07-27,15.02,15.79,14.75,14.82,254855,270655520.0,7.19,2.49,0.36,15.04
690,2020-07-28,15.36,15.66,14.68,15.22,238382,250738290.0,6.61,2.7,0.4,14.07
691,2020-07-29,15.11,15.64,14.81,15.61,253286,268964704.0,5.45,2.56,0.39,14.95
692,2020-07-30,15.52,15.58,14.78,14.93,244918,256752703.0,5.12,-4.36,-0.68,14.45
693,2020-07-31,14.95,15.02,13.99,14.68,171533,174909501.0,6.9,-1.67,-0.25,10.12
694,2020-08-03,14.68,14.96,14.68,14.83,150170,154621035.0,1.91,1.02,0.15,8.86
695,2020-08-04,15.03,15.64,14.89,15.42,305449,326631072.0,5.06,3.98,0.59,18.03
696,2020-08-05,15.11,15.28,14.59,15.28,191898,198851769.0,4.47,-0.91,-0.14,11.32
697,2020-08-06,15.42,16.09,15.32,15.75,271588,296238016.0,5.04,3.08,0.47,16.03
698,2020-08-07,15.55,15.62,14.83,15.18,170279,178585667.0,5.02,-3.62,-0.57,10.05
699,2020-08-10,15.05,15.29,14.81,15.06,100650,105096420.0,3.16,-0.79,-0.12,5.94
700,2020-08-11,15.05,15.18,14.22,14.26,137581,140295902.0,6.37,-5.31,-0.8,8.12
701,2020-08-12,14.25,14.38,13.76,14.16,88778,86590860.0,4.35,-0.7,-0.1,5.24
702,2020-08-13,14.16,14.25,13.98,14.05,59880,58650273.0,1.91,-0.78,-0.11,3.53
703,2020-08-14,13.96,14.86,13.85,14.41,96692,96201818.0,7.19,2.56,0.36,5.71
704,2020-08-17,14.39,15.16,14.39,15.09,158044,163864060.0,5.34,4.72,0.68,9.33
705,2020-08-18,15.08,15.36,14.96,15.05,160462,169311275.0,2.65,-0.27,-0.04,9.47
706,2020-08-19,15.01,15.08,14.43,14.48,115221,118006165.0,4.32,-3.79,-0.57,6.8
707,2020-08-20,14.32,15.92,14.19,15.28,367906,395873440.0,11.95,5.52,0.8,21.71
708,2020-08-21,15.39,15.43,14.56,14.92,250169,260842821.0,5.69,-2.36,-0.36,14.76
709,2020-08-24,14.56,15.46,14.33,15.16,203481,212438879.0,7.57,1.61,0.24,12.01
710,2020-08-25,15.38,16.06,15.18,15.56,241184,261852753.0,5.8,2.64,0.4,14.23
711,2020-08-26,15.61,15.91,14.89,14.93,179492,191080734.0,6.56,-4.05,-0.63,10.59
712,2020-08-27,14.83,15.09,14.49,14.65,154423,158528136.0,4.02,-1.88,-0.28,9.11
713,2020-08-28,14.68,16.11,14.66,15.41,316234,342704256.0,9.9,5.19,0.76,18.66
714,2020-08-31,15.49,16.65,15.43,15.92,334981,372164384.0,7.92,3.31,0.51,19.77
715,2020-09-01,16.09,16.21,15.65,15.91,207136,229340972.0,3.52,-0.06,-0.01,12.22
716,2020-09-02,15.96,16.06,15.54,15.95,170336,187343875.0,3.27,0.25,0.04,10.05
717,2020-09-03,15.91,15.94,14.71,14.79,254758,266612021.0,7.71,-7.27,-1.16,15.03
718,2020-09-04,14.46,14.91,14.39,14.86,95648,97722212.0,3.52,0.47,0.07,5.64
719,2020-09-07,14.76,14.99,14.45,14.56,91165,93242195.0,3.63,-2.02,-0.3,5.38
720,2020-09-08,14.53,14.59,13.95,14.18,114054,112525517.0,4.4,-2.61,-0.38,6.73
721,2020-09-09,14.02,14.11,13.39,13.5,121286,115267004.0,5.08,-4.8,-0.68,7.16
722,2020-09-10,13.68,13.69,12.65,12.86,101234,92190521.0,7.7,-4.74,-0.64,5.97
723,2020-09-11,12.68,13.05,12.66,13.02,49924,44664266.0,3.03,1.24,0.16,2.95
724,2020-09-14,13.08,13.18,12.89,13.03,56463,51110138.0,2.23,0.08,0.01,3.33
725,2020-09-15,13.02,13.29,12.93,13.15,54295,49516703.0,2.76,0.92,0.12,3.2
726,2020-09-16,13.06,13.06,12.66,12.82,52780,46964810.0,3.04,-2.51,-0.33,3.11
727,2020-09-17,12.79,12.92,12.56,12.78,42679,37632361.0,2.81,-0.31,-0.04,2.52
728,2020-09-18,12.83,13.22,12.63,13.16,66931,60148337.0,4.62,2.97,0.38,3.95
729,2020-09-21,13.22,13.39,13.09,13.28,59933,55156047.0,2.28,0.91,0.12,3.54
730,2020-09-22,13.05,13.36,12.98,13.09,44959,40991410.0,2.86,-1.43,-0.19,2.65
731,2020-09-23,13.08,13.18,12.83,12.85,39624,35647910.0,2.67,-1.83,-0.24,2.34
732,2020-09-24,12.8,12.8,12.2,12.43,59681,51594486.0,4.67,-3.27,-0.42,3.52
733,2020-09-25,12.47,12.52,12.19,12.27,31079,26628369.0,2.65,-1.29,-0.16,0.78
734,2020-09-28,12.43,12.43,11.96,11.99,29247,24569582.0,3.83,-2.28,-0.28,0.73
735,2020-09-29,12.05,12.27,12.05,12.05,26979,22733083.0,1.83,0.5,0.06,0.67
736,2020-09-30,12.05,12.13,11.82,12.03,27825,23146975.0,2.57,-0.17,-0.02,0.69
737,2020-10-09,12.17,12.37,12.13,12.33,36131,30831105.0,2.0,2.49,0.3,0.9
738,2020-10-12,12.39,12.86,12.39,12.82,57155,50513472.0,3.81,3.97,0.49,1.43
739,2020-10-13,12.78,12.86,12.57,12.7,43038,37943294.0,2.26,-0.94,-0.12,1.07
740,2020-10-14,12.72,12.73,12.32,12.37,45012,38969149.0,3.23,-2.6,-0.33,1.12
741,2020-10-15,12.43,12.46,12.13,12.17,35527,30285227.0,2.67,-1.62,-0.2,0.89
742,2020-10-16,12.19,12.36,12.13,12.35,24986,21278475.0,1.89,1.48,0.18,0.62
743,2020-10-19,12.45,12.5,12.19,12.23,27124,23247878.0,2.51,-0.97,-0.12,0.68
744,2020-10-20,12.17,12.42,12.05,12.4,25716,21949584.0,3.03,1.39,0.17,0.64
745,2020-10-21,12.37,12.45,12.1,12.19,27309,23170847.0,2.82,-1.69,-0.21,0.68
746,2020-10-22,12.23,12.26,12.0,12.13,28805,24303061.0,2.13,-0.49,-0.06,0.72
747,2020-10-23,12.25,12.29,11.96,12.0,31179,26234986.0,2.72,-1.07,-0.13,0.78
748,2020-10-26,11.97,12.07,11.83,11.89,23486,19452830.0,2.0,-0.92,-0.11,0.59
749,2020-10-27,11.95,12.0,11.7,11.85,21309,17530828.0,2.52,-0.34,-0.04,0.53
750,2020-10-28,11.93,11.93,11.45,11.62,39903,32165031.0,4.05,-1.94,-0.23,1.0
751,2020-10-29,11.52,11.95,11.32,11.86,40782,33373368.0,5.42,2.07,0.24,1.02
752,2020-10-30,11.87,11.87,11.4,11.52,38652,31130824.0,3.96,-2.87,-0.34,0.97
753,2020-11-02,11.5,11.5,10.94,11.02,52797,40725882.0,4.86,-4.34,-0.5,1.32
754,2020-11-03,11.07,11.57,11.04,11.46,46819,36888862.0,4.81,3.99,0.44,1.17
755,2020-11-04,11.53,11.56,11.22,11.25,33893,26573267.0,2.97,-1.83,-0.21,0.85
756,2020-11-05,11.39,11.47,11.23,11.43,35786,28216855.0,2.13,1.6,0.18,0.89
757,2020-11-06,11.43,11.47,11.14,11.3,32945,25839450.0,2.89,-1.14,-0.13,0.82
758,2020-11-09,11.43,11.77,11.39,11.65,44456,35810078.0,3.36,3.1,0.35,1.11
759,2020-11-10,11.63,11.63,11.32,11.35,37950,30186090.0,2.66,-2.58,-0.3,0.95
760,2020-11-11,11.33,11.35,11.04,11.06,37310,28825451.0,2.73,-2.56,-0.29,0.93
761,2020-11-12,11.07,11.17,10.96,11.06,24421,18699065.0,1.9,0.0,0.0,0.61
762,2020-11-13,11.1,11.22,10.97,11.2,25885,19966592.0,2.26,1.27,0.14,0.65
763,2020-11-16,11.12,11.23,11.07,11.16,22171,17150176.0,1.43,-0.36,-0.04,0.55
764,2020-11-17,11.17,11.32,10.87,10.93,43558,33126693.0,4.03,-2.06,-0.23,1.09
765,2020-11-18,10.99,11.16,10.94,11.04,30392,23295625.0,2.01,1.01,0.11,0.76
766,2020-11-19,11.1,11.17,10.96,11.14,25269,19442145.0,1.9,0.91,0.1,0.63
767,2020-11-20,11.17,11.36,11.16,11.27,35838,27939746.0,1.8,1.17,0.13,0.9
768,2020-11-23,11.22,11.53,11.12,11.46,53518,42137596.0,3.64,1.69,0.19,1.34
769,2020-11-24,11.4,11.55,11.29,11.33,33007,26078705.0,2.27,-1.13,-0.13,0.82
770,2020-11-25,11.32,11.45,11.25,11.27,33551,26395029.0,1.77,-0.53,-0.06,0.84
771,2020-11-26,11.26,11.36,11.09,11.2,27979,21741312.0,2.4,-0.62,-0.07,0.7
772,2020-11-27,11.13,11.2,11.03,11.2,26310,20291303.0,1.52,0.0,0.0,0.66
773,2020-11-30,11.14,11.59,11.13,11.36,53537,42443389.0,4.11,1.43,0.16,1.34
774,2020-12-01,11.36,11.7,11.32,11.63,61265,49183790.0,3.35,2.38,0.27,1.53
775,2020-12-02,11.7,11.87,11.56,11.65,53118,43009980.0,2.67,0.17,0.02,1.33
776,2020-12-03,11.59,11.67,11.49,11.59,35021,28122772.0,1.55,-0.52,-0.06,0.87
777,2020-12-04,11.59,11.59,11.45,11.55,22290,17813577.0,1.21,-0.35,-0.04,0.56
778,2020-12-07,11.55,11.55,11.42,11.42,18466,14691247.0,1.13,-1.13,-0.13,0.46
779,2020-12-08,11.43,11.57,11.36,11.47,21068,16784501.0,1.84,0.44,0.05,0.53
780,2020-12-09,11.46,11.49,11.09,11.1,34347,26871313.0,3.49,-3.23,-0.37,0.86
781,2020-12-10,11.1,11.14,10.94,11.04,20837,15968920.0,1.8,-0.54,-0.06,0.52
782,2020-12-11,11.04,11.09,10.44,10.49,55624,41018317.0,5.89,-4.98,-0.55,1.39
783,2020-12-14,10.39,10.56,10.36,10.52,21765,15795479.0,1.91,0.29,0.03,0.54
784,2020-12-15,10.46,10.62,10.44,10.53,14560,10645541.0,1.71,0.1,0.01,0.36
785,2020-12-16,10.53,10.53,10.24,10.26,24054,17218344.0,2.75,-2.56,-0.27,0.6
786,2020-12-17,10.29,10.49,10.03,10.44,35419,25274287.0,4.48,1.75,0.18,0.88
787,2020-12-18,10.49,10.54,10.29,10.34,21027,15157637.0,2.39,-0.96,-0.1,0.53
788,2020-12-21,10.34,10.43,10.2,10.36,18738,13431914.0,2.22,0.19,0.02,0.47
789,2020-12-22,10.5,10.72,10.37,10.43,54923,40135439.0,3.38,0.68,0.07,1.37
790,2020-12-23,10.36,10.4,10.1,10.22,32750,23220355.0,2.88,-2.01,-0.21,0.82
791,2020-12-24,10.14,10.17,9.73,9.83,42596,29278751.0,4.31,-3.82,-0.39,1.06
792,2020-12-25,9.83,9.94,9.74,9.83,18266,12490713.0,2.03,0.0,0.0,0.46
793,2020-12-28,9.86,10.07,9.67,9.86,28965,19797439.0,4.07,0.31,0.03,0.72
794,2020-12-29,10.06,10.37,9.96,10.16,44381,31381121.0,4.16,3.04,0.3,1.11
795,2020-12-30,10.09,10.3,9.97,10.19,29174,20497497.0,3.25,0.3,0.03,0.73
796,2020-12-31,10.23,10.44,10.19,10.4,33195,23854281.0,2.45,2.06,0.21,0.83
797,2021-01-04,10.4,10.53,10.3,10.37,33117,23848717.0,2.21,-0.29,-0.03,0.83
798,2021-01-05,10.36,10.44,10.23,10.29,29231,20923208.0,2.03,-0.77,-0.08,0.73
799,2021-01-06,10.17,10.29,9.97,10.04,30681,21395497.0,3.11,-2.43,-0.25,0.77
800,2021-01-07,9.94,10.06,9.59,9.73,38532,26030110.0,4.68,-3.09,-0.31,0.96
801,2021-01-08,9.61,10.09,9.59,9.93,30930,21265309.0,5.14,2.06,0.2,0.77
802,2021-01-11,9.82,10.02,9.73,9.76,28174,19226155.0,2.92,-1.71,-0.17,0.7
803,2021-01-12,9.73,10.07,9.63,10.03,35100,24189257.0,4.51,2.77,0.27,0.88
804,2021-01-13,9.97,10.22,9.9,10.12,39758,27786546.0,3.19,0.9,0.09,0.99
805,2021-01-14,10.12,10.37,10.09,10.24,38694,27532666.0,2.77,1.19,0.12,0.97
806,2021-01-15,10.27,10.46,10.23,10.26,29803,21325240.0,2.25,0.2,0.02,0.74
807,2021-01-18,10.27,10.4,10.22,10.32,27081,19358267.0,1.75,0.58,0.06,0.68
808,2021-01-19,10.29,10.47,10.23,10.39,31731,22814736.0,2.33,0.68,0.07,0.79
809,2021-01-20,10.33,10.39,10.22,10.27,20646,14727050.0,1.64,-1.15,-0.12,0.52
810,2021-01-21,10.3,10.36,10.2,10.32,19857,14181425.0,1.56,0.49,0.05,0.5
811,2021-01-22,10.26,10.26,9.9,9.96,33411,23215406.0,3.49,-3.49,-0.36,0.83
812,2021-01-25,9.94,9.97,9.77,9.77,21307,14545360.0,2.01,-1.91,-0.19,0.53
813,2021-01-26,9.77,9.94,9.7,9.71,16300,11081609.0,2.46,-0.61,-0.06,0.41
814,2021-01-27,9.71,9.86,9.67,9.8,17386,11756971.0,1.96,0.93,0.09,0.43
815,2021-01-28,9.7,9.93,9.63,9.8,17200,11698545.0,3.06,0.0,0.0,0.43
816,2021-01-29,9.8,9.86,9.24,9.34,39120,25686783.0,6.33,-4.69,-0.46,0.98
817,2021-02-01,9.6,9.9,9.43,9.53,30929,20592020.0,5.03,2.03,0.19,0.77
818,2021-02-02,9.44,9.6,9.37,9.44,16112,10547986.0,2.41,-0.94,-0.09,0.4
819,2021-02-03,9.33,9.41,9.16,9.19,19707,12612568.0,2.65,-2.65,-0.25,0.49
820,2021-02-04,9.14,9.14,8.73,8.89,29192,17892058.0,4.46,-3.26,-0.3,0.73
821,2021-02-05,8.89,9.06,8.71,8.73,17600,10786033.0,3.94,-1.8,-0.16,0.44
822,2021-02-08,8.73,8.83,8.64,8.79,13948,8442319.0,2.18,0.69,0.06,0.35
823,2021-02-09,8.89,8.94,8.81,8.9,14836,9125256.0,1.48,1.25,0.11,0.37
824,2021-02-10,8.86,9.01,8.86,8.99,14375,8881559.0,1.69,1.01,0.09,0.36
825,2021-02-18,9.16,9.44,9.16,9.36,32129,20761175.0,3.11,4.12,0.37,0.8
826,2021-02-19,9.33,9.67,9.33,9.63,28838,19005832.0,3.63,2.88,0.27,0.72
827,2021-02-22,9.59,9.93,9.53,9.7,45824,31015232.0,4.15,0.73,0.07,1.14
828,2021-02-23,9.63,9.8,9.54,9.57,22025,14688525.0,2.68,-1.34,-0.13,0.55
829,2021-02-24,9.56,9.73,9.56,9.63,18783,12550847.0,1.78,0.63,0.06,0.47
830,2021-02-25,9.66,9.74,9.51,9.54,19367,12863704.0,2.39,-0.93,-0.09,0.48
831,2021-02-26,9.47,9.66,9.46,9.56,21456,14224928.0,2.1,0.21,0.02,0.54
832,2021-03-01,9.56,9.84,9.56,9.82,26604,17980684.0,2.93,2.72,0.26,0.66
833,2021-03-02,9.87,9.93,9.73,9.74,17310,11740892.0,2.04,-0.81,-0.08,0.43
834,2021-03-03,9.74,9.86,9.7,9.79,14403,9752087.0,1.64,0.51,0.05,0.36
835,2021-03-04,9.79,9.86,9.7,9.77,18618,12628717.0,1.63,-0.2,-0.02,0.46
836,2021-03-05,9.8,9.97,9.73,9.87,23105,15798543.0,2.46,1.02,0.1,0.58
837,2021-03-08,9.87,9.97,9.76,9.79,21737,14875636.0,2.13,-0.81,-0.08,0.54
838,2021-03-09,9.89,9.89,9.47,9.6,26168,17500042.0,4.29,-1.94,-0.19,0.65
839,2021-03-10,9.69,9.73,9.27,9.31,17689,11576486.0,4.79,-3.02,-0.29,0.44
840,2021-03-11,9.33,9.5,9.21,9.47,15983,10381878.0,3.11,1.72,0.16,0.4
841,2021-03-12,9.49,9.56,9.4,9.54,12270,8065183.0,1.69,0.74,0.07,0.31
842,2021-03-15,9.53,9.63,9.39,9.53,19901,13141561.0,2.52,-0.1,-0.01,0.5
843,2021-03-16,9.51,9.7,9.51,9.69,15091,10080298.0,1.99,1.68,0.16,0.38
844,2021-03-17,9.69,9.74,9.6,9.7,15635,10499525.0,1.44,0.1,0.01,0.39
845,2021-03-18,9.7,9.76,9.61,9.67,14724,9878450.0,1.55,-0.31,-0.03,0.37
846,2021-03-19,9.63,9.73,9.54,9.66,13930,9323781.0,1.96,-0.1,-0.01,0.35
847,2021-03-22,9.71,9.74,9.63,9.73,13271,8911885.0,1.14,0.72,0.07,0.33
848,2021-03-23,9.73,10.07,9.64,9.83,47004,32109427.0,4.42,1.03,0.1,1.17
849,2021-03-24,9.71,10.02,9.67,9.94,46077,31588331.0,3.56,1.12,0.11,1.15
850,2021-03-25,9.97,10.47,9.9,10.34,94851,67503171.0,5.73,4.02,0.4,2.37
851,2021-03-26,10.26,10.29,10.0,10.17,61618,43187863.0,2.8,-1.64,-0.17,1.54
852,2021-03-29,10.24,11.04,10.17,10.73,122710,91040358.0,8.55,5.51,0.56,3.06
853,2021-03-30,10.72,10.72,10.07,10.16,94134,67524543.0,6.06,-5.31,-0.57,2.35
854,2021-03-31,10.03,10.56,9.99,10.52,86667,62301887.0,5.61,3.54,0.36,2.16
855,2021-04-01,10.53,10.7,10.32,10.46,67528,49180182.0,3.61,-0.57,-0.06,1.69
856,2021-04-02,10.6,10.94,10.44,10.54,92613,68292336.0,4.78,0.76,0.08,2.31
857,2021-04-06,10.39,10.64,10.33,10.46,63889,46218916.0,2.94,-0.76,-0.08,1.6
858,2021-04-07,10.26,10.42,10.16,10.2,58508,41432425.0,2.49,-2.49,-0.26,1.46
859,2021-04-08,10.23,10.23,9.9,9.93,47994,33384934.0,3.24,-2.65,-0.27,1.2
860,2021-04-09,9.93,10.02,9.82,9.93,25951,17811130.0,2.01,0.0,0.0,0.65
861,2021-04-12,9.93,10.13,9.79,9.92,38836,26753945.0,3.42,-0.1,-0.01,0.97
862,2021-04-13,9.86,10.04,9.82,9.89,32335,22219751.0,2.22,-0.3,-0.03,0.81
863,2021-04-14,9.96,10.0,9.66,9.96,40377,27460823.0,3.44,0.71,0.07,1.01
864,2021-04-15,9.96,10.94,9.84,10.94,131397,98162982.0,11.04,9.84,0.98,3.28
865,2021-04-16,11.17,11.99,10.73,11.16,292998,228148695.0,11.52,2.01,0.22,7.32
866,2021-04-19,10.79,11.1,10.67,10.9,155800,117518789.0,3.85,-2.33,-0.26,3.89
867,2021-04-20,10.84,11.12,10.69,10.72,96490,72778574.0,3.94,-1.65,-0.18,2.41
868,2021-04-21,10.69,10.87,10.54,10.59,66325,49136550.0,3.08,-1.21,-0.13,1.66
869,2021-04-22,10.67,10.84,10.53,10.73,66285,49082238.0,2.93,1.32,0.14,1.66
870,2021-04-23,10.63,10.67,10.16,10.23,79430,56781592.0,4.75,-4.66,-0.5,1.98
871,2021-04-26,10.12,10.43,10.1,10.13,42436,29995180.0,3.23,-0.98,-0.1,1.06
872,2021-04-27,10.07,10.27,9.9,10.23,45040,31574332.0,3.65,0.99,0.1,1.12
873,2021-04-28,10.14,10.16,9.99,10.04,36633,25541628.0,1.66,-1.86,-0.19,0.91
874,2021-04-29,10.0,10.14,9.97,10.12,30903,21564671.0,1.69,0.8,0.08,0.77
875,2021-04-30,10.07,10.1,9.9,9.96,27311,18914302.0,1.98,-1.58,-0.16,0.68
876,2021-05-06,9.93,10.17,9.79,10.09,28964,20166503.0,3.82,1.31,0.13,0.72
877,2021-05-07,10.02,10.46,9.97,10.33,50546,36092224.0,4.86,2.38,0.24,1.26
878,2021-05-10,10.34,10.69,10.24,10.62,63138,46176581.0,4.36,2.81,0.29,1.58
879,2021-05-11,10.53,10.82,10.33,10.44,50097,36453441.0,4.61,-1.69,-0.18,1.25
880,2021-05-12,10.39,10.59,10.26,10.59,39360,28582050.0,3.16,1.44,0.15,0.98
881,2021-05-13,10.54,10.67,10.42,10.46,37318,27255579.0,2.36,-1.23,-0.13,0.93
882,2021-05-14,10.47,10.79,10.44,10.72,56187,41349096.0,3.35,2.49,0.26,1.4
883,2021-05-17,10.62,10.73,10.43,10.53,43411,31708406.0,2.8,-1.77,-0.19,1.08
884,2021-05-18,10.49,10.53,10.32,10.4,33872,24397237.0,1.99,-1.23,-0.13,0.85
885,2021-05-19,10.34,10.36,10.17,10.2,31363,22238593.0,1.83,-1.92,-0.2,0.78
886,2021-05-20,10.13,10.33,10.12,10.26,21727,15384653.0,2.06,0.59,0.06,0.54
887,2021-05-21,10.22,10.36,10.19,10.23,19225,13700560.0,1.66,-0.29,-0.03,0.48
888,2021-05-24,10.22,10.47,10.16,10.47,28299,20289856.0,3.03,2.35,0.24,0.71
889,2021-05-25,10.46,10.73,10.36,10.66,60439,44434047.0,3.53,1.81,0.19,1.51
890,2021-05-26,10.57,10.69,10.46,10.5,44773,32752504.0,2.16,-1.5,-0.16,1.12
891,2021-05-27,10.5,10.62,10.49,10.6,29190,21378036.0,1.24,0.95,0.1,0.73
892,2021-05-28,10.6,10.74,10.52,10.74,51644,38107228.0,2.08,1.32,0.14,1.29
893,2021-05-31,10.74,10.84,10.63,10.79,48112,35905361.0,1.96,0.47,0.05,1.2
894,2021-06-01,10.79,10.83,10.63,10.7,39626,29442392.0,1.85,-0.83,-0.09,0.99
895,2021-06-02,10.74,10.86,10.66,10.8,35409,26391588.0,1.87,0.93,0.1,0.88
896,2021-06-03,10.84,10.93,10.73,10.74,46272,34692287.0,1.85,-0.56,-0.06,1.16
897,2021-06-04,10.76,10.8,10.5,10.62,33992,25165970.0,2.79,-1.12,-0.12,0.85
898,2021-06-07,10.62,10.82,10.57,10.82,32740,24403406.0,2.35,1.88,0.2,0.82
899,2021-06-08,10.86,11.03,10.74,10.99,55833,42193142.0,2.68,1.57,0.17,1.39
900,2021-06-09,11.09,11.54,10.77,10.79,95715,56583006.0,7.01,-1.82,-0.2,1.84
901,2021-06-10,10.66,11.85,10.66,11.85,82698,50749049.0,11.03,9.82,1.06,1.59
902,2021-06-11,11.94,12.13,11.44,11.52,259669,161789640.0,5.82,-2.78,-0.33,4.99
903,2021-06-15,11.33,11.48,11.09,11.22,123547,73609650.0,3.39,-2.6,-0.3,2.37
904,2021-06-16,11.11,11.39,10.98,11.07,79207,46662981.0,3.65,-1.34,-0.15,1.52
905,2021-06-17,10.96,11.18,10.9,11.01,67656,39458561.0,2.53,-0.54,-0.06,1.3
906,2021-06-18,11.01,11.33,10.9,11.11,71074,41753596.0,3.91,0.91,0.1,1.37
907,2021-06-21,11.05,11.22,10.98,11.0,63009,37001195.0,2.16,-0.99,-0.11,1.21
908,2021-06-22,11.0,11.18,10.9,11.16,72918,42672517.0,2.55,1.45,0.16,1.4
909,2021-06-23,11.11,11.11,10.9,10.98,54192,31551119.0,1.88,-1.61,-0.18,1.04
910,2021-06-24,10.96,10.98,10.7,10.7,61138,34898339.0,2.55,-2.55,-0.28,1.17
911,2021-06-25,10.7,10.92,10.64,10.83,48342,27628512.0,2.62,1.21,0.13,0.93
912,2021-06-28,10.77,10.77,10.62,10.68,45436,25667196.0,1.39,-1.39,-0.15,0.87
913,2021-06-29,10.62,10.74,10.61,10.64,29517,16644138.0,1.22,-0.37,-0.04,0.57
914,2021-06-30,10.66,10.98,10.64,10.88,52064,29842465.0,3.2,2.26,0.24,1.0
915,2021-07-01,10.88,10.94,10.55,10.62,44369,25315015.0,3.58,-2.39,-0.26,0.85
916,2021-07-02,10.61,10.61,10.27,10.33,44714,24519093.0,3.2,-2.73,-0.29,0.86
917,2021-07-05,10.31,10.49,10.31,10.49,25025,13801935.0,1.74,1.55,0.16,0.48
918,2021-07-06,10.51,10.51,10.4,10.49,19105,10572786.0,1.05,0.0,0.0,0.37
919,2021-07-07,10.49,10.53,10.4,10.4,21381,11809840.0,1.24,-0.86,-0.09,0.41
920,2021-07-08,10.4,10.51,10.35,10.48,27200,15014239.0,1.54,0.77,0.08,0.52
921,2021-07-09,10.4,10.51,10.2,10.25,39652,21597530.0,2.96,-2.19,-0.23,0.76
922,2021-07-12,10.31,10.48,10.29,10.42,37785,20736580.0,1.85,1.66,0.17,0.73
923,2021-07-13,10.4,10.51,10.33,10.36,26722,14669186.0,1.73,-0.58,-0.06,0.51
924,2021-07-14,10.35,10.36,10.12,10.16,44222,23925157.0,2.32,-1.93,-0.2,0.85
925,2021-07-15,10.16,10.16,9.83,9.92,34728,18220625.0,3.25,-2.36,-0.24,0.67
926,2021-07-16,9.84,9.96,9.81,9.84,23319,12150839.0,1.51,-0.81,-0.08,0.45
927,2021-07-19,9.86,9.86,9.69,9.81,22145,11421753.0,1.73,-0.3,-0.03,0.43
928,2021-07-20,9.81,9.81,9.66,9.79,25492,13091311.0,1.53,-0.2,-0.02,0.49
929,2021-07-21,9.81,9.99,9.81,9.96,30363,15924596.0,1.84,1.74,0.17,0.58
930,2021-07-22,9.99,10.03,9.84,9.96,22848,11995129.0,1.91,0.0,0.0,0.44
931,2021-07-23,9.96,9.96,9.69,9.71,28505,14721897.0,2.71,-2.51,-0.25,0.55
932,2021-07-26,9.71,9.71,9.36,9.42,35988,18116774.0,3.6,-2.99,-0.29,0.69
933,2021-07-27,9.45,9.56,9.32,9.36,21339,10648350.0,2.55,-0.64,-0.06,0.41
934,2021-07-28,9.4,9.42,8.97,9.14,38372,18453025.0,4.81,-2.35,-0.22,0.74
935,2021-07-29,9.25,9.32,9.17,9.19,19019,9266563.0,1.64,0.55,0.05,0.37
936,2021-07-30,9.21,9.36,9.08,9.3,22493,10965412.0,3.05,1.2,0.11,0.43
937,2021-08-02,9.25,9.49,9.16,9.49,24214,11960056.0,3.55,2.04,0.19,0.47
938,2021-08-03,9.43,9.6,9.42,9.43,24780,12449814.0,1.9,-0.63,-0.06,0.48
939,2021-08-04,9.38,9.53,9.32,9.51,16896,8442520.0,2.23,0.85,0.08,0.32
940,2021-08-05,9.49,9.49,9.29,9.3,18301,9042177.0,2.1,-2.21,-0.21,0.35
941,2021-08-06,9.32,9.36,9.03,9.34,23820,11595641.0,3.55,0.43,0.04,0.46
942,2021-08-09,9.36,9.62,9.32,9.53,27952,14042869.0,3.21,2.03,0.19,0.54
943,2021-08-10,9.47,9.68,9.47,9.68,22629,11481603.0,2.2,1.57,0.15,0.43
944,2021-08-11,9.71,9.71,9.56,9.62,18629,9435742.0,1.55,-0.62,-0.06,0.36
945,2021-08-12,9.6,9.73,9.56,9.64,22483,11445000.0,1.77,0.21,0.02,0.43
946,2021-08-13,9.6,9.62,9.47,9.53,27002,13603781.0,1.56,-1.14,-0.11,0.52
947,2021-08-16,9.49,9.66,9.49,9.58,23646,11971953.0,1.78,0.52,0.05,0.45
948,2021-08-17,9.55,9.64,9.14,9.3,26665,13334218.0,5.22,-2.92,-0.28,0.51
949,2021-08-18,9.3,9.62,9.25,9.62,41569,20821811.0,3.98,3.44,0.32,0.8
950,2021-08-19,9.58,9.64,9.45,9.49,31079,15630189.0,1.98,-1.35,-0.13,0.6
951,2021-08-20,9.49,9.49,9.29,9.38,22043,10879762.0,2.11,-1.16,-0.11,0.42
952,2021-08-23,9.42,9.6,9.4,9.58,30011,15106410.0,2.13,2.13,0.2,0.58
953,2021-08-24,9.62,9.66,9.53,9.58,21616,10936968.0,1.36,0.0,0.0,0.42
954,2021-08-25,9.56,9.64,9.53,9.62,24897,12621298.0,1.15,0.42,0.04,0.48
955,2021-08-26,9.62,9.79,9.53,9.66,38764,19742313.0,2.7,0.42,0.04,0.74
956,2021-08-27,9.47,9.49,9.21,9.29,56128,27595893.0,2.9,-3.83,-0.37,1.08
957,2021-08-30,9.3,9.36,9.25,9.27,30164,14792053.0,1.18,-0.22,-0.02,0.58
958,2021-08-31,9.27,9.43,9.17,9.38,30671,15084281.0,2.8,1.19,0.11,0.59
959,2021-09-01,9.43,9.6,9.34,9.58,41687,20926815.0,2.77,2.13,0.2,0.8
960,2021-09-02,9.53,9.64,9.49,9.58,28464,14398440.0,1.57,0.0,0.0,0.55
961,2021-09-03,9.62,9.77,9.58,9.66,31038,15816026.0,1.98,0.84,0.08,0.6
962,2021-09-06,9.66,9.73,9.62,9.71,26082,13343275.0,1.14,0.52,0.05,0.5
963,2021-09-07,9.69,9.92,9.68,9.86,39857,20653884.0,2.47,1.54,0.15,0.77
964,2021-09-08,9.86,9.99,9.77,9.99,41606,21803153.0,2.23,1.32,0.13,0.8
965,2021-09-09,9.99,10.07,9.92,10.01,36190,19095336.0,1.5,0.2,0.02,0.7
966,2021-09-10,10.01,10.05,9.92,10.05,46988,24809921.0,1.3,0.4,0.04,0.9
967,2021-09-13,10.01,10.09,9.97,10.07,30655,16237282.0,1.19,0.2,0.02,0.59
968,2021-09-14,10.07,10.12,9.86,9.92,45093,23756499.0,2.58,-1.49,-0.15,0.87
969,2021-09-15,9.86,10.03,9.86,9.94,21480,11287479.0,1.71,0.2,0.02,0.41
970,2021-09-16,9.92,10.1,9.83,9.9,29541,15554289.0,2.72,-0.4,-0.04,0.57
971,2021-09-17,9.99,9.99,9.68,9.75,25347,13091466.0,3.13,-1.52,-0.15,0.49
972,2021-09-22,9.69,9.79,9.6,9.73,16967,8691973.0,1.95,-0.21,-0.02,0.33
973,2021-09-23,9.69,9.92,9.69,9.92,21097,10985429.0,2.36,1.95,0.19,0.41
974,2021-09-24,9.94,9.99,9.71,9.77,24296,12626162.0,2.82,-1.51,-0.15,0.47
975,2021-09-27,9.73,9.79,9.42,9.45,28268,14288485.0,3.79,-3.28,-0.32,0.54
976,2021-09-28,9.47,9.55,9.4,9.49,16199,8090245.0,1.59,0.42,0.04,0.31
977,2021-09-29,9.4,9.47,9.23,9.25,18670,9206928.0,2.53,-2.53,-0.24,0.36
978,2021-09-30,9.4,9.45,9.32,9.43,13637,6753463.0,1.41,1.95,0.18,0.26
979,2021-10-08,9.45,9.71,9.45,9.71,23626,12023709.0,2.76,2.97,0.28,0.45
980,2021-10-11,9.69,9.77,9.6,9.69,16463,8392175.0,1.75,-0.21,-0.02,0.32
981,2021-10-12,9.71,9.71,9.55,9.6,18249,9253683.0,1.65,-0.93,-0.09,0.35
982,2021-10-13,9.66,9.69,9.55,9.68,15792,8027603.0,1.46,0.83,0.08,0.3
983,2021-10-14,9.66,9.66,9.53,9.56,15505,7850879.0,1.34,-1.24,-0.12,0.3
984,2021-10-15,9.66,9.66,8.64,9.43,17683,8869677.0,10.67,-1.36,-0.13,0.34
985,2021-10-18,9.4,9.55,9.23,9.47,19335,9582667.0,3.39,0.42,0.04,0.37
986,2021-10-19,9.49,9.51,9.29,9.43,15432,7673357.0,2.32,-0.42,-0.04,0.3
987,2021-10-20,9.47,9.75,9.42,9.49,32452,16489655.0,3.5,0.64,0.06,0.62
988,2021-10-21,9.4,9.53,9.38,9.53,21482,10731646.0,1.58,0.42,0.04,0.41
989,2021-10-22,9.53,9.53,9.32,9.36,13467,6697593.0,2.2,-1.78,-0.17,0.26
990,2021-10-25,9.36,9.45,9.23,9.25,15018,7358292.0,2.35,-1.18,-0.11,0.29
991,2021-10-26,9.25,9.36,9.14,9.16,12676,6185335.0,2.38,-0.97,-0.09,0.24
992,2021-10-27,9.14,9.16,8.88,8.95,22612,10677098.0,3.06,-2.29,-0.21,0.43
993,2021-10-28,8.84,9.23,8.84,9.03,13601,6494587.0,4.36,0.89,0.08,0.26
994,2021-10-29,9.1,9.27,8.84,9.27,13729,6646405.0,4.76,2.66,0.24,0.26
995,2021-11-01,9.25,9.29,9.16,9.27,14236,6940683.0,1.4,0.0,0.0,0.27
996,2021-11-02,9.19,9.3,9.06,9.16,12456,6028554.0,2.59,-1.19,-0.11,0.24
997,2021-11-03,9.16,9.25,9.12,9.21,7099,3443840.0,1.42,0.55,0.05,0.14
998,2021-11-04,9.21,9.27,9.14,9.27,11838,5755058.0,1.41,0.65,0.06,0.23
999,2021-11-05,9.25,9.38,9.16,9.36,16905,8327970.0,2.37,0.97,0.09,0.32
1000,2021-11-08,9.32,9.43,9.3,9.42,16259,8052447.0,1.39,0.64,0.06,0.31
1001,2021-11-09,9.42,9.49,9.34,9.47,18751,9335723.0,1.59,0.53,0.05,0.36
1002,2021-11-10,9.56,9.6,9.42,9.58,24425,12263140.0,1.9,1.16,0.11,0.47
1003,2021-11-11,9.56,9.68,9.55,9.66,21790,11075494.0,1.36,0.84,0.08,0.42
1004,2021-11-12,9.66,9.71,9.58,9.71,21251,10832093.0,1.35,0.52,0.05,0.41
1005,2021-11-15,9.68,9.79,9.62,9.79,22348,11483094.0,1.75,0.82,0.08,0.43
1006,2021-11-16,9.81,9.81,9.64,9.66,18033,9263667.0,1.74,-1.33,-0.13,0.35
1007,2021-11-17,9.66,9.88,9.53,9.83,24604,12742049.0,3.62,1.76,0.17,0.47
1008,2021-11-18,9.84,9.88,9.69,9.71,18142,9371033.0,1.93,-1.22,-0.12,0.35
1009,2021-11-19,9.71,9.83,9.6,9.79,21200,10878033.0,2.37,0.82,0.08,0.41
1010,2021-11-22,9.77,9.84,9.6,9.73,19668,10082077.0,2.45,-0.61,-0.06,0.38
1011,2021-11-23,9.73,9.75,9.64,9.69,20606,10539910.0,1.13,-0.41,-0.04,0.4
1012,2021-11-24,9.66,9.77,9.62,9.68,18708,9573957.0,1.55,-0.1,-0.01,0.36
1013,2021-11-25,9.68,9.75,9.62,9.66,16725,8548677.0,1.34,-0.21,-0.02,0.32
1014,2021-11-26,9.66,10.2,9.49,9.96,95993,49869410.0,7.35,3.11,0.3,1.84
1015,2021-11-29,9.75,9.84,9.66,9.71,44686,23004571.0,1.81,-2.51,-0.25,0.86
1016,2021-11-30,9.79,10.66,9.73,10.66,245269,135461028.0,9.58,9.78,0.95,4.71
1017,2021-12-01,10.55,10.79,10.44,10.66,256862,143946694.0,3.28,0.0,0.0,4.93
1018,2021-12-02,10.59,10.64,10.23,10.23,112109,61531854.0,3.85,-4.03,-0.43,2.15
1019,2021-12-03,10.31,10.44,10.14,10.31,83027,45305020.0,2.93,0.78,0.08,1.6
1020,2021-12-06,10.31,10.62,10.25,10.44,113570,62883898.0,3.59,1.26,0.13,2.18
1021,2021-12-07,10.4,11.46,10.29,11.05,388558,228942509.0,11.21,5.84,0.61,7.46
1022,2021-12-08,10.77,11.39,10.72,10.88,263644,152821927.0,6.06,-1.54,-0.17,5.07
1023,2021-12-09,10.94,10.96,10.53,10.55,164679,93259327.0,3.95,-3.03,-0.33,3.16
1024,2021-12-10,10.53,10.75,10.4,10.53,108386,60413579.0,3.32,-0.19,-0.02,2.08
1025,2021-12-13,10.51,10.88,10.46,10.66,94001,52819714.0,3.99,1.23,0.13,1.81
1026,2021-12-14,10.55,10.77,10.48,10.74,95393,53862301.0,2.72,0.75,0.08,1.83
1027,2021-12-15,10.75,11.0,10.66,10.75,94249,54059329.0,3.17,0.09,0.01,1.81
1028,2021-12-16,10.79,11.22,10.79,11.07,127513,74489654.0,4.0,2.98,0.32,2.45
1029,2021-12-17,10.87,11.13,10.81,10.88,95130,55088830.0,2.89,-1.72,-0.19,1.83
1030,2021-12-20,10.85,11.18,10.81,10.9,81350,47270042.0,3.4,0.18,0.02,1.56
1031,2021-12-21,10.77,11.0,10.66,10.96,77041,44258149.0,3.12,0.55,0.06,1.48
1032,2021-12-22,10.96,11.39,10.85,11.22,143541,84769874.0,4.93,2.37,0.26,2.76
1033,2021-12-23,11.18,11.24,10.9,10.96,89134,52017059.0,3.03,-2.32,-0.26,1.71
1034,2021-12-24,10.92,11.13,10.7,10.77,79382,45495556.0,3.92,-1.73,-0.19,1.53
1035,2021-12-27,10.72,10.77,10.4,10.59,66964,37474496.0,3.44,-1.67,-0.18,1.29
1036,2021-12-28,10.59,11.63,10.59,11.63,168545,102645855.0,9.82,9.82,1.04,3.24
1037,2021-12-29,11.63,11.96,11.2,11.52,312908,191153919.0,6.53,-0.95,-0.11,6.01
1038,2021-12-30,11.5,11.61,11.29,11.39,167516,101195406.0,2.78,-1.13,-0.13,3.22
1039,2021-12-31,11.39,11.55,11.26,11.5,132500,80361212.0,2.55,0.97,0.11,2.55
1040,2022-01-04,11.33,11.93,11.33,11.81,179742,111723459.0,5.22,2.7,0.31,3.45
1041,2022-01-05,11.93,12.02,11.55,11.72,133866,83217148.0,3.98,-0.76,-0.09,2.57
1042,2022-01-06,11.81,12.39,11.63,12.07,200051,128296459.0,6.48,2.99,0.35,3.84
1043,2022-01-07,12.04,12.73,11.61,11.67,228983,147586121.0,9.28,-3.31,-0.4,4.4
1044,2022-01-10,11.65,11.89,11.33,11.68,136015,83728765.0,4.8,0.09,0.01,2.61
1045,2022-01-11,11.7,11.78,11.5,11.55,108101,66517220.0,2.4,-1.11,-0.13,2.08
1046,2022-01-12,11.55,12.02,11.55,11.72,85551,53270350.0,4.07,1.47,0.17,1.64
1047,2022-01-13,11.8,11.94,11.61,11.72,91281,56802693.0,2.82,0.0,0.0,1.75
1048,2022-01-14,11.55,11.83,11.46,11.52,88016,54065261.0,3.16,-1.71,-0.2,1.69
1049,2022-01-17,11.55,12.07,11.52,12.02,146613,92831013.0,4.77,4.34,0.5,2.82
1050,2022-01-18,12.17,12.19,11.59,11.63,136845,85949661.0,4.99,-3.24,-0.39,2.63
1051,2022-01-19,11.5,12.07,11.5,11.83,98473,61387923.0,4.9,1.72,0.2,1.89
1052,2022-01-20,11.87,12.07,11.46,11.87,153513,95717258.0,5.16,0.34,0.04,2.95
1053,2022-01-21,11.72,13.04,11.65,13.04,376302,250977914.0,11.71,9.86,1.17,7.23
1054,2022-01-24,14.32,14.32,13.99,14.32,271944,206848045.0,2.53,9.82,1.28,5.22
1055,2022-01-25,14.73,15.01,12.91,12.91,699310,503793984.0,14.66,-9.85,-1.41,13.43
1056,2022-01-26,11.81,12.5,11.7,12.15,425244,270529216.0,6.2,-5.89,-0.76,8.17
1057,2022-01-27,11.94,12.02,10.96,10.96,293846,174072856.0,8.72,-9.79,-1.19,5.65
1058,2022-01-28,10.81,11.13,10.44,10.83,207639,118910612.0,6.3,-1.19,-0.13,3.99
1059,2022-02-07,11.09,11.52,11.0,11.24,205523,122361255.0,4.8,3.79,0.41,3.95
1060,2022-02-08,11.26,11.85,10.87,11.68,204412,123929700.0,8.72,3.91,0.44,3.93
1061,2022-02-09,11.89,12.84,11.87,12.84,148521,98825669.0,8.3,9.93,1.16,2.85
1062,2022-02-10,13.21,13.71,12.56,13.32,573809,401422016.0,8.96,3.74,0.48,11.02
1063,2022-02-11,13.28,13.99,13.0,13.36,460460,326471200.0,7.43,0.3,0.04,8.85
1064,2022-02-14,13.3,13.62,12.86,13.36,346366,245544543.0,5.69,0.0,0.0,6.65
1065,2022-02-15,13.19,14.68,13.13,14.19,638592,483905328.0,11.6,6.21,0.83,12.27
1066,2022-02-16,14.19,14.45,13.43,13.65,501728,367115584.0,7.19,-3.81,-0.54,9.64
1067,2022-02-17,13.43,13.78,13.04,13.19,316341,224932334.0,5.42,-3.37,-0.46,6.08
1068,2022-02-18,13.0,13.45,12.93,13.23,182959,128297916.0,3.94,0.3,0.04,3.51
1069,2022-02-21,13.19,13.75,13.12,13.54,219794,157162944.0,4.76,2.34,0.31,4.22
1070,2022-02-22,13.34,13.71,13.23,13.39,187384,133520102.0,3.55,-1.11,-0.15,3.6
1071,2022-02-23,13.38,14.71,13.13,14.71,227045,170618075.0,11.8,9.86,1.32,4.36
1072,2022-02-24,15.61,15.61,13.26,13.26,584479,447271072.0,15.98,-9.86,-1.45,11.23
1073,2022-02-25,13.19,13.54,12.76,12.82,319446,220941034.0,5.88,-3.32,-0.44,6.14
1074,2022-02-28,13.0,13.49,12.91,12.93,229074,160134982.0,4.52,0.86,0.11,4.4
1075,2022-03-01,12.91,13.39,12.69,13.26,178169,124408762.0,5.41,2.55,0.33,3.42
1076,2022-03-02,13.08,13.69,13.06,13.6,198462,142063493.0,4.75,2.56,0.34,3.81
1077,2022-03-03,13.45,13.56,13.17,13.23,159391,112235866.0,2.87,-2.72,-0.37,3.06
1078,2022-03-04,13.1,13.19,12.33,12.45,218142,146540101.0,6.5,-5.9,-0.78,4.19
1079,2022-03-07,12.48,12.58,12.26,12.41,90730,59732211.0,2.57,-0.32,-0.04,1.74
1080,2022-03-08,12.5,12.54,11.87,11.91,106981,69040666.0,5.4,-4.03,-0.5,2.06
1081,2022-03-09,11.89,12.15,11.26,11.98,118885,74237822.0,7.47,0.59,0.07,2.28
1082,2022-03-10,12.22,12.28,11.94,11.98,95524,61235203.0,2.84,0.0,0.0,1.84
1083,2022-03-11,11.7,12.33,11.57,12.24,124680,79194884.0,6.34,2.17,0.26,2.4
1084,2022-03-14,12.07,12.86,11.91,12.35,202181,133014048.0,7.76,0.9,0.11,3.88
1085,2022-03-15,12.22,12.56,11.63,11.63,156405,100531331.0,7.53,-5.83,-0.72,3.0
1086,2022-03-16,11.87,12.07,11.48,12.02,126668,79301744.0,5.07,3.35,0.39,2.43
1087,2022-03-17,12.13,12.56,12.02,12.24,150667,98116983.0,4.49,1.83,0.22,2.89
1088,2022-03-18,12.09,12.54,12.07,12.52,120981,79428600.0,3.84,2.29,0.28,2.32
1089,2022-03-21,12.39,12.99,12.07,12.8,196506,130291957.0,7.35,2.24,0.28,3.78
1090,2022-03-22,12.54,13.06,12.46,12.71,157085,106523198.0,4.69,-0.7,-0.09,3.02
1091,2022-03-23,12.74,12.82,12.33,12.35,114130,75386714.0,3.86,-2.83,-0.36,2.19
1092,2022-03-24,12.33,12.37,11.89,11.89,96951,61920864.0,3.89,-3.72,-0.46,1.86
1093,2022-03-25,12.04,12.67,12.0,12.04,114920,74915681.0,5.63,1.26,0.15,2.21
1094,2022-03-28,11.74,12.48,11.74,12.15,103576,66702892.0,6.15,0.91,0.11,1.99
1095,2022-03-29,12.06,12.19,11.67,11.72,91008,57161535.0,4.28,-3.54,-0.43,1.75
1096,2022-03-30,11.7,11.91,11.61,11.76,82948,51648601.0,2.56,0.34,0.04,1.59
1097,2022-03-31,11.72,12.58,11.67,12.43,199449,129456333.0,7.74,5.7,0.67,3.83
1098,2022-04-01,12.43,12.61,12.26,12.32,116167,76457790.0,2.82,-0.88,-0.11,2.23
1099,2022-04-06,12.67,13.02,12.41,12.8,140211,94750848.0,4.95,3.9,0.48,2.69
1100,2022-04-07,12.76,13.0,12.48,12.48,119476,80842555.0,4.06,-2.5,-0.32,2.3
1101,2022-04-08,12.59,12.65,12.13,12.28,81454,53317983.0,4.17,-1.6,-0.2,1.56
1102,2022-04-11,12.22,13.49,11.94,12.26,152310,100688672.0,12.62,-0.16,-0.02,2.93
1103,2022-04-12,12.2,12.93,12.07,12.74,153034,102066946.0,7.01,3.92,0.48,2.94
1104,2022-04-13,12.65,12.73,12.06,12.11,129327,84958943.0,5.26,-4.95,-0.63,2.48
1105,2022-04-14,12.19,12.3,11.89,11.96,75422,48094132.0,3.39,-1.24,-0.15,1.45
1106,2022-04-15,11.98,11.98,11.28,11.29,116145,70642316.0,5.85,-5.6,-0.67,2.23
1107,2022-04-18,11.29,11.41,10.9,11.24,50276,29785610.0,4.52,-0.44,-0.05,0.97
1108,2022-04-19,11.26,11.33,10.98,11.03,55443,32579346.0,3.11,-1.87,-0.21,1.07
1109,2022-04-20,11.16,11.42,10.61,10.74,90284,52804496.0,7.34,-2.63,-0.29,1.73
1110,2022-04-21,10.66,10.74,10.1,10.18,97487,53464606.0,5.96,-5.21,-0.56,1.87
1111,2022-04-22,10.12,10.23,9.92,10.05,50579,26927741.0,3.05,-1.28,-0.13,0.97
1112,2022-04-25,9.66,9.73,9.06,9.08,99416,49200794.0,6.67,-9.65,-0.97,1.91
1113,2022-04-26,8.91,9.1,8.45,8.49,125280,58166200.0,7.16,-6.5,-0.59,2.41
1114,2022-04-27,8.26,8.77,8.11,8.75,108191,47881165.0,7.77,3.06,0.26,2.08
1115,2022-04-28,8.52,8.77,8.28,8.41,76316,34149107.0,5.6,-3.89,-0.34,1.47
1116,2022-04-29,8.47,8.77,8.45,8.69,66936,30396378.0,3.8,3.33,0.28,1.29
1117,2022-05-05,8.77,8.91,8.58,8.75,56851,26272383.0,3.8,0.69,0.06,1.09
1118,2022-05-06,8.54,8.86,8.47,8.6,66588,30276726.0,4.46,-1.71,-0.15,1.28
1119,2022-05-09,8.58,8.88,8.39,8.69,59730,27458599.0,5.7,1.05,0.09,1.15
1120,2022-05-10,8.67,8.91,8.52,8.91,73916,34095523.0,4.49,2.53,0.22,1.42
1121,2022-05-11,8.88,9.14,8.77,8.78,76574,36282983.0,4.15,-1.46,-0.13,1.47
1122,2022-05-12,8.77,8.99,8.71,8.88,59620,27919989.0,3.19,1.14,0.1,1.15
1123,2022-05-13,8.9,8.99,8.77,8.95,39564,18543270.0,2.48,0.79,0.07,0.76
1124,2022-05-16,8.93,9.19,8.88,9.12,64679,30873214.0,3.46,1.9,0.17,1.24
1125,2022-05-17,9.1,9.16,8.88,9.03,47606,22588862.0,3.07,-0.99,-0.09,0.91
1126,2022-05-18,9.23,9.29,9.12,9.14,53164,25777165.0,1.88,1.22,0.11,1.02
1127,2022-05-19,9.04,9.16,8.97,9.14,37835,18117120.0,2.08,0.0,0.0,0.73
1128,2022-05-20,9.17,9.3,9.12,9.21,43474,21078759.0,1.97,0.77,0.07,0.84
1129,2022-05-23,9.23,9.42,9.14,9.4,59117,28984646.0,3.04,2.06,0.19,1.14
1130,2022-05-24,9.4,9.4,8.82,8.86,67683,32536137.0,6.17,-5.74,-0.54,1.3
1131,2022-05-25,8.77,9.1,8.77,9.1,58264,27768784.0,3.72,2.71,0.24,1.12
1132,2022-05-26,9.1,9.19,8.91,9.14,48319,23062045.0,3.08,0.44,0.04,0.93
1133,2022-05-27,9.19,9.21,8.93,9.06,50365,24079982.0,3.06,-0.88,-0.08,0.97
1134,2022-05-30,9.14,9.25,9.01,9.23,45753,22040931.0,2.65,1.88,0.17,0.88
1135,2022-05-31,9.25,9.29,9.1,9.27,35129,17074439.0,2.06,0.43,0.04,0.67
1136,2022-06-01,9.19,9.36,9.19,9.3,45820,22444758.0,1.83,0.32,0.03,0.88
1137,2022-06-02,9.29,9.53,9.16,9.43,49279,24315618.0,3.98,1.4,0.13,0.95
1138,2022-06-06,9.42,9.6,9.4,9.55,48215,24274627.0,2.12,1.27,0.12,0.93
1139,2022-06-07,9.58,9.66,9.34,9.45,44835,22375351.0,3.35,-1.05,-0.1,0.86
1140,2022-06-08,9.47,10.14,9.43,9.62,115624,59172837.0,7.51,1.8,0.17,2.22
1141,2022-06-09,9.47,9.49,9.19,9.25,80626,39694822.0,3.12,-3.85,-0.37,1.55
1142,2022-06-10,9.19,9.32,9.19,9.3,43200,21143926.0,1.41,0.54,0.05,0.83
1143,2022-06-13,9.3,9.38,9.19,9.36,38281,18796960.0,2.04,0.65,0.06,0.74
1144,2022-06-14,9.27,9.49,9.03,9.45,64822,31607183.0,4.91,0.96,0.09,1.25
1145,2022-06-15,9.38,10.38,9.38,9.77,178567,92884079.0,10.58,3.39,0.32,3.43
1146,2022-06-16,9.92,9.92,9.62,9.66,99618,51344695.0,3.07,-1.13,-0.11,1.91
1147,2022-06-17,9.64,9.75,9.43,9.56,66297,33490007.0,3.31,-1.04,-0.1,1.27
1148,2022-06-20,9.56,9.69,9.51,9.62,40839,20715849.0,1.88,0.63,0.06,0.78
1149,2022-06-21,9.62,9.81,9.58,9.71,58825,30139510.0,2.39,0.94,0.09,1.13
1150,2022-06-22,9.66,9.84,9.51,9.55,44725,22662211.0,3.4,-1.65,-0.16,0.86
1151,2022-06-23,9.6,9.73,9.49,9.71,38818,19715606.0,2.51,1.68,0.16,0.75
1152,2022-06-24,9.75,9.88,9.66,9.75,47058,24302042.0,2.27,0.41,0.04,0.9
1153,2022-06-27,9.75,9.81,9.6,9.68,45513,23248252.0,2.15,-0.72,-0.07,0.87
1154,2022-06-28,9.68,9.92,9.55,9.92,74187,38372461.0,3.82,2.48,0.24,1.43
1155,2022-06-29,9.9,9.97,9.73,9.75,48493,25109248.0,2.42,-1.71,-0.17,0.93
1156,2022-06-30,9.75,9.86,9.69,9.75,42352,21826197.0,1.74,0.0,0.0,0.81
1157,2022-07-01,9.79,9.84,9.71,9.77,32062,16552807.0,1.33,0.21,0.02,0.62
1158,2022-07-04,9.73,9.79,9.56,9.66,43291,22016180.0,2.35,-1.13,-0.11,0.83
1159,2022-07-05,9.66,9.73,9.49,9.58,52191,26536094.0,2.48,-0.83,-0.08,1.0
1160,2022-07-06,9.58,9.62,9.45,9.55,31577,15877378.0,1.77,-0.31,-0.03,0.61
1161,2022-07-07,9.55,9.71,9.49,9.56,31273,15852591.0,2.3,0.1,0.01,0.6
1162,2022-07-08,9.62,9.86,9.53,9.79,58358,30030516.0,3.45,2.41,0.23,1.12
1163,2022-07-11,9.79,10.36,9.62,10.01,128325,67477102.0,7.56,2.25,0.22,2.47
1164,2022-07-12,9.94,9.97,9.56,9.64,92731,47503324.0,4.1,-3.7,-0.37,1.78
1165,2022-07-13,9.66,9.71,9.56,9.69,43297,22069267.0,1.56,0.52,0.05,0.83
1166,2022-07-14,9.69,9.69,9.47,9.56,53318,26980974.0,2.27,-1.34,-0.13,1.02
1167,2022-07-15,9.32,9.32,8.65,8.73,131652,61300431.0,7.01,-8.68,-0.83,2.53
1168,2022-07-18,8.71,9.45,8.71,9.25,113153,54900452.0,8.48,5.96,0.52,2.17
1169,2022-07-19,9.19,9.71,9.19,9.62,76574,38317071.0,5.62,4.0,0.37,1.47
1170,2022-07-20,9.66,9.79,9.53,9.75,58650,29968521.0,2.7,1.35,0.13,1.13
1171,2022-07-21,9.73,9.84,9.69,9.73,44893,23212537.0,1.54,-0.21,-0.02,0.86
1172,2022-07-22,9.73,9.86,9.58,9.69,32751,16751058.0,2.88,-0.41,-0.04,0.63
1173,2022-07-25,9.66,9.86,9.58,9.6,30213,15456758.0,2.89,-0.93,-0.09,0.58
1174,2022-07-26,9.6,9.84,9.6,9.79,28987,14946594.0,2.5,1.98,0.19,0.56
1175,2022-07-27,9.81,9.86,9.73,9.79,33917,17580691.0,1.33,0.0,0.0,0.65
1176,2022-07-28,9.81,9.88,9.75,9.79,36210,18757734.0,1.33,0.0,0.0,0.7
1177,2022-07-29,9.83,9.84,9.69,9.71,26789,13781103.0,1.53,-0.82,-0.08,0.51
1178,2022-08-01,9.73,9.83,9.62,9.73,22219,11424673.0,2.16,0.21,0.02,0.43
1179,2022-08-02,9.69,9.71,9.16,9.3,59598,29463587.0,5.65,-4.42,-0.43,1.14
1180,2022-08-03,9.3,9.68,9.27,9.3,36221,18158171.0,4.41,0.0,0.0,0.7
1181,2022-08-04,9.47,9.6,9.32,9.6,26424,13256968.0,3.01,3.23,0.3,0.51
1182,2022-08-05,9.56,9.94,9.56,9.86,65999,34209825.0,3.96,2.71,0.26,1.27
1183,2022-08-08,9.88,10.01,9.81,9.96,38786,20309137.0,2.03,1.01,0.1,0.75
1184,2022-08-09,9.88,9.99,9.79,9.84,27819,14460797.0,2.01,-1.2,-0.12,0.53
1185,2022-08-10,9.9,9.92,9.75,9.83,31549,16408999.0,1.73,-0.1,-0.01,0.61
1186,2022-08-11,9.9,10.1,9.86,9.99,42447,22435671.0,2.44,1.63,0.16,0.82
1187,2022-08-12,9.99,10.23,9.94,10.1,53083,28363225.0,2.9,1.1,0.11,1.02
1188,2022-08-15,10.03,10.07,9.81,9.83,46614,24385995.0,2.57,-2.67,-0.27,0.9
1189,2022-08-16,9.92,9.92,9.81,9.84,29699,15467220.0,1.12,0.1,0.01,0.57
1190,2022-08-17,9.9,9.92,9.79,9.88,25568,13285975.0,1.32,0.41,0.04,0.49
1191,2022-08-18,9.88,9.94,9.75,9.9,39721,20643204.0,1.92,0.2,0.02,0.76
1192,2022-08-19,9.88,10.05,9.79,9.79,37178,19471757.0,2.63,-1.11,-0.11,0.71
1193,2022-08-22,9.77,9.88,9.69,9.77,28423,14701773.0,1.94,-0.2,-0.02,0.55
1194,2022-08-23,9.79,9.88,9.71,9.81,29199,15092082.0,1.74,0.41,0.04,0.56
1195,2022-08-24,9.77,9.86,9.56,9.58,42424,21767792.0,3.06,-2.34,-0.23,0.82
1196,2022-08-25,9.62,9.69,9.43,9.62,35619,17995991.0,2.71,0.42,0.04,0.68
1197,2022-08-26,9.45,9.71,9.38,9.53,36215,18363431.0,3.43,-0.94,-0.09,0.7
1198,2022-08-29,9.42,9.58,9.25,9.56,23932,11964388.0,3.46,0.31,0.03,0.46
1199,2022-08-30,9.49,9.68,9.49,9.58,28797,14556121.0,1.99,0.21,0.02,0.55
1200,2022-08-31,9.56,9.64,9.42,9.45,29355,14721951.0,2.3,-1.36,-0.13,0.56
1201,2022-09-01,9.43,9.64,9.36,9.4,31456,15773044.0,2.96,-0.53,-0.05,0.6
1202,2022-09-02,9.4,9.68,9.36,9.66,34659,17516999.0,3.4,2.77,0.26,0.67
1203,2022-09-05,9.56,9.69,9.49,9.6,29894,15095076.0,2.07,-0.62,-0.06,0.57
1204,2022-09-06,9.58,9.64,9.49,9.58,26172,13212724.0,1.56,-0.21,-0.02,0.5
1205,2022-09-07,9.53,9.6,9.45,9.56,26807,13485335.0,1.57,-0.21,-0.02,0.52
1206,2022-09-08,9.62,9.64,9.43,9.45,19280,9672408.0,2.2,-1.15,-0.11,0.37
1207,2022-09-09,9.43,10.38,9.36,10.03,360421,194303376.0,10.79,6.14,0.58,6.92
1208,2022-09-13,10.2,11.01,9.99,11.01,527414,299556225.0,10.17,9.77,0.98,10.13
1209,2022-09-14,10.68,10.92,10.4,10.59,460598,259368516.0,4.72,-3.81,-0.42,8.85
1210,2022-09-15,10.68,10.87,10.36,10.66,336641,189132925.0,4.82,0.66,0.07,6.47
1211,2022-09-16,10.53,10.88,10.12,10.42,248999,138196525.0,7.13,-2.25,-0.24,4.78
1212,2022-09-19,10.42,10.42,9.58,9.77,236183,122829088.0,8.06,-6.24,-0.65,4.54
1213,2022-09-20,9.73,9.84,9.43,9.56,182320,91980405.0,4.2,-2.15,-0.21,3.5
1214,2022-09-21,9.55,9.6,8.97,9.58,162949,80244982.0,6.59,0.21,0.02,3.13
1215,2022-09-22,9.47,9.79,9.25,9.32,129265,64581819.0,5.64,-2.71,-0.26,2.48
1216,2022-09-23,9.27,9.34,8.8,8.9,132965,63226639.0,5.79,-4.51,-0.42,2.55
1217,2022-09-26,8.71,8.82,8.45,8.49,98993,44978742.0,4.16,-4.61,-0.41,1.9
1218,2022-09-27,8.3,8.64,8.26,8.6,76616,34411662.0,4.48,1.3,0.11,1.47
1219,2022-09-28,8.51,8.62,8.36,8.45,61557,27465621.0,3.02,-1.74,-0.15,1.18
1220,2022-09-29,8.52,8.65,8.26,8.3,74794,33418187.0,4.62,-1.78,-0.15,1.44
1221,2022-09-30,8.32,8.45,8.26,8.37,47786,21072537.0,2.29,0.84,0.07,0.92
1222,2022-10-10,8.41,8.49,8.11,8.15,45656,19841619.0,4.54,-2.63,-0.22,0.88
1223,2022-10-11,8.13,8.28,7.95,8.23,49890,21413857.0,4.05,0.98,0.08,0.96
1224,2022-10-12,8.17,8.77,8.11,8.75,106177,47555248.0,8.02,6.32,0.52,2.04
1225,2022-10-13,8.65,9.32,8.6,9.14,161169,76738515.0,8.23,4.46,0.39,3.1
1226,2022-10-14,9.14,9.32,9.03,9.21,115765,56035580.0,3.17,0.77,0.07,2.22
1227,2022-10-17,9.27,9.51,9.19,9.47,82085,40762401.0,3.47,2.82,0.26,1.58
1228,2022-10-18,9.51,9.51,9.27,9.36,67510,33406693.0,2.53,-1.16,-0.11,1.3
1229,2022-10-19,9.34,9.45,9.14,9.3,60293,29556191.0,3.31,-0.64,-0.06,1.16
1230,2022-10-20,9.32,9.62,9.27,9.49,91352,45691373.0,3.76,2.04,0.19,1.76
1231,2022-10-21,9.38,9.6,9.34,9.45,60282,30111803.0,2.74,-0.42,-0.04,1.16
1232,2022-10-24,9.47,9.69,9.34,9.36,86648,43713771.0,3.7,-0.95,-0.09,1.66
1233,2022-10-25,9.3,9.42,9.08,9.17,62455,30367331.0,3.63,-2.03,-0.19,1.2
1234,2022-10-26,9.25,9.68,9.21,9.56,67948,34097139.0,5.13,4.25,0.39,1.31
1235,2022-10-27,9.64,9.71,9.53,9.55,59136,29988498.0,1.88,-0.1,-0.01,1.14
1236,2022-10-28,9.47,9.62,9.14,9.23,61809,30480231.0,5.03,-3.35,-0.32,1.19
1237,2022-10-31,9.29,10.12,9.29,9.88,166401,85934074.0,8.99,7.04,0.65,3.2
1238,2022-11-01,9.94,10.44,9.71,10.2,239452,127099637.0,7.39,3.24,0.32,4.6
1239,2022-11-02,10.16,10.33,9.9,10.14,142762,76183970.0,4.22,-0.59,-0.06,2.74
1240,2022-11-03,10.01,10.35,10.01,10.07,77884,41648134.0,3.35,-0.69,-0.07,1.5
1241,2022-11-04,10.18,10.23,9.99,10.1,65829,35218179.0,2.38,0.3,0.03,1.26
1242,2022-11-07,10.03,10.35,9.97,10.12,54670,29423698.0,3.76,0.2,0.02,1.05
1243,2022-11-08,10.09,10.36,9.92,10.33,86019,46363910.0,4.35,2.08,0.21,1.65
1244,2022-11-09,10.22,10.92,10.12,10.72,136547,76728647.0,7.74,3.78,0.39,2.62
1245,2022-11-10,10.7,11.01,10.49,10.68,94347,53694194.0,4.85,-0.37,-0.04,1.81
1246,2022-11-11,10.74,11.13,10.55,10.9,176880,101854730.0,5.43,2.06,0.22,3.4
1247,2022-11-14,10.79,10.96,10.48,10.87,130923,73761054.0,4.4,-0.28,-0.03,2.52
1248,2022-11-15,10.85,11.94,10.74,11.94,287234,180273233.0,11.04,9.84,1.07,5.52
1249,2022-11-16,11.94,11.94,11.03,11.11,476643,287648548.0,7.62,-6.95,-0.83,9.16
1250,2022-11-17,11.14,11.52,10.94,11.41,330322,196135853.0,5.22,2.7,0.3,6.35
1251,2022-11-18,11.14,11.22,10.66,10.77,269721,156210576.0,4.91,-5.61,-0.64,5.18
1252,2022-11-21,10.94,11.83,10.85,11.83,237891,147849002.0,9.1,9.84,1.06,4.57
1253,2022-11-22,12.45,12.78,11.11,11.24,516165,325353817.0,14.12,-4.99,-0.59,9.92
1254,2022-11-23,11.01,11.14,10.14,10.16,317912,176270623.0,8.9,-9.61,-1.08,6.11
1255,2022-11-24,10.1,10.66,10.1,10.48,226846,124900163.0,5.51,3.15,0.32,4.36
1256,2022-11-25,10.33,11.5,10.33,11.5,274828,164863371.0,11.16,9.73,1.02,5.28
1257,2022-11-28,11.42,11.81,11.2,11.41,444730,270851853.0,5.3,-0.78,-0.09,8.54
1258,2022-11-29,11.42,11.61,11.22,11.29,236074,141577872.0,3.42,-1.05,-0.12,4.54
1259,2022-11-30,11.48,12.02,11.24,11.57,316781,194995528.0,6.91,2.48,0.28,6.09
1260,2022-12-01,11.44,11.96,11.16,11.81,290270,178295820.0,6.91,2.07,0.24,5.58
1261,2022-12-02,11.48,11.76,11.42,11.68,177280,109065868.0,2.88,-1.1,-0.13,3.41
1262,2022-12-05,11.68,11.89,11.55,11.7,161532,100038254.0,2.91,0.17,0.02,3.1
1263,2022-12-06,11.68,12.63,11.54,12.0,254456,161179336.0,9.32,2.56,0.3,4.89
1264,2022-12-07,11.74,11.85,11.52,11.67,169539,104431199.0,2.75,-2.75,-0.33,3.26
1265,2022-12-08,11.52,11.67,10.98,11.09,182493,107586865.0,5.91,-4.97,-0.58,3.51
1266,2022-12-09,11.11,11.2,10.75,10.77,117338,67417159.0,4.06,-2.89,-0.32,2.25
1267,2022-12-12,10.9,11.83,10.9,11.83,158861,98750675.0,8.64,9.84,1.06,3.05
1268,2022-12-13,11.98,12.61,11.61,11.85,471192,300939043.0,8.45,0.17,0.02,9.05
1269,2022-12-14,11.83,11.94,11.61,11.8,231928,144824582.0,2.78,-0.42,-0.05,4.46
1270,2022-12-15,11.72,11.93,11.54,11.7,176688,110164112.0,3.31,-0.85,-0.1,3.39
1271,2022-12-16,11.85,12.32,11.42,11.65,234711,146682735.0,7.69,-0.43,-0.05,4.51
1272,2022-12-19,11.41,11.8,11.18,11.2,150011,90047351.0,5.32,-3.86,-0.45,2.88
1273,2022-12-20,11.24,12.3,11.22,11.68,281144,177138510.0,9.64,4.29,0.48,5.4
1274,2022-12-21,10.53,10.53,10.53,10.53,57006,31752342.0,0.0,-9.85,-1.15,1.1
1275,2022-12-22,10.01,10.31,9.79,9.84,292435,154844806.0,4.94,-6.55,-0.69,5.62
1276,2022-12-23,9.68,10.07,9.55,9.92,171769,89223345.0,5.28,0.81,0.08,3.3
1277,2022-12-26,9.86,10.31,9.86,10.2,122546,65636484.0,4.54,2.82,0.28,2.35
1278,2022-12-27,10.29,10.29,9.84,9.9,98720,51871595.0,4.41,-2.94,-0.3,1.9
1279,2022-12-28,9.94,9.97,9.69,9.71,73923,38124712.0,2.83,-1.92,-0.19,1.42
1280,2022-12-29,9.71,9.83,9.62,9.71,56872,29253239.0,2.16,0.0,0.0,1.09
1281,2022-12-30,9.71,9.88,9.58,9.75,57694,29689674.0,3.09,0.41,0.04,1.11
1282,2023-01-03,9.73,10.72,9.73,10.72,137137,75272541.0,10.15,9.95,0.97,2.63
1283,2023-01-04,10.92,11.14,10.75,11.05,227623,131952551.0,3.64,3.08,0.33,4.37
1284,2023-01-05,11.18,11.18,10.77,11.01,117566,68365787.0,3.71,-0.36,-0.04,2.26
1285,2023-01-06,11.03,11.03,10.62,10.64,105030,59641752.0,3.72,-3.36,-0.37,2.02
1286,2023-01-09,10.74,10.96,10.55,10.62,80246,45185158.0,3.85,-0.19,-0.02,1.54
1287,2023-01-10,10.68,10.75,10.42,10.62,67146,37722891.0,3.11,0.0,0.0,1.29
1288,2023-01-11,10.57,10.74,10.44,10.44,55029,30688179.0,2.82,-1.69,-0.18,1.06
1289,2023-01-12,10.49,10.62,10.33,10.57,55329,30769061.0,2.78,1.25,0.13,1.06
1290,2023-01-13,10.59,10.66,10.31,10.42,53533,29464043.0,3.31,-1.42,-0.15,1.03
1291,2023-01-16,10.55,11.05,10.49,10.68,112822,64160002.0,5.37,2.5,0.26,2.17
1292,2023-01-17,10.79,10.79,10.35,10.44,70944,39300872.0,4.12,-2.25,-0.24,1.36
1293,2023-01-18,10.48,10.68,10.31,10.59,63924,35675386.0,3.54,1.44,0.15,1.23
1294,2023-01-19,10.57,11.63,10.49,11.63,282049,168462103.0,10.76,9.82,1.04,5.42
1295,2023-01-20,11.67,11.93,11.29,11.52,348322,213536763.0,5.5,-0.95,-0.11,6.69
1296,2023-01-30,11.57,11.87,11.52,11.76,222798,138004491.0,3.04,2.08,0.24,4.28
1297,2023-01-31,11.5,11.85,11.44,11.7,136351,84089995.0,3.49,-0.51,-0.06,2.62
1298,2023-02-01,11.7,12.48,11.63,11.91,180203,112554676.0,7.26,1.79,0.21,3.46
1299,2023-02-02,12.0,13.08,11.85,13.08,279586,191712565.0,10.33,9.82,1.17,5.37
1300,2023-02-03,13.56,13.69,12.26,12.82,671603,450165922.0,10.93,-1.99,-0.26,12.9
1301,2023-02-06,12.56,12.59,12.2,12.3,307234,200953566.0,3.04,-4.06,-0.52,5.9
1302,2023-02-07,12.32,13.51,12.3,12.78,528703,368043762.0,9.84,3.9,0.48,10.16
1303,2023-02-08,12.73,12.78,11.98,12.02,368199,237644695.0,6.26,-5.95,-0.76,7.07
1304,2023-02-09,12.15,12.2,11.78,12.0,195012,123903337.0,3.49,-0.17,-0.02,3.75
1305,2023-02-10,12.04,12.35,11.85,12.02,168078,107492328.0,4.17,0.17,0.02,3.23
1306,2023-02-13,11.91,12.09,11.81,12.07,122161,77471195.0,2.33,0.42,0.05,2.35
1307,2023-02-14,12.0,12.35,11.94,12.15,162671,104848607.0,3.4,0.66,0.08,3.13
1308,2023-02-15,12.06,12.73,11.98,12.48,233055,152979793.0,6.17,2.72,0.33,4.48
1309,2023-02-16,12.35,12.35,11.67,11.91,202295,129814187.0,5.45,-4.57,-0.57,3.89
1310,2023-02-17,11.87,11.98,11.54,11.54,132559,82004590.0,3.69,-3.11,-0.37,2.55
1311,2023-02-20,11.54,11.65,11.46,11.65,83354,50995073.0,1.65,0.95,0.11,1.6
1312,2023-02-21,11.63,11.87,11.57,11.72,80091,49729086.0,2.58,0.6,0.07,1.54
1313,2023-02-22,11.67,11.8,11.52,11.8,72183,44552323.0,2.39,0.68,0.08,1.39
1314,2023-02-23,11.78,11.83,11.54,11.59,68185,42127162.0,2.46,-1.78,-0.21,1.31
1315,2023-02-24,11.61,11.67,11.48,11.57,51213,31388260.0,1.64,-0.17,-0.02,0.98
1316,2023-02-27,11.57,11.61,11.28,11.29,68237,41177130.0,2.85,-2.42,-0.28,1.31
1317,2023-02-28,11.48,11.78,11.35,11.57,78410,47975321.0,3.81,2.48,0.28,1.51
1318,2023-03-01,11.5,12.71,11.5,12.32,381779,247942237.0,10.46,6.48,0.75,7.33
1319,2023-03-02,12.56,13.12,12.54,12.71,391268,263972186.0,4.71,3.17,0.39,7.52
1320,2023-03-03,12.65,13.1,12.46,12.91,314081,214618525.0,5.04,1.57,0.2,6.03
1321,2023-03-06,13.56,14.19,12.17,12.26,435991,295222645.0,15.65,-5.03,-0.65,8.38
1322,2023-03-07,12.3,12.71,11.93,12.71,393312,257864849.0,6.36,3.67,0.45,7.56
1323,2023-03-08,12.41,12.71,12.11,12.48,227837,150936826.0,4.72,-1.81,-0.23,4.38
1324,2023-03-09,12.58,12.59,11.96,12.17,188418,121763392.0,5.05,-2.48,-0.31,3.62
1325,2023-03-10,11.98,12.58,11.8,12.06,187591,120548749.0,6.41,-0.9,-0.11,3.6
1326,2023-03-13,12.2,12.73,12.19,12.58,268944,177892718.0,4.48,4.31,0.52,5.17
1327,2023-03-14,12.39,12.73,12.22,12.5,214046,141032155.0,4.05,-0.64,-0.08,4.11
1328,2023-03-15,12.56,12.63,12.2,12.39,164776,108255311.0,3.44,-0.88,-0.11,3.17
1329,2023-03-16,12.26,12.39,12.06,12.13,126777,81928920.0,2.66,-2.1,-0.26,2.44
1330,2023-03-17,12.22,12.48,12.22,12.3,130383,85206151.0,2.14,1.4,0.17,2.5
1331,2023-03-20,12.35,12.59,12.15,12.3,143420,93790598.0,3.58,0.0,0.0,2.76
1332,2023-03-21,12.3,12.43,12.04,12.41,113646,74195741.0,3.17,0.89,0.11,2.18
1333,2023-03-22,12.48,12.74,12.35,12.71,192429,128737692.0,3.14,2.42,0.3,3.7
1334,2023-03-23,12.71,12.97,12.45,12.89,233442,157488602.0,4.09,1.42,0.18,4.48
1335,2023-03-24,12.86,13.17,12.61,12.91,250789,171576599.0,4.34,0.16,0.02,4.82
1336,2023-03-27,12.89,12.91,12.54,12.67,161514,108715603.0,2.87,-1.86,-0.24,3.1
1337,2023-03-28,12.61,12.71,12.33,12.45,136196,90472841.0,3.0,-1.74,-0.22,2.62
1338,2023-03-29,12.39,12.45,12.15,12.22,101488,66084096.0,2.41,-1.85,-0.23,1.95
1339,2023-03-30,12.33,12.45,11.8,11.87,127484,80975667.0,5.32,-2.86,-0.35,2.45
1340,2023-03-31,11.94,12.32,11.81,12.22,110665,70804869.0,4.3,2.95,0.35,2.13
1341,2023-04-03,12.17,12.59,12.02,12.54,162808,106453327.0,4.66,2.62,0.32,3.13
1342,2023-04-04,12.61,12.67,12.35,12.54,125231,83179387.0,2.55,0.0,0.0,2.41
1343,2023-04-06,12.35,12.41,11.98,12.07,113095,72801834.0,3.43,-3.75,-0.47,2.17
1344,2023-04-07,12.07,12.33,11.74,12.26,104151,66856546.0,4.89,1.57,0.19,2.0
1345,2023-04-10,12.24,12.41,11.57,11.59,131941,83047994.0,6.85,-5.46,-0.67,2.53
1346,2023-04-11,11.5,11.72,11.31,11.61,87177,53325875.0,3.54,0.17,0.02,1.67
1347,2023-04-12,11.68,12.09,11.63,12.07,102071,64440470.0,3.96,3.96,0.46,1.96
1348,2023-04-13,11.94,12.2,11.7,11.89,120663,76526141.0,4.14,-1.49,-0.18,2.32
1349,2023-04-14,11.81,11.96,11.48,11.54,114807,70744458.0,4.04,-2.94,-0.35,2.21
1350,2023-04-17,11.54,11.57,10.96,11.05,119250,70374004.0,5.29,-4.25,-0.49,2.29
1351,2023-04-18,11.11,11.13,10.81,10.87,71681,41398055.0,2.9,-1.63,-0.18,1.38
1352,2023-04-19,10.88,11.05,10.79,10.81,62670,36177254.0,2.39,-0.55,-0.06,1.2
1353,2023-04-20,10.83,11.03,10.74,10.83,70165,40226575.0,2.68,0.19,0.02,1.35
1354,2023-04-21,10.81,10.81,10.14,10.16,111895,61518257.0,6.19,-6.19,-0.67,2.15
1355,2023-04-24,10.27,10.4,10.07,10.33,74254,40248197.0,3.25,1.67,0.17,1.43
1356,2023-04-25,10.33,10.38,9.9,10.05,68213,36462947.0,4.65,-2.71,-0.28,1.31
1357,2023-04-26,9.75,10.22,9.75,10.05,75495,40183654.0,4.68,0.0,0.0,1.45
1358,2023-04-27,10.09,10.14,9.79,9.84,62251,32740627.0,3.48,-2.09,-0.21,1.2
1359,2023-04-28,9.92,10.7,9.9,10.49,80819,44045144.0,8.13,6.61,0.65,1.55
1360,2023-05-04,10.49,10.68,10.31,10.51,60087,33127192.0,3.53,0.19,0.02,1.15
1361,2023-05-05,10.49,10.55,10.31,10.44,39753,21876063.0,2.28,-0.67,-0.07,0.76
1362,2023-05-08,10.44,10.68,10.4,10.62,55159,30851909.0,2.68,1.72,0.18,1.06
1363,2023-05-09,10.62,10.62,10.38,10.49,56650,31415993.0,2.26,-1.22,-0.13,1.09
1364,2023-05-10,10.44,10.62,10.35,10.42,63174,34972932.0,2.57,-0.67,-0.07,1.21
1365,2023-05-11,10.48,10.62,10.38,10.55,76901,42829949.0,2.3,1.25,0.13,1.48
1366,2023-05-12,10.51,10.66,10.4,10.42,41619,23120294.0,2.46,-1.23,-0.13,0.8
1367,2023-05-15,10.38,10.38,10.05,10.35,51343,27755417.0,3.17,-0.67,-0.07,0.99
1368,2023-05-16,10.31,10.33,9.99,10.05,44169,23578023.0,3.29,-2.9,-0.3,0.85
1369,2023-05-17,10.01,10.36,9.96,10.29,41313,22335025.0,3.98,2.39,0.24,0.79
1370,2023-05-18,10.33,10.57,10.22,10.53,49919,27571439.0,3.4,2.33,0.24,0.96
1371,2023-05-19,10.53,10.61,10.38,10.53,45470,25243480.0,2.18,0.0,0.0,0.87
1372,2023-05-22,10.53,10.61,10.42,10.46,38836,21561548.0,1.8,-0.66,-0.07,0.75
1373,2023-05-23,10.46,10.46,10.25,10.27,35916,19629109.0,2.01,-1.82,-0.19,0.69
1374,2023-05-24,10.27,10.36,10.14,10.25,33429,18128403.0,2.14,-0.19,-0.02,0.64
1375,2023-05-25,10.25,10.42,10.03,10.22,49223,26433472.0,3.8,-0.29,-0.03,0.95
1376,2023-05-26,10.22,10.4,10.09,10.35,38654,20998621.0,3.03,1.27,0.13,0.74
1377,2023-05-29,10.31,10.46,10.29,10.29,44852,24587181.0,1.64,-0.58,-0.06,0.86
1378,2023-05-30,10.22,10.46,10.1,10.46,58463,32006592.0,3.5,1.65,0.17,1.12
1379,2023-05-31,10.49,10.74,10.4,10.7,80169,45151645.0,3.25,2.29,0.24,1.54
1380,2023-06-01,10.68,10.98,10.49,10.85,82318,47009816.0,4.58,1.4,0.15,1.58
1381,2023-06-02,10.92,10.96,10.77,10.92,53179,30637638.0,1.75,0.65,0.07,1.02
1382,2023-06-05,10.9,11.11,10.81,11.05,48756,28466005.0,2.75,1.19,0.13,0.94
1383,2023-06-06,11.14,11.14,10.77,10.85,56729,32952552.0,3.35,-1.81,-0.2,1.09
1384,2023-06-07,11.0,11.16,10.77,11.03,56774,33135998.0,3.59,1.66,0.18,1.09
1385,2023-06-08,11.07,11.09,10.79,10.96,52489,30348641.0,2.72,-0.63,-0.07,1.01
1386,2023-06-09,10.98,11.11,10.88,11.0,48893,28398390.0,2.1,0.36,0.04,0.94
1387,2023-06-12,11.05,11.11,10.87,10.96,43828,25442292.0,2.18,-0.36,-0.04,0.84
1388,2023-06-13,11.03,11.09,10.87,11.01,51248,29898650.0,2.01,0.46,0.05,0.98
1389,2023-06-14,11.03,11.03,10.87,10.92,52948,30659165.0,1.45,-0.82,-0.09,1.02
1390,2023-06-15,10.94,10.98,10.72,10.88,65808,37840514.0,2.38,-0.37,-0.04,1.26
1391,2023-06-16,10.9,11.05,10.72,10.9,57149,33014403.0,3.03,0.18,0.02,1.1
1392,2023-06-19,11.01,11.46,10.87,11.14,123751,73186431.0,5.41,2.2,0.24,2.38
1393,2023-06-20,11.11,11.65,10.94,11.26,163613,97913011.0,6.37,1.08,0.12,3.14
1394,2023-06-21,11.26,11.28,10.79,10.79,114308,66019620.0,4.35,-4.17,-0.47,2.2
1395,2023-06-26,10.85,10.9,10.29,10.31,97068,53903679.0,5.65,-4.45,-0.48,1.86
1396,2023-06-27,10.38,10.59,10.22,10.51,60082,33169089.0,3.59,1.94,0.2,1.15
1397,2023-06-28,10.53,10.55,10.05,10.31,59551,32162571.0,4.76,-1.9,-0.2,1.14
1398,2023-06-29,10.48,10.64,10.27,10.61,58695,32582712.0,3.59,2.91,0.3,1.13
1399,2023-06-30,10.7,10.7,10.46,10.66,53256,29859748.0,2.26,0.47,0.05,1.02
1400,2023-07-03,10.64,10.74,10.51,10.66,42467,23841030.0,2.16,0.0,0.0,0.82
1401,2023-07-04,10.68,10.77,10.61,10.64,37472,21180101.0,1.5,-0.19,-0.02,0.72
1402,2023-07-05,10.64,10.74,10.44,10.49,36540,20436788.0,2.82,-1.41,-0.15,0.7
1403,2023-07-06,10.44,10.64,10.42,10.48,37197,20659050.0,2.1,-0.1,-0.01,0.71
1404,2023-07-07,10.44,10.44,10.18,10.29,46807,25437935.0,2.48,-1.81,-0.19,0.9
1405,2023-07-10,10.33,10.42,10.2,10.33,41398,22576265.0,2.14,0.39,0.04,0.8
1406,2023-07-11,10.38,10.49,10.31,10.44,29796,16410500.0,1.74,1.06,0.11,0.57
1407,2023-07-12,10.42,10.59,10.16,10.18,49359,27001799.0,4.12,-2.49,-0.26,0.95
1408,2023-07-13,10.22,10.38,10.16,10.31,41684,22696669.0,2.16,1.28,0.13,0.8
1409,2023-07-14,10.22,10.57,10.2,10.51,67313,37218990.0,3.59,1.94,0.2,1.29
1410,2023-07-17,10.49,10.64,10.4,10.61,54785,30506945.0,2.28,0.95,0.1,1.05
1411,2023-07-18,10.61,10.68,10.49,10.51,39723,22144854.0,1.79,-0.94,-0.1,0.76
1412,2023-07-19,10.61,10.68,10.49,10.61,27113,15215258.0,1.81,0.95,0.1,0.52
1413,2023-07-20,10.66,10.66,10.44,10.44,38280,21325462.0,2.07,-1.6,-0.17,0.74
1414,2023-07-21,10.48,10.49,10.31,10.38,37628,20649876.0,1.72,-0.57,-0.06,0.72
1415,2023-07-24,10.38,10.53,10.29,10.42,35415,19551634.0,2.31,0.39,0.04,0.68
1416,2023-07-25,10.57,10.79,10.49,10.79,59157,33462670.0,2.88,3.55,0.37,1.14
1417,2023-07-26,10.75,10.79,10.62,10.64,34854,19693535.0,1.58,-1.39,-0.15,0.67
1418,2023-07-27,10.72,10.75,10.49,10.51,38864,21784426.0,2.44,-1.22,-0.13,0.75
1419,2023-07-28,10.46,11.09,10.36,10.87,111202,63269876.0,6.95,3.43,0.36,2.14
1420,2023-07-31,10.87,11.05,10.79,10.87,104056,59947337.0,2.39,0.0,0.0,2.0
1421,2023-08-01,10.83,10.87,10.72,10.81,59606,34002014.0,1.38,-0.55,-0.06,1.15
1422,2023-08-02,10.75,10.94,10.68,10.9,61606,35410331.0,2.41,0.83,0.09,1.18
1423,2023-08-03,10.87,11.14,10.81,11.07,83655,48630988.0,3.03,1.56,0.17,1.61
1424,2023-08-04,11.07,12.17,11.05,12.17,193635,122758773.0,10.12,9.94,1.1,3.72
1425,2023-08-07,13.38,13.38,12.84,13.38,442661,313111015.0,4.44,9.94,1.21,8.5
1426,2023-08-08,14.04,14.7,13.77,14.7,1149745,885827394.0,6.95,9.87,1.32,22.09
1427,2023-08-09,14.64,16.15,14.64,16.15,989522,828780569.0,10.27,9.86,1.45,19.01
1428,2023-08-10,15.61,17.74,15.23,17.74,1436587,1240243847.0,15.54,9.85,1.59,27.6
1429,2023-08-11,17.09,17.28,16.0,16.0,1127211,993997163.0,7.22,-9.81,-1.74,21.66
1430,2023-08-14,15.05,15.53,14.44,14.57,1089554,870114493.0,6.81,-8.94,-1.43,20.93
1431,2023-08-15,14.31,16.0,14.18,16.0,1127074,902043771.0,12.49,9.81,1.43,21.65
1432,2023-08-16,15.44,16.63,14.97,15.48,1153625,957916570.0,10.38,-3.25,-0.52,22.16
1433,2023-08-17,15.35,15.36,14.32,14.81,886733,697608324.0,6.72,-4.33,-0.67,17.04
1434,2023-08-18,14.84,14.9,13.34,13.56,768704,571552520.0,10.53,-8.44,-1.25,14.77
1435,2023-08-21,13.47,14.55,13.36,13.95,736005,543542788.0,8.78,2.88,0.39,14.14
1436,2023-08-22,13.84,14.4,13.73,14.18,637426,477847297.0,4.8,1.65,0.23,12.25
1437,2023-08-23,13.84,14.75,13.41,14.49,799654,601443426.0,9.45,2.19,0.31,15.36
