,日期,开盘,最高,最低,收盘,成交量,成交额,振幅,涨跌幅,涨跌额,换手率
0,2018-05-28,24.02,28.83,24.02,28.83,188,542301.0,24.03,44.01,8.81,0.05
1,2018-05-29,31.71,31.71,31.71,31.71,93,294935.0,0.0,9.99,2.88,0.02
2,2018-05-30,34.88,34.88,34.88,34.88,152,529409.0,0.0,10.0,3.17,0.04
3,2018-05-31,38.37,38.37,38.37,38.37,258,989946.0,0.0,10.01,3.49,0.06
4,2018-06-01,42.21,42.21,42.21,42.21,847,3574385.0,0.0,10.01,3.84,0.21
5,2018-06-04,46.43,46.43,46.43,46.43,689,3197541.0,0.0,10.0,4.22,0.17
6,2018-06-05,51.07,51.07,51.07,51.07,795,4060116.0,0.0,9.99,4.64,0.2
7,2018-06-06,56.18,56.18,56.18,56.18,563,3160462.0,0.0,10.01,5.11,0.14
8,2018-06-07,61.8,61.8,61.8,61.8,1621,10019325.0,0.0,10.0,5.62,0.4
9,2018-06-08,67.98,67.98,67.98,67.98,4541,30872573.0,0.0,10.0,6.18,1.13
10,2018-06-11,74.78,74.78,74.78,74.78,7213,53935225.0,0.0,10.0,6.8,1.8
11,2018-06-12,82.26,82.26,78.6,80.56,301263,2424367936.0,4.89,7.73,5.78,75.13
12,2018-06-13,78.6,79.9,73.99,74.73,199659,1542222608.0,7.34,-7.24,-5.83,49.79
13,2018-06-14,72.66,77.77,72.12,73.1,170309,1277420576.0,7.56,-2.18,-1.63,42.47
14,2018-06-15,74.5,75.27,69.66,74.96,153201,1115422400.0,7.67,2.54,1.86,38.2
15,2018-06-19,73.27,75.98,67.52,68.23,162120,1181526784.0,11.29,-8.98,-6.73,40.43
16,2018-06-20,66.75,70.67,64.81,69.22,155609,1053520192.0,8.59,1.45,0.99,38.81
17,2018-06-21,67.88,68.44,62.3,62.3,119967,781220352.0,8.87,-10.0,-6.92,29.92
18,2018-06-22,57.89,59.8,56.2,57.03,129430,748441744.0,5.78,-8.46,-5.27,32.28
19,2018-06-25,57.89,59.65,57.08,57.52,99411,578888032.0,4.51,0.86,0.49,24.79
20,2018-06-26,55.98,61.29,53.0,60.03,122451,717459872.0,14.41,4.36,2.51,30.54
21,2018-06-27,59.4,62.5,58.3,61.69,117919,713789200.0,7.0,2.77,1.66,29.41
22,2018-06-28,61.05,62.31,58.3,58.43,96124,582952864.0,6.5,-5.28,-3.26,23.97
23,2018-06-29,57.9,64.27,57.9,64.27,56348,348560080.0,10.9,9.99,5.84,14.05
24,2018-07-02,70.7,70.7,68.57,70.7,213427,1503077536.0,3.31,10.0,6.43,53.22
25,2018-07-03,70.64,71.33,65.79,68.39,183577,1260749312.0,7.84,-3.27,-2.31,45.78
26,2018-07-04,67.21,68.79,61.55,61.56,159068,1033185312.0,10.59,-9.99,-6.83,39.67
27,2018-07-05,59.8,63.85,59.5,61.76,123678,769047952.0,7.07,0.32,0.2,30.84
28,2018-07-06,62.67,67.5,62.21,63.64,144057,932434480.0,8.57,3.04,1.88,35.92
29,2018-07-09,64.99,70.0,63.64,70.0,56079,377990320.0,9.99,9.99,6.36,13.98
30,2018-07-10,74.0,74.88,67.67,68.49,173696,1224549312.0,10.3,-2.16,-1.51,43.32
31,2018-07-11,66.0,73.98,63.77,71.97,179498,1234018272.0,14.91,5.08,3.48,44.76
32,2018-07-12,70.91,75.32,70.0,75.07,156611,1134060336.0,7.39,4.31,3.1,39.06
33,2018-07-13,73.7,74.7,69.0,69.85,142881,1028205760.0,7.59,-6.95,-5.22,35.63
34,2018-07-16,68.29,71.88,67.4,71.43,99086,693550224.0,6.41,2.26,1.58,24.71
35,2018-07-17,70.8,71.27,66.63,69.56,98342,679816704.0,6.5,-2.62,-1.87,24.52
36,2018-07-18,69.5,73.5,68.0,68.21,110785,785750944.0,7.91,-1.94,-1.35,27.63
37,2018-07-19,66.0,66.58,62.1,62.72,119409,767257488.0,6.57,-8.05,-5.49,29.78
38,2018-07-20,62.5,64.22,61.3,63.57,70722,446363328.0,4.66,1.36,0.85,17.64
39,2018-07-23,63.49,63.86,61.19,62.41,61726,385715376.0,4.2,-1.82,-1.16,15.39
40,2018-07-24,62.58,66.0,62.3,65.67,98833,640104640.0,5.93,5.22,3.26,24.65
41,2018-07-25,65.69,65.85,62.49,62.53,85139,546827520.0,5.12,-4.78,-3.14,21.23
42,2018-07-26,62.65,63.65,58.11,59.91,79100,479076272.0,8.86,-4.19,-2.62,19.73
43,2018-07-27,59.5,60.63,58.6,59.18,44787,266976692.0,3.39,-1.22,-0.73,11.17
44,2018-07-30,59.17,59.93,56.38,57.53,45149,262039467.0,6.0,-2.79,-1.65,11.26
45,2018-07-31,57.5,58.25,56.7,58.2,40000,230498072.0,2.69,1.16,0.67,9.97
46,2018-08-01,58.53,58.75,57.01,57.06,42197,244197082.0,2.99,-1.96,-1.14,10.52
47,2018-08-02,56.6,58.95,54.9,58.9,77404,443398048.0,7.1,3.22,1.84,19.3
48,2018-08-03,58.23,59.29,55.02,55.25,67809,390344832.0,7.25,-6.2,-3.65,16.91
49,2018-08-06,53.72,54.2,50.74,51.44,55467,291104480.0,6.26,-6.9,-3.81,13.83
50,2018-08-07,52.0,53.45,51.36,53.21,46091,242334097.0,4.06,3.44,1.77,11.49
51,2018-08-08,52.7,53.18,47.89,47.91,73770,370138304.0,9.94,-9.96,-5.3,18.4
52,2018-08-09,47.58,50.32,47.58,49.8,58734,290348112.0,5.72,3.94,1.89,14.65
53,2018-08-10,49.7,50.68,48.68,50.18,54108,270080624.0,4.02,0.76,0.38,13.49
54,2018-08-13,49.0,52.66,48.66,52.1,62185,317091952.0,7.97,3.83,1.92,15.51
55,2018-08-14,52.0,52.92,51.0,52.2,55678,289581440.0,3.69,0.19,0.1,13.88
56,2018-08-15,52.0,52.2,49.16,49.24,52980,266500107.0,5.82,-5.67,-2.96,13.21
57,2018-08-16,48.21,50.4,47.56,48.67,40359,198659683.0,5.77,-1.16,-0.57,10.06
58,2018-08-17,49.99,50.4,47.13,47.39,41395,202192676.0,6.72,-2.63,-1.28,10.32
59,2018-08-20,47.33,48.49,45.31,48.42,51659,244217895.0,6.71,2.17,1.03,12.88
60,2018-08-21,48.44,48.99,46.9,48.54,50993,245037672.0,4.32,0.25,0.12,12.72
61,2018-08-22,48.75,49.5,47.21,47.21,43222,208809431.0,4.72,-2.74,-1.33,10.78
62,2018-08-23,47.02,49.68,47.02,49.38,65123,316788048.0,5.63,4.6,2.17,16.24
63,2018-08-24,48.97,49.21,47.88,48.25,45623,221149256.0,2.69,-2.29,-1.13,11.38
64,2018-08-27,48.97,50.3,48.53,49.68,52041,257459607.0,3.67,2.96,1.43,12.98
65,2018-08-28,49.5,49.78,48.86,49.6,47342,233303230.0,1.85,-0.16,-0.08,11.81
66,2018-08-29,49.33,51.98,49.0,51.47,72389,366174176.0,6.01,3.77,1.87,18.05
67,2018-08-30,51.02,51.9,49.08,49.22,56037,283164752.0,5.48,-4.37,-2.25,13.97
68,2018-08-31,48.1,48.77,46.66,46.71,46538,222212624.0,4.29,-5.1,-2.51,11.61
69,2018-09-03,46.61,47.29,45.29,47.07,33897,156986943.0,4.28,0.77,0.36,8.45
70,2018-09-04,46.76,47.8,46.55,47.35,28701,135294348.0,2.66,0.59,0.28,7.16
71,2018-09-05,47.06,48.09,46.15,46.25,33252,157079042.0,4.1,-2.32,-1.1,8.29
72,2018-09-06,45.74,47.29,45.57,46.71,31200,145230572.0,3.72,0.99,0.46,7.78
73,2018-09-07,46.82,47.74,45.5,46.07,36444,170062145.0,4.8,-1.37,-0.64,9.09
74,2018-09-10,45.46,45.98,44.0,44.0,31291,140750328.0,4.3,-4.49,-2.07,7.8
75,2018-09-11,43.78,45.18,43.62,44.49,22224,98545213.0,3.55,1.11,0.49,5.54
76,2018-09-12,44.4,45.97,44.08,45.28,29653,133588875.0,4.25,1.78,0.79,7.39
77,2018-09-13,46.0,46.34,44.39,45.23,26296,118760079.0,4.31,-0.11,-0.05,6.56
78,2018-09-14,45.2,45.6,43.26,43.7,31395,139667580.0,5.17,-3.38,-1.53,7.83
79,2018-09-17,42.95,43.61,41.56,41.75,22383,94987810.0,4.69,-4.46,-1.95,5.58
80,2018-09-18,41.8,43.1,41.72,42.78,23309,98922532.0,3.31,2.47,1.03,5.81
81,2018-09-19,42.49,43.9,42.02,43.32,32566,140413989.0,4.39,1.26,0.54,8.12
82,2018-09-20,43.18,43.75,42.61,42.77,20286,87456310.0,2.63,-1.27,-0.55,5.06
83,2018-09-21,43.01,44.19,43.01,43.71,27964,121875720.0,2.76,2.2,0.94,6.97
84,2018-09-25,43.42,43.7,43.01,43.5,15798,68473859.0,1.58,-0.48,-0.21,3.94
85,2018-09-26,43.53,44.61,43.18,44.24,28314,124543849.0,3.29,1.7,0.74,7.06
86,2018-09-27,44.16,44.76,42.3,42.35,27639,120499603.0,5.56,-4.27,-1.89,6.89
87,2018-09-28,42.45,43.65,42.45,43.55,19919,86069228.0,2.83,2.83,1.2,4.97
88,2018-10-08,42.71,43.23,40.93,41.26,20797,87837454.0,5.28,-5.26,-2.29,5.19
89,2018-10-09,41.49,42.3,41.05,41.64,17473,72592584.0,3.03,0.92,0.38,4.36
90,2018-10-10,41.85,42.68,41.55,42.18,16786,70612975.0,2.71,1.3,0.54,4.19
91,2018-10-11,40.0,40.0,37.96,37.96,44334,170856673.0,4.84,-10.0,-4.22,11.06
92,2018-10-12,36.8,37.39,34.6,36.38,29482,106848823.0,7.35,-4.16,-1.58,7.35
93,2018-10-15,36.75,37.2,35.86,35.86,16412,59834872.0,3.68,-1.43,-0.52,4.09
94,2018-10-16,35.86,36.27,32.33,34.28,33455,114715525.0,10.99,-4.41,-1.58,8.34
95,2018-10-17,34.83,35.29,33.01,34.65,27255,93456397.0,6.65,1.08,0.37,6.8
96,2018-10-18,34.48,34.51,33.03,33.41,21324,71751218.0,4.27,-3.58,-1.24,5.32
97,2018-10-19,32.6,34.58,32.59,34.55,22646,76899824.0,5.96,3.41,1.14,5.65
98,2018-10-22,34.75,36.94,34.75,36.48,33019,118982692.0,6.34,5.59,1.93,8.23
99,2018-10-23,36.21,37.8,35.81,36.03,32949,120688142.0,5.46,-1.23,-0.45,8.22
100,2018-10-24,36.34,36.7,35.5,36.48,18269,66124517.0,3.33,1.25,0.45,4.56
101,2018-10-25,34.8,35.85,34.45,35.46,19917,70081564.0,3.84,-2.8,-1.02,4.97
102,2018-10-26,35.92,36.29,35.0,35.48,16469,58794546.0,3.64,0.06,0.02,4.11
103,2018-10-29,35.3,39.03,35.3,39.03,63764,243248477.0,10.51,10.01,3.55,15.9
104,2018-10-30,38.53,40.48,38.53,39.99,65720,260833566.0,5.0,2.46,0.96,16.39
105,2018-10-31,39.2,43.21,39.2,41.23,66178,275423824.0,10.03,3.1,1.24,16.5
106,2018-11-01,44.0,44.79,40.82,41.3,53882,231514560.0,9.63,0.17,0.07,13.44
107,2018-11-02,42.35,43.31,41.5,43.0,48252,205723681.0,4.38,4.12,1.7,12.03
108,2018-11-05,43.08,44.5,40.7,41.84,45268,192050904.0,8.84,-2.7,-1.16,11.29
109,2018-11-06,41.1,43.59,39.85,43.52,42055,175045194.0,8.94,4.02,1.68,10.49
110,2018-11-07,43.0,43.42,41.68,41.74,25762,109690992.0,4.0,-4.09,-1.78,6.42
111,2018-11-08,42.27,43.14,41.74,42.2,24128,102410005.0,3.35,1.1,0.46,6.02
112,2018-11-09,41.78,43.25,41.52,42.23,22606,96433319.0,4.1,0.07,0.03,5.64
113,2018-11-12,42.48,43.35,41.6,43.05,34951,149123276.0,4.14,1.94,0.82,8.72
114,2018-11-13,42.05,46.85,42.05,46.4,50942,227693237.0,11.15,7.78,3.35,12.7
115,2018-11-14,46.5,47.22,45.38,45.62,25119,116123450.0,3.97,-1.68,-0.78,6.26
116,2018-11-15,45.62,49.58,45.62,49.18,42660,203845239.0,8.68,7.8,3.56,10.64
117,2018-11-16,49.95,51.5,49.2,49.22,38322,191879136.0,4.68,0.08,0.04,9.56
118,2018-11-19,49.3,50.68,47.86,48.5,26647,130760697.0,5.73,-1.46,-0.72,6.65
119,2018-11-20,48.14,51.2,48.1,49.12,31982,159298497.0,6.39,1.28,0.62,7.98
120,2018-11-21,48.8,50.48,48.68,49.59,24754,123041977.0,3.66,0.96,0.47,6.17
121,2018-11-22,49.5,49.96,48.8,48.97,10644,52541157.0,2.34,-1.25,-0.62,2.65
122,2018-11-23,49.4,49.96,46.36,46.4,21324,101156429.0,7.35,-5.25,-2.57,5.32
123,2018-11-26,46.6,48.16,44.72,47.14,26093,121263350.0,7.41,1.59,0.74,6.51
124,2018-11-27,47.8,49.97,47.5,49.0,23805,116563831.0,5.24,3.95,1.86,5.94
125,2018-11-28,49.0,50.77,48.47,50.6,21454,107381767.0,4.69,3.27,1.6,5.35
126,2018-11-29,50.65,50.95,47.9,48.5,16921,83438154.0,6.03,-4.15,-2.1,4.22
127,2018-11-30,47.5,49.69,47.19,49.63,11325,55172344.0,5.15,2.33,1.13,2.82
128,2018-12-03,51.0,54.28,51.0,53.25,25481,134294600.0,6.61,7.29,3.62,6.35
129,2018-12-04,52.88,53.57,52.1,53.39,15203,80421712.0,2.76,0.26,0.14,3.79
130,2018-12-05,51.85,54.75,51.85,53.45,22749,122151203.0,5.43,0.11,0.06,5.67
131,2018-12-06,53.01,53.88,52.41,52.48,12185,64528118.0,2.75,-1.81,-0.97,3.04
132,2018-12-07,52.2,53.5,51.67,51.75,9102,47695035.0,3.49,-1.39,-0.73,2.27
133,2018-12-10,52.2,52.2,50.6,51.01,13173,67308405.0,3.09,-1.43,-0.74,3.29
134,2018-12-11,51.55,52.48,51.01,51.21,10523,54286955.0,2.88,0.39,0.2,2.62
135,2018-12-12,51.6,52.23,50.68,51.37,10552,54203562.0,3.03,0.31,0.16,2.63
136,2018-12-13,51.71,53.39,51.01,52.91,16366,85846748.0,4.63,3.0,1.54,4.08
137,2018-12-14,52.8,53.15,48.0,48.0,21100,107600011.0,9.73,-9.28,-4.91,5.26
138,2018-12-17,47.75,50.09,47.6,49.87,20912,103179842.0,5.19,3.9,1.87,5.21
139,2018-12-18,50.1,50.17,48.4,48.81,14748,72802829.0,3.55,-2.13,-1.06,3.68
140,2018-12-19,49.29,50.1,47.91,47.91,12761,62909947.0,4.49,-1.84,-0.9,3.18
141,2018-12-20,48.62,49.42,46.82,47.05,20436,97559318.0,5.43,-1.8,-0.86,5.1
142,2018-12-21,47.72,50.3,47.5,50.0,26255,128387379.0,5.95,6.27,2.95,6.55
143,2018-12-24,49.39,49.88,48.2,49.08,19776,96409445.0,3.36,-1.84,-0.92,4.93
144,2018-12-25,48.12,49.49,47.53,48.8,16247,78729794.0,3.99,-0.57,-0.28,4.05
145,2018-12-26,48.88,49.09,47.17,47.17,12494,59838338.0,3.93,-3.34,-1.63,3.12
146,2018-12-27,48.06,48.32,45.12,45.35,16382,76379894.0,6.78,-3.86,-1.82,4.09
147,2018-12-28,45.65,46.58,45.17,46.03,14711,67746368.0,3.11,1.5,0.68,3.67
148,2019-01-02,46.01,47.26,45.73,46.71,9494,44092833.0,3.32,1.48,0.68,2.37
149,2019-01-03,46.84,46.95,43.43,44.44,11550,52776100.0,7.54,-4.86,-2.27,2.88
150,2019-01-04,44.53,47.98,44.53,47.79,18020,84057275.0,7.76,7.54,3.35,4.49
151,2019-01-07,47.92,48.2,47.28,47.91,14452,68945429.0,1.93,0.25,0.12,3.6
152,2019-01-08,47.97,47.98,47.32,47.6,9449,44980979.0,1.38,-0.65,-0.31,2.36
153,2019-01-09,48.48,51.13,48.48,49.83,26691,133144487.0,5.57,4.68,2.23,6.66
154,2019-01-10,49.25,49.92,48.88,49.04,10932,53924261.0,2.09,-1.59,-0.79,2.73
155,2019-01-11,49.21,49.5,47.94,49.04,13031,63311401.0,3.18,0.0,0.0,3.25
156,2019-01-14,49.1,49.68,48.0,48.1,7981,38623850.0,3.43,-1.92,-0.94,1.99
157,2019-01-15,47.89,49.8,47.89,49.66,11452,56186703.0,3.97,3.24,1.56,2.86
158,2019-01-16,49.68,50.04,48.81,49.34,9730,48201839.0,2.48,-0.64,-0.32,2.43
159,2019-01-17,49.35,50.1,48.4,48.72,7148,35202183.0,3.45,-1.26,-0.62,1.78
160,2019-01-18,48.4,49.5,48.4,49.11,6618,32356244.0,2.26,0.8,0.39,1.65
161,2019-01-21,49.59,50.8,49.22,49.76,9482,47483595.0,3.22,1.32,0.65,2.36
162,2019-01-22,49.6,49.97,48.68,49.09,6762,33159264.0,2.59,-1.35,-0.67,1.69
163,2019-01-23,48.95,49.3,48.67,49.0,6470,31668339.0,1.28,-0.18,-0.09,1.61
164,2019-01-24,49.06,49.74,48.45,49.6,7792,38308479.0,2.63,1.22,0.6,1.94
165,2019-01-25,49.5,50.3,49.03,49.36,8638,42927131.0,2.56,-0.48,-0.24,2.15
166,2019-01-28,49.6,51.3,49.6,50.2,12192,61494550.0,3.44,1.7,0.84,3.04
167,2019-01-29,50.5,50.5,47.41,49.09,12220,59633542.0,6.16,-2.21,-1.11,3.05
168,2019-01-30,48.7,49.8,48.24,48.25,7352,35982156.0,3.18,-1.71,-0.84,1.83
169,2019-01-31,48.77,48.8,46.6,46.76,12132,57839254.0,4.56,-3.09,-1.49,3.03
170,2019-02-01,47.0,50.87,47.0,50.49,14981,74033209.0,8.28,7.98,3.73,3.74
171,2019-02-11,51.08,51.7,50.0,51.57,13949,71138243.0,3.37,2.14,1.08,3.48
172,2019-02-12,53.0,53.88,51.6,52.3,13735,72270929.0,4.42,1.42,0.73,3.43
173,2019-02-13,52.44,53.3,51.1,52.65,16368,85723399.0,4.21,0.67,0.35,4.08
174,2019-02-14,51.98,57.83,51.98,56.79,26984,149727765.0,11.11,7.86,4.14,6.73
175,2019-02-15,56.5,56.5,54.65,54.86,20315,112091521.0,3.26,-3.4,-1.93,5.07
176,2019-02-18,55.1,57.39,54.7,57.3,19382,109049722.0,4.9,4.45,2.44,4.83
177,2019-02-19,57.27,57.27,54.01,54.98,21679,120538586.0,5.69,-4.05,-2.32,5.41
178,2019-02-20,55.0,55.5,54.3,54.49,12137,66502095.0,2.18,-0.89,-0.49,3.03
179,2019-02-21,54.6,55.96,52.68,53.6,16839,91711682.0,6.02,-1.63,-0.89,4.2
180,2019-02-22,53.63,55.73,52.82,55.35,14698,80314525.0,5.43,3.26,1.75,3.67
181,2019-02-25,55.49,59.67,55.19,58.03,25424,146552875.0,8.09,4.84,2.68,6.34
182,2019-02-26,58.7,59.05,56.51,57.12,19359,112111681.0,4.38,-1.57,-0.91,4.83
183,2019-02-27,57.01,58.49,56.0,56.39,14158,80856876.0,4.36,-1.28,-0.73,3.53
184,2019-02-28,56.3,57.49,56.0,56.2,10046,56980024.0,2.64,-0.34,-0.19,2.51
185,2019-03-01,56.62,57.39,56.3,56.69,9009,51250720.0,1.94,0.87,0.49,2.25
186,2019-03-04,56.71,59.2,56.7,57.77,18829,109186421.0,4.41,1.91,1.08,4.7
187,2019-03-05,57.2,58.8,56.81,58.74,14568,83884413.0,3.44,1.68,0.97,3.63
188,2019-03-06,58.9,59.97,57.78,59.0,17317,101691305.0,3.73,0.44,0.26,4.32
189,2019-03-07,58.89,58.89,55.58,57.44,23813,136261681.0,5.61,-2.64,-1.56,5.94
190,2019-03-08,56.0,57.66,54.74,55.0,14370,80488298.0,5.08,-4.25,-2.44,3.58
191,2019-03-11,55.0,57.77,54.83,57.71,18266,102708179.0,5.35,4.93,2.71,4.56
192,2019-03-12,58.3,60.85,58.3,59.66,24426,145762504.0,4.42,3.38,1.95,6.09
193,2019-03-13,59.66,60.0,57.56,58.05,13374,78564140.0,4.09,-2.7,-1.61,3.34
194,2019-03-14,58.34,58.6,55.91,57.25,12288,69782440.0,4.63,-1.38,-0.8,3.06
195,2019-03-15,57.25,60.5,57.0,58.91,17037,100789615.0,6.11,2.9,1.66,4.25
196,2019-03-18,58.9,63.55,58.0,62.78,21105,129028017.0,9.42,6.57,3.87,5.26
197,2019-03-19,62.5,63.39,61.3,62.0,12534,78015192.0,3.33,-1.24,-0.78,3.13
198,2019-03-20,63.33,63.33,60.51,61.28,8172,50217276.0,4.55,-1.16,-0.72,2.04
199,2019-03-21,61.51,62.8,61.01,61.27,12123,75075796.0,2.92,-0.02,-0.01,3.02
200,2019-03-22,61.24,62.68,59.5,60.91,14897,90630567.0,5.19,-0.59,-0.36,3.71
201,2019-03-25,60.23,60.94,59.3,60.19,8123,48932498.0,2.69,-1.18,-0.72,2.03
202,2019-03-26,60.05,60.85,58.45,58.45,9958,59345363.0,3.99,-2.89,-1.74,2.48
203,2019-03-27,59.01,59.49,58.0,59.48,8099,47810754.0,2.55,1.76,1.03,2.02
204,2019-03-28,59.0,60.4,58.2,58.92,6750,40181808.0,3.7,-0.94,-0.56,1.68
205,2019-03-29,59.03,61.31,58.67,60.92,8455,51051134.0,4.48,3.39,2.0,2.11
206,2019-04-01,61.3,62.33,60.35,61.65,10833,66668447.0,3.25,1.2,0.73,2.7
207,2019-04-02,61.35,62.5,60.48,60.58,10874,66491719.0,3.28,-1.74,-1.07,2.71
208,2019-04-03,60.3,60.49,58.9,59.89,9645,57457205.0,2.62,-1.14,-0.69,2.41
209,2019-04-04,59.45,60.49,58.92,59.7,8225,48954460.0,2.62,-0.32,-0.19,2.05
210,2019-04-08,59.65,59.97,55.53,57.02,24317,139177471.0,7.44,-4.49,-2.68,6.06
211,2019-04-09,56.89,57.38,56.26,56.73,7159,40686072.0,1.96,-0.51,-0.29,1.79
212,2019-04-10,56.73,56.73,54.69,55.5,11864,65684969.0,3.6,-2.17,-1.23,2.96
213,2019-04-11,55.6,55.92,53.77,54.17,8525,46651056.0,3.87,-2.4,-1.33,2.13
214,2019-04-12,54.4,54.58,53.14,53.33,10175,54659797.0,2.66,-1.55,-0.84,2.54
215,2019-04-15,54.19,54.47,51.9,51.9,12127,64506760.0,4.82,-2.68,-1.43,3.02
216,2019-04-16,52.1,54.33,51.51,54.29,11694,61906288.0,5.43,4.61,2.39,2.92
217,2019-04-17,54.31,54.64,53.39,54.07,8054,43495850.0,2.3,-0.41,-0.22,2.01
218,2019-04-18,54.13,54.94,54.01,54.71,8485,46291740.0,1.72,1.18,0.64,2.12
219,2019-04-19,54.51,55.39,53.55,55.02,8947,48818047.0,3.36,0.57,0.31,2.23
220,2019-04-22,55.04,55.54,52.02,52.45,8769,46836739.0,6.4,-4.67,-2.57,2.19
221,2019-04-23,52.92,53.9,51.59,52.4,8940,47341462.0,4.4,-0.1,-0.05,2.23
222,2019-04-24,53.35,53.35,51.26,52.18,8188,42530155.0,3.99,-0.42,-0.22,2.04
223,2019-04-25,52.17,52.17,50.5,50.6,8407,43123041.0,3.2,-3.03,-1.58,2.1
224,2019-04-26,49.06,52.1,48.9,49.79,13408,67528439.0,6.32,-1.6,-0.81,3.34
225,2019-04-29,47.05,48.6,45.4,45.94,16421,77302199.0,6.43,-7.73,-3.85,4.1
226,2019-04-30,46.72,46.96,46.05,46.9,7435,34563989.0,1.98,2.09,0.96,1.85
227,2019-05-06,45.01,45.75,42.72,43.58,14156,62620745.0,6.46,-7.08,-3.32,3.53
228,2019-05-07,43.41,45.38,43.41,45.1,9580,42626939.0,4.52,3.49,1.52,2.39
229,2019-05-08,44.8,45.85,43.8,44.92,7067,31942935.0,4.55,-0.4,-0.18,1.76
230,2019-05-09,44.54,45.16,43.81,43.89,6104,27063515.0,3.01,-2.29,-1.03,1.52
231,2019-05-10,44.55,45.98,42.81,45.8,11171,49857464.0,7.22,4.35,1.91,2.79
232,2019-05-13,45.38,45.38,43.91,44.24,7610,33788842.0,3.21,-3.41,-1.56,1.9
233,2019-05-14,43.8,44.65,43.5,43.59,5819,25576642.0,2.6,-1.47,-0.65,1.45
234,2019-05-15,44.0,44.46,43.7,44.32,6297,27767024.0,1.74,1.67,0.73,1.57
235,2019-05-16,44.25,45.19,44.0,45.0,6374,28459233.0,2.69,1.53,0.68,1.59
236,2019-05-17,45.08,45.28,42.71,43.03,11185,48635390.0,5.71,-4.38,-1.97,2.79
237,2019-05-20,42.95,42.95,40.11,42.21,7645,31734469.0,6.6,-1.91,-0.82,1.91
238,2019-05-21,42.0,43.49,42.0,43.28,5489,23617404.0,3.53,2.53,1.07,1.37
239,2019-05-22,43.41,43.41,42.6,42.9,3832,16468356.0,1.87,-0.88,-0.38,0.96
240,2019-05-23,42.77,42.77,40.78,40.78,10484,43718724.0,4.64,-4.94,-2.12,2.61
241,2019-05-24,40.7,42.71,40.7,41.64,9321,39248928.0,4.93,2.11,0.86,2.32
242,2019-05-27,42.84,43.87,41.7,43.58,7064,30364459.0,5.21,4.66,1.94,1.76
243,2019-05-28,42.86,44.4,42.74,43.04,7194,31273000.0,3.81,-1.24,-0.54,0.56
244,2019-05-29,42.99,43.71,42.67,43.55,7258,31310383.0,2.42,1.18,0.51,0.57
245,2019-05-30,42.87,43.16,41.81,42.25,7312,30926605.0,3.1,-2.99,-1.3,0.57
246,2019-05-31,42.42,43.69,42.21,42.85,5956,25621400.0,3.5,1.42,0.6,0.46
247,2019-06-03,42.1,43.0,41.26,42.57,8880,37574622.0,4.06,-0.65,-0.28,0.69
248,2019-06-04,42.88,42.88,41.61,42.14,4821,20328758.0,2.98,-1.01,-0.43,0.38
249,2019-06-05,42.7,42.7,41.2,41.28,5386,22489035.0,3.56,-2.04,-0.86,0.42
250,2019-06-06,41.5,41.5,38.84,39.01,12938,51602853.0,6.44,-5.5,-2.27,1.01
251,2019-06-10,39.85,40.15,39.02,39.07,10388,40892743.0,2.9,0.15,0.06,0.81
252,2019-06-11,38.99,41.48,38.82,41.35,10660,42798946.0,6.81,5.84,2.28,0.83
253,2019-06-12,30.0,30.05,29.31,29.57,10523,31207251.0,1.79,-28.49,-11.78,0.59
254,2019-06-13,29.18,29.66,28.31,28.9,12901,37007236.0,4.57,-2.27,-0.67,0.72
255,2019-06-14,28.63,29.82,28.4,28.48,14359,41669107.0,4.91,-1.45,-0.42,0.8
256,2019-06-17,28.4,28.87,27.81,28.01,9145,25764434.0,3.72,-1.65,-0.47,0.51
257,2019-06-18,28.21,28.5,27.9,28.43,8271,23312112.0,2.14,1.5,0.42,0.46
258,2019-06-19,28.97,29.76,28.41,28.5,15337,44271146.0,4.75,0.25,0.07,0.85
259,2019-06-20,28.33,28.86,28.03,28.72,16052,45795411.0,2.91,0.77,0.22,0.89
260,2019-06-21,28.85,30.1,28.8,30.08,44677,131217403.0,4.53,4.74,1.36,2.49
261,2019-06-24,29.55,31.08,29.3,30.08,36774,110246473.0,5.92,0.0,0.0,2.05
262,2019-06-25,30.08,30.12,29.5,29.91,17393,51765200.0,2.06,-0.57,-0.17,0.97
263,2019-06-26,29.91,30.87,29.63,30.26,26143,79562868.0,4.15,1.17,0.35,1.46
264,2019-06-27,30.4,30.77,29.84,30.24,14428,43744408.0,3.07,-0.07,-0.02,0.8
265,2019-06-28,30.07,30.5,30.0,30.25,12080,36473714.0,1.65,0.03,0.01,0.67
266,2019-07-01,31.2,31.55,30.65,30.92,24642,76645084.0,2.98,2.21,0.67,1.37
267,2019-07-02,30.92,31.6,30.92,31.15,22837,71508877.0,2.2,0.74,0.23,1.27
268,2019-07-03,31.22,31.45,30.51,30.98,14328,44444323.0,3.02,-0.55,-0.17,0.8
269,2019-07-04,30.97,31.59,30.97,31.29,12597,39479181.0,2.0,1.0,0.31,0.7
270,2019-07-05,31.25,31.43,30.8,31.34,8942,27905544.0,2.01,0.16,0.05,0.5
271,2019-07-08,31.31,31.37,30.31,30.31,13989,42898743.0,3.38,-3.29,-1.03,0.78
272,2019-07-09,30.37,30.9,30.37,30.54,12651,38793981.0,1.75,0.76,0.23,0.7
273,2019-07-10,30.84,30.84,29.95,30.0,10620,32140823.0,2.91,-1.77,-0.54,0.59
274,2019-07-11,30.45,30.69,30.08,30.51,9966,30361374.0,2.03,1.7,0.51,0.55
275,2019-07-12,30.19,30.85,30.12,30.84,10723,32783297.0,2.39,1.08,0.33,0.6
276,2019-07-15,30.69,30.69,29.83,30.22,16829,50766831.0,2.79,-2.01,-0.62,0.94
277,2019-07-16,30.18,30.18,29.2,29.31,15912,47074201.0,3.24,-3.01,-0.91,0.89
278,2019-07-17,29.34,29.64,28.91,28.99,11992,35061697.0,2.49,-1.09,-0.32,0.67
279,2019-07-18,28.83,28.88,27.91,27.91,15500,43812786.0,3.35,-3.73,-1.08,0.86
280,2019-07-19,28.08,28.68,27.74,27.83,12293,34531800.0,3.37,-0.29,-0.08,0.68
281,2019-07-22,28.0,28.37,26.2,26.47,19270,52009879.0,7.8,-4.89,-1.36,1.07
282,2019-07-23,26.6,26.88,26.36,26.72,9470,25261990.0,1.96,0.94,0.25,0.53
283,2019-07-24,26.84,27.72,26.8,27.35,19502,53438776.0,3.44,2.36,0.63,1.09
284,2019-07-25,27.88,27.88,26.5,26.68,19994,53831005.0,5.05,-2.45,-0.67,1.11
285,2019-07-26,26.62,27.15,26.21,26.45,23099,61317245.0,3.52,-0.86,-0.23,1.29
286,2019-07-29,26.54,27.09,25.91,27.02,29172,77355729.0,4.46,2.16,0.57,1.62
287,2019-07-30,26.82,27.49,26.51,26.56,28191,76121474.0,3.63,-1.7,-0.46,1.57
288,2019-07-31,26.52,26.96,26.41,26.45,13603,36264603.0,2.07,-0.41,-0.11,0.76
289,2019-08-01,26.45,26.5,26.01,26.11,11884,31111563.0,1.85,-1.29,-0.34,0.66
290,2019-08-02,25.75,25.75,25.18,25.63,18063,45897373.0,2.18,-1.84,-0.48,1.01
291,2019-08-05,25.47,25.63,24.52,24.68,22285,55697502.0,4.33,-3.71,-0.95,1.24
292,2019-08-06,24.2,24.28,23.08,23.89,32330,76853487.0,4.86,-3.2,-0.79,1.8
293,2019-08-07,23.97,25.45,23.89,24.78,27615,68553625.0,6.53,3.73,0.89,1.54
294,2019-08-08,24.98,25.26,24.61,24.93,13456,33586987.0,2.62,0.61,0.15,0.75
295,2019-08-09,25.01,25.38,24.51,24.6,12573,31278990.0,3.49,-1.32,-0.33,0.7
296,2019-08-12,24.77,25.3,24.77,25.3,10457,26203582.0,2.15,2.85,0.7,0.58
297,2019-08-13,24.91,25.2,24.35,24.72,15266,37798529.0,3.36,-2.29,-0.58,0.85
298,2019-08-14,24.97,25.3,24.73,24.9,16583,41588019.0,2.31,0.73,0.18,0.92
299,2019-08-15,24.16,25.2,24.1,25.18,15631,38841135.0,4.42,1.12,0.28,0.87
300,2019-08-16,25.05,25.65,25.05,25.5,16508,41992259.0,2.38,1.27,0.32,0.92
301,2019-08-19,25.52,26.86,25.52,26.79,28767,75493498.0,5.25,5.06,1.29,1.6
302,2019-08-20,26.43,28.1,26.43,27.59,48786,134392126.0,6.23,2.99,0.8,2.72
303,2019-08-21,27.49,28.79,27.22,28.27,34027,95887655.0,5.69,2.46,0.68,1.89
304,2019-08-22,28.23,28.68,27.66,27.9,20467,57108242.0,3.61,-1.31,-0.37,1.14
305,2019-08-23,27.89,28.1,27.4,27.73,15356,42765546.0,2.51,-0.61,-0.17,0.85
306,2019-08-26,27.2,27.7,27.12,27.39,13798,37721752.0,2.09,-1.23,-0.34,0.77
307,2019-08-27,27.55,29.9,27.55,28.84,34519,99396462.0,8.58,5.29,1.45,1.92
308,2019-08-28,28.99,29.2,28.18,28.5,17695,50590011.0,3.54,-1.18,-0.34,0.98
309,2019-08-29,28.49,28.5,27.51,27.69,19037,52917951.0,3.47,-2.84,-0.81,1.06
310,2019-08-30,27.35,27.48,25.0,25.25,71967,187804588.0,8.96,-8.81,-2.44,4.01
311,2019-09-02,25.21,26.7,25.01,26.33,42373,111174119.0,6.69,4.28,1.08,2.36
312,2019-09-03,26.85,26.88,24.6,25.0,79739,201007002.0,8.66,-5.05,-1.33,4.44
313,2019-09-04,24.82,25.27,24.56,25.05,43976,109409928.0,2.84,0.2,0.05,2.45
314,2019-09-05,25.26,25.37,24.78,24.9,58935,148054752.0,2.36,-0.6,-0.15,3.28
315,2019-09-06,25.0,25.18,24.62,24.76,37562,93456163.0,2.25,-0.56,-0.14,2.09
316,2019-09-09,24.98,25.33,24.64,25.3,51404,128532846.0,2.79,2.18,0.54,2.86
317,2019-09-10,25.3,25.85,25.15,25.78,57108,145878647.0,2.77,1.9,0.48,3.18
318,2019-09-11,25.94,25.99,25.41,25.47,36678,93898798.0,2.25,-1.2,-0.31,2.04
319,2019-09-12,25.6,25.72,25.43,25.53,27710,70803144.0,1.14,0.24,0.06,1.54
320,2019-09-16,25.56,25.85,25.55,25.68,28348,72821873.0,1.18,0.59,0.15,1.58
321,2019-09-17,25.63,25.65,24.44,24.57,46515,115723942.0,4.71,-4.32,-1.11,2.59
322,2019-09-18,24.74,24.74,24.24,24.53,28044,68718085.0,2.04,-0.16,-0.04,1.56
323,2019-09-19,24.53,24.69,24.25,24.69,17056,41687021.0,1.79,0.65,0.16,0.95
324,2019-09-20,24.69,24.77,24.46,24.49,23873,58788043.0,1.26,-0.81,-0.2,1.33
325,2019-09-23,24.49,24.55,23.8,23.91,27872,66800412.0,3.06,-2.37,-0.58,1.55
326,2019-09-24,23.91,24.18,23.6,23.73,23461,55982662.0,2.43,-0.75,-0.18,1.31
327,2019-09-25,23.62,23.7,23.01,23.1,34097,79182514.0,2.91,-2.65,-0.63,1.9
328,2019-09-26,23.1,23.23,21.8,22.02,51518,114957189.0,6.19,-4.68,-1.08,2.87
329,2019-09-27,22.1,22.19,21.91,21.95,31973,70427170.0,1.27,-0.32,-0.07,1.78
330,2019-09-30,22.03,22.58,22.0,22.0,22868,50902192.0,2.64,0.23,0.05,1.27
331,2019-10-08,22.1,22.62,22.0,22.19,24512,54741603.0,2.82,0.86,0.19,1.36
332,2019-10-09,22.0,22.17,21.61,22.17,18061,39596886.0,2.52,-0.09,-0.02,1.01
333,2019-10-10,22.21,22.4,22.08,22.36,18220,40593500.0,1.44,0.86,0.19,1.01
334,2019-10-11,22.36,22.42,21.93,22.11,26055,57637564.0,2.19,-1.12,-0.25,1.45
335,2019-10-14,22.35,22.54,22.26,22.5,28544,64035505.0,1.27,1.76,0.39,1.59
336,2019-10-15,22.48,22.48,21.99,22.07,22875,50626371.0,2.18,-1.91,-0.43,1.27
337,2019-10-16,22.08,22.19,21.61,21.72,20439,44788820.0,2.63,-1.59,-0.35,1.14
338,2019-10-17,21.62,21.82,21.41,21.49,18592,40219469.0,1.89,-1.06,-0.23,1.03
339,2019-10-18,21.63,23.64,21.55,23.64,75252,172542855.0,9.73,10.0,2.15,4.19
340,2019-10-21,24.6,25.5,23.75,23.93,130577,318443376.0,7.4,1.23,0.29,7.27
341,2019-10-22,23.55,24.63,23.23,24.2,76532,183965433.0,5.85,1.13,0.27,4.26
342,2019-10-23,24.2,24.26,23.28,23.42,55800,132276766.0,4.05,-3.22,-0.78,3.11
343,2019-10-24,23.26,23.49,22.81,23.01,44161,101904395.0,2.9,-1.75,-0.41,2.46
344,2019-10-25,23.0,23.06,22.56,22.93,37074,84489652.0,2.17,-0.35,-0.08,2.06
345,2019-10-28,22.86,23.43,22.62,23.33,43613,100618056.0,3.53,1.74,0.4,2.43
346,2019-10-29,23.2,23.2,22.06,22.4,47900,108543277.0,4.89,-3.99,-0.93,2.67
347,2019-10-30,21.16,21.48,20.21,20.51,75078,156181597.0,5.67,-8.44,-1.89,4.18
348,2019-10-31,20.85,20.85,19.84,19.96,50993,102915963.0,4.92,-2.68,-0.55,2.84
349,2019-11-01,19.96,20.25,19.36,20.12,34277,67948409.0,4.46,0.8,0.16,1.91
350,2019-11-04,20.2,20.38,19.84,19.85,31201,62453386.0,2.68,-1.34,-0.27,1.74
351,2019-11-05,19.94,20.25,19.4,20.1,45016,89413810.0,4.28,1.26,0.25,2.51
352,2019-11-06,20.1,20.11,19.7,19.85,24095,47919945.0,2.04,-1.24,-0.25,1.34
353,2019-11-07,19.79,20.1,19.61,20.0,17323,34501025.0,2.47,0.76,0.15,0.96
354,2019-11-08,20.24,20.24,19.76,19.9,22292,44560177.0,2.4,-0.5,-0.1,1.24
355,2019-11-11,20.11,20.11,19.42,19.51,24011,47066563.0,3.47,-1.96,-0.39,1.34
356,2019-11-12,19.57,19.59,18.91,19.24,25927,49693904.0,3.49,-1.38,-0.27,1.44
357,2019-11-13,19.24,19.24,18.81,18.88,21795,41289338.0,2.23,-1.87,-0.36,1.21
358,2019-11-14,18.94,19.35,18.89,19.22,23796,45511416.0,2.44,1.8,0.34,1.32
359,2019-11-15,19.38,19.38,18.59,18.6,24419,46016830.0,4.11,-3.23,-0.62,1.36
360,2019-11-18,18.74,19.35,18.52,19.02,25126,47580725.0,4.46,2.26,0.42,1.4
361,2019-11-19,18.97,19.5,18.95,19.36,32434,62579149.0,2.89,1.79,0.34,1.81
362,2019-11-20,19.4,19.49,19.15,19.21,22971,44271408.0,1.76,-0.77,-0.15,1.28
363,2019-11-21,19.1,19.33,18.82,19.31,19246,36835222.0,2.65,0.52,0.1,1.07
364,2019-11-22,19.35,20.65,19.26,19.73,54811,109218788.0,7.2,2.18,0.42,3.05
365,2019-11-25,19.5,19.7,19.06,19.2,23657,45487431.0,3.24,-2.69,-0.53,1.32
366,2019-11-26,19.21,19.33,18.99,19.05,11507,21980734.0,1.77,-0.78,-0.15,0.64
367,2019-11-27,19.07,19.45,18.85,19.3,20188,38741563.0,3.15,1.31,0.25,1.12
368,2019-11-28,19.1,19.32,18.92,19.02,14797,28234341.0,2.07,-1.45,-0.28,0.82
369,2019-11-29,19.0,19.14,18.89,19.05,11972,22781413.0,1.31,0.16,0.03,0.67
370,2019-12-02,19.05,19.28,18.91,18.93,10668,20306195.0,1.94,-0.63,-0.12,0.59
371,2019-12-03,18.94,19.08,18.81,19.07,11317,21434777.0,1.43,0.74,0.14,0.63
372,2019-12-04,18.9,19.05,18.88,18.97,10635,20159304.0,0.89,-0.52,-0.1,0.59
373,2019-12-05,19.23,19.34,19.06,19.23,20400,39202620.0,1.48,1.37,0.26,1.14
374,2019-12-06,19.38,20.88,19.38,20.23,78443,159158632.0,7.8,5.2,1.0,4.37
375,2019-12-09,19.88,20.18,19.68,19.98,33050,65780196.0,2.47,-1.24,-0.25,1.84
376,2019-12-10,19.9,19.98,19.64,19.94,23003,45587497.0,1.7,-0.2,-0.04,1.28
377,2019-12-11,19.97,20.52,19.93,20.42,46605,94802772.0,2.96,2.41,0.48,2.59
378,2019-12-12,20.28,20.65,20.01,20.05,34201,69503251.0,3.13,-1.81,-0.37,1.9
379,2019-12-13,20.22,20.78,20.2,20.48,57254,117470015.0,2.89,2.14,0.43,3.19
380,2019-12-16,20.65,20.76,20.31,20.66,49495,101817961.0,2.2,0.88,0.18,2.76
381,2019-12-17,20.55,20.84,20.52,20.55,49782,102767381.0,1.55,-0.53,-0.11,2.77
382,2019-12-18,20.68,21.99,20.68,21.5,116526,247832838.0,6.37,4.62,0.95,6.49
383,2019-12-19,21.31,21.76,21.0,21.45,84040,179334568.0,3.53,-0.23,-0.05,4.68
384,2019-12-20,21.4,21.4,20.89,21.11,46094,97588135.0,2.38,-1.59,-0.34,2.57
385,2019-12-23,20.91,21.13,20.11,20.2,38973,80382082.0,4.83,-4.31,-0.91,2.17
386,2019-12-24,20.31,20.44,20.08,20.35,26886,54521680.0,1.78,0.74,0.15,1.5
387,2019-12-25,20.31,20.7,20.23,20.39,26605,54495530.0,2.31,0.2,0.04,1.48
388,2019-12-26,20.63,20.63,20.34,20.53,18193,37242946.0,1.42,0.69,0.14,1.01
389,2019-12-27,20.57,20.69,20.23,20.25,30448,62316132.0,2.24,-1.36,-0.28,1.69
390,2019-12-30,20.24,20.4,19.82,20.31,22760,45823078.0,2.86,0.3,0.06,1.27
391,2019-12-31,20.31,20.44,20.1,20.29,19908,40324814.0,1.67,-0.1,-0.02,1.11
392,2020-01-02,20.45,21.2,20.43,21.03,41664,87152437.0,3.79,3.65,0.74,2.32
393,2020-01-03,21.1,21.45,20.93,21.15,36124,76564709.0,2.47,0.57,0.12,2.01
394,2020-01-06,21.15,21.88,20.93,21.86,57189,122772434.0,4.49,3.36,0.71,3.18
395,2020-01-07,21.74,22.08,21.66,21.91,36522,79814548.0,1.92,0.23,0.05,2.03
396,2020-01-08,21.61,22.34,21.5,21.6,55706,121749760.0,3.83,-1.41,-0.31,3.1
397,2020-01-09,21.74,22.17,21.74,21.82,35705,78245113.0,1.99,1.02,0.22,1.99
398,2020-01-10,21.7,22.05,21.7,21.83,26996,59093304.0,1.6,0.05,0.01,1.5
399,2020-01-13,21.76,22.12,21.52,21.98,24888,54403486.0,2.75,0.69,0.15,1.39
400,2020-01-14,21.97,22.87,21.97,22.57,55030,124141104.0,4.09,2.68,0.59,3.06
401,2020-01-15,22.6,22.74,22.05,22.48,29908,66873691.0,3.06,-0.4,-0.09,1.66
402,2020-01-16,22.34,22.89,22.31,22.42,24223,54653927.0,2.58,-0.27,-0.06,1.35
403,2020-01-17,22.5,22.63,22.06,22.29,22006,49098222.0,2.54,-0.58,-0.13,1.22
404,2020-01-20,22.08,22.39,21.51,22.25,27462,60538475.0,3.95,-0.18,-0.04,1.53
405,2020-01-21,22.23,22.68,21.73,22.4,33156,73761991.0,4.27,0.67,0.15,1.85
406,2020-01-22,22.49,22.5,21.7,22.47,37383,82815786.0,3.57,0.31,0.07,2.08
407,2020-01-23,22.2,22.3,21.07,22.1,44441,96409946.0,5.47,-1.65,-0.37,2.47
408,2020-02-03,19.89,20.21,19.89,19.89,13612,27082169.0,1.45,-10.0,-2.21,0.76
409,2020-02-04,18.9,20.17,18.9,19.9,56037,110345030.0,6.39,0.05,0.01,3.12
410,2020-02-05,19.98,21.7,19.76,21.55,51730,107909798.0,9.75,8.29,1.65,2.88
411,2020-02-06,22.26,23.71,21.77,23.71,131493,302826176.0,9.0,10.02,2.16,7.32
412,2020-02-07,25.0,25.0,23.4,24.2,95850,231108958.0,6.75,2.07,0.49,5.34
413,2020-02-10,25.0,25.76,23.85,25.4,100105,250700012.0,7.89,4.96,1.2,5.57
414,2020-02-11,25.03,25.29,24.0,24.45,75921,187427012.0,5.08,-3.74,-0.95,4.23
415,2020-02-12,24.69,25.46,24.24,25.08,54382,135177830.0,4.99,2.58,0.63,3.03
416,2020-02-13,25.26,26.85,25.01,25.76,78909,205879265.0,7.34,2.71,0.68,4.39
417,2020-02-14,25.5,26.27,24.7,25.25,53671,136527305.0,6.09,-1.98,-0.51,2.99
418,2020-02-17,25.66,25.67,24.75,25.31,50550,126976844.0,3.64,0.24,0.06,2.81
419,2020-02-18,25.31,26.07,25.18,25.55,54937,140610238.0,3.52,0.95,0.24,3.06
420,2020-02-19,25.88,27.75,25.26,27.16,89134,238104131.0,9.75,6.3,1.61,4.96
421,2020-02-20,27.45,28.0,26.08,28.0,87987,237746732.0,7.07,3.09,0.84,4.9
422,2020-02-21,27.76,27.77,26.65,26.99,86234,233947130.0,4.0,-3.61,-1.01,4.8
423,2020-02-24,26.2,26.45,25.0,25.59,87977,226226473.0,5.37,-5.19,-1.4,4.9
424,2020-02-25,25.29,26.6,24.59,26.54,76417,195999851.0,7.85,3.71,0.95,4.25
425,2020-02-26,25.89,26.29,25.09,25.13,44176,112785283.0,4.52,-5.31,-1.41,2.46
426,2020-02-27,25.13,25.61,24.75,25.24,26924,67829441.0,3.42,0.44,0.11,1.5
427,2020-02-28,24.7,24.94,23.02,23.05,45464,108846851.0,7.61,-8.68,-2.19,2.53
428,2020-03-02,23.45,23.87,23.45,23.64,33940,80330869.0,1.82,2.56,0.59,1.89
429,2020-03-03,23.86,24.49,23.35,23.7,33493,80310851.0,4.82,0.25,0.06,1.86
430,2020-03-04,23.7,23.88,23.01,23.47,31860,74649572.0,3.67,-0.97,-0.23,1.77
431,2020-03-05,23.7,24.8,23.47,24.45,54853,132082911.0,5.67,4.18,0.98,3.05
432,2020-03-06,23.99,25.23,23.8,24.73,53279,131171972.0,5.85,1.15,0.28,2.97
433,2020-03-09,24.1,24.46,23.15,23.15,35842,85141232.0,5.3,-6.39,-1.58,2.0
434,2020-03-10,22.9,24.18,22.82,23.95,35019,82429555.0,5.87,3.46,0.8,1.95
435,2020-03-11,24.0,24.29,23.57,23.62,32947,78855673.0,3.01,-1.38,-0.33,1.83
436,2020-03-12,23.21,23.73,23.21,23.6,25448,59633708.0,2.2,-0.08,-0.02,1.42
437,2020-03-13,22.8,23.18,21.63,22.58,45716,102363225.0,6.57,-4.32,-1.02,2.54
438,2020-03-16,22.8,22.81,21.01,21.15,33188,72973248.0,7.97,-6.33,-1.43,1.85
439,2020-03-17,21.36,21.79,20.19,21.0,28390,59660940.0,7.57,-0.71,-0.15,1.58
440,2020-03-18,21.2,21.45,20.36,20.4,41709,87285534.0,5.19,-2.86,-0.6,2.32
441,2020-03-19,20.34,20.52,19.62,20.11,43992,88074636.0,4.41,-1.42,-0.29,2.45
442,2020-03-20,20.28,20.37,19.85,20.11,30315,60975621.0,2.59,0.0,0.0,1.69
443,2020-03-23,19.65,19.98,18.45,18.66,41625,79531843.0,7.61,-7.21,-1.45,2.32
444,2020-03-24,18.79,20.41,18.78,19.32,53534,103402886.0,8.74,3.54,0.66,2.98
445,2020-03-25,19.69,19.88,19.35,19.7,37509,73606780.0,2.74,1.97,0.38,2.09
446,2020-03-26,19.51,19.9,19.17,19.66,24581,48110735.0,3.71,-0.2,-0.04,1.37
447,2020-03-27,19.96,20.99,19.92,20.05,56470,115522217.0,5.44,1.98,0.39,3.14
448,2020-03-30,19.75,19.94,19.05,19.18,37866,73308846.0,4.44,-4.34,-0.87,2.11
449,2020-03-31,19.54,19.66,19.05,19.27,24713,47726085.0,3.18,0.47,0.09,1.38
450,2020-04-01,19.41,19.68,19.1,19.19,20049,38867610.0,3.01,-0.42,-0.08,1.12
451,2020-04-02,19.09,19.65,19.0,19.56,25652,49761498.0,3.39,1.93,0.37,1.43
452,2020-04-03,19.6,19.6,19.06,19.16,21983,42405303.0,2.76,-2.04,-0.4,1.22
453,2020-04-07,19.47,20.2,19.46,20.12,40897,80963295.0,3.86,5.01,0.96,2.28
454,2020-04-08,19.92,20.12,19.75,19.9,30596,60999266.0,1.84,-1.09,-0.22,1.7
455,2020-04-09,20.16,20.18,19.86,19.91,16568,33123408.0,1.61,0.05,0.01,0.92
456,2020-04-10,19.85,20.2,19.41,19.44,21797,43041947.0,3.97,-2.36,-0.47,1.21
457,2020-04-13,19.21,19.44,18.97,19.06,18371,35086020.0,2.42,-1.95,-0.38,1.02
458,2020-04-14,19.2,19.26,18.82,18.99,41657,79028889.0,2.31,-0.37,-0.07,2.32
459,2020-04-15,19.02,19.06,18.62,18.78,34731,65251800.0,2.32,-1.11,-0.21,1.93
460,2020-04-16,18.6,19.15,18.56,19.11,28991,54868247.0,3.14,1.76,0.33,1.61
461,2020-04-17,19.19,20.2,19.17,19.62,55423,109081861.0,5.39,2.67,0.51,3.09
462,2020-04-20,19.86,19.95,19.48,19.83,26378,52061588.0,2.4,1.07,0.21,1.47
463,2020-04-21,19.9,19.9,19.42,19.61,19934,39039641.0,2.42,-1.11,-0.22,1.11
464,2020-04-22,19.58,19.86,19.42,19.81,16631,32823669.0,2.24,1.02,0.2,0.93
465,2020-04-23,19.82,19.86,19.54,19.56,13930,27430887.0,1.62,-1.26,-0.25,0.78
466,2020-04-24,19.56,19.74,19.27,19.35,12506,24395835.0,2.4,-1.07,-0.21,0.7
467,2020-04-27,19.45,19.58,19.06,19.12,14778,28513975.0,2.69,-1.19,-0.23,0.82
468,2020-04-28,19.04,19.18,17.9,18.54,36102,66528261.0,6.69,-3.03,-0.58,2.01
469,2020-04-29,18.54,18.86,18.4,18.55,12082,22510157.0,2.48,0.05,0.01,0.67
470,2020-04-30,18.65,19.49,18.65,19.47,27874,53755710.0,4.53,4.96,0.92,1.55
471,2020-05-06,19.32,20.64,19.11,20.34,48808,97476158.0,7.86,4.47,0.87,2.72
472,2020-05-07,20.04,20.24,19.6,19.63,44501,88442564.0,3.15,-3.49,-0.71,2.48
473,2020-05-08,19.75,20.37,19.66,20.3,41249,82801883.0,3.62,3.41,0.67,2.3
474,2020-05-11,20.3,21.8,20.3,21.27,80334,170526151.0,7.39,4.78,0.97,4.47
475,2020-05-12,21.1,21.18,20.58,20.93,39883,83242170.0,2.82,-1.6,-0.34,2.22
476,2020-05-13,20.84,21.45,20.61,21.25,36491,77098920.0,4.01,1.53,0.32,2.03
477,2020-05-14,21.15,23.01,21.02,22.18,66707,147869468.0,9.36,4.38,0.93,3.71
478,2020-05-15,22.35,23.67,22.18,23.44,73397,168999352.0,6.72,5.68,1.26,4.09
479,2020-05-18,23.49,23.88,22.4,22.6,63954,146475275.0,6.31,-3.58,-0.84,3.56
480,2020-05-19,22.94,24.86,22.81,24.86,88406,212905286.0,9.07,10.0,2.26,4.92
481,2020-05-20,25.85,26.69,24.92,26.09,129892,336256160.0,7.12,4.95,1.23,7.23
482,2020-05-21,26.05,26.59,25.35,25.95,62664,163766873.0,4.75,-0.54,-0.14,3.49
483,2020-05-22,25.87,26.1,24.79,25.32,59272,150647737.0,5.05,-2.43,-0.63,3.3
484,2020-05-25,25.21,26.14,25.04,25.35,52767,134616559.0,4.34,0.12,0.03,2.94
485,2020-05-26,25.62,27.2,25.5,26.37,77708,206075355.0,6.71,4.02,1.02,4.33
486,2020-05-27,26.49,26.89,25.82,26.42,42113,110941787.0,4.06,0.19,0.05,2.34
487,2020-05-28,26.13,26.29,25.46,26.16,45736,118607571.0,3.14,-0.98,-0.26,2.55
488,2020-05-29,26.02,28.24,25.71,27.67,76066,209221460.0,9.67,5.77,1.51,4.23
489,2020-06-01,27.89,29.97,27.89,29.28,91532,266130381.0,7.52,5.82,1.61,5.1
490,2020-06-02,29.39,30.19,28.82,29.2,69989,206646388.0,4.68,-0.27,-0.08,3.9
491,2020-06-03,29.34,29.49,28.8,29.2,40161,117212306.0,2.36,0.0,0.0,2.24
492,2020-06-04,29.39,29.76,28.95,29.36,52124,152620739.0,2.77,0.55,0.16,2.9
493,2020-06-05,28.91,29.31,28.0,28.68,74902,213570822.0,4.46,-2.32,-0.68,4.17
494,2020-06-08,28.99,29.75,28.36,28.76,70435,203959345.0,4.85,0.28,0.08,3.92
495,2020-06-09,29.14,29.14,28.22,28.73,52502,150522798.0,3.2,-0.1,-0.03,2.92
496,2020-06-10,29.22,29.22,28.15,28.75,28410,81024161.0,3.72,0.07,0.02,1.58
497,2020-06-11,28.68,29.2,27.82,28.18,64102,180766958.0,4.8,-1.98,-0.57,3.57
498,2020-06-12,27.1,28.48,26.83,28.08,52487,145803528.0,5.86,-0.35,-0.1,2.92
499,2020-06-15,28.51,28.66,27.55,27.77,36927,103860505.0,3.95,-1.1,-0.31,2.06
500,2020-06-16,28.2,28.48,27.72,27.85,33779,94589016.0,2.74,0.29,0.08,1.88
501,2020-06-17,28.1,29.08,27.33,28.46,55482,156569475.0,6.28,2.19,0.61,3.09
502,2020-06-18,28.52,28.93,27.47,28.25,45418,127182179.0,5.13,-0.74,-0.21,2.53
503,2020-06-19,27.94,31.08,27.83,31.08,63830,192395339.0,11.5,10.02,2.83,3.55
504,2020-06-22,31.08,31.4,30.15,30.25,73074,224067178.0,4.02,-2.67,-0.83,4.07
505,2020-06-23,30.56,30.68,29.65,30.25,46441,140025855.0,3.4,0.0,0.0,2.59
506,2020-06-24,30.3,31.5,29.86,31.49,58031,178540308.0,5.42,4.1,1.24,3.23
507,2020-06-29,31.0,31.1,29.9,30.4,42704,129925938.0,3.81,-3.46,-1.09,2.38
508,2020-06-30,30.61,31.08,30.12,30.21,25582,77962842.0,3.16,-0.63,-0.19,1.42
509,2020-07-01,30.39,32.38,30.05,31.46,47552,148546361.0,7.71,4.14,1.25,2.65
510,2020-07-02,31.51,32.23,31.2,31.94,36926,116862355.0,3.27,1.53,0.48,2.06
511,2020-07-03,32.21,32.37,31.51,31.79,38432,122616556.0,2.69,-0.47,-0.15,2.14
512,2020-07-06,32.1,32.1,31.1,31.7,57385,180934379.0,3.15,-0.28,-0.09,3.19
513,2020-07-07,31.77,33.44,31.55,33.0,58728,191371859.0,5.96,4.1,1.3,3.27
514,2020-07-08,32.5,33.2,30.74,32.0,79968,253232685.0,7.45,-3.03,-1.0,4.45
515,2020-07-09,31.6,32.95,31.0,32.54,53954,172881790.0,6.09,1.69,0.54,3.0
516,2020-07-10,32.27,32.96,32.01,32.18,38572,125150660.0,2.92,-1.11,-0.36,2.15
517,2020-07-13,32.8,33.35,32.06,33.01,46874,153204704.0,4.01,2.58,0.83,2.61
518,2020-07-14,33.29,33.29,31.26,31.94,45900,146839268.0,6.15,-3.24,-1.07,2.55
519,2020-07-15,31.94,32.29,31.09,31.25,30661,96748046.0,3.76,-2.16,-0.69,1.71
520,2020-07-16,31.55,32.13,29.12,29.2,46412,141704654.0,9.63,-6.56,-2.05,2.58
521,2020-07-17,29.23,30.5,28.52,29.2,48469,142689554.0,6.78,0.0,0.0,2.7
522,2020-07-20,29.5,29.7,28.29,29.0,57797,166232105.0,4.83,-0.68,-0.2,3.22
523,2020-07-21,29.0,30.8,28.89,29.69,52542,155571959.0,6.59,2.38,0.69,2.92
524,2020-07-22,29.65,30.28,29.3,29.53,38488,114421916.0,3.3,-0.54,-0.16,2.14
525,2020-07-23,29.48,29.88,28.53,29.22,32280,94101591.0,4.57,-1.05,-0.31,1.8
526,2020-07-24,29.39,30.2,28.05,28.1,65895,191214099.0,7.36,-3.83,-1.12,3.67
527,2020-07-27,28.11,29.49,27.5,29.18,64278,185550543.0,7.08,3.84,1.08,3.58
528,2020-07-28,29.33,29.86,28.8,29.5,30545,89344052.0,3.63,1.1,0.32,1.7
529,2020-07-29,29.3,30.74,29.05,30.72,49017,148654781.0,5.73,4.14,1.22,2.73
530,2020-07-30,31.35,31.66,29.91,30.75,55558,170569941.0,5.7,0.1,0.03,3.09
531,2020-07-31,30.7,32.2,30.51,31.6,44170,139035632.0,5.5,2.76,0.85,2.46
532,2020-08-03,32.2,32.77,31.51,32.53,32116,103358760.0,3.99,2.94,0.93,1.79
533,2020-08-04,32.78,34.19,32.34,32.89,41559,138175756.0,5.69,1.11,0.36,2.31
534,2020-08-05,32.87,36.18,32.52,36.18,49299,172115061.0,11.13,10.0,3.29,2.74
535,2020-08-06,37.7,37.7,34.97,35.7,59815,214460972.0,7.55,-1.33,-0.48,3.33
536,2020-08-07,36.0,38.97,35.8,38.9,78032,294923920.0,8.88,8.96,3.2,4.34
537,2020-08-10,37.8,40.64,36.51,39.44,73281,281228448.0,10.62,1.39,0.54,4.08
538,2020-08-11,39.0,40.18,37.84,38.24,43933,169874900.0,5.93,-3.04,-1.2,2.45
539,2020-08-12,38.0,38.99,36.3,37.2,56148,209847872.0,7.03,-2.72,-1.04,3.13
540,2020-08-13,37.5,40.3,37.0,38.81,49626,191751919.0,8.87,4.33,1.61,2.76
541,2020-08-14,38.56,39.28,37.72,38.92,27444,105633922.0,4.02,0.28,0.11,1.53
542,2020-08-17,39.28,40.4,38.44,39.61,28409,111890957.0,5.04,1.77,0.69,1.58
543,2020-08-18,40.2,40.39,38.22,39.58,25157,98654493.0,5.48,-0.08,-0.03,1.4
544,2020-08-19,40.19,40.58,38.58,38.58,33018,130149955.0,5.05,-2.53,-1.0,1.84
545,2020-08-20,37.77,40.23,37.25,37.73,70945,274773840.0,7.72,-2.2,-0.85,3.95
546,2020-08-21,38.7,39.99,38.0,38.4,81500,318190400.0,5.27,1.78,0.67,4.54
547,2020-08-24,38.85,39.79,37.9,39.35,67047,261029895.0,4.92,2.47,0.95,3.73
548,2020-08-25,39.34,39.49,37.26,38.13,61304,233554303.0,5.67,-3.1,-1.22,3.41
549,2020-08-26,38.81,39.18,37.53,38.15,39691,152617231.0,4.33,0.05,0.02,2.21
550,2020-08-27,38.98,40.64,37.8,40.38,51476,204106946.0,7.44,5.85,2.23,2.87
551,2020-08-28,40.3,40.74,37.33,40.35,72199,279692400.0,8.44,-0.07,-0.03,4.02
552,2020-08-31,39.2,40.19,38.4,38.57,58788,229691608.0,4.44,-4.41,-1.78,3.27
553,2020-09-01,38.38,40.6,38.34,40.4,56647,225409791.0,5.86,4.74,1.83,3.15
554,2020-09-02,40.4,42.19,38.8,41.6,62793,254028045.0,8.39,2.97,1.2,3.5
555,2020-09-03,41.76,43.88,41.05,42.82,58202,248607337.0,6.8,2.93,1.22,3.24
556,2020-09-04,42.0,43.95,41.7,42.88,32019,137316727.0,5.25,0.14,0.06,1.78
557,2020-09-07,43.4,44.18,42.17,42.49,33300,143278289.0,4.69,-0.91,-0.39,1.85
558,2020-09-08,42.14,43.0,41.0,42.73,31877,134331988.0,4.71,0.56,0.24,1.77
559,2020-09-09,42.27,42.58,39.3,39.97,45624,186773897.0,7.68,-6.46,-2.76,2.54
560,2020-09-10,40.21,40.8,39.0,39.64,33718,134773667.0,4.5,-0.83,-0.33,1.88
561,2020-09-11,39.35,42.28,39.13,41.92,36362,149648678.0,7.95,5.75,2.28,2.02
562,2020-09-14,42.62,44.08,41.6,43.1,30530,131521866.0,5.92,2.81,1.18,1.7
563,2020-09-15,43.21,44.0,42.11,43.14,26766,115493642.0,4.39,0.09,0.04,1.49
564,2020-09-16,42.96,43.54,42.0,43.36,23611,101487667.0,3.57,0.51,0.22,1.31
565,2020-09-17,43.8,47.7,43.8,47.7,55871,257973915.0,8.99,10.01,4.34,3.11
566,2020-09-18,48.93,51.28,48.51,50.1,64784,321731424.0,5.81,5.03,2.4,3.61
567,2020-09-21,51.1,51.28,49.5,50.16,37638,188760388.0,3.55,0.12,0.06,2.1
568,2020-09-22,50.16,50.75,49.23,49.74,31466,157357672.0,3.03,-0.84,-0.42,1.75
569,2020-09-23,50.63,50.88,49.03,49.4,34534,171373160.0,3.72,-0.68,-0.34,1.92
570,2020-09-24,49.87,49.88,48.5,48.9,18354,89794353.0,2.79,-1.01,-0.5,1.02
571,2020-09-25,49.33,49.33,46.1,46.4,40738,191857687.0,6.61,-5.11,-2.5,2.27
572,2020-09-28,47.0,47.47,45.4,45.93,47072,216786992.0,4.46,-1.01,-0.47,2.62
573,2020-09-29,46.04,47.35,45.1,46.71,23688,110346765.0,4.9,1.7,0.78,1.32
574,2020-09-30,46.74,47.75,45.81,46.29,23656,110437665.0,4.15,-0.9,-0.42,1.32
575,2020-10-09,47.25,48.88,46.88,48.44,28854,138262229.0,4.32,4.64,2.15,1.61
576,2020-10-12,48.44,48.73,46.76,47.39,37671,178805012.0,4.07,-2.17,-1.05,2.1
577,2020-10-13,47.3,48.4,45.79,48.0,30669,145033662.0,5.51,1.29,0.61,1.71
578,2020-10-14,47.5,50.24,47.0,49.4,45747,224607924.0,6.75,2.92,1.4,2.55
579,2020-10-15,49.5,54.34,49.5,54.34,32837,173919155.0,9.8,10.0,4.94,1.83
580,2020-10-16,52.92,55.78,51.8,54.49,53176,286785568.0,7.32,0.28,0.15,2.96
581,2020-10-19,55.31,55.36,52.75,53.88,33867,182026191.0,4.79,-1.12,-0.61,1.89
582,2020-10-20,54.0,56.3,53.56,56.2,22644,124729258.0,5.09,4.31,2.32,1.26
583,2020-10-21,56.35,56.55,54.56,55.26,29367,162575151.0,3.54,-1.67,-0.94,1.63
584,2020-10-22,55.4,55.4,53.0,54.08,17537,94738652.0,4.34,-2.14,-1.18,0.98
585,2020-10-23,54.17,56.0,49.77,50.1,38990,203107777.0,11.52,-7.36,-3.98,2.17
586,2020-10-26,51.9,55.11,50.31,55.11,33658,178178362.0,9.58,10.0,5.01,1.87
587,2020-10-27,56.42,58.4,54.27,56.89,77378,434464304.0,7.49,3.23,1.78,4.31
588,2020-10-28,56.8,60.74,56.32,59.8,75806,451623376.0,7.77,5.12,2.91,4.22
589,2020-10-29,58.11,61.5,58.0,59.74,39729,237316036.0,5.85,-0.1,-0.06,2.21
590,2020-10-30,62.42,64.33,60.1,62.6,49554,308674560.0,7.08,4.79,2.86,2.76
591,2020-11-02,61.79,68.86,61.79,68.86,42749,287298432.0,11.29,10.0,6.26,2.38
592,2020-11-03,71.0,73.0,67.84,69.2,78154,547140224.0,7.49,0.49,0.34,4.35
593,2020-11-04,69.64,70.0,66.19,68.19,54675,372557440.0,5.51,-1.46,-1.01,3.04
594,2020-11-05,68.78,71.84,67.51,70.8,57624,403367472.0,6.35,3.83,2.61,3.21
595,2020-11-06,71.16,71.3,67.83,70.01,54507,379027760.0,4.9,-1.12,-0.79,3.03
596,2020-11-09,70.71,73.1,68.26,68.98,57719,402757424.0,6.91,-1.47,-1.03,3.21
597,2020-11-10,68.9,69.5,63.76,65.89,67166,440498848.0,8.32,-4.48,-3.09,3.74
598,2020-11-11,65.8,67.8,64.48,65.75,42672,282473312.0,5.04,-0.21,-0.14,2.38
599,2020-11-12,65.75,71.0,65.6,67.62,49762,338960544.0,8.21,2.84,1.87,2.77
600,2020-11-13,69.33,69.65,66.66,68.15,33268,225499361.0,4.42,0.78,0.53,1.85
601,2020-11-16,68.35,68.76,64.7,67.62,44541,298845920.0,5.96,-0.78,-0.53,2.48
602,2020-11-17,68.04,68.47,64.84,67.87,44960,300941728.0,5.37,0.37,0.25,2.5
603,2020-11-18,67.01,69.91,66.59,68.55,46230,317615360.0,4.89,1.0,0.68,2.57
604,2020-11-19,68.0,73.42,66.59,73.2,65805,469196768.0,9.96,6.78,4.65,3.66
605,2020-11-20,72.0,73.21,69.5,72.64,64889,463978976.0,5.07,-0.77,-0.56,3.61
606,2020-11-23,71.68,72.88,69.73,69.8,42415,302143504.0,4.34,-3.91,-2.84,2.36
607,2020-11-24,69.5,71.59,67.16,70.01,41199,286109904.0,6.35,0.3,0.21,2.29
608,2020-11-25,69.99,71.25,68.7,69.2,35755,250068251.0,3.64,-1.16,-0.81,1.99
609,2020-11-26,68.65,70.2,65.6,66.74,39278,262796180.0,6.65,-3.55,-2.46,2.19
610,2020-11-27,65.32,66.8,64.88,65.74,32246,211825357.0,2.88,-1.5,-1.0,1.79
611,2020-11-30,66.0,66.35,61.69,62.7,68800,434075840.0,7.09,-4.62,-3.04,3.83
612,2020-12-01,62.84,65.76,62.35,65.01,40820,263712413.0,5.44,3.68,2.31,2.27
613,2020-12-02,65.01,68.57,64.56,68.2,52450,351536144.0,6.17,4.91,3.19,2.92
614,2020-12-03,67.86,68.19,64.6,67.0,44075,294101056.0,5.26,-1.76,-1.2,2.45
615,2020-12-04,66.49,67.8,65.61,67.46,25496,170935842.0,3.27,0.69,0.46,1.42
616,2020-12-07,67.35,69.1,65.66,67.2,39318,264182438.0,5.1,-0.39,-0.26,2.19
617,2020-12-08,66.21,68.99,66.21,67.51,31918,215517139.0,4.14,0.46,0.31,1.78
618,2020-12-09,68.31,69.95,67.39,67.84,39136,269509152.0,3.79,0.49,0.33,2.18
619,2020-12-10,69.24,69.3,67.2,69.0,32965,224850695.0,3.1,1.71,1.16,1.83
620,2020-12-11,67.97,72.5,67.75,68.11,43617,303508400.0,6.88,-1.29,-0.89,2.43
621,2020-12-14,67.94,69.56,67.76,69.31,23952,164969851.0,2.64,1.76,1.2,1.33
622,2020-12-15,69.01,71.17,68.18,70.0,33430,232482802.0,4.31,1.0,0.69,1.86
623,2020-12-16,69.98,70.56,68.59,70.1,27789,193129925.0,2.81,0.14,0.1,1.55
624,2020-12-17,70.19,75.0,69.2,72.92,58326,426278224.0,8.27,4.02,2.82,3.25
625,2020-12-18,72.0,73.2,66.73,70.3,66067,457283264.0,8.87,-3.59,-2.62,3.68
626,2020-12-21,69.0,74.48,68.48,73.97,48061,348733040.0,8.53,5.22,3.67,2.68
627,2020-12-22,73.35,75.16,72.6,73.76,27946,206547743.0,3.46,-0.28,-0.21,1.56
628,2020-12-23,74.88,78.91,74.08,78.91,46379,355451856.0,6.55,6.98,5.15,2.58
629,2020-12-24,78.71,80.78,76.1,79.71,31463,246328955.0,5.93,1.01,0.8,1.75
630,2020-12-25,79.79,86.0,79.3,84.0,41267,345069824.0,8.41,5.38,4.29,2.3
631,2020-12-28,87.0,90.58,85.68,87.78,36576,322118864.0,5.83,4.5,3.78,2.04
632,2020-12-29,89.34,90.1,86.11,88.01,27278,239673460.0,4.55,0.26,0.23,1.52
633,2020-12-30,88.27,89.77,87.16,89.0,23991,212664711.0,2.97,1.12,0.99,1.34
634,2020-12-31,88.99,90.84,87.81,88.49,23788,212504336.0,3.4,-0.57,-0.51,1.32
635,2021-01-04,88.58,92.18,88.0,88.8,35229,317207552.0,4.72,0.35,0.31,1.96
636,2021-01-05,89.71,90.5,87.5,88.7,40392,359391216.0,3.38,-0.11,-0.1,2.25
637,2021-01-06,89.23,89.23,82.0,87.54,64572,551828912.0,8.15,-1.31,-1.16,3.59
638,2021-01-07,87.13,96.29,87.13,96.29,47167,437535344.0,10.46,10.0,8.75,2.63
639,2021-01-08,97.96,102.29,95.9,99.2,61473,609880224.0,6.64,3.02,2.91,3.42
640,2021-01-11,99.88,105.0,98.4,104.99,46433,473425696.0,6.65,5.84,5.79,2.58
641,2021-01-12,102.41,103.4,97.01,102.47,43968,443266784.0,6.09,-2.4,-2.52,2.45
642,2021-01-13,108.83,112.72,106.7,109.0,92105,1016918288.0,5.87,6.37,6.53,5.13
643,2021-01-14,108.6,113.0,107.3,107.3,50552,555706048.0,5.23,-1.56,-1.7,2.81
644,2021-01-15,108.47,118.03,106.93,118.03,54848,622897072.0,10.34,10.0,10.73,3.05
645,2021-01-18,116.0,116.0,106.23,106.23,58464,631684192.0,8.28,-10.0,-11.8,3.25
646,2021-01-19,101.35,111.0,101.0,109.41,68577,727771312.0,9.41,2.99,3.18,3.82
647,2021-01-20,107.04,116.37,106.12,114.0,53247,600228768.0,9.37,4.2,4.59,2.96
648,2021-01-21,118.18,118.18,110.0,113.5,37427,426422816.0,7.18,-0.44,-0.5,2.08
649,2021-01-22,111.51,119.46,111.04,118.0,40648,472738192.0,7.42,3.96,4.5,2.26
650,2021-01-25,120.31,120.31,114.01,117.6,42051,492503168.0,5.34,-0.34,-0.4,2.34
651,2021-01-26,116.01,120.89,113.53,118.0,36506,431375808.0,6.26,0.34,0.4,2.03
652,2021-01-27,117.39,120.68,113.66,114.81,37325,433044640.0,5.95,-2.7,-3.19,2.08
653,2021-01-28,110.47,115.54,110.47,111.33,27228,307312624.0,4.42,-3.03,-3.48,1.52
654,2021-01-29,114.24,115.0,108.91,110.45,37866,422384832.0,5.47,-0.79,-0.88,2.11
655,2021-02-01,111.0,116.18,110.0,115.49,38780,442405056.0,5.6,4.56,5.04,2.16
656,2021-02-02,114.87,124.88,113.7,123.0,36695,441645648.0,9.68,6.5,7.51,2.04
657,2021-02-03,125.0,126.26,117.89,124.45,48025,588650288.0,6.8,1.18,1.45,2.67
658,2021-02-04,122.09,126.8,119.51,123.51,34123,422058896.0,5.86,-0.76,-0.94,1.9
659,2021-02-05,125.5,126.0,118.79,119.0,31672,383900912.0,5.84,-3.65,-4.51,1.76
660,2021-02-08,118.15,119.98,114.77,118.75,29790,350826528.0,4.38,-0.21,-0.25,1.66
661,2021-02-09,116.53,123.38,116.1,122.88,33184,401930640.0,6.13,3.48,4.13,1.85
662,2021-02-10,125.92,125.92,118.37,122.85,35938,434893776.0,6.14,-0.02,-0.03,2.0
663,2021-02-18,124.6,127.25,120.99,122.51,38565,476487760.0,5.1,-0.28,-0.34,2.15
664,2021-02-19,121.9,122.45,110.42,116.1,60685,695169024.0,9.82,-5.23,-6.41,3.38
665,2021-02-22,116.0,116.0,108.67,108.67,57998,648275584.0,6.31,-6.4,-7.43,3.23
666,2021-02-23,108.5,116.48,108.01,111.0,51104,577410096.0,7.79,2.14,2.33,2.84
667,2021-02-24,111.22,114.8,107.0,107.49,39709,435766192.0,7.03,-3.16,-3.51,2.21
668,2021-02-25,108.46,116.11,108.0,112.24,46351,520877488.0,7.54,4.42,4.75,2.58
669,2021-02-26,107.75,109.89,103.0,106.15,64731,687221584.0,6.14,-5.43,-6.09,3.6
670,2021-03-01,107.6,110.15,103.5,110.03,36110,389776128.0,6.26,3.66,3.88,2.01
671,2021-03-02,111.8,111.8,107.2,109.61,33858,370120416.0,4.18,-0.38,-0.42,1.88
672,2021-03-03,109.39,115.0,107.51,107.9,39895,442208416.0,6.83,-1.56,-1.71,2.22
673,2021-03-04,108.5,109.15,99.31,101.86,58476,598579264.0,9.12,-5.6,-6.04,3.26
674,2021-03-05,96.82,104.2,96.82,103.3,49982,509058736.0,7.25,1.41,1.44,2.78
675,2021-03-08,104.0,106.53,96.83,98.36,37335,375656688.0,9.39,-4.78,-4.94,2.08
676,2021-03-09,96.24,100.0,92.61,99.11,45049,437624768.0,7.51,0.76,0.75,2.51
677,2021-03-10,99.84,102.16,97.86,99.04,35680,355499376.0,4.34,-0.07,-0.07,1.99
678,2021-03-11,97.68,104.78,96.51,103.0,47057,480058544.0,8.35,4.0,3.96,2.62
679,2021-03-12,102.99,104.85,100.79,102.83,29741,304875312.0,3.94,-0.17,-0.17,1.66
680,2021-03-15,101.59,105.67,100.51,103.28,47452,487476944.0,5.02,0.44,0.45,2.64
681,2021-03-16,103.28,108.07,100.26,106.58,37148,390767120.0,7.56,3.2,3.3,2.07
682,2021-03-17,105.02,108.88,102.25,106.88,23005,243327596.0,6.22,0.28,0.3,1.28
683,2021-03-18,108.79,108.79,104.28,106.86,18275,194808233.0,4.22,-0.02,-0.02,1.02
684,2021-03-19,103.92,107.5,103.92,106.87,24726,263616078.0,3.35,0.01,0.01,1.38
685,2021-03-22,107.49,113.2,106.91,112.08,32724,364317504.0,5.89,4.88,5.21,1.82
686,2021-03-23,111.54,112.78,108.0,109.75,19675,216744017.0,4.26,-2.08,-2.33,1.1
687,2021-03-24,110.41,117.5,109.85,116.1,40793,471428464.0,6.97,5.79,6.35,2.27
688,2021-03-25,115.5,117.8,112.09,115.9,27609,317220928.0,4.92,-0.17,-0.2,1.54
689,2021-03-26,116.89,127.49,115.01,127.49,39031,486018976.0,10.77,10.0,11.59,2.17
690,2021-03-29,127.74,136.23,127.49,134.49,52287,694806144.0,6.86,5.49,7.0,2.91
691,2021-03-30,133.79,139.56,131.5,135.56,37085,500462944.0,5.99,0.8,1.07,2.06
692,2021-03-31,137.83,137.99,131.23,136.5,39152,526922704.0,4.99,0.69,0.94,2.18
693,2021-04-01,133.0,133.5,122.85,123.1,64437,805507680.0,7.8,-9.82,-13.4,3.59
694,2021-04-02,123.77,130.0,121.9,126.52,47105,597983552.0,6.58,2.78,3.42,2.62
695,2021-04-06,128.36,132.29,127.0,128.02,27859,360668992.0,4.18,1.19,1.5,1.55
696,2021-04-07,130.81,131.0,122.19,125.8,35490,445811008.0,6.88,-1.73,-2.22,1.98
697,2021-04-08,124.4,129.2,124.2,127.5,20101,255961497.0,3.97,1.35,1.7,1.12
698,2021-04-09,126.44,130.69,124.34,125.15,21874,276716992.0,4.98,-1.84,-2.35,1.22
699,2021-04-12,125.67,130.26,121.98,123.8,25059,313570448.0,6.62,-1.08,-1.35,1.39
700,2021-04-13,122.19,128.28,122.19,125.61,23229,292871216.0,4.92,1.46,1.81,1.29
701,2021-04-14,125.88,127.98,122.6,123.46,20254,252591932.0,4.28,-1.71,-2.15,1.13
702,2021-04-15,124.0,125.45,118.6,120.65,26969,326535152.0,5.55,-2.28,-2.81,1.5
703,2021-04-16,121.54,122.99,115.96,120.83,32230,384847552.0,5.83,0.15,0.18,1.79
704,2021-04-19,120.32,125.5,119.49,125.0,27786,342591056.0,4.97,3.45,4.17,1.55
705,2021-04-20,124.82,131.95,123.29,130.74,29503,378919280.0,6.93,4.59,5.74,1.64
706,2021-04-21,128.99,132.0,126.39,131.5,22344,289879440.0,4.29,0.58,0.76,1.24
707,2021-04-22,131.0,132.87,127.56,132.3,18540,242486089.0,4.04,0.61,0.8,1.03
708,2021-04-23,133.91,133.91,129.8,132.04,16731,220312596.0,3.11,-0.2,-0.26,0.93
709,2021-04-26,140.0,145.24,139.64,145.24,23578,340999264.0,4.24,10.0,13.2,1.31
710,2021-04-27,150.0,159.76,148.0,159.76,80659,1259049904.0,8.1,10.0,14.52,4.49
711,2021-04-28,162.4,166.34,156.54,161.11,62081,1003845264.0,6.13,0.85,1.35,3.46
712,2021-04-29,165.32,170.5,163.77,168.51,48634,813995824.0,4.18,4.59,7.4,2.71
713,2021-04-30,163.8,172.1,162.45,164.01,42723,711249344.0,5.73,-2.67,-4.5,2.38
714,2021-05-06,169.59,172.5,161.37,166.6,40807,681242064.0,6.79,1.58,2.59,2.27
715,2021-05-07,166.58,173.5,163.98,163.99,29726,498123712.0,5.71,-1.57,-2.61,1.65
716,2021-05-10,166.12,168.0,158.68,160.6,30009,486478880.0,5.68,-2.07,-3.39,1.67
717,2021-05-11,160.26,160.26,151.12,155.69,34079,528923648.0,5.69,-3.06,-4.91,1.9
718,2021-05-12,157.24,160.26,152.0,159.08,23907,376837120.0,5.31,2.18,3.39,1.33
719,2021-05-13,159.89,160.77,154.0,158.69,19959,314813744.0,4.26,-0.25,-0.39,1.11
720,2021-05-14,158.64,163.21,156.0,162.3,22444,360282352.0,4.54,2.27,3.61,1.25
721,2021-05-17,162.5,168.49,156.81,163.0,28577,467725728.0,7.2,0.43,0.7,1.59
722,2021-05-18,163.42,165.61,158.11,164.96,16417,267482027.0,4.6,1.2,1.96,0.91
723,2021-05-19,164.27,164.27,157.86,161.7,19404,311695872.0,3.89,-1.98,-3.26,1.08
724,2021-05-20,163.0,167.6,161.0,163.3,28489,467749504.0,4.08,0.99,1.6,1.59
725,2021-05-21,165.44,165.74,156.0,160.0,23905,382994896.0,5.96,-2.02,-3.3,1.33
726,2021-05-24,154.53,159.97,148.87,153.59,44307,679579968.0,6.94,-4.01,-6.41,2.47
727,2021-05-25,155.0,159.97,153.6,159.13,25122,397489104.0,4.15,3.61,5.54,1.4
728,2021-05-26,155.55,161.8,155.4,160.83,23856,379310704.0,4.02,1.07,1.7,1.33
729,2021-05-27,161.26,176.91,158.66,176.91,37145,639325680.0,11.35,10.0,16.08,2.07
730,2021-05-28,177.62,183.0,171.79,176.91,45269,802185264.0,6.34,0.0,0.0,0.81
731,2021-05-31,181.0,187.49,177.2,182.37,28311,517289104.0,5.82,3.09,5.46,0.51
732,2021-06-01,180.31,181.98,173.01,175.0,28109,496118368.0,4.92,-4.04,-7.37,0.5
733,2021-06-02,177.96,178.8,168.69,171.41,22778,391948528.0,5.78,-2.05,-3.59,0.41
734,2021-06-03,170.66,184.46,170.66,178.5,39671,712528976.0,8.05,4.14,7.09,0.71
735,2021-06-04,181.8,184.48,176.85,181.0,27965,508247008.0,4.27,1.4,2.5,0.5
736,2021-06-07,183.97,188.55,180.03,182.0,31645,582880704.0,4.71,0.55,1.0,0.56
737,2021-06-08,182.97,187.5,177.31,178.99,26087,474306432.0,5.6,-1.65,-3.01,0.47
738,2021-06-09,180.4,182.47,175.11,179.19,23052,412244368.0,4.11,0.11,0.2,0.41
739,2021-06-10,181.0,191.5,179.98,189.85,35963,674149424.0,6.43,5.95,10.66,0.64
740,2021-06-11,189.16,197.38,187.1,193.19,55007,1064442752.0,5.41,1.76,3.34,0.98
741,2021-06-15,193.83,198.5,189.02,194.27,31929,620776352.0,4.91,0.56,1.08,0.57
742,2021-06-16,196.84,196.91,182.7,188.7,27523,519058832.0,7.31,-2.87,-5.57,0.49
743,2021-06-17,188.7,195.63,187.51,192.5,24600,472521360.0,4.3,2.01,3.8,0.44
744,2021-06-18,191.7,194.99,189.5,193.01,23280,448563856.0,2.85,0.26,0.51,0.42
745,2021-06-21,196.0,204.28,192.0,203.52,44066,882585488.0,6.36,5.45,10.51,0.79
746,2021-06-22,203.0,221.48,200.1,219.64,38433,816769888.0,10.51,7.92,16.12,0.69
747,2021-06-23,219.64,222.99,215.11,219.71,33803,741425632.0,3.59,0.03,0.07,0.6
748,2021-06-24,221.0,222.87,212.7,215.3,27258,589918224.0,4.63,-2.01,-4.41,0.49
749,2021-06-25,214.23,227.0,213.0,225.0,26978,595494272.0,6.5,4.51,9.7,0.48
750,2021-06-28,228.08,228.8,221.0,223.37,23341,523712976.0,3.47,-0.72,-1.63,0.42
751,2021-06-29,224.14,224.55,216.0,224.55,21680,478114496.0,3.83,0.53,1.18,0.39
752,2021-06-30,221.33,233.19,217.81,228.08,23871,538949280.0,6.85,1.57,3.53,0.43
753,2021-07-01,228.0,233.22,224.11,233.22,19685,450532224.0,3.99,2.25,5.14,0.35
754,2021-07-02,233.22,234.21,217.51,223.95,34075,766781008.0,7.16,-3.97,-9.27,0.61
755,2021-07-05,223.95,230.5,219.0,225.85,29195,663468512.0,5.14,0.85,1.9,0.52
756,2021-07-06,226.99,239.88,225.12,230.99,26789,620216384.0,6.54,2.28,5.14,0.48
757,2021-07-07,228.0,234.99,226.02,230.0,27611,637247504.0,3.88,-0.43,-0.99,0.49
758,2021-07-08,233.0,236.8,228.0,230.5,24702,572986496.0,3.83,0.22,0.5,0.44
759,2021-07-09,229.6,229.72,214.77,224.23,57411,1262539424.0,6.49,-2.72,-6.27,1.02
760,2021-07-12,220.01,224.05,207.01,220.46,48875,1064180256.0,7.6,-1.68,-3.77,0.87
761,2021-07-13,220.44,231.62,217.01,230.5,32465,740640944.0,6.63,4.55,10.04,0.58
762,2021-07-14,221.37,232.8,218.2,229.74,23639,538820720.0,6.33,-0.33,-0.76,0.42
763,2021-07-15,229.27,252.71,228.01,250.19,35376,869184832.0,10.75,8.9,20.45,0.63
764,2021-07-16,245.05,246.78,225.17,225.17,36270,846700464.0,8.64,-10.0,-25.02,0.65
765,2021-07-19,210.0,218.97,206.88,216.0,59430,1266917712.0,5.37,-4.07,-9.17,1.06
766,2021-07-20,213.35,218.58,208.66,218.38,31119,667425200.0,4.59,1.1,2.38,0.56
767,2021-07-21,218.9,235.66,217.02,234.8,27144,617609952.0,8.54,7.52,16.42,0.48
768,2021-07-22,233.96,237.97,211.32,211.34,43513,950131376.0,11.35,-9.99,-23.46,0.78
769,2021-07-23,205.01,209.55,190.21,190.21,54723,1057694016.0,9.15,-10.0,-21.13,0.98
770,2021-07-26,180.5,188.2,174.12,177.1,74912,1348244704.0,7.4,-6.89,-13.11,1.34
771,2021-07-27,181.5,185.61,173.48,174.02,50076,890356544.0,6.85,-1.74,-3.08,0.89
772,2021-07-28,172.0,177.98,168.55,172.03,48295,831771648.0,5.42,-1.14,-1.99,0.86
773,2021-07-29,178.0,189.23,177.01,189.23,38100,706748816.0,7.1,10.0,17.2,0.68
774,2021-07-30,190.15,192.23,170.31,171.0,51056,896743568.0,11.58,-9.63,-18.23,0.91
775,2021-08-02,175.01,178.59,158.56,168.81,77586,1287137632.0,11.71,-1.28,-2.19,1.39
776,2021-08-03,162.44,173.95,162.44,172.5,55062,939109616.0,6.82,2.19,3.69,0.98
777,2021-08-04,175.5,181.48,173.02,177.31,36688,649113312.0,4.9,2.79,4.81,0.65
778,2021-08-05,176.27,185.0,173.0,182.0,40446,730659648.0,6.77,2.65,4.69,0.72
779,2021-08-06,182.36,183.0,171.06,174.48,39618,696867120.0,6.56,-4.13,-7.52,0.71
780,2021-08-09,173.71,191.93,172.9,189.97,43400,808110208.0,10.91,8.88,15.49,0.77
781,2021-08-10,185.76,192.44,179.01,189.07,45013,832712256.0,7.07,-0.47,-0.9,0.8
782,2021-08-11,185.99,199.18,183.01,195.89,34155,661026096.0,8.55,3.61,6.82,0.61
783,2021-08-12,195.0,196.46,188.2,188.7,25524,488468912.0,4.22,-3.67,-7.19,0.46
784,2021-08-13,188.75,192.48,179.65,186.16,30076,553548240.0,6.8,-1.35,-2.54,0.54
785,2021-08-16,182.46,195.0,182.46,189.89,25092,477664336.0,6.74,2.0,3.73,0.45
786,2021-08-17,189.26,189.69,179.0,181.0,25817,472953088.0,5.63,-4.68,-8.89,0.46
787,2021-08-18,181.0,185.0,179.01,183.0,16633,303057376.0,3.31,1.1,2.0,0.3
788,2021-08-19,183.34,189.73,175.32,177.88,26069,468356896.0,7.87,-2.8,-5.12,0.47
789,2021-08-20,177.88,180.99,168.8,172.97,30132,522957744.0,6.85,-2.76,-4.91,0.54
790,2021-08-23,175.11,176.39,169.9,172.4,34190,589055120.0,3.75,-0.33,-0.57,0.61
791,2021-08-24,175.4,181.4,171.88,178.15,22419,397889632.0,5.52,3.34,5.75,0.4
792,2021-08-25,178.15,180.56,170.37,179.05,28912,507228000.0,5.72,0.51,0.9,0.52
793,2021-08-26,178.05,179.6,167.46,169.0,40372,690970288.0,6.78,-5.61,-10.05,0.72
794,2021-08-27,170.96,179.98,170.13,175.92,34433,605436032.0,5.83,4.09,6.92,0.61
795,2021-08-30,170.0,170.0,158.33,158.33,28811,462459552.0,6.63,-10.0,-17.59,0.51
796,2021-08-31,148.7,151.59,142.55,146.69,135911,1986585456.0,5.71,-7.35,-11.64,2.43
797,2021-09-01,149.32,155.0,141.0,152.16,78789,1174786800.0,9.54,3.73,5.47,1.41
798,2021-09-02,150.01,158.59,149.05,151.92,45621,702873904.0,6.27,-0.16,-0.24,0.81
799,2021-09-03,151.5,153.09,142.0,150.95,42410,629867280.0,7.3,-0.64,-0.97,0.76
800,2021-09-06,153.0,158.66,149.61,158.4,38118,597911920.0,6.0,4.94,7.45,0.68
801,2021-09-07,159.0,166.55,154.55,164.66,39236,639943584.0,7.58,3.95,6.26,0.7
802,2021-09-08,165.0,165.35,153.17,153.87,46890,730503344.0,7.4,-6.55,-10.79,0.84
803,2021-09-09,153.89,156.21,151.5,154.49,35703,548502272.0,3.06,0.4,0.62,0.64
804,2021-09-10,153.62,156.0,148.53,150.78,35902,539723408.0,4.84,-2.4,-3.71,0.64
805,2021-09-13,153.79,153.88,147.51,147.71,27133,405249760.0,4.22,-2.04,-3.07,0.48
806,2021-09-14,150.47,153.61,147.8,149.7,33243,503733760.0,3.93,1.35,1.99,0.59
807,2021-09-15,145.64,151.0,142.51,144.55,41055,596989264.0,5.67,-3.44,-5.15,0.73
808,2021-09-16,147.48,159.01,146.11,157.69,74286,1169638816.0,8.92,9.09,13.14,1.33
809,2021-09-17,152.0,155.0,145.2,153.0,62731,938881136.0,6.21,-2.97,-4.69,1.12
810,2021-09-22,152.6,152.6,142.9,146.43,31774,464296576.0,6.34,-4.29,-6.57,0.57
811,2021-09-23,147.31,152.66,143.88,150.3,38907,582004304.0,6.0,2.64,3.87,0.69
812,2021-09-24,147.78,162.69,147.78,159.72,48056,762224720.0,9.92,6.27,9.42,0.86
813,2021-09-27,156.0,167.21,156.0,160.95,64416,1048094128.0,7.02,0.77,1.23,1.15
814,2021-09-28,158.55,164.99,154.5,155.53,36159,574117264.0,6.52,-3.37,-5.42,0.65
815,2021-09-29,155.81,159.0,149.3,155.75,37028,573066160.0,6.24,0.14,0.22,0.66
816,2021-09-30,156.38,156.47,149.52,151.9,34972,532539632.0,4.46,-2.47,-3.85,0.62
817,2021-10-08,154.99,155.5,149.09,151.88,27958,425575456.0,4.22,-0.01,-0.02,0.5
818,2021-10-11,149.97,153.37,146.0,147.8,30044,448403168.0,4.85,-2.69,-4.08,0.54
819,2021-10-12,148.0,151.0,143.5,145.5,28760,422344336.0,5.07,-1.56,-2.3,0.51
820,2021-10-13,145.49,151.36,142.01,149.94,23815,350187984.0,6.43,3.05,4.44,0.43
821,2021-10-14,149.94,150.0,141.24,144.94,35884,518600272.0,5.84,-3.33,-5.0,0.64
822,2021-10-15,146.0,153.08,142.97,152.92,39971,598019072.0,6.98,5.51,7.98,0.71
823,2021-10-18,151.8,152.0,138.0,147.54,78818,1134003872.0,9.16,-3.52,-5.38,1.41
824,2021-10-19,145.99,160.5,145.34,156.5,55407,856411408.0,10.28,6.07,8.96,0.99
825,2021-10-20,157.0,163.87,156.7,160.0,45185,728311328.0,4.58,2.24,3.5,0.81
826,2021-10-21,162.0,171.67,158.12,162.97,57447,946978240.0,8.47,1.86,2.97,1.03
827,2021-10-22,163.0,166.75,158.8,161.79,29583,478969600.0,4.88,-0.72,-1.18,0.53
828,2021-10-25,161.0,171.34,159.95,167.95,43587,725891792.0,7.04,3.81,6.16,0.78
829,2021-10-26,164.9,166.8,161.69,164.54,32736,536853024.0,3.04,-2.03,-3.41,0.58
830,2021-10-27,172.75,172.75,155.55,166.16,44026,717244352.0,10.45,0.98,1.62,0.79
831,2021-10-28,166.03,169.82,161.24,166.19,25700,426494672.0,5.16,0.02,0.03,0.46
832,2021-10-29,166.13,171.5,162.66,171.5,34766,585110976.0,5.32,3.2,5.31,0.62
833,2021-11-01,182.1,188.65,178.21,182.46,65345,1208839376.0,6.09,6.39,10.96,1.17
834,2021-11-02,185.0,198.0,182.82,191.29,49086,943720960.0,8.32,4.84,8.83,0.88
835,2021-11-03,192.38,196.88,189.99,191.13,31183,600950192.0,3.6,-0.08,-0.16,0.56
836,2021-11-04,190.0,193.0,183.5,191.3,25997,493777664.0,4.97,0.09,0.17,0.46
837,2021-11-05,189.25,191.07,183.6,188.65,21687,407912928.0,3.9,-1.39,-2.65,0.39
838,2021-11-08,184.11,193.0,182.2,183.81,26216,487634304.0,5.72,-2.57,-4.84,0.47
839,2021-11-09,181.8,188.0,181.0,183.84,25381,465399504.0,3.81,0.02,0.03,0.45
840,2021-11-10,183.5,183.83,177.45,179.98,24796,446552960.0,3.47,-2.1,-3.86,0.44
841,2021-11-11,180.0,183.0,173.59,178.55,25289,450453920.0,5.23,-0.79,-1.43,0.45
842,2021-11-12,185.0,185.0,167.0,169.31,43920,756502864.0,10.08,-5.18,-9.24,0.78
843,2021-11-15,169.31,172.7,164.17,167.0,43542,727315712.0,5.04,-1.36,-2.31,0.78
844,2021-11-16,167.0,177.0,164.16,174.36,36397,632715024.0,7.69,4.41,7.36,0.65
845,2021-11-17,174.82,177.99,170.1,174.5,30633,534585456.0,4.53,0.08,0.14,0.55
846,2021-11-18,175.5,176.74,171.16,173.0,24024,417496864.0,3.2,-0.86,-1.5,0.43
847,2021-11-19,174.95,176.52,171.22,172.8,20059,348041392.0,3.06,-0.12,-0.2,0.36
848,2021-11-22,172.51,176.5,170.2,171.3,25665,443232304.0,3.65,-0.87,-1.5,0.46
849,2021-11-23,171.48,171.6,167.24,168.41,22680,382079872.0,2.55,-1.69,-2.89,0.4
850,2021-11-24,168.41,170.41,165.43,168.34,17326,290258784.0,2.96,-0.04,-0.07,0.31
851,2021-11-25,168.34,168.34,163.92,165.36,18945,314170272.0,2.63,-1.77,-2.98,0.34
852,2021-11-26,166.98,170.2,164.12,166.25,20462,340874368.0,3.68,0.54,0.89,0.36
853,2021-11-29,164.78,168.52,161.61,165.2,24983,411706720.0,4.16,-0.63,-1.05,0.45
854,2021-11-30,165.0,167.0,162.56,163.93,20572,338124240.0,2.69,-0.77,-1.27,0.37
855,2021-12-01,163.9,164.61,160.6,162.78,28544,462342688.0,2.45,-0.7,-1.15,0.51
856,2021-12-02,163.9,169.89,163.12,165.65,34853,579507104.0,4.16,1.76,2.87,0.62
857,2021-12-03,165.65,167.07,161.09,162.5,22422,364684832.0,3.61,-1.9,-3.15,0.4
858,2021-12-06,161.89,163.5,155.0,159.5,26391,423569616.0,5.23,-1.85,-3.0,0.47
859,2021-12-07,160.0,163.95,158.25,161.09,23338,376846768.0,3.57,1.0,1.59,0.42
860,2021-12-08,161.09,172.17,160.02,169.99,40281,673526368.0,7.54,5.52,8.9,0.72
861,2021-12-09,170.9,176.85,166.5,175.26,53525,925484032.0,6.09,3.1,5.27,0.95
862,2021-12-10,173.7,180.26,173.5,176.35,46312,816100720.0,3.86,0.62,1.09,0.82
863,2021-12-13,175.0,177.01,161.8,162.77,55766,931061776.0,8.62,-7.7,-13.58,0.99
864,2021-12-14,162.16,163.5,151.48,152.52,64610,1003112416.0,7.38,-6.3,-10.25,1.15
865,2021-12-15,150.75,158.9,150.02,158.78,60355,927070880.0,5.82,4.1,6.26,1.08
866,2021-12-16,157.0,158.3,151.5,155.24,35163,542590448.0,4.28,-2.23,-3.54,0.63
867,2021-12-17,153.21,155.41,150.8,151.32,22214,338028592.0,2.97,-2.53,-3.92,0.4
868,2021-12-20,150.5,152.32,146.91,148.0,34344,511042816.0,3.58,-2.19,-3.32,0.61
869,2021-12-21,147.44,150.76,145.78,150.01,19096,284343280.0,3.36,1.36,2.01,0.34
870,2021-12-22,150.0,151.65,148.71,148.84,26071,390580624.0,1.96,-0.78,-1.17,0.46
871,2021-12-23,147.1,148.85,146.51,148.7,28043,414412608.0,1.57,-0.09,-0.14,0.5
872,2021-12-24,147.74,147.74,140.91,141.58,33385,476937616.0,4.59,-4.79,-7.12,0.59
873,2021-12-27,142.91,145.84,139.33,145.23,25943,371300528.0,4.6,2.58,3.65,0.46
874,2021-12-28,146.25,152.48,145.0,152.25,40716,606470944.0,5.15,4.83,7.02,0.73
875,2021-12-29,152.4,156.25,150.31,155.38,38200,589458832.0,3.9,2.06,3.13,0.68
876,2021-12-30,155.38,155.4,151.68,153.91,23218,356415920.0,2.39,-0.95,-1.47,0.41
877,2021-12-31,154.99,156.5,150.08,150.95,22074,335221664.0,4.17,-1.92,-2.96,0.39
878,2022-01-04,152.53,152.53,147.0,147.77,26958,400709344.0,3.66,-2.11,-3.18,0.48
879,2022-01-05,147.55,152.88,144.12,151.98,42052,630339760.0,5.93,2.85,4.21,0.75
880,2022-01-06,148.73,153.0,147.77,148.21,22648,339598400.0,3.44,-2.48,-3.77,0.4
881,2022-01-07,148.21,152.44,147.07,148.0,25275,378380896.0,3.62,-0.14,-0.21,0.45
882,2022-01-10,149.3,155.5,144.0,152.5,38576,585754896.0,7.77,3.04,4.5,0.69
883,2022-01-11,152.0,154.99,146.39,146.47,23191,346392736.0,5.64,-3.95,-6.03,0.41
884,2022-01-12,146.52,148.67,145.12,147.96,21053,309925152.0,2.42,1.02,1.49,0.38
885,2022-01-13,147.0,147.86,141.33,143.11,20341,291580768.0,4.41,-3.28,-4.85,0.36
886,2022-01-14,142.0,143.88,138.26,140.5,21245,297777904.0,3.93,-1.82,-2.61,0.38
887,2022-01-17,140.5,142.24,137.01,141.0,22962,319690560.0,3.72,0.36,0.5,0.41
888,2022-01-18,141.27,150.87,140.0,146.46,32093,472202032.0,7.71,3.87,5.46,0.57
889,2022-01-19,144.91,145.66,138.59,139.55,20563,289925712.0,4.83,-4.72,-6.91,0.37
890,2022-01-20,138.58,140.5,135.8,137.62,17659,243168403.0,3.37,-1.38,-1.93,0.31
891,2022-01-21,137.47,138.41,133.6,136.47,19443,264036431.0,3.5,-0.84,-1.15,0.35
892,2022-01-24,139.67,140.56,132.75,134.01,27710,373621584.0,5.72,-1.8,-2.46,0.49
893,2022-01-25,134.99,138.26,134.02,135.59,23189,315581328.0,3.16,1.18,1.58,0.41
894,2022-01-26,135.35,137.99,132.1,133.15,17197,231098502.0,4.34,-1.8,-2.44,0.31
895,2022-01-27,134.0,134.88,129.55,130.2,15576,205811555.0,4.0,-2.22,-2.95,0.28
896,2022-01-28,130.42,136.98,127.93,135.0,23893,319113472.0,6.95,3.69,4.8,0.43
897,2022-02-07,137.0,138.64,129.8,130.15,23269,307273232.0,6.55,-3.59,-4.85,0.41
898,2022-02-08,128.8,130.0,122.91,125.5,35587,445960368.0,5.45,-3.57,-4.65,0.63
899,2022-02-09,125.5,128.66,123.05,128.42,39138,492626416.0,4.47,2.33,2.92,0.7
900,2022-02-10,128.27,128.8,123.4,124.62,17922,224379918.0,4.2,-2.96,-3.8,0.32
901,2022-02-11,124.8,132.14,123.67,129.25,35382,456536112.0,6.8,3.72,4.63,0.63
902,2022-02-14,127.79,129.23,123.2,124.5,25492,318148000.0,4.67,-3.68,-4.75,0.45
903,2022-02-15,124.5,133.0,123.94,132.8,31434,408160576.0,7.28,6.67,8.3,0.56
904,2022-02-16,132.8,133.69,130.0,130.5,18597,245038063.0,2.78,-1.73,-2.3,0.33
905,2022-02-17,130.56,132.74,129.83,132.53,15599,205605567.0,2.23,1.56,2.03,0.28
906,2022-02-18,131.19,132.85,129.5,131.14,14597,191801355.0,2.53,-1.05,-1.39,0.26
907,2022-02-21,131.14,141.5,130.35,137.81,34809,480485856.0,8.5,5.09,6.67,0.62
908,2022-02-22,138.24,138.79,133.0,134.97,30046,403336624.0,4.2,-2.06,-2.84,0.54
909,2022-02-23,135.0,139.5,131.68,138.64,22285,303985440.0,5.79,2.72,3.67,0.4
910,2022-02-24,136.99,137.33,132.75,134.72,19922,269101216.0,3.3,-2.83,-3.92,0.35
911,2022-02-25,136.35,138.98,133.18,138.35,20256,277781600.0,4.31,2.69,3.63,0.36
912,2022-02-28,137.04,139.27,134.0,135.47,20924,283759280.0,3.81,-2.08,-2.88,0.37
913,2022-03-01,135.38,137.5,132.75,133.26,19571,261210102.0,3.51,-1.63,-2.21,0.35
914,2022-03-02,133.15,134.49,129.3,129.75,15055,197151810.0,3.89,-2.63,-3.51,0.27
915,2022-03-03,130.0,130.96,124.8,125.1,17835,226421122.0,4.75,-3.58,-4.65,0.32
916,2022-03-04,125.25,126.2,123.14,123.6,16055,200032415.0,2.45,-1.2,-1.5,0.29
917,2022-03-07,122.94,123.0,115.06,115.83,31830,373540736.0,6.42,-6.29,-7.77,0.57
918,2022-03-08,115.83,118.99,113.39,113.92,23899,277147072.0,4.83,-1.65,-1.91,0.43
919,2022-03-09,113.92,116.59,109.28,113.76,27426,310887216.0,6.42,-0.14,-0.16,0.49
920,2022-03-10,117.5,118.7,116.0,117.02,18725,219487871.0,2.37,2.87,3.26,0.33
921,2022-03-11,114.77,117.5,112.56,117.0,19315,222952863.0,4.22,-0.02,-0.02,0.34
922,2022-03-14,114.5,115.74,109.31,110.01,40968,460418144.0,5.5,-5.97,-6.99,0.73
923,2022-03-15,110.01,110.01,103.05,103.71,49080,520321888.0,6.33,-5.73,-6.3,0.87
924,2022-03-16,106.02,108.0,101.11,107.0,49884,525911984.0,6.64,3.17,3.29,0.89
925,2022-03-17,109.0,114.0,107.61,112.5,48705,542749568.0,5.97,5.14,5.5,0.87
926,2022-03-18,111.84,112.0,108.68,109.9,21955,241172208.0,2.95,-2.31,-2.6,0.39
927,2022-03-21,110.39,114.44,108.8,113.4,22721,256608559.0,5.13,3.18,3.5,0.4
928,2022-03-22,113.02,113.36,109.7,110.86,17950,199419232.0,3.23,-2.24,-2.54,0.32
929,2022-03-23,110.55,113.04,109.9,111.76,17017,189955016.0,2.83,0.81,0.9,0.3
930,2022-03-24,111.0,113.5,109.3,112.65,16306,182121716.0,3.76,0.8,0.89,0.29
931,2022-03-25,112.04,115.83,109.12,109.58,19030,213142939.0,5.96,-2.73,-3.07,0.34
932,2022-03-28,107.2,108.7,104.61,105.99,22172,235363479.0,3.73,-3.28,-3.59,0.39
933,2022-03-29,105.92,108.88,102.98,103.88,29751,311031008.0,5.57,-1.99,-2.11,0.53
934,2022-03-30,105.5,111.51,104.0,110.88,27437,300400960.0,7.23,6.74,7.0,0.49
935,2022-03-31,110.9,111.44,107.97,108.66,20552,223916431.0,3.13,-2.0,-2.22,0.37
936,2022-04-01,107.86,110.71,107.4,109.05,18419,201066428.0,3.05,0.36,0.39,0.33
937,2022-04-06,109.05,109.7,106.5,107.63,18198,195792755.0,2.93,-1.3,-1.42,0.32
938,2022-04-07,107.2,108.48,104.08,104.36,20110,211938921.0,4.09,-3.04,-3.27,0.36
939,2022-04-08,103.98,105.1,101.5,102.89,18949,195692663.0,3.45,-1.41,-1.47,0.34
940,2022-04-11,101.56,101.89,96.1,96.73,28692,280917984.0,5.63,-5.99,-6.16,0.51
941,2022-04-12,96.3,100.29,94.5,100.17,27400,267082690.0,5.99,3.56,3.44,0.49
942,2022-04-13,98.98,102.33,97.6,98.72,18409,183982947.0,4.72,-1.45,-1.45,0.33
943,2022-04-14,98.72,108.59,98.71,108.59,32628,340836960.0,10.01,10.0,9.87,0.58
944,2022-04-15,104.9,110.6,104.06,106.37,34800,370349888.0,6.02,-2.04,-2.22,0.62
945,2022-04-18,106.26,107.66,105.05,106.18,16205,172178728.0,2.45,-0.18,-0.19,0.29
946,2022-04-19,106.5,106.79,101.1,102.22,30452,312702720.0,5.36,-3.73,-3.96,0.54
947,2022-04-20,102.42,104.5,101.0,101.48,22912,234793662.0,3.42,-0.72,-0.74,0.41
948,2022-04-21,99.56,106.76,99.56,101.72,33632,348746528.0,7.09,0.24,0.24,0.6
949,2022-04-22,100.7,103.56,99.48,99.71,30954,312787856.0,4.01,-1.98,-2.01,0.55
950,2022-04-25,100.0,107.3,99.5,100.25,53094,547745552.0,7.82,0.54,0.54,0.95
951,2022-04-26,104.0,105.0,96.39,97.51,47735,474354064.0,8.59,-2.73,-2.74,0.85
952,2022-04-27,91.19,104.2,91.0,103.24,51043,504543392.0,13.54,5.88,5.73,0.91
953,2022-04-28,102.84,105.11,101.49,103.5,23442,241689995.0,3.51,0.25,0.26,0.42
954,2022-04-29,103.82,108.55,101.7,108.1,33261,350863328.0,6.62,4.44,4.6,0.59
955,2022-05-05,109.0,109.0,101.1,102.5,46670,485341920.0,7.31,-5.18,-5.6,0.83
956,2022-05-06,99.0,99.48,96.74,97.5,21265,208687113.0,2.67,-4.88,-5.0,0.38
957,2022-05-09,96.0,96.74,90.88,91.7,29007,269054336.0,6.01,-5.95,-5.8,0.51
958,2022-05-10,88.0,94.21,87.03,92.0,29580,270128784.0,7.83,0.33,0.3,0.52
959,2022-05-11,92.21,101.0,91.08,99.8,39360,386344128.0,10.78,8.48,7.8,0.7
960,2022-05-12,98.0,99.73,96.98,98.6,19053,186732527.0,2.76,-1.2,-1.2,0.34
961,2022-05-13,98.66,99.61,96.77,97.8,12375,120738071.0,2.88,-0.81,-0.8,0.22
962,2022-05-16,96.77,103.81,96.77,100.65,30378,306450880.0,7.2,2.91,2.85,0.54
963,2022-05-17,99.22,103.22,99.22,102.5,22803,233195056.0,3.97,1.84,1.85,0.4
964,2022-05-18,103.94,103.99,99.15,100.94,23283,234100245.0,4.72,-1.52,-1.56,0.41
965,2022-05-19,98.7,100.65,97.88,98.99,25766,255535613.0,2.74,-1.93,-1.95,0.46
966,2022-05-20,99.41,103.8,98.5,101.7,28092,286359264.0,5.35,2.74,2.71,0.5
967,2022-05-23,101.87,102.6,99.01,99.99,18208,181781565.0,3.53,-1.68,-1.71,0.32
968,2022-05-24,99.36,105.0,98.41,100.3,31050,317274464.0,6.59,0.31,0.31,0.55
969,2022-05-25,99.0,100.39,96.21,97.01,23367,228110515.0,4.17,-3.28,-3.29,0.41
970,2022-05-26,97.06,98.86,93.84,96.51,19262,184765460.0,5.17,-0.52,-0.5,0.34
971,2022-05-27,97.5,103.0,97.14,100.09,32665,329206272.0,6.07,3.71,3.58,0.58
972,2022-05-30,99.8,107.9,99.1,106.5,40638,427056400.0,8.79,6.4,6.41,0.72
973,2022-05-31,104.96,117.15,104.8,117.15,60506,684736272.0,11.6,10.0,10.65,1.07
974,2022-06-01,117.3,120.25,114.76,116.0,46088,539328304.0,4.69,-0.98,-1.15,0.82
975,2022-06-02,115.13,115.9,111.1,112.85,30221,340183104.0,4.14,-2.72,-3.15,0.54
976,2022-06-06,110.14,115.46,110.14,114.4,46150,524532144.0,4.71,1.37,1.55,0.82
977,2022-06-07,113.95,118.88,112.01,117.0,38679,448906192.0,6.01,2.27,2.6,0.69
978,2022-06-08,116.8,116.8,112.5,114.75,28166,322085200.0,3.68,-1.92,-2.25,0.5
979,2022-06-09,115.1,115.68,110.5,111.2,27862,312310736.0,4.51,-3.09,-3.55,0.49
980,2022-06-10,109.86,111.5,108.4,110.72,22757,250867232.0,2.79,-0.43,-0.48,0.4
981,2022-06-13,109.59,110.0,104.28,107.42,52083,555183088.0,5.17,-2.98,-3.3,0.92
982,2022-06-14,106.53,109.29,105.15,109.26,28149,303174272.0,3.85,1.71,1.84,0.5
983,2022-06-15,108.95,112.35,107.0,110.45,34195,377214064.0,4.9,1.09,1.19,0.61
984,2022-06-16,110.45,113.92,109.8,111.1,25347,282594304.0,3.73,0.59,0.65,0.45
985,2022-06-17,110.0,113.54,106.44,113.33,41572,459589680.0,6.39,2.01,2.23,0.74
986,2022-06-20,112.72,116.33,112.55,115.0,43277,497317872.0,3.34,1.47,1.67,0.77
987,2022-06-21,115.0,124.0,113.01,118.01,64289,767500672.0,9.56,2.62,3.01,1.14
988,2022-06-22,118.03,121.55,109.29,109.5,62118,707503728.0,10.39,-7.21,-8.51,1.1
989,2022-06-23,109.5,112.49,107.32,109.94,38634,423603968.0,4.72,0.4,0.44,0.69
990,2022-06-24,110.07,112.87,108.17,111.39,44197,489831696.0,4.28,1.32,1.45,0.78
991,2022-06-27,112.5,118.48,111.6,115.82,54093,625425904.0,6.18,3.98,4.43,0.96
992,2022-06-28,115.6,115.6,110.2,113.66,40690,457957136.0,4.66,-1.86,-2.16,0.72
993,2022-06-29,113.66,116.87,112.05,114.9,40356,464660688.0,4.24,1.09,1.24,0.72
994,2022-06-30,115.02,125.0,115.02,121.89,55523,671128336.0,8.69,6.08,6.99,0.98
995,2022-07-01,121.68,126.13,121.0,124.45,41997,519259376.0,4.21,2.1,2.56,0.74
996,2022-07-04,122.22,124.0,120.69,122.95,38676,472330912.0,2.66,-1.21,-1.5,0.69
997,2022-07-05,123.0,126.5,118.0,121.86,41274,500061328.0,6.91,-0.89,-1.09,0.73
998,2022-07-06,120.99,121.68,115.1,117.05,42034,495341520.0,5.4,-3.95,-4.81,0.75
999,2022-07-07,117.05,117.7,110.5,111.92,54891,618659744.0,6.15,-4.38,-5.13,0.97
1000,2022-07-08,111.7,111.91,107.6,109.0,61476,668042368.0,3.85,-2.61,-2.92,1.09
1001,2022-07-11,109.0,109.0,104.59,105.5,41514,439052528.0,4.05,-3.21,-3.5,0.74
1002,2022-07-12,104.79,107.07,101.8,102.46,41593,431418880.0,5.0,-2.88,-3.04,0.74
1003,2022-07-13,102.65,103.61,100.89,103.08,31824,325851712.0,2.65,0.61,0.62,0.56
1004,2022-07-14,104.98,105.38,100.98,101.85,42121,431654608.0,4.27,-1.19,-1.23,0.75
1005,2022-07-15,100.0,105.38,100.0,102.85,42819,442502537.0,5.28,0.98,1.0,0.76
1006,2022-07-18,102.0,102.5,98.61,100.9,35819,360171644.0,3.78,-1.9,-1.95,0.64
1007,2022-07-19,100.01,101.49,99.0,99.9,24978,249065603.0,2.47,-0.99,-1.0,0.44
1008,2022-07-20,100.14,101.33,99.27,100.41,26338,263874326.0,2.06,0.51,0.51,0.47
1009,2022-07-21,100.31,100.79,98.68,98.68,25956,258047271.0,2.1,-1.72,-1.73,0.46
1010,2022-07-22,99.18,99.41,96.0,97.06,38384,372257042.0,3.46,-1.64,-1.62,0.68
1011,2022-07-25,97.84,99.52,95.83,97.42,39305,383596939.0,3.8,0.37,0.36,0.7
1012,2022-07-26,97.02,98.7,96.4,96.85,29275,284188945.0,2.36,-0.59,-0.57,0.52
1013,2022-07-27,96.6,98.01,95.85,97.35,26230,254018920.0,2.23,0.52,0.5,0.47
1014,2022-07-28,97.38,98.98,96.38,96.76,30328,295897265.0,2.67,-0.61,-0.59,0.54
1015,2022-07-29,96.88,97.0,92.48,92.51,41204,387090711.0,4.67,-4.39,-4.25,0.73
1016,2022-08-01,92.16,96.77,92.0,94.0,42475,402158991.0,5.16,1.61,1.49,0.75
1017,2022-08-02,92.89,92.89,89.0,90.07,43326,392328016.0,4.14,-4.18,-3.93,0.77
1018,2022-08-03,90.07,92.5,89.51,90.25,32371,293239362.0,3.32,0.2,0.18,0.57
1019,2022-08-04,90.98,91.6,89.01,89.95,28463,256609383.0,2.87,-0.33,-0.3,0.5
1020,2022-08-05,90.35,90.79,89.0,90.75,35325,316545498.0,1.99,0.89,0.8,0.63
1021,2022-08-08,90.6,91.37,89.15,89.55,31078,279462245.0,2.45,-1.32,-1.2,0.55
1022,2022-08-09,89.96,91.25,87.1,90.98,51824,463177633.0,4.63,1.6,1.43,0.92
1023,2022-08-10,89.99,90.83,86.87,87.02,62925,555454549.0,4.35,-4.35,-3.96,1.12
1024,2022-08-11,87.31,93.6,87.05,93.0,80374,729741556.0,7.53,6.87,5.98,1.43
1025,2022-08-12,93.06,96.48,92.0,93.88,62560,590211163.0,4.82,0.95,0.88,1.11
1026,2022-08-15,92.17,93.37,91.47,93.29,37380,346155525.0,2.02,-0.63,-0.59,0.66
1027,2022-08-16,93.9,93.9,92.21,92.85,25864,239813079.0,1.81,-0.47,-0.44,0.46
1028,2022-08-17,92.5,93.3,91.31,92.73,30074,277679452.0,2.14,-0.13,-0.12,0.53
1029,2022-08-18,92.92,92.92,90.0,90.4,35778,325659623.0,3.15,-2.51,-2.33,0.63
1030,2022-08-19,90.35,91.5,89.01,89.36,27882,251637620.0,2.75,-1.15,-1.04,0.49
1031,2022-08-22,88.63,90.67,87.57,90.15,23655,210877558.0,3.47,0.88,0.79,0.42
1032,2022-08-23,89.45,90.15,87.79,88.32,35441,312930622.0,2.62,-2.03,-1.83,0.63
1033,2022-08-24,88.17,88.88,84.6,84.8,43142,371632187.0,4.85,-3.99,-3.52,0.77
1034,2022-08-25,85.0,86.2,83.02,85.9,33425,282241230.0,3.75,1.3,1.1,0.59
1035,2022-08-26,85.7,86.75,83.07,83.8,32253,272878469.0,4.28,-2.44,-2.1,0.57
1036,2022-08-29,81.0,83.71,80.54,81.8,46239,377316059.0,3.78,-2.39,-2.0,0.82
1037,2022-08-30,81.75,82.6,79.99,80.68,34743,281208761.0,3.19,-1.37,-1.12,0.62
1038,2022-08-31,80.21,82.3,79.3,81.6,40999,331774463.0,3.72,1.14,0.92,0.73
1039,2022-09-01,81.6,83.28,80.62,81.69,32396,265530630.0,3.26,0.11,0.09,0.57
1040,2022-09-02,81.69,81.69,79.06,79.8,31862,255138269.0,3.22,-2.31,-1.89,0.57
1041,2022-09-05,79.5,80.01,77.22,78.39,32268,252100361.0,3.5,-1.77,-1.41,0.57
1042,2022-09-06,78.61,79.83,77.21,77.61,35596,277164460.0,3.34,-1.0,-0.78,0.63
1043,2022-09-07,77.59,77.59,75.48,75.66,61524,468345373.0,2.72,-2.51,-1.95,1.09
1044,2022-09-08,75.82,76.21,73.8,73.81,63806,475588901.0,3.19,-2.45,-1.85,1.13
1045,2022-09-09,73.81,75.2,73.18,74.84,63270,470949694.0,2.74,1.4,1.03,1.12
1046,2022-09-13,74.94,76.58,74.5,75.11,44850,338657428.0,2.78,0.36,0.27,0.8
1047,2022-09-14,73.24,74.75,73.0,73.99,25008,184606599.0,2.33,-1.49,-1.12,0.44
1048,2022-09-15,74.43,75.41,71.89,72.38,47012,344359622.0,4.76,-2.18,-1.61,0.83
1049,2022-09-16,72.91,72.96,70.52,70.52,43597,310913819.0,3.37,-2.57,-1.86,0.77
1050,2022-09-19,70.2,70.93,69.29,69.84,35494,248015026.0,2.33,-0.96,-0.68,0.63
1051,2022-09-20,69.99,70.78,69.45,70.43,27114,190330979.0,1.9,0.84,0.59,0.48
1052,2022-09-21,70.05,70.05,68.11,69.27,33113,228808834.0,2.75,-1.65,-1.16,0.59
1053,2022-09-22,69.31,69.39,67.45,67.79,37144,253041255.0,2.8,-2.14,-1.48,0.66
1054,2022-09-23,67.8,68.33,66.1,66.77,29916,200595146.0,3.29,-1.5,-1.02,0.53
1055,2022-09-26,66.54,68.37,66.19,67.42,36546,247275675.0,3.26,0.97,0.65,0.65
1056,2022-09-27,68.2,70.07,67.22,70.06,50194,347493790.0,4.23,3.92,2.64,0.89
1057,2022-09-28,69.84,70.88,67.6,68.0,29330,202959322.0,4.68,-2.94,-2.06,0.52
1058,2022-09-29,69.0,71.1,67.81,68.27,50404,348202682.0,4.84,0.4,0.27,0.89
1059,2022-09-30,68.96,68.96,66.4,66.7,34198,230087919.0,3.75,-2.3,-1.57,0.61
1060,2022-10-10,67.0,67.47,64.11,64.34,34793,226888670.0,5.04,-3.54,-2.36,0.62
1061,2022-10-11,64.31,65.35,62.5,65.19,34196,219804374.0,4.43,1.32,0.85,0.61
1062,2022-10-12,64.7,66.58,63.21,66.34,30915,200553165.0,5.17,1.76,1.15,0.55
1063,2022-10-13,65.91,69.44,65.84,66.23,37165,250938067.0,5.43,-0.17,-0.11,0.66
1064,2022-10-14,66.78,71.48,66.35,69.99,66001,458861575.0,7.75,5.68,3.76,1.17
1065,2022-10-17,68.9,71.44,68.88,69.92,37632,263367963.0,3.66,-0.1,-0.07,0.67
1066,2022-10-18,70.25,70.5,68.88,69.25,26898,186806007.0,2.32,-0.96,-0.67,0.48
1067,2022-10-19,68.92,69.9,67.26,67.28,31115,211706459.0,3.81,-2.84,-1.97,0.55
1068,2022-10-20,66.66,69.18,66.6,67.35,31867,215863368.0,3.83,0.1,0.07,0.57
1069,2022-10-21,67.4,68.69,66.36,67.51,34152,229575881.0,3.46,0.24,0.16,0.61
1070,2022-10-24,67.01,67.31,62.66,62.74,60440,390780694.0,6.89,-7.07,-4.77,1.07
1071,2022-10-25,62.33,63.99,60.66,61.54,47570,295675220.0,5.31,-1.91,-1.2,0.84
1072,2022-10-26,61.54,66.59,61.5,65.74,63955,416198519.0,8.27,6.82,4.2,1.13
1073,2022-10-27,65.74,66.86,64.7,64.83,38045,249258962.0,3.29,-1.38,-0.91,0.67
1074,2022-10-28,64.5,65.47,61.18,61.5,38948,246204816.0,6.62,-5.14,-3.33,0.69
1075,2022-10-31,58.0,60.13,56.11,58.3,79295,462373226.0,6.54,-5.2,-3.2,1.41
1076,2022-11-01,58.34,64.13,58.34,64.13,62707,387992705.0,9.93,10.0,5.83,1.11
1077,2022-11-02,65.25,68.6,65.25,66.89,82470,553690571.0,5.22,4.3,2.76,1.46
1078,2022-11-03,66.9,67.11,65.25,66.44,43585,288729396.0,2.78,-0.67,-0.45,0.77
1079,2022-11-04,66.58,70.05,66.5,68.66,59477,405042864.0,5.34,3.34,2.22,1.05
1080,2022-11-07,68.3,70.19,67.7,69.2,44327,306897757.0,3.63,0.79,0.54,0.79
1081,2022-11-08,69.22,69.36,67.56,68.12,26429,179981151.0,2.6,-1.56,-1.08,0.47
1082,2022-11-09,68.08,68.8,67.32,67.47,24848,168773005.0,2.17,-0.95,-0.65,0.44
1083,2022-11-10,67.4,67.88,65.7,65.94,32970,219297619.0,3.23,-2.27,-1.53,0.58
1084,2022-11-11,68.37,70.09,67.41,69.02,53772,369653939.0,4.06,4.67,3.08,0.95
1085,2022-11-14,71.28,73.49,69.06,69.59,82945,591645696.0,6.42,0.83,0.57,1.47
1086,2022-11-15,69.7,75.5,68.48,75.18,101269,737856961.0,10.09,8.03,5.59,1.79
1087,2022-11-16,74.9,77.38,74.0,76.06,88665,671765326.0,4.5,1.17,0.88,1.57
1088,2022-11-17,76.0,77.56,74.07,77.56,61260,464820190.0,4.59,1.97,1.5,1.08
1089,2022-11-18,77.55,77.91,75.15,75.5,49839,380520608.0,3.56,-2.66,-2.06,0.88
1090,2022-11-21,74.4,74.99,72.72,74.02,40167,295850169.0,3.01,-1.96,-1.48,0.71
1091,2022-11-22,73.98,74.39,72.2,72.59,30311,221713335.0,2.96,-1.93,-1.43,0.54
1092,2022-11-23,72.75,73.1,69.48,70.53,43226,306111238.0,4.99,-2.84,-2.06,0.77
1093,2022-11-24,70.88,72.48,70.58,72.02,32068,229593697.0,2.69,2.11,1.49,0.57
1094,2022-11-25,71.78,73.45,70.92,71.46,27406,197472785.0,3.51,-0.78,-0.56,0.49
1095,2022-11-28,69.02,70.9,68.38,70.8,33857,235164271.0,3.53,-0.92,-0.66,0.6
1096,2022-11-29,72.01,74.79,70.8,74.64,46356,339503352.0,5.64,5.42,3.84,0.82
1097,2022-11-30,73.8,74.36,72.01,72.04,37668,274594547.0,3.15,-3.48,-2.6,0.67
1098,2022-12-01,74.0,76.0,73.02,73.68,44357,329338544.0,4.14,2.28,1.64,0.79
1099,2022-12-02,73.63,75.08,72.8,73.85,26143,193345984.0,3.09,0.23,0.17,0.46
1100,2022-12-05,74.61,80.45,74.05,80.11,79683,625716868.0,8.67,8.48,6.26,1.41
1101,2022-12-06,79.57,82.22,78.31,79.91,62324,500131011.0,4.88,-0.25,-0.2,1.1
1102,2022-12-07,79.52,80.52,77.88,79.08,39783,314130703.0,3.3,-1.04,-0.83,0.7
1103,2022-12-08,79.08,81.43,77.6,81.2,43938,352183969.0,4.84,2.68,2.12,0.78
1104,2022-12-09,81.3,84.01,80.0,83.9,63281,519643980.0,4.94,3.33,2.7,1.12
1105,2022-12-12,83.06,85.4,81.5,82.0,51139,425669997.0,4.65,-2.26,-1.9,0.91
1106,2022-12-13,81.5,83.18,80.31,81.91,21996,179800916.0,3.5,-0.11,-0.09,0.39
1107,2022-12-14,80.88,83.5,80.83,83.25,30775,253995513.0,3.26,1.64,1.34,0.54
1108,2022-12-15,83.95,86.67,81.93,82.08,44697,376911445.0,5.69,-1.41,-1.17,0.79
1109,2022-12-16,81.69,82.93,79.32,79.9,51377,412961895.0,4.4,-2.66,-2.18,0.91
1110,2022-12-19,79.91,80.4,78.01,78.79,29722,235417803.0,2.99,-1.39,-1.11,0.53
1111,2022-12-20,78.89,79.27,75.9,76.77,28617,220445381.0,4.28,-2.56,-2.02,0.51
1112,2022-12-21,77.31,78.45,76.49,77.05,19642,151797182.0,2.55,0.36,0.28,0.35
1113,2022-12-22,77.17,79.54,76.88,77.6,35387,276996671.0,3.45,0.71,0.55,0.63
1114,2022-12-23,76.6,77.15,75.16,76.19,25773,195656132.0,2.56,-1.82,-1.41,0.46
1115,2022-12-26,76.19,76.68,75.2,75.39,22011,166673440.0,1.94,-1.05,-0.8,0.39
1116,2022-12-27,75.83,77.67,75.49,77.42,30157,231373909.0,2.89,2.69,2.03,0.53
1117,2022-12-28,77.39,77.55,74.08,75.3,35133,264505188.0,4.48,-2.74,-2.12,0.62
1118,2022-12-29,75.88,75.89,73.13,73.23,23757,175443854.0,3.67,-2.75,-2.07,0.42
1119,2022-12-30,73.66,74.39,72.76,72.94,18462,135418627.0,2.23,-0.4,-0.29,0.33
1120,2023-01-03,72.68,73.33,70.89,72.9,36636,264490278.0,3.35,-0.05,-0.04,0.65
1121,2023-01-04,72.58,75.5,72.58,73.49,40689,300820114.0,4.01,0.81,0.59,0.72
1122,2023-01-05,73.88,77.39,73.3,76.97,57708,436342409.0,5.57,4.74,3.48,1.02
1123,2023-01-06,76.59,77.5,75.51,75.53,31557,240859187.0,2.59,-1.87,-1.44,0.56
1124,2023-01-09,75.62,76.9,75.01,75.64,24622,187093747.0,2.5,0.15,0.11,0.44
1125,2023-01-10,75.55,76.77,74.68,76.25,27414,208178874.0,2.76,0.81,0.61,0.49
1126,2023-01-11,77.0,77.01,74.7,74.79,28450,215185782.0,3.03,-1.91,-1.46,0.5
1127,2023-01-12,74.48,75.29,73.95,74.5,20075,149730292.0,1.79,-0.39,-0.29,0.36
1128,2023-01-13,74.57,81.95,74.1,81.95,112723,901825597.0,10.54,10.0,7.45,1.99
1129,2023-01-16,83.38,89.8,82.51,89.08,143252,1242797382.0,8.9,8.7,7.13,2.54
1130,2023-01-17,89.85,90.1,86.88,88.25,62608,551288294.0,3.61,-0.93,-0.83,1.11
1131,2023-01-18,88.26,89.05,83.78,84.2,69400,591037201.0,5.97,-4.59,-4.05,1.23
1132,2023-01-19,84.86,89.0,83.2,88.58,65064,561754104.0,6.89,5.2,4.38,1.15
1133,2023-01-20,88.05,91.4,87.0,87.25,53367,471696295.0,4.97,-1.5,-1.33,0.94
1134,2023-01-30,88.7,89.0,85.33,86.07,49654,431100109.0,4.21,-1.35,-1.18,0.88
1135,2023-01-31,86.65,88.24,85.2,87.2,46450,405187000.0,3.53,1.31,1.13,0.82
1136,2023-02-01,87.61,92.5,86.43,91.58,61860,551338749.0,6.96,5.02,4.38,1.09
1137,2023-02-02,91.58,94.58,89.1,91.27,60390,555331735.0,5.98,-0.34,-0.31,1.07
1138,2023-02-03,91.15,92.98,88.3,92.8,56606,510749201.0,5.13,1.68,1.53,1.0
1139,2023-02-06,91.39,91.56,87.08,89.6,58101,515959327.0,4.83,-3.45,-3.2,1.03
1140,2023-02-07,89.43,93.9,88.81,93.7,65334,605015037.0,5.68,4.58,4.1,1.16
1141,2023-02-08,94.4,98.38,92.0,96.42,58496,560706386.0,6.81,2.9,2.72,1.04
1142,2023-02-09,95.2,99.27,93.45,97.01,56458,541008207.0,6.04,0.61,0.59,1.0
1143,2023-02-10,96.23,97.44,93.95,94.63,36970,351778717.0,3.6,-2.45,-2.38,0.65
1144,2023-02-13,94.5,96.8,93.68,94.62,35001,332778131.0,3.3,-0.01,-0.01,0.62
1145,2023-02-14,94.3,96.81,93.8,95.08,31376,299260970.0,3.18,0.49,0.46,0.56
1146,2023-02-15,94.52,94.8,90.64,91.3,53439,492117862.0,4.38,-3.98,-3.78,0.95
1147,2023-02-16,91.0,91.58,87.73,88.55,51804,464326242.0,4.22,-3.01,-2.75,0.92
1148,2023-02-17,89.09,90.26,87.4,87.77,37217,330674055.0,3.23,-0.88,-0.78,0.66
1149,2023-02-20,87.76,93.58,87.2,93.58,62932,575440609.0,7.27,6.62,5.81,1.11
1150,2023-02-21,92.88,94.35,92.28,93.3,30701,285998296.0,2.21,-0.3,-0.28,0.54
1151,2023-02-22,92.27,94.17,90.09,92.85,42176,388147404.0,4.37,-0.48,-0.45,0.75
1152,2023-02-23,93.47,96.66,92.78,92.88,39255,372071179.0,4.18,0.03,0.03,0.69
1153,2023-02-24,93.03,93.63,91.88,92.6,23472,217799932.0,1.88,-0.3,-0.28,0.42
1154,2023-02-27,91.2,92.0,89.55,90.21,29212,263517579.0,2.65,-2.58,-2.39,0.52
1155,2023-02-28,90.77,90.77,88.15,90.41,31912,285112899.0,2.9,0.22,0.2,0.56
1156,2023-03-01,90.1,94.94,88.75,92.36,43071,397472521.0,6.85,2.16,1.95,0.76
1157,2023-03-02,91.4,92.84,90.8,91.38,20313,185840236.0,2.21,-1.06,-0.98,0.36
1158,2023-03-03,91.39,93.48,89.6,89.75,21708,196729982.0,4.25,-1.78,-1.63,0.38
1159,2023-03-06,89.75,90.42,85.2,86.26,61319,531000465.0,5.82,-3.89,-3.49,1.09
1160,2023-03-07,86.35,87.88,83.0,83.21,45634,387573394.0,5.66,-3.54,-3.05,0.81
1161,2023-03-08,82.96,83.83,82.0,82.37,21754,179949131.0,2.2,-1.01,-0.84,0.39
1162,2023-03-09,82.42,82.85,80.6,81.04,27310,222322167.0,2.73,-1.61,-1.33,0.48
1163,2023-03-10,80.21,80.5,78.62,78.89,36979,293953872.0,2.32,-2.65,-2.15,0.65
1164,2023-03-13,79.09,81.8,79.09,80.63,39458,317563274.0,3.44,2.21,1.74,0.7
1165,2023-03-14,80.63,81.98,79.56,81.33,33485,271368916.0,3.0,0.87,0.7,0.59
1166,2023-03-15,81.53,83.5,81.41,83.42,35658,294778308.0,2.57,2.57,2.09,0.63
1167,2023-03-16,82.7,83.43,81.01,82.39,29065,239216983.0,2.9,-1.23,-1.03,0.51
1168,2023-03-17,83.27,83.38,79.36,80.7,46954,377751410.0,4.88,-2.05,-1.69,0.83
1169,2023-03-20,80.0,80.2,77.6,78.23,44325,347151501.0,3.22,-3.06,-2.47,0.78
1170,2023-03-21,79.5,83.0,78.7,82.5,39155,317764485.0,5.5,5.46,4.27,0.69
1171,2023-03-22,82.46,83.5,81.51,81.99,25614,210767526.0,2.41,-0.62,-0.51,0.45
1172,2023-03-23,81.0,84.2,81.0,83.83,41475,344988509.0,3.9,2.24,1.84,0.73
1173,2023-03-24,83.87,89.98,83.5,86.49,65567,568888264.0,7.73,3.17,2.66,1.16
1174,2023-03-27,86.16,88.84,85.6,86.39,45025,392647234.0,3.75,-0.12,-0.1,0.8
1175,2023-03-28,87.0,87.13,83.44,83.7,28463,240809493.0,4.27,-3.11,-2.69,0.5
1176,2023-03-29,84.25,85.13,82.0,82.72,31124,259604163.0,3.74,-1.17,-0.98,0.55
1177,2023-03-30,82.77,86.52,81.7,85.31,45139,379512884.0,5.83,3.13,2.59,0.8
1178,2023-03-31,85.3,85.3,82.35,82.6,38785,323415171.0,3.46,-3.18,-2.71,0.69
1179,2023-04-03,82.5,85.3,80.05,80.41,66480,544871341.0,6.36,-2.65,-2.19,1.18
1180,2023-04-04,80.42,81.5,78.65,80.9,49526,396899095.0,3.54,0.61,0.49,0.88
1181,2023-04-06,80.54,82.48,79.26,80.6,35850,289333162.0,3.98,-0.37,-0.3,0.63
1182,2023-04-07,81.0,82.41,79.6,82.04,35406,289367274.0,3.49,1.79,1.44,0.63
1183,2023-04-10,83.17,84.6,81.5,82.41,35912,298341287.0,3.78,0.45,0.37,0.64
1184,2023-04-11,82.39,85.6,81.61,83.39,41904,351501899.0,4.84,1.19,0.98,0.74
1185,2023-04-12,83.0,83.88,80.51,81.51,36956,301063578.0,4.04,-2.25,-1.88,0.65
1186,2023-04-13,81.3,81.39,80.03,80.36,24574,198042494.0,1.67,-1.41,-1.15,0.43
1187,2023-04-14,80.36,82.45,79.5,81.87,29375,238169366.0,3.67,1.88,1.51,0.52
1188,2023-04-17,81.49,84.47,81.39,82.77,27885,230770889.0,3.76,1.1,0.9,0.49
1189,2023-04-18,82.28,82.6,80.83,81.15,19382,158111093.0,2.14,-1.96,-1.62,0.34
1190,2023-04-19,80.89,81.71,79.08,79.55,30573,244935071.0,3.24,-1.97,-1.6,0.54
1191,2023-04-20,79.22,81.4,78.81,80.7,31619,254657645.0,3.26,1.45,1.15,0.56
1192,2023-04-21,80.6,81.1,76.0,76.25,39407,306921524.0,6.32,-5.51,-4.45,0.7
1193,2023-04-24,76.23,76.77,72.91,73.61,50503,374446648.0,5.06,-3.46,-2.64,0.89
1194,2023-04-25,73.95,73.95,70.68,72.58,53986,387326046.0,4.44,-1.4,-1.03,0.96
1195,2023-04-26,73.0,73.19,71.13,71.25,27768,199870111.0,2.84,-1.83,-1.33,0.49
1196,2023-04-27,70.0,71.27,69.17,70.87,66736,468278536.0,2.95,-0.53,-0.38,1.18
1197,2023-04-28,71.0,72.5,69.09,69.5,36777,257584024.0,4.81,-1.93,-1.37,0.65
1198,2023-05-04,69.61,73.85,69.5,71.0,58389,420145801.0,6.26,2.16,1.5,1.03
1199,2023-05-05,70.29,70.98,68.8,69.04,30317,210826854.0,3.07,-2.76,-1.96,0.54
1200,2023-05-08,68.99,69.47,67.02,67.33,45773,310274780.0,3.55,-2.48,-1.71,0.81
1201,2023-05-09,67.32,68.48,65.63,66.48,34532,230921899.0,4.23,-1.26,-0.85,0.61
1202,2023-05-10,66.5,68.75,66.4,67.7,32154,217756788.0,3.53,1.84,1.22,0.57
1203,2023-05-11,67.5,67.83,66.7,67.27,19859,133512471.0,1.67,-0.64,-0.43,0.35
1204,2023-05-12,67.5,68.46,66.38,66.96,25057,168352831.0,3.09,-0.46,-0.31,0.44
1205,2023-05-15,67.0,67.48,66.16,67.26,22506,150361014.0,1.97,0.45,0.3,0.4
1206,2023-05-16,67.58,67.6,66.33,66.5,20035,133417630.0,1.89,-1.13,-0.76,0.35
1207,2023-05-17,66.88,66.88,64.83,65.11,37063,242025365.0,3.08,-2.09,-1.39,0.65
1208,2023-05-18,65.17,67.49,65.17,66.75,43552,289894870.0,3.56,2.52,1.64,0.77
1209,2023-05-19,66.87,71.81,66.4,70.96,73834,515486116.0,8.1,6.31,4.21,1.3
1210,2023-05-22,70.9,75.19,70.5,74.88,84093,620181766.0,6.61,5.52,3.92,1.48
1211,2023-05-23,74.06,75.75,73.58,74.91,44014,328386692.0,2.9,0.04,0.03,0.77
1212,2023-05-24,74.16,74.85,72.8,73.65,39728,292414838.0,2.74,-1.68,-1.26,0.7
1213,2023-05-25,72.78,73.72,71.0,72.05,34529,248628087.0,3.69,-2.17,-1.6,0.61
1214,2023-05-26,72.2,73.63,70.85,72.96,27101,195873978.0,3.86,1.26,0.91,0.48
1215,2023-05-29,73.0,73.5,70.89,71.74,37898,271819642.0,3.58,-1.67,-1.22,0.67
1216,2023-05-30,71.89,73.27,69.36,70.77,34339,243104404.0,5.45,-1.35,-0.97,0.6
1217,2023-05-31,71.0,72.36,68.87,69.24,28990,202352516.0,4.93,-2.16,-1.53,0.51
1218,2023-06-01,69.21,72.38,67.68,70.21,30715,215242035.0,6.79,1.4,0.97,0.54
1219,2023-06-02,70.3,76.74,69.98,75.31,70634,523234093.0,9.63,7.26,5.1,1.24
1220,2023-06-05,75.0,75.0,72.11,74.22,51823,378765301.0,3.84,-1.45,-1.09,0.91
1221,2023-06-06,74.2,75.22,72.3,72.69,35067,258301472.0,3.93,-2.06,-1.53,0.62
1222,2023-06-07,72.74,73.48,70.8,71.22,25884,185436738.0,3.69,-2.02,-1.47,0.46
1223,2023-06-08,71.32,72.81,70.9,72.6,33162,238152874.0,2.68,1.94,1.38,0.58
1224,2023-06-09,73.08,73.2,68.33,68.63,53322,372504899.0,6.71,-5.47,-3.97,0.94
1225,2023-06-12,68.0,73.0,67.23,71.98,55164,391211439.0,8.41,4.88,3.35,0.97
1226,2023-06-13,71.9,71.9,68.86,69.73,38214,266771866.0,4.22,-3.13,-2.25,0.67
1227,2023-06-14,69.88,71.38,69.15,70.08,24350,170866489.0,3.2,0.5,0.35,0.43
1228,2023-06-15,69.18,73.5,69.04,72.94,49927,360780954.0,6.36,4.08,2.86,0.88
1229,2023-06-16,72.94,74.45,72.51,73.86,51392,377833222.0,2.66,1.26,0.92,0.9
1230,2023-06-19,73.86,74.42,72.0,72.03,33004,239464349.0,3.28,-2.48,-1.83,0.58
1231,2023-06-20,72.03,78.49,71.31,77.0,94695,717211029.0,9.97,6.9,4.97,1.67
1232,2023-06-21,76.68,77.84,74.56,75.0,56741,431147595.0,4.26,-2.6,-2.0,1.0
1233,2023-06-26,77.0,79.35,74.96,75.66,72503,560418428.0,5.85,0.88,0.66,1.28
1234,2023-06-27,75.67,79.65,74.46,79.59,68610,533187547.0,6.86,5.19,3.93,1.21
1235,2023-06-28,79.0,80.52,77.68,78.41,36690,289287373.0,3.57,-1.48,-1.18,0.65
1236,2023-06-29,77.98,79.5,76.25,78.49,37440,292373413.0,4.14,0.1,0.08,0.66
1237,2023-06-30,78.9,79.98,77.38,77.77,33129,259608304.0,3.31,-0.92,-0.72,0.58
1238,2023-07-03,78.5,85.0,77.41,81.6,69669,567598373.0,9.76,4.92,3.83,1.23
1239,2023-07-04,81.63,82.63,79.8,80.01,40623,328172727.0,3.47,-1.95,-1.59,0.72
1240,2023-07-05,79.59,79.75,77.29,77.35,42322,330714451.0,3.07,-3.32,-2.66,0.75
1241,2023-07-06,77.0,78.47,76.23,77.29,30988,239618216.0,2.9,-0.08,-0.06,0.55
1242,2023-07-07,77.06,77.06,75.45,75.96,23866,181583586.0,2.08,-1.72,-1.33,0.42
1243,2023-07-10,76.3,76.82,74.88,75.85,24996,189794416.0,2.55,-0.14,-0.11,0.44
1244,2023-07-11,75.85,76.4,74.49,74.99,24889,187022439.0,2.52,-1.13,-0.86,0.44
1245,2023-07-12,74.55,77.48,73.73,75.83,37167,282296071.0,5.0,1.12,0.84,0.65
1246,2023-07-13,75.83,76.61,74.63,75.6,26172,197163134.0,2.61,-0.3,-0.23,0.46
1247,2023-07-14,75.6,75.61,73.0,73.05,33412,246479332.0,3.45,-3.37,-2.55,0.59
1248,2023-07-17,73.06,74.48,72.61,73.6,18161,133457379.0,2.56,0.75,0.55,0.32
1249,2023-07-18,73.38,74.3,73.0,73.65,13877,102024554.0,1.77,0.07,0.05,0.24
1250,2023-07-19,73.61,75.76,73.0,75.05,30626,229099710.0,3.75,1.9,1.4,0.54
1251,2023-07-20,75.06,75.82,73.51,73.68,16293,121375536.0,3.08,-1.83,-1.37,0.29
1252,2023-07-21,73.5,73.92,71.15,71.43,27653,199931336.0,3.76,-3.05,-2.25,0.49
1253,2023-07-24,71.47,72.06,70.05,70.38,26059,184260423.0,2.81,-1.47,-1.05,0.46
1254,2023-07-25,71.5,74.5,71.1,74.32,41641,306596288.0,4.83,5.6,3.94,0.73
1255,2023-07-26,74.35,74.98,73.06,73.21,17051,125587393.0,2.58,-1.49,-1.11,0.3
1256,2023-07-27,73.79,75.0,73.21,73.66,23040,171262713.0,2.45,0.61,0.45,0.41
1257,2023-07-28,73.26,77.94,73.11,77.22,46922,358242447.0,6.56,4.83,3.56,0.83
1258,2023-07-31,77.31,79.3,76.68,79.04,48562,379374708.0,3.39,2.36,1.82,0.85
1259,2023-08-01,78.74,78.8,77.8,78.27,21398,167217601.0,1.27,-0.97,-0.77,0.38
1260,2023-08-02,78.2,79.31,77.9,78.23,19234,150944044.0,1.8,-0.05,-0.04,0.34
1261,2023-08-03,78.23,78.4,76.5,78.4,19906,154084407.0,2.43,0.22,0.17,0.35
1262,2023-08-04,79.02,79.89,78.6,79.63,24786,196686674.0,1.65,1.57,1.23,0.44
1263,2023-08-07,79.35,79.49,77.25,77.74,20860,162872936.0,2.81,-2.37,-1.89,0.37
1264,2023-08-08,78.4,78.4,76.0,76.55,15791,121156148.0,3.09,-1.53,-1.19,0.28
1265,2023-08-09,77.31,77.39,75.32,75.88,15132,114974332.0,2.7,-0.88,-0.67,0.27
1266,2023-08-10,76.24,76.24,74.3,76.02,16899,127164405.0,2.56,0.18,0.14,0.3
1267,2023-08-11,75.57,76.18,74.3,74.38,13770,103204400.0,2.47,-2.16,-1.64,0.24
1268,2023-08-14,73.1,73.78,72.41,73.46,13396,98004122.0,1.84,-1.24,-0.92,0.24
1269,2023-08-15,73.13,74.0,71.4,72.09,15577,112325122.0,3.54,-1.86,-1.37,0.27
1270,2023-08-16,72.09,72.64,71.0,71.2,11867,85094917.0,2.27,-1.23,-0.89,0.21
1271,2023-08-17,70.61,73.17,70.56,72.76,16057,116260694.0,3.67,2.19,1.56,0.28
1272,2023-08-18,73.0,74.08,71.8,72.0,13666,99721549.0,3.13,-1.04,-0.76,0.24
1273,2023-08-21,72.0,72.49,69.5,69.6,18969,134190674.0,4.15,-3.33,-2.4,0.33
1274,2023-08-22,70.3,70.61,67.31,69.81,24941,171566041.0,4.74,0.3,0.21,0.44
1275,2023-08-23,69.57,69.8,68.19,68.32,17155,118088845.0,2.31,-2.13,-1.49,0.3
